city_a,city_b,countries,p,q,dist_km,sea_km,ride_min,raw_cost,cost,gain_min,gain_per_cost
London,Duisburg,GB-DE,48,161,477.2,210.5,181.8,226.8,39.58,5.027,0.127
London,Köln,GB-DE,48,142,496.7,150.2,188.8,233.8,32.93,4.918,0.1494
London,Düsseldorf,GB-DE,48,160,480.2,182.1,182.9,227.9,36.26,4.872,0.1344
London,Essen,GB-DE,48,158,494.1,200.1,187.9,232.9,38.83,4.734,0.1219
London,Dortmund,GB-DE,48,163,525.1,200.4,199,244,39.81,4.451,0.1118
London,Bochum,GB-DE,48,168,508.1,200,192.9,237.9,39.25,4.202,0.1071
London,Hannover,GB-DE,48,150,682.1,222,255.5,300.5,47.1,4.036,0.08568
London,Hamburg,GB-DE,48,152,720.4,268.2,269.4,314.4,53.79,3.942,0.07328
London,Bielefeld,GB-DE,48,169,598.3,220.1,225.4,270.4,44.36,3.787,0.08536
Brussels,Hannover,BE-DE,120,150,408.3,0,157,202,12.25,3.613,0.295
London,Münster,GB-DE,48,135,535.9,220.8,202.9,247.9,42.57,3.257,0.07651
Brussels,Dortmund,BE-DE,120,163,229.5,0,92.61,137.6,6.884,3.188,0.4632
Brussels,Hamburg,BE-DE,120,152,487.7,0,185.6,230.6,14.63,3.136,0.2143
Brussels,Essen,BE-DE,120,158,197.6,0,81.14,126.1,5.928,3.113,0.5251
London,Bremen,GB-DE,48,165,631.6,254.6,237.4,282.4,49.5,3.112,0.06287
Brussels,Duisburg,BE-DE,120,161,180.6,0,75,120,5.417,3.089,0.5703
Hannover,Lille,DE-FR,150,196,500.7,0,190.3,235.3,15.02,3,0.1997
Bordeaux,Madrid,FR-ES,204,238,554.3,4.002,209.5,254.5,17.11,2.98,0.1742
Strasbourg,Milan,FR-IT,178,267,363.7,0,140.9,185.9,10.91,2.929,0.2684
Stuttgart,Milan,DE-IT,128,267,369,0,142.8,187.8,11.07,2.907,0.2626
Karlsruhe,Milan,DE-IT,146,267,398.6,10.02,153.5,198.5,13.16,2.857,0.2171
Brussels,Köln,BE-DE,120,142,182.7,0,75.76,120.8,5.48,2.855,0.521
Brussels,Bochum,BE-DE,120,168,211.9,0,86.28,131.3,6.357,2.85,0.4483
Frankfurt am Main,Milan,DE-IT,157,267,518.6,0,196.7,241.7,15.56,2.844,0.1828
Brussels,Düsseldorf,BE-DE,120,160,174.9,0,72.97,118,5.247,2.839,0.541
Milton Keynes,Hannover,GB-DE,45,150,715.1,190.3,267.4,312.4,44.29,2.823,0.06374
Mannheim,Milan,DE-IT,137,267,450.8,0,172.3,217.3,13.52,2.81,0.2078
Milton Keynes,Hamburg,GB-DE,45,152,741.1,206.3,276.8,321.8,46.99,2.805,0.05969
Reading,Hannover,GB-DE,36,150,740.5,214.2,276.6,321.6,47.91,2.803,0.0585
London,Frankfurt am Main,GB-DE,48,157,637.6,76.2,239.5,284.5,28.27,2.775,0.09815
Reading,Duisburg,GB-DE,36,161,535.9,214.8,202.9,247.9,41.85,2.749,0.06569
Köln,Milan,DE-IT,142,267,630.3,0,236.9,281.9,18.91,2.722,0.144
Hamburg,Lille,DE-FR,152,196,573.9,0,216.6,261.6,17.22,2.721,0.158
Reading,Hamburg,GB-DE,36,152,776.9,236.3,289.7,334.7,51.66,2.713,0.05251
Brussels,Bielefeld,BE-DE,120,169,318.4,0,124.6,169.6,9.552,2.707,0.2834
Munich,Milan,DE-IT,136,267,348.3,0,135.4,180.4,10.45,2.69,0.2574
London,Amsterdam,GB-NL,48,106,356.9,252.7,138.5,183.5,41.03,2.683,0.06539
London,Utrecht,GB-NL,48,90,366.6,216.3,142,187,36.96,2.681,0.07255
Reading,Dortmund,GB-DE,36,163,583.9,214.7,220.2,265.2,43.28,2.67,0.06168
Reading,Essen,GB-DE,36,158,552.9,214.3,209,254,42.31,2.668,0.06306
Milton Keynes,Duisburg,GB-DE,45,161,522.1,190,197.9,242.9,38.46,2.617,0.06803
Milton Keynes,Dortmund,GB-DE,45,163,568.4,192.1,214.6,259.6,40.1,2.593,0.06466
Bordeaux,Zaragoza,FR-ES,204,229,355,0,137.8,182.8,10.65,2.587,0.2429
Dortmund,Lille,DE-FR,163,196,323.3,0,126.4,171.4,9.699,2.586,0.2667
Milton Keynes,Essen,GB-DE,45,158,538.4,186.2,203.8,248.8,38.49,2.574,0.06688
Reading,Düsseldorf,GB-DE,36,160,538.7,146.2,203.9,248.9,33.71,2.553,0.07575
Reading,Köln,GB-DE,36,142,554.7,104.1,209.7,254.7,29.14,2.552,0.08757
Lyon,Milan,FR-IT,194,267,339.2,0,132.1,177.1,10.18,2.514,0.2471
Brussels,Berlin,BE-DE,120,170,651.3,0,244.5,289.5,19.54,2.51,0.1285
London,Erfurt,GB-DE,48,159,778.4,182.1,290.2,335.2,45.2,2.499,0.05529
Essen,Lille,DE-FR,158,196,291.3,0,114.9,159.9,8.74,2.482,0.284
Malmö,Brussels,SE-BE,82,120,780.8,156.2,291.1,336.1,42.16,2.479,0.05878
London,Braunschweig,GB-DE,48,166,735.2,220.4,274.7,319.7,48.5,2.466,0.05084
London,Wuppertal,GB-DE,48,124,505.4,180.5,191.9,236.9,36.82,2.463,0.06689
Copenhagen,Brussels,DK-BE,21,120,764.9,126.2,285.4,330.4,38.09,2.46,0.0646
Duisburg,Lille,DE-FR,161,196,274.2,0,108.7,153.7,8.225,2.448,0.2976
Reading,Bochum,GB-DE,36,168,566.8,214.3,214.1,259.1,42.72,2.445,0.05722
Milton Keynes,Düsseldorf,GB-DE,45,160,527.7,166.5,200,245,35.82,2.381,0.06647
Brussels,Milan,BE-IT,120,267,698,0,261.3,306.3,20.94,2.38,0.1137
Milton Keynes,Bochum,GB-DE,45,168,551.9,192.7,208.7,253.7,39.68,2.368,0.05967
Malmö,Köln,SE-DE,82,142,656.6,188.2,246.4,291.4,42.28,2.342,0.05539
Reading,Bielefeld,GB-DE,36,169,657,222.3,246.5,291.5,46.39,2.331,0.05025
Paris,Milan,FR-IT,184,267,639.5,0,240.2,285.2,19.19,2.328,0.1213
Milton Keynes,Bielefeld,GB-DE,45,169,635,184.3,238.6,283.6,41.16,2.324,0.05646
Milton Keynes,Köln,GB-DE,45,142,547.3,196.5,207,252,40,2.318,0.05797
Copenhagen,Köln,DK-DE,21,142,645.6,92.22,242.4,287.4,30.43,2.315,0.07606
Bochum,Lille,DE-FR,168,196,305.7,0,120,165,9.17,2.309,0.2517
Düsseldorf,Milan,DE-IT,160,267,664.6,0,249.2,294.2,19.94,2.282,0.1145
Malmö,Berlin,SE-DE,82,170,343.7,122.6,133.7,178.7,25.02,2.263,0.09045
Duisburg,Milan,DE-IT,161,267,687.2,0,257.4,302.4,20.62,2.251,0.1092
Bordeaux,Valladolid,FR-ES,204,232,487.8,136.5,185.6,230.6,31.02,2.248,0.07249
Dortmund,Milan,DE-IT,163,267,684.6,0,256.5,301.5,20.54,2.241,0.1091
Bielefeld,Lille,DE-FR,169,196,411,0,158,203,12.33,2.239,0.1815
Antwerp,Hannover,BE-DE,122,150,388.3,0,149.8,194.8,11.65,2.223,0.1908
Düsseldorf,Lille,DE-FR,160,196,269.1,0,106.9,151.9,8.072,2.22,0.275
Essen,Milan,DE-IT,158,267,685.3,0,256.7,301.7,20.56,2.217,0.1078
Munich,Bologna,DE-IT,136,276,405.6,0,156,201,12.17,2.199,0.1807
Nuremberg,Milan,DE-IT,134,267,465.8,0,177.7,222.7,13.97,2.188,0.1566
Köln,Lille,DE-FR,142,196,275.8,0,109.3,154.3,8.274,2.182,0.2637
Malmö,Rotterdam,SE-NL,82,94,693.1,178.3,259.5,304.5,42.19,2.173,0.0515
Copenhagen,Rotterdam,DK-NL,21,94,674.7,180.2,252.9,297.9,41.86,2.165,0.05171
Vienna,Strasbourg,AT-FR,109,178,637.9,0,239.7,284.7,19.14,2.154,0.1126
Malmö,Antwerp,SE-BE,82,122,749.2,132.2,279.7,324.7,38.34,2.15,0.05608
Lyon,Turin,FR-IT,194,258,234.1,0,94.27,139.3,7.023,2.149,0.306
Malmö,Düsseldorf,SE-DE,82,160,637.9,172.5,239.6,284.6,39.84,2.137,0.05365
Copenhagen,Antwerp,DK-BE,21,122,732.5,144.1,273.7,318.7,39.27,2.128,0.0542
Copenhagen,Berlin,DK-DE,21,170,354.7,144.3,137.7,182.7,27.96,2.128,0.07612
Malmö,Duisburg,SE-DE,82,161,620.2,134.1,233.3,278.3,34.69,2.124,0.06124
Rotterdam,Hamburg,NL-DE,94,152,412.9,0,158.6,203.6,12.39,2.118,0.171
Malmö,Hannover,SE-DE,82,150,418.3,194.1,160.6,205.6,35.85,2.114,0.05898
Berlin,Lille,DE-FR,170,196,745,0,278.2,323.2,22.35,2.109,0.09435
Bochum,Milan,DE-IT,168,267,684.7,0,256.5,301.5,20.54,2.107,0.1026
Copenhagen,Düsseldorf,DK-DE,21,160,625.6,110.3,235.2,280.2,32,2.103,0.06572
Leicester,Hamburg,GB-DE,50,152,748.9,268.3,279.6,324.6,54.67,2.099,0.0384
Copenhagen,Amsterdam,DK-NL,21,106,620.9,188.3,233.5,278.5,41.22,2.099,0.05093
Copenhagen,Duisburg,DK-DE,21,161,607.4,112.3,228.7,273.7,31.69,2.09,0.06595
Malmö,Amsterdam,SE-NL,82,106,639.9,190.6,240.4,285.4,42.07,2.089,0.04966
Malmö,Hamburg,SE-DE,82,152,299.6,144.8,117.9,162.9,26.36,2.082,0.07899
Copenhagen,Hamburg,DK-DE,21,152,288.5,98.19,113.9,158.9,20.44,2.081,0.1018
Copenhagen,Hannover,DK-DE,21,150,411.4,130.4,158.1,203.1,28,2.074,0.0741
Hannover,Milan,DE-IT,150,267,769,0,286.8,331.8,23.07,2.064,0.08947
Frankfurt am Main,Bologna,DE-IT,157,276,656.3,0,246.3,291.3,19.69,2.062,0.1047
Coventry,Hamburg,GB-DE,60,152,779.8,228.5,290.7,335.7,50.82,2.055,0.04044
Augsburg,Milan,DE-IT,171,267,348.3,0,135.4,180.4,10.45,2.049,0.196
Malmö,Essen,SE-DE,82,158,607.4,156.4,228.7,273.7,36.99,2.041,0.05518
Milton Keynes,Bremen,GB-DE,45,165,656.1,202,246.2,291.2,43.93,2.031,0.04625
London,Rotterdam,GB-NL,48,94,320.5,220.4,125.4,170.4,36.06,2.028,0.05624
Malmö,Frankfurt am Main,SE-DE,82,157,675.5,168.4,253.2,298.2,40.47,2.023,0.05
Antwerp,Hamburg,BE-DE,122,152,459.4,0,175.4,220.4,13.78,2.02,0.1466
Brighton,Hannover,GB-DE,65,150,702.5,164.1,262.9,307.9,40.77,2.015,0.04941
Brussels,Prague,BE-CZ,120,213,717.3,0,268.2,313.2,21.52,2.014,0.09358
Leicester,Hannover,GB-DE,50,150,735.3,196.3,274.7,319.7,45.62,2.014,0.04414
Copenhagen,Essen,DK-DE,21,158,595.1,114.2,224.2,269.2,31.56,2.003,0.06348
Coventry,Hannover,GB-DE,60,150,762.4,190.1,284.5,329.5,45.68,1.987,0.0435
Copenhagen,Utrecht,DK-NL,21,90,629.4,162.4,236.6,281.6,38.37,1.987,0.05178
Rotterdam,Hannover,NL-DE,94,150,361.9,0,140.3,185.3,10.86,1.984,0.1828
Malmö,Utrecht,SE-NL,82,90,647.3,150.3,243,288,37.46,1.983,0.05293
Frankfurt am Main,Brescia,DE-IT,157,274,521.9,0,197.9,242.9,15.66,1.977,0.1263
Vienna,Frankfurt am Main,AT-DE,109,157,597.5,0,225.1,270.1,17.93,1.973,0.1101
Stuttgart,Bologna,DE-IT,128,276,504.6,0,191.6,236.6,15.14,1.973,0.1303
Malmö,Aachen,SE-DE,82,282,706.9,164.2,264.5,309.5,40.91,1.962,0.04796
Reading,Bremen,GB-DE,36,165,688.7,246.3,257.9,302.9,50.21,1.96,0.03903
Bielefeld,Milan,DE-IT,169,267,732,0,273.5,318.5,21.96,1.955,0.08902
Copenhagen,Frankfurt am Main,DK-DE,21,157,670.6,152.1,251.4,296.4,38.38,1.95,0.05083
Freiburg,Milan,DE-IT,156,267,299.4,0,117.8,162.8,8.981,1.949,0.217
Gothenburg,Amsterdam,SE-NL,85,106,744.2,400.1,277.9,322.9,70.33,1.947,0.02768
Milan,Aachen,IT-DE,267,282,634,0,238.2,283.2,19.02,1.947,0.1023
Linz,Brussels,AT-BE,111,120,769.5,0,287,332,23.09,1.941,0.08407
Brussels,Erfurt,BE-DE,120,159,468.8,0,178.8,223.8,14.06,1.935,0.1376
London,The Hague,GB-NL,48,93,310.7,232.5,121.9,166.9,37.23,1.932,0.0519
Copenhagen,Aachen,DK-DE,21,282,694.4,116.1,260,305,34.76,1.931,0.05556
Mannheim,Bologna,DE-IT,137,276,596.5,0,224.7,269.7,17.9,1.926,0.1076
Brussels,Bremen,BE-DE,120,165,393,0,151.5,196.5,11.79,1.921,0.1629
Vienna,Karlsruhe,AT-DE,109,146,592.2,0,223.2,268.2,17.77,1.909,0.1075
Munich,Padua,DE-IT,136,265,304.4,0,119.6,164.6,9.133,1.908,0.209
Malmö,Dortmund,SE-DE,82,163,583.2,188.4,220,265,40.1,1.907,0.04756
Vienna,Mannheim,AT-DE,109,137,595.4,0,224.3,269.3,17.86,1.899,0.1063
Munich,Verona,DE-IT,136,254,303.4,0,119.2,164.2,9.101,1.889,0.2076
Vienna,Köln,AT-DE,109,142,743.2,0,277.6,322.6,22.3,1.873,0.08402
Frankfurt am Main,Verona,DE-IT,157,254,547.9,0,207.2,252.2,16.44,1.873,0.114
Köln,Bologna,DE-IT,142,276,787.4,0,293.5,338.5,23.62,1.867,0.07904
Copenhagen,Dortmund,DK-DE,21,163,571.8,100.3,215.8,260.8,29.19,1.866,0.06393
Munich,Brescia,DE-IT,136,274,307.3,0,120.6,165.6,9.218,1.863,0.2021
Birmingham,Hannover,GB-DE,67,150,788,196,293.7,338.7,47.16,1.863,0.0395
Malmö,Gent,SE-BE,82,118,796.8,128.1,296.9,341.9,39.28,1.859,0.04732
Hannover,Paris,DE-FR,150,184,651,0,244.3,289.3,19.53,1.858,0.09516
Brighton,Hamburg,GB-DE,65,152,753.3,194.3,281.2,326.2,45.92,1.858,0.04047
Vienna,Stuttgart,AT-DE,109,128,533.8,0,202.2,247.2,16.01,1.85,0.1156
London,Mannheim,GB-DE,48,137,647.4,48.11,243.1,288.1,25.2,1.85,0.07342
Copenhagen,The Hague,DK-NL,21,93,673,180.3,252.3,297.3,41.82,1.847,0.04417
Copenhagen,Gent,DK-BE,21,118,779.6,146.3,290.6,335.6,40.94,1.847,0.0451
Swindon,Hannover,GB-DE,30,150,793.2,220.3,295.5,340.5,50.24,1.846,0.03676
Malmö,The Hague,SE-NL,82,93,692,182,259.1,304.1,42.6,1.844,0.0433
Gothenburg,Hannover,SE-DE,85,150,610.1,328.1,229.7,274.7,57.67,1.843,0.03196
Gothenburg,Hamburg,SE-DE,85,152,478.4,332.3,182.2,227.2,54.23,1.836,0.03385
Karlsruhe,Bologna,DE-IT,146,276,549.5,0,207.8,252.8,16.49,1.825,0.1107
Gothenburg,Utrecht,SE-NL,85,90,761.8,370.9,284.2,329.2,67.36,1.818,0.02699
London,Dublin,GB-IE,48,173,461.9,134.6,176.3,221.3,30.01,1.807,0.06023
Brussels,Münster,BE-DE,120,135,258.7,0,103.1,148.1,7.761,1.806,0.2327
Lyon,Barcelona,FR-ES,194,246,531,46.08,201.1,246.1,21.46,1.799,0.08384
Malmö,Bochum,SE-DE,82,168,596.6,180.2,224.8,269.8,39.52,1.798,0.0455
Reading,Münster,GB-DE,36,135,594.7,222.2,224.1,269.1,44.51,1.796,0.04035
Lille,Milan,FR-IT,196,267,733.2,0,274,319,22,1.792,0.08146
Mannheim,Brescia,DE-IT,137,274,458.8,0,175.2,220.2,13.76,1.788,0.1299
Paris,Turin,FR-IT,184,258,583.7,0,220.1,265.1,17.51,1.785,0.1019
Malmö,Mannheim,SE-DE,82,137,745.7,158.4,278.4,323.4,41.37,1.785,0.04314
Milton Keynes,Münster,GB-DE,45,135,573.5,170.4,216.5,261.5,37.66,1.781,0.04728
Linz,Strasbourg,AT-FR,111,178,483.3,0,184,229,14.5,1.78,0.1228
Gothenburg,Düsseldorf,SE-DE,85,160,794.6,270.2,296,341,56.26,1.779,0.03162
Gothenburg,Duisburg,SE-DE,85,161,773.6,258.5,288.5,333.5,54.23,1.778,0.03279
Sheffield,Hamburg,GB-DE,35,152,757.9,461.2,282.8,327.8,78.08,1.774,0.02273
Munich,Florence,DE-IT,136,272,485.3,0,184.7,229.7,14.56,1.767,0.1214
Copenhagen,Bochum,DK-DE,21,168,584.6,110.1,220.5,265.5,30.75,1.758,0.05715
Barcelona,Milan,ES-IT,246,267,726,234.6,271.3,316.3,49.94,1.752,0.03509
Frankfurt am Main,Padua,DE-IT,157,265,575.4,0,217.2,262.2,17.26,1.747,0.1012
Nuremberg,Bologna,DE-IT,134,276,551.9,0,208.7,253.7,16.56,1.742,0.1052
Köln,Brescia,DE-IT,142,274,646.9,0,242.9,287.9,19.41,1.738,0.08958
Strasbourg,Bologna,FR-IT,178,276,531.2,0,201.2,246.2,15.94,1.732,0.1087
Malmö,Bielefeld,SE-DE,82,169,493.5,186.6,187.7,232.7,37.2,1.729,0.04649
Gothenburg,The Hague,SE-NL,85,93,794.3,424.1,295.9,340.9,74.72,1.725,0.02308
Brussels,Leipzig,BE-DE,120,141,562.6,8.008,212.5,257.5,17.84,1.719,0.09634
Gothenburg,Essen,SE-DE,85,158,764.4,272.1,285.2,330.2,55.59,1.714,0.03084
Copenhagen,Mannheim,DK-DE,21,137,741.3,158.3,276.9,321.9,41.23,1.712,0.04152
Leeds,Hamburg,GB-DE,51,152,759.9,479.2,283.5,328.5,80.3,1.708,0.02127
Antwerp,Berlin,BE-DE,122,170,634.9,0,238.6,283.6,19.05,1.696,0.08903
London,Aachen,GB-DE,48,282,440.6,106.1,168.6,213.6,25.96,1.693,0.06523
Stuttgart,Brescia,DE-IT,128,274,369.4,0,143,188,11.08,1.692,0.1527
Gothenburg,Berlin,SE-DE,85,170,583.5,290.8,220.1,265.1,52.4,1.692,0.03229
Bremen,Lille,DE-FR,165,196,479.1,0,182.5,227.5,14.37,1.69,0.1176
Brussels,Braunschweig,BE-DE,120,166,455,0,173.8,218.8,13.65,1.69,0.1238
Frankfurt am Main,Florence,DE-IT,157,272,730.8,0,273.1,318.1,21.92,1.689,0.07703
Lyon,Zaragoza,FR-ES,194,229,646.9,0,242.9,287.9,19.41,1.688,0.08698
Brighton,Dortmund,GB-DE,65,163,535.5,104.3,202.8,247.8,28.58,1.687,0.05903
Frankfurt am Main,Turin,DE-IT,157,258,565.9,0,213.7,258.7,16.98,1.685,0.09924
Malmö,Karlsruhe,SE-DE,82,146,796.9,152.2,296.9,341.9,42.17,1.678,0.03979
Strasbourg,Wrocław,FR-PL,178,217,721.6,0,269.8,314.8,21.65,1.667,0.07699
Mannheim,Verona,DE-IT,137,254,488.7,0,185.9,230.9,14.66,1.664,0.1135
Amsterdam,Hamburg,NL-DE,106,152,365.9,0,141.7,186.7,10.98,1.658,0.1511
Copenhagen,Bielefeld,DK-DE,21,169,483.6,92.3,184.1,229.1,25.58,1.656,0.06473
Münster,Milan,DE-IT,135,267,731.6,10.02,273.4,318.4,23.15,1.647,0.07117
Brighton,Essen,GB-DE,65,158,503.6,104.3,191.3,236.3,27.63,1.647,0.05962
Reading,Dublin,GB-IE,36,173,414.3,164.1,159.2,204.2,32.13,1.642,0.05112
Vienna,Aachen,AT-DE,109,282,795.3,0,296.3,341.3,23.86,1.633,0.06845
Berlin,Warsaw,DE-PL,170,309,516.8,0,196,241,15.5,1.631,0.1052
Erfurt,Milan,DE-IT,159,267,628,0,236.1,281.1,18.84,1.629,0.08649
Köln,Wrocław,DE-PL,142,217,704.8,0,263.7,308.7,21.14,1.628,0.07699
Milton Keynes,Dublin,GB-IE,45,173,397,138.3,152.9,197.9,28.51,1.616,0.05669
Gothenburg,Dortmund,SE-DE,85,163,746.7,262.2,278.8,323.8,53.87,1.614,0.02996
Köln,Verona,DE-IT,142,254,680.3,0,254.9,299.9,20.41,1.613,0.07904
Köln,Turin,DE-IT,142,258,654.2,0,245.5,290.5,19.63,1.612,0.08213
Brighton,Duisburg,GB-DE,65,161,486.3,102.1,185.1,230.1,26.84,1.612,0.06005
Antwerp,Milan,BE-IT,122,267,731,0,273.2,318.2,21.93,1.606,0.07322
Derby,Hamburg,GB-DE,59,152,765.7,378.8,285.6,330.6,68.43,1.604,0.02343
Copenhagen,Karlsruhe,DK-DE,21,146,793,158.2,295.5,340.5,42.77,1.603,0.03748
Wiesbaden,Milan,DE-IT,126,267,518.7,0,196.7,241.7,15.56,1.603,0.103
Frankfurt am Main,Wrocław,DE-PL,157,217,598.7,0,225.5,270.5,17.96,1.601,0.08912
Strasbourg,Bratislava,FR-SK,178,212,692.8,0,259.4,304.4,20.78,1.599,0.07693
Hamburg,Paris,DE-FR,152,184,745.2,10.02,278.3,323.3,23.56,1.595,0.06771
Stuttgart,Verona,DE-IT,128,254,396.4,0,152.7,197.7,11.89,1.589,0.1337
Sheffield,Hannover,GB-DE,35,150,759.1,298.4,283.3,328.3,58.59,1.587,0.02708
Köln,Prague,DE-CZ,142,213,536.3,0,203.1,248.1,16.09,1.584,0.09843
Malmö,Tilburg,SE-NL,82,91,688.8,132.2,258,303,36.52,1.582,0.04331
Mannheim,Florence,DE-IT,137,272,669.3,0,251,296,20.08,1.577,0.07852
Birmingham,Dublin,GB-IE,67,173,306.6,114.2,120.4,165.4,22.9,1.576,0.06882
Stuttgart,Florence,DE-IT,128,272,578.5,0,218.3,263.3,17.36,1.575,0.09077
Wuppertal,Milan,DE-IT,124,267,661.4,0,248.1,293.1,19.84,1.573,0.07926
Coventry,Dublin,GB-IE,60,173,334.1,114,130.3,175.3,23.71,1.571,0.06628
Antwerp,Prague,BE-CZ,122,213,717,0,268.1,313.1,21.51,1.569,0.07293
Malmö,Eindhoven,SE-NL,82,101,678.9,158.2,254.4,299.4,39.35,1.566,0.0398
Swindon,Dublin,GB-IE,30,173,361.4,162.6,140.1,185.1,30.35,1.565,0.05156
Stoke-on-Trent,Dublin,GB-IE,32,173,273.3,114.5,108.4,153.4,21.94,1.564,0.07128
Barcelona,Turin,ES-IT,246,258,606.5,220.2,228.3,273.3,44.62,1.562,0.03501
Copenhagen,Tilburg,DK-NL,21,91,672.4,138.1,252,297,36.74,1.562,0.0425
Köln,Poznań,DE-PL,142,219,706.8,0,264.5,309.5,21.21,1.56,0.07355
Brussels,Turin,BE-IT,120,258,688.9,0,258,303,20.67,1.559,0.07545
Rotterdam,Berlin,NL-DE,94,170,611.6,0,230.2,275.2,18.35,1.559,0.08497
Malmö,Bremen,SE-DE,82,165,391.1,124.3,150.8,195.8,26.65,1.555,0.05834
Gothenburg,Bielefeld,SE-DE,85,169,667.8,308.9,250.4,295.4,57.1,1.553,0.0272
Reading,Braunschweig,GB-DE,36,166,793.8,220.5,295.8,340.8,50.28,1.551,0.03085
Bordeaux,Barcelona,FR-ES,204,246,443.6,0,169.7,214.7,13.31,1.548,0.1163
Strasbourg,Brescia,FR-IT,178,274,387.1,0,149.4,194.4,11.61,1.548,0.1333
Milton Keynes,Braunschweig,GB-DE,45,166,769.4,190.3,287,332,45.92,1.547,0.03368
Gothenburg,Bochum,SE-DE,85,168,756.4,272.2,282.3,327.3,55.35,1.541,0.02784
Lyon,Bologna,FR-IT,194,276,527.9,0,200,245,15.84,1.541,0.09731
Strasbourg,Prague,FR-CZ,178,213,511.6,0,194.2,239.2,15.35,1.539,0.1003
Copenhagen,Eindhoven,DK-NL,21,101,663.4,126.3,248.8,293.8,35.05,1.537,0.04383
Dortmund,Brescia,DE-IT,163,274,694.9,0,260.2,305.2,20.85,1.536,0.0737
Münster,Lille,DE-FR,135,196,350.3,0,136.1,181.1,10.51,1.533,0.1458
Stuttgart,Budapest,DE-HU,128,211,745.1,0,278.2,323.2,22.35,1.531,0.06847
Copenhagen,Charleroi,DK-BE,21,119,797.4,114.2,297.1,342.1,37.62,1.527,0.04058
Frankfurt am Main,Prague,DE-CZ,157,213,409.1,0,157.3,202.3,12.27,1.526,0.1243
Malmö,Münster,SE-DE,82,135,537.1,144.3,203.4,248.4,33.43,1.526,0.04564
Mannheim,Turin,DE-IT,137,258,494.8,0,188.1,233.1,14.84,1.525,0.1027
Bristol,Dublin,GB-IE,64,173,324,179.1,126.6,171.6,31.21,1.523,0.04881
Erfurt,Lille,DE-FR,159,196,561.8,0,212.2,257.2,16.85,1.523,0.09038
Mannheim,Padua,DE-IT,137,265,521.4,0,197.7,242.7,15.64,1.523,0.09734
Munich,Budapest,DE-HU,136,211,561.7,0,212.2,257.2,16.85,1.522,0.09035
Düsseldorf,Brescia,DE-IT,160,274,681.2,0,255.2,300.2,20.44,1.52,0.07438
Nantes,Madrid,FR-ES,188,238,775.5,352.7,289.2,334.2,65.59,1.52,0.02317
Strasbourg,Brno,FR-CZ,178,216,651.1,0,244.4,289.4,19.53,1.519,0.07777
Mannheim,Wrocław,DE-PL,137,217,633.8,0,238.2,283.2,19.01,1.518,0.07982
Barcelona,Florence,ES-IT,246,272,789.5,695.3,294.2,339.2,107.1,1.515,0.01414
Karlsruhe,Wrocław,DE-PL,146,217,657.8,0,246.8,291.8,19.74,1.515,0.07676
Brighton,Bielefeld,GB-DE,65,169,615.6,136.4,231.6,276.6,34.83,1.515,0.04349
Karlsruhe,Brescia,DE-IT,146,274,409.7,0,157.5,202.5,12.29,1.509,0.1228
Strasbourg,Poznań,FR-PL,178,219,775.5,0,289.2,334.2,23.26,1.508,0.06484
Leipzig,Milan,DE-IT,141,267,694.1,0,259.9,304.9,20.82,1.507,0.07237
Brighton,Bochum,GB-DE,65,168,517.9,104.4,196.5,241.5,28.06,1.504,0.0536
Copenhagen,Bremen,DK-DE,21,165,377.8,116.6,146,191,25.32,1.502,0.05933
Gothenburg,Bremen,SE-DE,85,165,552.1,288.1,208.8,253.8,51.13,1.5,0.02934
Strasbourg,Florence,FR-IT,178,272,598.2,0,225.4,270.4,17.95,1.499,0.08352
Duisburg,Brescia,DE-IT,161,274,703.1,0,263.1,308.1,21.09,1.498,0.071
Wrocław,Aachen,PL-DE,217,282,767.2,0,286.2,331.2,23.01,1.493,0.06489
Hannover,Brescia,DE-IT,150,274,760.8,0,283.9,328.9,22.82,1.489,0.06522
Copenhagen,Münster,DK-DE,21,135,524.8,112.2,198.9,243.9,29.2,1.488,0.05097
Bonn,Milan,DE-IT,167,267,606.2,0,228.2,273.2,18.19,1.487,0.08174
Essen,Brescia,DE-IT,158,274,699.2,0,261.7,306.7,20.98,1.485,0.07079
Augsburg,Bologna,DE-IT,171,276,432.5,0,165.7,210.7,12.98,1.482,0.1142
Leicester,Bielefeld,GB-DE,50,169,659.6,184.5,247.5,292.5,41.92,1.482,0.03535
Lyon,Florence,FR-IT,194,272,550.4,0,208.1,253.1,16.51,1.481,0.08969
Coventry,Bielefeld,GB-DE,60,169,685,184.3,256.6,301.6,42.66,1.48,0.0347
Frankfurt am Main,Katowice,DE-PL,157,223,735.6,0,274.8,319.8,22.07,1.479,0.06702
Malmö,Erfurt,SE-DE,82,159,530.9,104.2,201.1,246.1,28.43,1.478,0.052
Leeds,Hannover,GB-DE,51,150,769.1,344.5,286.9,331.9,64.41,1.476,0.02292
Malmö,Braunschweig,SE-DE,82,166,405.1,156.4,155.8,200.8,30.92,1.475,0.04771
Karlsruhe,Florence,DE-IT,146,272,620.9,0,233.5,278.5,18.63,1.474,0.07913
Rotterdam,Prague,NL-CZ,94,213,724.2,0,270.7,315.7,21.73,1.469,0.06761
Köln,Padua,DE-IT,142,265,714.8,0,267.3,312.3,21.44,1.467,0.06842
Berlin,Wrocław,DE-PL,170,217,294.7,0,116.1,161.1,8.842,1.466,0.1658
Leicester,Dublin,GB-IE,50,173,351.1,116.4,136.4,181.4,24.49,1.466,0.05983
Braunschweig,Milan,DE-IT,166,267,762.6,0,284.5,329.5,22.88,1.464,0.06401
Düsseldorf,Turin,DE-IT,160,258,687.4,0,257.5,302.5,20.62,1.455,0.07056
Karlsruhe,Katowice,DE-PL,146,223,776.5,0,289.5,334.5,23.29,1.453,0.06239
Strasbourg,Turin,FR-IT,178,258,390.7,0,150.7,195.7,11.72,1.453,0.124
Stuttgart,Padua,DE-IT,128,265,427.5,0,163.9,208.9,12.83,1.453,0.1133
Nuremberg,Florence,DE-IT,134,272,631.2,0,237.2,282.2,18.93,1.452,0.07671
Linz,Karlsruhe,AT-DE,111,146,438.9,0,168,213,13.17,1.452,0.1103
Malmö,Wuppertal,SE-DE,82,124,619.4,188.4,233,278,41.2,1.448,0.03515
Linz,Frankfurt am Main,AT-DE,111,157,453.8,0,173.4,218.4,13.61,1.448,0.1064
Duisburg,Turin,DE-IT,161,258,710.7,0,265.8,310.8,21.32,1.447,0.06785
Derby,Hannover,GB-DE,59,150,758,208.5,282.9,327.9,47.77,1.445,0.03025
Coventry,Dortmund,GB-DE,60,163,622.7,168.2,234.2,279.2,38.86,1.442,0.0371
Hannover,Verona,DE-IT,150,254,776.3,0,289.5,334.5,23.29,1.438,0.06175
Nuremberg,Padua,DE-IT,134,265,454,0,173.4,218.4,13.62,1.438,0.1055
Brussels,Brescia,BE-IT,120,274,733.2,0,274,319,22,1.434,0.06519
Vienna,Düsseldorf,AT-DE,109,160,766,0,285.8,330.8,22.98,1.433,0.06237
Dortmund,Verona,DE-IT,163,254,723.8,0,270.6,315.6,21.71,1.432,0.06597
Vienna,Munich,AT-DE,109,136,355.7,0,138.1,183.1,10.67,1.43,0.134
Leicester,Dortmund,GB-DE,50,163,600.3,168.1,226.1,271.1,38.18,1.43,0.03745
Gent,Hannover,BE-DE,118,150,439.6,0,168.3,213.3,13.19,1.428,0.1083
Dortmund,Turin,DE-IT,163,258,716.8,0,268,313,21.5,1.428,0.06639
Nuremberg,Brescia,DE-IT,134,274,440.5,0,168.6,213.6,13.22,1.423,0.1077
Bochum,Brescia,DE-IT,168,274,696.9,0,260.9,305.9,20.91,1.419,0.06788
Utrecht,Hamburg,NL-DE,90,152,365.2,0,141.5,186.5,10.96,1.417,0.1293
Århus,Brussels,DK-BE,22,120,705.4,154.3,264,309,39.68,1.416,0.03569
Hannover,Padua,DE-IT,150,265,789.9,0,294.4,339.4,23.7,1.415,0.05971
Linz,Antwerp,AT-BE,111,122,779.7,0,290.7,335.7,23.39,1.414,0.06047
Bordeaux,Gasteiz / Vitoria,FR-ES,204,230,277.8,120.8,110,155,22.83,1.413,0.06188
Essen,Turin,DE-IT,158,258,711.8,0,266.3,311.3,21.36,1.412,0.0661
Bordeaux,Pamplona,FR-ES,204,235,240.7,0,96.65,141.7,7.221,1.411,0.1955
Berlin,Padua,DE-IT,170,265,799,0,297.7,342.7,23.97,1.411,0.05887
Düsseldorf,Verona,DE-IT,160,254,714.4,0,267.2,312.2,21.43,1.411,0.06584
Karlsruhe,Verona,DE-IT,146,254,442.5,0,169.3,214.3,13.28,1.411,0.1063
Brussels,Nuremberg,BE-DE,120,134,503.7,0,191.3,236.3,15.11,1.41,0.09332
Mannheim,Katowice,DE-PL,137,223,760.6,0,283.8,328.8,22.82,1.41,0.0618
Braunschweig,Lille,DE-FR,166,196,548.3,0,207.4,252.4,16.45,1.409,0.08567
Leipzig,Lille,DE-FR,141,196,656.4,0,246.3,291.3,19.69,1.408,0.07152
Marseille,Barcelona,FR-ES,193,246,339.3,236.9,132.1,177.1,38.61,1.408,0.03647
Nuremberg,Verona,DE-IT,134,254,446.6,0,170.8,215.8,13.4,1.407,0.105
Rennes,Valladolid,FR-ES,181,232,756.8,422.5,282.5,327.5,73.4,1.405,0.01915
Linz,Mannheim,AT-DE,111,137,445.1,0,170.2,215.2,13.35,1.404,0.1051
Antwerp,Bielefeld,BE-DE,122,169,299.2,0,117.7,162.7,8.977,1.4,0.1559
Manchester,Dublin,GB-IE,46,173,266.4,196.3,105.9,150.9,31.54,1.399,0.04436
Birmingham,Bielefeld,GB-DE,67,169,711.2,184.3,266,311,43.46,1.398,0.03218
Duisburg,Verona,DE-IT,161,254,735.6,0,274.8,319.8,22.07,1.398,0.06334
Malmö,Bonn,SE-DE,82,167,669.1,188.3,250.9,295.9,42.67,1.395,0.03268
Frankfurt am Main,Poznań,DE-PL,157,219,627.3,0,235.8,280.8,18.82,1.394,0.07406
Southampton,Hannover,GB-DE,34,150,784.9,158.2,292.6,337.6,42.53,1.394,0.03277
Brussels,Frankfurt am Main,BE-DE,120,157,317.4,0,124.3,169.3,9.522,1.392,0.1462
Copenhagen,Wuppertal,DK-DE,21,124,608,102.3,228.9,273.9,30.52,1.389,0.04551
Copenhagen,Braunschweig,DK-DE,21,166,401.9,152.7,154.7,199.7,30.38,1.387,0.04565
Stuttgart,Wrocław,DE-PL,128,217,618,0,232.5,277.5,18.54,1.387,0.07482
Poznań,Aachen,PL-DE,219,282,770.1,0,287.2,332.2,23.1,1.383,0.05985
Essen,Verona,DE-IT,158,254,730.5,0,273,318,21.92,1.383,0.06309
Linz,Stuttgart,AT-DE,111,128,379.7,0,146.7,191.7,11.39,1.383,0.1214
Gent,Hamburg,BE-DE,118,152,509.1,0,193.3,238.3,15.27,1.38,0.09038
Linz,Köln,AT-DE,111,142,603.4,0,227.2,272.2,18.1,1.378,0.07614
Coventry,Essen,GB-DE,60,158,593.6,172.5,223.7,268.7,38.5,1.375,0.03572
Barcelona,Brescia,ES-IT,246,274,796.4,272.2,296.7,341.7,56.55,1.373,0.02428
Mannheim,Prague,DE-CZ,137,213,432.5,0,165.7,210.7,12.97,1.372,0.1058
Gothenburg,Münster,SE-DE,85,135,696.3,270.1,260.7,305.7,53.3,1.372,0.02574
Prague,Aachen,CZ-DE,213,282,595.2,0,224.3,269.3,17.85,1.37,0.07673
Swindon,Dortmund,GB-DE,30,163,639.2,200.4,240.1,285.1,43.22,1.37,0.03169
Munich,Rome,DE-IT,136,260,698.3,0,261.4,306.4,20.95,1.37,0.06537
Rotterdam,Milan,NL-IT,94,267,796.6,0,296.8,341.8,23.9,1.368,0.05723
Swindon,Bielefeld,GB-DE,30,169,710.7,214.2,265.9,310.9,47.03,1.365,0.02903
Leicester,Essen,GB-DE,50,158,571.9,168.6,215.9,260.9,37.38,1.36,0.03639
Coventry,Duisburg,GB-DE,60,161,577.6,174.5,217.9,262.9,38.26,1.36,0.03554
Leipzig,Bologna,DE-IT,141,276,765.1,0,285.4,330.4,22.95,1.359,0.05922
Birmingham,Dortmund,GB-DE,67,163,649.7,166.4,243.9,288.9,39.46,1.356,0.03437
Erfurt,Bologna,DE-IT,159,276,721.3,0,269.7,314.7,21.64,1.356,0.06265
Gothenburg,Braunschweig,SE-DE,85,166,611.9,270.9,230.3,275.3,50.86,1.352,0.02658
Brussels,Munich,BE-DE,120,136,602.5,0,226.9,271.9,18.07,1.352,0.07478
Brighton,Düsseldorf,GB-DE,65,160,485.7,92.32,184.8,229.8,25.65,1.349,0.0526
Stuttgart,Katowice,DE-PL,128,223,728.8,0,272.4,317.4,21.86,1.348,0.06165
Copenhagen,Erfurt,DK-DE,21,159,532.2,168.1,201.6,246.6,36.13,1.346,0.03726
Budapest,Bucharest,HU-RO,211,295,643.4,0,241.6,286.6,19.3,1.345,0.06966
Reading,Frankfurt am Main,GB-DE,36,157,694.4,66.04,260,305,28.76,1.342,0.04668
Linz,Lyon,AT-FR,111,194,769.2,0,286.9,331.9,23.08,1.342,0.05814
Karlsruhe,Prague,DE-CZ,146,213,450.2,0,172.1,217.1,13.5,1.342,0.09934
Stuttgart,Turin,DE-IT,128,258,427.9,0,164.1,209.1,12.84,1.341,0.1044
Bielefeld,Brescia,DE-IT,169,274,732.9,0,273.8,318.8,21.99,1.338,0.06085
Vienna,Duisburg,AT-DE,109,161,776,0,289.4,334.4,23.28,1.337,0.05743
Bochum,Turin,DE-IT,168,258,713.7,0,266.9,311.9,21.41,1.336,0.0624
Brighton,Köln,GB-DE,65,142,497.3,86.23,189,234,25.27,1.336,0.05287
Dortmund,Padua,DE-IT,163,265,752.9,0,281,326,22.59,1.335,0.05911
Paris,Brescia,FR-IT,184,274,699,0,261.6,306.6,20.97,1.335,0.06364
Leicester,Duisburg,GB-DE,50,161,556.3,170.1,210.3,255.3,37.1,1.334,0.03596
Leicester,Bremen,GB-DE,50,165,668.5,214.2,250.7,295.7,45.76,1.332,0.02912
Marseille,Milan,FR-IT,193,267,386.8,0,149.3,194.3,11.6,1.331,0.1147
Malmö,Leipzig,SE-DE,82,141,476.2,112,181.4,226.4,27.73,1.331,0.04798
The Hague,Hamburg,NL-DE,93,152,416.2,0,159.8,204.8,12.49,1.33,0.1065
Copenhagen,Bonn,DK-DE,21,167,658.8,86.11,247.2,292.2,30.1,1.33,0.04419
Düsseldorf,Prague,DE-CZ,160,213,553,0,209.1,254.1,16.59,1.33,0.08016
Amsterdam,Hannover,NL-DE,106,150,328.8,0,128.4,173.4,9.863,1.329,0.1347
Birmingham,Essen,GB-DE,67,158,620.7,174.2,233.4,278.4,39.52,1.328,0.0336
Augsburg,Budapest,DE-HU,171,211,614,0,231,276,18.42,1.327,0.07204
Birmingham,Duisburg,GB-DE,67,161,604.7,176.2,227.7,272.7,39.29,1.326,0.03374
Zürich,Milan,CH-IT,72,267,217.1,0,88.17,133.2,6.514,1.325,0.2034
Dortmund,Paris,DE-FR,163,184,469.2,0,178.9,223.9,14.08,1.324,0.09403
Montpellier,Milan,FR-IT,191,267,468.7,0,178.7,223.7,14.06,1.319,0.09377
Berlin,Budapest,DE-HU,170,211,688.2,0,257.7,302.7,20.64,1.317,0.06381
Strasbourg,Verona,FR-IT,178,254,427.7,8.031,164,209,13.79,1.317,0.09546
Swindon,Essen,GB-DE,30,158,608.3,200.1,229,274,42.26,1.316,0.03115
Bochum,Verona,DE-IT,168,254,727.2,0,271.8,316.8,21.81,1.314,0.06025
Antwerp,Dortmund,BE-DE,122,163,215.3,0,87.51,132.5,6.459,1.313,0.2033
Düsseldorf,Wrocław,DE-PL,160,217,714.3,0,267.2,312.2,21.43,1.313,0.06127
Gent,Milan,BE-IT,118,267,741.1,0,276.8,321.8,22.23,1.312,0.05902
Karlsruhe,Padua,DE-IT,146,265,479,0,182.4,227.4,14.37,1.311,0.09121
Birmingham,Bremen,GB-DE,67,165,722.5,204.1,270.1,315.1,46.17,1.308,0.02833
Halle (Saale),Milan,DE-IT,153,267,699.9,0,261.9,306.9,21,1.308,0.06228
Brussels,Verona,BE-IT,120,254,777.3,0,289.8,334.8,23.32,1.302,0.05583
Århus,Lille,DK-FR,22,196,775.2,216.3,289.1,334.1,49.22,1.301,0.02644
Gothenburg,Wuppertal,SE-DE,85,124,781.5,268.5,291.3,336.3,55.66,1.298,0.02331
Munich,Strasbourg,DE-FR,136,178,287.3,0,113.4,158.4,8.618,1.297,0.1505
Coventry,Bremen,GB-DE,60,165,698,202,261.3,306.3,45.18,1.297,0.02871
Swindon,Duisburg,GB-DE,30,161,591.5,200.5,222.9,267.9,41.8,1.297,0.03102
London,Lübeck,GB-DE,48,140,773.7,272.6,288.5,333.5,55.92,1.297,0.02319
Cardiff,Dublin,GB-IE,63,173,292.9,166.5,115.4,160.4,28.76,1.295,0.04502
Nuremberg,Budapest,DE-HU,134,211,625.6,0,235.2,280.2,18.77,1.295,0.06898
Düsseldorf,Padua,DE-IT,160,265,748.4,0,279.4,324.4,22.45,1.291,0.05752
Liverpool,Dublin,GB-IE,49,173,217.2,176.9,88.17,133.2,27.75,1.284,0.04627
Sheffield,Bremen,GB-DE,35,165,684.1,334,256.3,301.3,60.61,1.284,0.02118
Karlsruhe,Poznań,DE-PL,146,219,708.6,0,265.1,310.1,21.26,1.284,0.06038
Duisburg,Padua,DE-IT,161,265,768.7,0,286.7,331.7,23.06,1.283,0.05566
Charleroi,Milan,BE-IT,119,267,653.6,0,245.3,290.3,19.61,1.283,0.06545
Gothenburg,Erfurt,SE-DE,85,159,750.7,312.3,280.3,325.3,60,1.283,0.02138
Frankfurt am Main,Łódź,DE-PL,157,221,777.2,0,289.8,334.8,23.32,1.282,0.055
Vienna,Essen,AT-DE,109,158,761.5,0,284.1,329.1,22.85,1.281,0.05607
Essen,Padua,DE-IT,158,265,762.2,0,284.4,329.4,22.87,1.276,0.05581
Duisburg,Prague,DE-CZ,161,213,558.6,0,211.1,256.1,16.76,1.276,0.07616
Vienna,Berlin,AT-DE,109,170,523.8,0,198.6,243.6,15.71,1.269,0.08073
Karlsruhe,Bratislava,DE-SK,146,212,646.9,0,242.9,287.9,19.41,1.268,0.06535
Stuttgart,Kraków,DE-PL,128,222,790.4,0,294.5,339.5,23.71,1.268,0.05346
Derby,Dublin,GB-IE,59,173,321.6,114.6,125.8,170.8,23.4,1.266,0.05411
Duisburg,Wrocław,DE-PL,161,217,714.5,0,267.2,312.2,21.44,1.265,0.05903
Nottingham,Hamburg,GB-DE,41,152,743.5,378.8,277.7,322.7,67.76,1.265,0.01866
Stuttgart,Prague,DE-CZ,128,213,405.9,0,156.1,201.1,12.18,1.263,0.1037
London,Kiel,GB-DE,48,144,754.8,362.4,281.7,326.7,66.13,1.262,0.01908
Bielefeld,Verona,DE-IT,169,254,755.1,0,281.8,326.8,22.65,1.262,0.05569
Gent,Prague,BE-CZ,118,213,762.8,0,284.6,329.6,22.88,1.261,0.05512
Köln,Bratislava,DE-SK,142,212,794.8,0,296.1,341.1,23.84,1.259,0.05279
Malmö,Groningen,SE-NL,82,99,493.4,246.7,187.6,232.6,44.41,1.256,0.02829
Amsterdam,Prague,NL-CZ,106,213,710,0,265.6,310.6,21.3,1.254,0.05887
Utrecht,Prague,NL-CZ,90,213,686,0,256.9,301.9,20.58,1.251,0.06081
Strasbourg,Padua,FR-IT,178,265,472.4,0,180.1,225.1,14.17,1.248,0.08804
Sheffield,Duisburg,GB-DE,35,161,598.6,206.2,225.5,270.5,42.7,1.248,0.02922
Düsseldorf,Poznań,DE-PL,160,219,709.4,0,265.4,310.4,21.28,1.245,0.05848
Coventry,Bochum,GB-DE,60,168,606.7,172.2,228.4,273.4,38.86,1.24,0.0319
Mannheim,Poznań,DE-PL,137,219,675.3,0,253.1,298.1,20.26,1.239,0.06119
Augsburg,Florence,DE-IT,171,272,511.3,0,194.1,239.1,15.34,1.238,0.08072
Copenhagen,Groningen,DK-NL,21,99,474.1,202.1,180.7,225.7,38.47,1.237,0.03216
Mainz,Milan,DE-IT,138,267,506.9,0,192.5,237.5,15.21,1.237,0.08131
Frankfurt am Main,Bratislava,DE-SK,157,212,650.2,0,244.1,289.1,19.51,1.236,0.06338
Munich,Montpellier,DE-FR,136,191,779.5,0,290.6,335.6,23.38,1.232,0.05267
Rotterdam,Bremen,NL-DE,94,165,319.7,0,125.1,170.1,9.592,1.23,0.1282
Essen,Prague,DE-CZ,158,213,542.5,0,205.3,250.3,16.27,1.229,0.07555
Leicester,Bochum,GB-DE,50,168,584.7,166.2,220.5,265.5,37.48,1.229,0.03278
London,Bonn,GB-DE,48,167,511.1,116.2,194,239,29.28,1.227,0.0419
Århus,Rotterdam,DK-NL,22,94,601,224.4,226.4,271.4,44.96,1.226,0.02728
Utrecht,Milan,NL-IT,90,267,794.5,2.001,296,341,24.08,1.226,0.05091
Leeds,Bremen,GB-DE,51,165,690,369.1,258.4,303.4,64.98,1.225,0.01886
Munich,Paris,DE-FR,136,184,684.1,0,256.3,301.3,20.52,1.223,0.05961
Essen,Wrocław,DE-PL,158,217,697.3,0,261,306,20.92,1.223,0.05844
Vienna,Dortmund,AT-DE,109,163,736,0,274.9,319.9,22.08,1.222,0.05537
Rennes,Zaragoza,FR-ES,181,229,720.5,212.1,269.4,314.4,47.07,1.221,0.02595
Linz,Aachen,AT-DE,111,282,652,0,244.7,289.7,19.56,1.221,0.06241
Lyon,Rome,FR-IT,194,260,749.1,280.4,279.7,324.7,56.12,1.221,0.02175
Augsburg,Brescia,DE-IT,171,274,319.6,0,125.1,170.1,9.588,1.219,0.1272
Bochum,Padua,DE-IT,168,265,757.7,0,282.8,327.8,22.73,1.218,0.05358
Zaragoza,Turin,ES-IT,229,258,789,8.01,294,339,24.63,1.217,0.0494
Augsburg,Padua,DE-IT,171,265,338,0,131.7,176.7,10.14,1.217,0.12
Gothenburg,Groningen,SE-NL,85,99,603.7,361,227.3,272.3,61.43,1.215,0.01977
Bielefeld,Paris,DE-FR,169,184,562.5,0,212.5,257.5,16.88,1.213,0.07189
Sheffield,Essen,GB-DE,35,158,613.1,202.4,230.7,275.7,42.68,1.211,0.02837
Copenhagen,Leipzig,DK-DE,21,141,482.3,130.1,183.6,228.6,30.08,1.21,0.04023
Berlin,Prague,DE-CZ,170,213,279.9,0,110.7,155.7,8.396,1.21,0.1441
Karlsruhe,Turin,DE-IT,146,258,441.3,0,168.9,213.9,13.24,1.209,0.09135
Marseille,Florence,FR-IT,193,272,475.7,279,181.3,226.3,47.75,1.209,0.02533
Antwerp,Essen,BE-DE,122,158,183.3,0,76,121,5.5,1.208,0.2196
Munich,Belgrade,DE-RS,136,314,774.5,0,288.8,333.8,23.23,1.207,0.05197
Bielefeld,Padua,DE-IT,169,265,776.5,0,289.5,334.5,23.29,1.204,0.0517
Antwerp,Duisburg,BE-DE,122,161,166,0,69.76,114.8,4.98,1.201,0.2412
Valencia,Bordeaux,ES-FR,1,204,597,0,224.9,269.9,17.91,1.201,0.06704
Antwerp,Bremen,BE-DE,122,165,364.6,0,141.2,186.2,10.94,1.2,0.1097
Montpellier,Florence,FR-IT,191,272,592.6,250.3,223.3,268.3,47.81,1.197,0.02504
Sheffield,Dortmund,GB-DE,35,163,639.4,208.5,240.2,285.2,44.2,1.196,0.02705
Marseille,Rome,FR-IT,193,260,604,431.4,227.4,272.4,69.89,1.194,0.01709
Augsburg,Verona,DE-IT,171,254,326.2,0,127.4,172.4,9.786,1.194,0.122
Newcastle upon Tyne,Hamburg,GB-DE,44,152,769.3,663.1,286.9,331.9,102.7,1.194,0.01163
Birmingham,Bochum,GB-DE,67,168,633.7,168.5,238.1,283.1,39.23,1.193,0.03041
Brussels,Halle (Saale),BE-DE,120,153,536.4,8.006,203.1,248.1,17.05,1.19,0.06981
Vienna,Bologna,AT-IT,109,276,565.3,48.11,213.5,258.5,22.73,1.189,0.05229
Gothenburg,Leipzig,SE-DE,85,141,708.5,256.2,265.1,310.1,52,1.185,0.02279
Swindon,Bochum,GB-DE,30,168,622.2,202.1,234,279,42.91,1.183,0.02757
Köln,Brno,DE-CZ,142,216,715.4,0,267.5,312.5,21.46,1.182,0.05508
Mannheim,Bratislava,DE-SK,137,212,649.5,0,243.8,288.8,19.49,1.182,0.06064
Reading,Wuppertal,GB-DE,36,124,563.9,174.6,213,258,37.87,1.181,0.0312
Lyon,Brescia,FR-IT,194,274,417.8,0,160.4,205.4,12.53,1.181,0.09424
Lille,Turin,FR-IT,196,258,708.3,0,265,310,21.25,1.181,0.05559
Dortmund,Prague,DE-CZ,163,213,513.6,0,194.9,239.9,15.41,1.181,0.07664
Southampton,Dublin,GB-IE,34,173,426.9,176.4,163.7,208.7,33.97,1.18,0.03473
Århus,Antwerp,DK-BE,22,122,668.6,170.1,250.7,295.7,40.47,1.179,0.02913
Brussels,Dublin,BE-IE,120,173,773.9,284.7,288.6,333.6,57.38,1.179,0.02054
Duisburg,Poznań,DE-PL,161,219,704.9,0,263.8,308.8,21.15,1.177,0.05567
Gent,Berlin,BE-DE,118,170,686.1,0,257,302,20.58,1.175,0.05711
Dresden,Milan,DE-IT,162,267,706.3,0,264.3,309.3,21.19,1.175,0.05545
Berlin,Poznań,DE-PL,170,219,238.8,0,95.95,141,7.163,1.175,0.164
Vienna,Milan,AT-IT,109,267,625.4,0,235.2,280.2,18.76,1.175,0.06261
Hamburg,Oslo,DE-NO,152,249,708.9,382.5,265.2,310.2,67.17,1.175,0.01749
Leipzig,Padua,DE-IT,141,265,660.5,0,247.8,292.8,19.82,1.174,0.05925
Rotterdam,Bielefeld,NL-DE,94,169,277.9,0,110,155,8.337,1.174,0.1408
Malmö,Nuremberg,SE-DE,82,134,696.2,102,260.6,305.6,33.13,1.173,0.03541
Sheffield,Bielefeld,GB-DE,35,169,689.5,296.7,258.2,303.2,56.29,1.172,0.02082
Paris,Verona,FR-IT,184,254,755.4,0,281.9,326.9,22.66,1.172,0.0517
Dortmund,Wrocław,DE-PL,163,217,665.9,0,249.7,294.7,19.98,1.171,0.05864
Dublin,Paris,IE-FR,173,184,779.2,340.5,290.5,335.5,64.24,1.171,0.01823
Essen,Paris,DE-FR,158,184,440.5,0,168.6,213.6,13.21,1.169,0.08847
Brighton,Bremen,GB-DE,65,165,661.5,192.4,248.2,293.2,42.94,1.166,0.02715
Berlin,Łódź,DE-PL,170,221,422,0,161.9,206.9,12.66,1.165,0.09202
Bielefeld,Turin,DE-IT,169,258,776.7,0,289.6,334.6,23.3,1.163,0.04993
Stuttgart,Bratislava,DE-SK,128,212,588.6,0,221.9,266.9,17.66,1.163,0.06585
Barcelona,Genoa,ES-IT,246,270,646.2,434.1,242.6,287.6,71.48,1.159,0.01621
Sheffield,Dublin,GB-IE,35,173,317.4,178.8,124.3,169.3,30.98,1.157,0.03736
London,Stuttgart,GB-DE,48,128,728.2,40.01,272.2,317.2,26.65,1.156,0.04338
Brussels,Wuppertal,BE-DE,120,124,200.8,0,82.28,127.3,6.024,1.153,0.1914
Milton Keynes,Frankfurt am Main,GB-DE,45,157,692.8,154.2,259.4,304.4,39.28,1.153,0.02935
Brussels,Szczecin,BE-PL,120,218,752.2,0,280.8,325.8,22.57,1.151,0.05102
Leeds,Dublin,GB-IE,51,173,314.6,208.4,123.3,168.3,34.45,1.151,0.03342
The Hague,Prague,NL-CZ,93,213,740.1,0,276.4,321.4,22.2,1.15,0.05182
Vienna,Augsburg,AT-DE,109,171,405.3,0,155.9,200.9,12.16,1.15,0.09456
Sheffield,Düsseldorf,GB-DE,35,160,609.4,192.5,229.4,274.4,41.38,1.15,0.02778
Charleroi,Prague,BE-CZ,119,213,709.7,0,265.5,310.5,21.29,1.145,0.0538
Leipzig,Verona,DE-IT,141,254,664,0,249,294,19.92,1.141,0.05729
Munich,Turin,DE-IT,136,258,452.2,0,172.8,217.8,13.56,1.141,0.08413
Munich,Novi Sad,DE-RS,136,280,706.6,0,264.4,309.4,21.2,1.141,0.05382
Leipzig,Budapest,DE-HU,141,211,643.9,0,241.8,286.8,19.32,1.14,0.05904
Bochum,Paris,DE-FR,168,184,453.3,0,173.2,218.2,13.6,1.138,0.08371
Montpellier,Rome,FR-IT,191,260,730.1,466.1,272.8,317.8,77.83,1.137,0.01461
Erfurt,Padua,DE-IT,159,265,622.5,0,234.1,279.1,18.67,1.137,0.06089
Amsterdam,Berlin,NL-DE,106,170,577.4,0,217.8,262.8,17.32,1.137,0.06565
Paris,Gasteiz / Vitoria,FR-ES,184,230,772.2,172,288,333,43.81,1.132,0.02584
Leeds,Duisburg,GB-DE,51,161,619.3,296.6,232.9,277.9,54.17,1.13,0.02086
Paris,Pamplona,FR-ES,184,235,738.8,0,276,321,22.16,1.13,0.05098
Malmö,Mainz,SE-DE,82,138,700.9,174.2,262.3,307.3,41.94,1.128,0.02691
Coventry,Düsseldorf,GB-DE,60,160,584.6,190.2,220.5,265.5,40.36,1.128,0.02794
Eindhoven,Prague,NL-CZ,101,213,646.3,0,242.7,287.7,19.39,1.127,0.05813
Leipzig,Brescia,DE-IT,141,274,664.6,0,249.3,294.3,19.94,1.127,0.05652
Erfurt,Budapest,DE-HU,159,211,697.6,0,261.1,306.1,20.93,1.125,0.05374
Strasbourg,Ostrava,FR-CZ,178,215,777.3,0,289.8,334.8,23.32,1.123,0.04817
Århus,Amsterdam,DK-NL,22,106,544,222,205.9,250.9,42.96,1.122,0.02612
Wolverhampton,Dublin,GB-IE,25,173,288.5,118.2,113.9,158.9,22.84,1.121,0.04909
Milton Keynes,Wuppertal,GB-DE,45,124,552,180.7,208.7,253.7,38.24,1.121,0.02932
Vienna,Bochum,AT-DE,109,168,749.9,0,280,325,22.5,1.121,0.04982
Halle (Saale),Bologna,DE-IT,153,276,778.5,0,290.2,335.2,23.35,1.121,0.04798
Hannover,Warsaw,DE-PL,150,309,766.3,0,285.9,330.9,22.99,1.12,0.04872
Sheffield,Köln,GB-DE,35,142,634.9,194.3,238.6,283.6,42.36,1.118,0.02639
Malmö,Wiesbaden,SE-DE,82,126,691.5,174.4,259,304,41.67,1.117,0.02681
Munich,Katowice,DE-PL,136,223,589.9,0,222.4,267.4,17.7,1.117,0.06311
Utrecht,Hannover,NL-DE,90,150,315.5,0,123.6,168.6,9.465,1.117,0.118
Nottingham,Dublin,GB-IE,41,173,342.6,112.2,133.3,178.3,23.74,1.116,0.04699
Nuremberg,Lille,DE-FR,134,196,587.4,0,221.5,266.5,17.62,1.114,0.06324
Preston,Dublin,GB-IE,37,173,239,208.8,96.03,141,32.23,1.109,0.03441
Erfurt,Verona,DE-IT,159,254,615.9,0,231.7,276.7,18.48,1.107,0.0599
Munich,Kraków,DE-PL,136,222,644.8,0,242.1,287.1,19.34,1.107,0.0572
Essen,Poznań,DE-PL,158,219,687.6,0,257.5,302.5,20.63,1.106,0.05361
Swindon,Bremen,GB-DE,30,165,738.5,222.1,275.9,320.9,48.81,1.106,0.02265
Sheffield,Bochum,GB-DE,35,168,625,208.3,235,280,43.75,1.104,0.02523
Dublin,Lille,IE-FR,173,196,703.6,164.4,263.3,308.3,40.83,1.103,0.02701
Bochum,Wrocław,DE-PL,168,217,683.2,0,255.9,300.9,20.5,1.101,0.05371
Nantes,Valladolid,FR-ES,188,232,667.6,374.9,250.3,295.3,65.01,1.1,0.01692
Nottingham,Hannover,GB-DE,41,150,736.2,220,275,320,48.49,1.1,0.02269
Leeds,Essen,GB-DE,51,158,633.1,296.5,237.9,282.9,54.58,1.099,0.02014
Bochum,Prague,DE-CZ,168,213,529.4,0,200.6,245.6,15.88,1.099,0.06918
Erfurt,Brescia,DE-IT,159,274,608.1,0,228.9,273.9,18.24,1.098,0.06019
Birmingham,Düsseldorf,GB-DE,67,160,611.9,182.6,230.3,275.3,40.27,1.093,0.02714
Rotterdam,Duisburg,NL-DE,94,161,166.8,0,70.04,115,5.003,1.088,0.2175
Duisburg,Paris,DE-FR,161,184,425.6,0,163.2,208.2,12.77,1.085,0.085
Hannover,Wrocław,DE-PL,150,217,521.6,0,197.8,242.8,15.65,1.084,0.0693
Karlsruhe,Brno,DE-CZ,146,216,597.3,0,225,270,17.92,1.084,0.06052
Tilburg,Prague,NL-CZ,91,213,674.8,0,252.9,297.9,20.25,1.084,0.05354
Vienna,Braşov,AT-RO,109,296,756.2,0,282.2,327.2,22.68,1.083,0.04773
Munich,Lyon,DE-FR,136,194,575.4,0,217.1,262.1,17.26,1.081,0.06266
Freiburg,Bologna,DE-IT,156,276,472.7,0,180.2,225.2,14.18,1.081,0.07626
Munich,Lille,DE-FR,136,196,675.8,0,253.3,298.3,20.27,1.081,0.05331
Berlin,Katowice,DE-PL,170,223,463.5,0,176.8,221.8,13.9,1.081,0.07771
Augsburg,Rome,DE-IT,171,260,731.5,0,273.3,318.3,21.94,1.08,0.04922
Manchester,Bremen,GB-DE,46,165,735,336.4,274.6,319.6,62.42,1.08,0.0173
Eindhoven,Poznań,NL-PL,101,219,791.8,0,295,340,23.75,1.079,0.04544
Münster,Brescia,DE-IT,135,274,739.3,0,276.1,321.1,22.18,1.079,0.04863
Montpellier,Bologna,FR-IT,191,276,604.2,90.03,227.5,272.5,28.93,1.077,0.03724
Leeds,Dortmund,GB-DE,51,163,658.2,300.1,247,292,55.76,1.075,0.01929
Marseille,Bologna,FR-IT,193,276,495.4,200.6,188.4,233.4,38.93,1.075,0.02761
Vienna,Hannover,AT-DE,109,150,660.3,0,247.7,292.7,19.81,1.075,0.05426
Bremen,Oslo,DE-NO,165,249,769.4,212.4,287,332,48.57,1.074,0.02211
Leicester,Düsseldorf,GB-DE,50,160,564.4,172.1,213.2,258.2,37.59,1.073,0.02855
Brighton,Dublin,GB-IE,65,173,501.6,164.5,190.6,235.6,34.79,1.072,0.03082
Hannover,Aachen,DE-DE,150,282,308.2,0,121,166,9.246,1.068,0.1155
Leeds,Bielefeld,GB-DE,51,169,703.1,328.5,263.1,308.1,60.52,1.067,0.01763
Rotterdam,Essen,NL-DE,94,158,182.1,0,75.57,120.6,5.464,1.067,0.1952
Birmingham,Münster,GB-DE,67,135,651,186.3,244.3,289.3,41.88,1.066,0.02545
Frankfurt am Main,Lille,DE-FR,157,196,403.2,0,155.2,200.2,12.1,1.066,0.08812
Brno,Aachen,CZ-DE,216,282,772,0,287.9,332.9,23.16,1.063,0.04588
Copenhagen,Nuremberg,DK-DE,21,134,699.1,154.2,261.7,306.7,39.48,1.061,0.02687
Copenhagen,Mainz,DK-DE,21,138,695.2,150.3,260.3,305.3,38.89,1.058,0.02721
Munich,Wrocław,DE-PL,136,217,512.7,0,194.6,239.6,15.38,1.057,0.0687
Augsburg,Novi Sad,DE-RS,171,280,762.9,0,284.7,329.7,22.89,1.056,0.04613
Stoke-on-Trent,Bremen,GB-DE,32,165,734.3,326.1,274.3,319.3,61.16,1.054,0.01724
Dresden,Bologna,DE-IT,162,276,750.7,0,280.3,325.3,22.52,1.053,0.04678
Stuttgart,Poznań,DE-PL,128,219,679.1,0,254.5,299.5,20.37,1.053,0.05169
Geneva,Milan,CH-IT,75,267,249.7,0,99.88,144.9,7.49,1.049,0.1401
Lille,Brescia,FR-IT,196,274,776.6,0,289.6,334.6,23.3,1.047,0.04495
Swindon,Düsseldorf,GB-DE,30,160,594.8,180.2,224.1,269.1,39.47,1.047,0.02652
Amsterdam,Dublin,NL-IE,106,173,754.7,312.3,281.7,326.7,60.11,1.042,0.01733
Malmö,Halle (Saale),SE-DE,82,153,463.5,112.4,176.9,221.9,27.39,1.041,0.03802
Leeds,Düsseldorf,GB-DE,51,160,631.5,276.7,237.3,282.3,52.14,1.039,0.01992
Nuremberg,Turin,DE-IT,134,258,550.4,0,208.1,253.1,16.51,1.035,0.06271
Rotterdam,Dublin,NL-IE,94,173,740.1,282,276.4,321.4,56.05,1.035,0.01847
Copenhagen,Wiesbaden,DK-DE,21,126,685.6,148.3,256.8,301.8,38.37,1.034,0.02695
Antwerp,Dublin,BE-IE,122,173,760.8,272.3,283.9,328.9,55.5,1.033,0.01862
Montpellier,Barcelona,FR-ES,191,246,284.4,102.1,112.4,157.4,20.79,1.032,0.04966
Coventry,Münster,GB-DE,60,135,624.5,184.2,234.8,279.8,40.83,1.032,0.02526
Berlin,Kraków,DE-PL,170,222,529.7,0,200.7,245.7,15.89,1.031,0.06485
Birmingham,Köln,GB-DE,67,142,633.2,164.3,237.9,282.9,38.71,1.03,0.02662
Berlin,Aachen,DE-DE,170,282,541.3,0,204.9,249.9,16.24,1.029,0.06336
Augsburg,Katowice,DE-PL,171,223,624.7,0,234.9,279.9,18.74,1.029,0.05488
Erfurt,Paris,DE-FR,159,184,664.8,0,249.3,294.3,19.94,1.027,0.05148
London,Karlsruhe,GB-DE,48,146,666.5,42.03,249.9,294.9,25.04,1.025,0.04095
Montpellier,Turin,FR-IT,191,258,343.7,0,133.7,178.7,10.31,1.025,0.09937
Berlin,Strasbourg,DE-FR,170,178,593.1,0,223.5,268.5,17.79,1.022,0.05744
Derby,Bremen,GB-DE,59,165,687.8,292.8,257.6,302.6,55.77,1.021,0.01831
Leicester,Münster,GB-DE,50,135,599.8,184.6,225.9,270.9,40.14,1.019,0.02539
Eindhoven,Milan,NL-IT,101,267,718.5,10.01,268.7,313.7,22.76,1.018,0.04474
Antwerp,Bochum,BE-DE,122,168,197.7,0,81.18,126.2,5.931,1.018,0.1716
Brighton,Erfurt,GB-DE,65,159,783,86.12,291.9,336.9,33.83,1.017,0.03005
Vienna,Craiova,AT-RO,109,293,715.9,0,267.7,312.7,21.48,1.016,0.04729
Gent,Dublin,BE-IE,118,173,724.4,286.2,270.8,315.8,56.07,1.015,0.01811
Prague,Milan,CZ-IT,213,267,645.5,0,242.4,287.4,19.37,1.015,0.05241
Frankfurt am Main,Brno,DE-CZ,157,216,579.2,0,218.5,263.5,17.38,1.012,0.05822
Köln,Paris,DE-FR,142,184,402.5,0,154.9,199.9,12.08,1.011,0.08375
Hamburg,Aachen,DE-DE,152,282,407.6,0,156.7,201.7,12.23,1.011,0.08265
Manchester,Duisburg,GB-DE,46,161,650.6,202.2,244.2,289.2,43.78,1.011,0.02309
Utrecht,Dublin,NL-IE,90,173,777.5,294.6,289.9,334.9,58.67,1.01,0.01721
Linz,Düsseldorf,AT-DE,111,160,628.8,0,236.4,281.4,18.86,1.009,0.05347
Milton Keynes,Amsterdam,GB-NL,45,106,386.4,198.2,149.1,194.1,35.37,1.008,0.0285
Vienna,Padua,AT-IT,109,265,462,0,176.3,221.3,13.86,1.008,0.07272
Leeds,Köln,GB-DE,51,142,658.4,218.1,247,292,45.93,1.007,0.02192
Augsburg,Kraków,DE-PL,171,222,682.3,0,255.6,300.6,20.47,1.005,0.04909
Braunschweig,Brescia,DE-IT,166,274,748.7,0,279.5,324.5,22.46,1.003,0.04464
Linz,Charleroi,AT-BE,111,119,749.5,0,279.8,324.8,22.49,1.003,0.04459
Dortmund,Poznań,DE-PL,163,219,655.5,0,246,291,19.67,1.002,0.05093
The Hague,Hannover,NL-DE,93,150,371.5,0,143.8,188.8,11.15,1.001,0.08977
Düsseldorf,Paris,DE-FR,160,184,411.6,0,158.2,203.2,12.35,1.001,0.08102
Münster,Turin,DE-IT,135,258,766.4,0,285.9,330.9,22.99,1,0.04351
Toulouse,Madrid,FR-ES,176,238,553.4,0,209.2,254.2,16.6,0.9999,0.06023
Leeds,Bochum,GB-DE,51,168,644.4,302.2,242,287,55.6,0.9994,0.01798
Århus,Gent,DK-BE,22,118,710.7,208.2,265.9,310.9,46.31,0.9987,0.02157
Sheffield,Münster,GB-DE,35,135,632.5,292.2,237.7,282.7,54.05,0.9976,0.01846
Rotterdam,Dortmund,NL-DE,94,163,210.7,0,85.84,130.8,6.32,0.997,0.1577
Münster,Verona,DE-IT,135,254,766.2,0,285.8,330.8,22.98,0.9952,0.0433
Antwerp,Erfurt,BE-DE,122,159,463.9,0,177,222,13.92,0.9937,0.0714
Wiesbaden,Bologna,DE-IT,126,276,664,0,249.1,294.1,19.92,0.9929,0.04984
Gothenburg,Halle (Saale),SE-DE,85,153,692.3,232.1,259.2,304.2,48.62,0.9922,0.02041
Stoke-on-Trent,Bielefeld,GB-DE,32,169,732.5,190.1,273.7,318.7,44.79,0.9906,0.02212
Leipzig,Wrocław,DE-PL,141,217,325.5,0,127.2,172.2,9.764,0.9883,0.1012
Vienna,Nuremberg,AT-DE,109,134,411.4,0,158.1,203.1,12.34,0.9882,0.08006
Vienna,Florence,AT-IT,109,272,631.6,146.4,237.4,282.4,36.52,0.9867,0.02702
Bielefeld,Wrocław,DE-PL,169,217,596,0,224.5,269.5,17.88,0.9866,0.05518
Freiburg,Brescia,DE-IT,156,274,327.4,0,127.9,172.9,9.822,0.9865,0.1004
Augsburg,Wrocław,DE-PL,171,217,534.9,0,202.6,247.6,16.05,0.9862,0.06146
Bremen,Paris,DE-FR,165,184,651.4,0,244.5,289.5,19.54,0.9847,0.05039
Manchester,Essen,GB-DE,46,158,665.2,202.4,249.5,294.5,44.24,0.9844,0.02225
Århus,The Hague,DK-NL,22,93,594.8,230.3,224.1,269.1,45.48,0.9841,0.02164
Braunschweig,Padua,DE-IT,166,265,769,0,286.8,331.8,23.07,0.9831,0.04262
Nantes,Zaragoza,FR-ES,188,229,620.7,210.2,233.5,278.5,43.85,0.9827,0.02241
Gothenburg,Lübeck,SE-DE,85,140,434.2,310.1,166.3,211.3,50.24,0.9826,0.01956
Braunschweig,Verona,DE-IT,166,254,759.9,0,283.6,328.6,22.8,0.9817,0.04306
Stockholm,Lübeck,SE-DE,80,140,755.9,258.7,282.1,327.1,53.72,0.9813,0.01827
Brighton,Münster,GB-DE,65,135,553,138.3,209.1,254.1,33.18,0.9805,0.02955
The Hague,Dublin,NL-IE,93,173,723.5,288.6,270.5,315.5,56.34,0.9799,0.01739
Århus,Utrecht,DK-NL,22,90,560.4,200.1,211.7,256.7,40.83,0.978,0.02396
Brescia,Aachen,IT-DE,274,282,658.2,0,246.9,291.9,19.75,0.9774,0.0495
Derby,Bielefeld,GB-DE,59,169,684.5,190.1,256.4,301.4,43.35,0.9762,0.02252
Malmö,Magdeburg,SE-DE,82,139,396.6,102.2,152.8,197.8,24.16,0.9732,0.04028
Groningen,Oslo,NL-NO,99,249,786.7,564.5,293.2,338.2,91.34,0.9725,0.01065
Lyon,Verona,FR-IT,194,254,479.3,0,182.6,227.6,14.38,0.9702,0.06747
Nuremberg,Paris,DE-FR,134,184,637.9,0,239.7,284.7,19.14,0.9701,0.05069
Halle (Saale),Lille,DE-FR,153,196,630.4,0,236.9,281.9,18.91,0.9679,0.05118
Magdeburg,Milan,DE-IT,139,267,762.5,0,284.5,329.5,22.88,0.9678,0.04231
Antwerp,Turin,BE-IT,122,258,725.8,0,271.3,316.3,21.77,0.9666,0.04439
Brighton,Braunschweig,GB-DE,65,166,753.9,134.3,281.4,326.4,38.74,0.9666,0.02495
Leipzig,Paris,DE-FR,141,184,765.7,0,285.7,330.7,22.97,0.9665,0.04207
Utrecht,Berlin,NL-DE,90,170,565.2,0,213.5,258.5,16.96,0.9652,0.05692
Leicester,Braunschweig,GB-DE,50,166,790.3,196.1,294.5,339.5,47.23,0.9649,0.02043
Southampton,Bielefeld,GB-DE,34,169,699.1,176.3,261.7,306.7,42.13,0.9645,0.02289
Manchester,Dortmund,GB-DE,46,163,691.6,210.5,259,304,46.01,0.9629,0.02093
Freiburg,Turin,DE-IT,156,258,325.5,0,127.2,172.2,9.766,0.9625,0.09856
Nuremberg,Lyon,DE-FR,134,194,622.4,0,234.1,279.1,18.67,0.9609,0.05146
Halle (Saale),Padua,DE-IT,153,265,675.4,0,253.1,298.1,20.26,0.9583,0.0473
Zürich,Wrocław,CH-PL,72,217,742,0,277.1,322.1,22.26,0.9572,0.043
Tilburg,Hamburg,NL-DE,91,152,398.7,0,153.5,198.5,11.96,0.9536,0.07973
Zürich,Vienna,CH-AT,72,109,591.6,0,223,268,17.75,0.952,0.05364
Brussels,Dresden,BE-DE,120,162,657.7,0,246.8,291.8,19.73,0.952,0.04825
Freiburg,Florence,DE-IT,156,272,537.3,0,203.4,248.4,16.12,0.9495,0.0589
Manchester,Bielefeld,GB-DE,46,169,741.7,296.7,277,322,57.85,0.9479,0.01638
Berlin,Bratislava,DE-SK,170,212,552.6,0,209,254,16.58,0.9462,0.05707
Hannover,Prague,DE-CZ,150,213,413.3,0,158.8,203.8,12.4,0.9449,0.0762
London,Belfast,GB-GB,48,68,517.6,188.6,196.3,241.3,38.16,0.9444,0.02475
Zürich,Budapest,CH-HU,72,211,788.6,0,293.9,338.9,23.66,0.9443,0.03991
Antwerp,Brescia,BE-IT,122,274,763.7,0,284.9,329.9,22.91,0.9433,0.04117
Antwerp,Münster,BE-DE,122,135,237.6,0,95.53,140.5,7.127,0.9433,0.1323
Linz,Duisburg,AT-DE,111,161,640.9,0,240.7,285.7,19.23,0.9424,0.04902
Porto,Bordeaux,PT-FR,86,204,770.9,220.3,287.5,332.5,49.56,0.9413,0.01899
Halle (Saale),Verona,DE-IT,153,254,675.9,0,253.3,298.3,20.28,0.9407,0.0464
Montpellier,Madrid,FR-ES,191,238,719.5,0,269,314,21.58,0.9404,0.04357
Halle (Saale),Brescia,DE-IT,153,274,673.8,0,252.6,297.6,20.21,0.9399,0.0465
Nuremberg,Wrocław,DE-PL,134,217,460.8,0,175.9,220.9,13.82,0.9394,0.06795
Münster,Padua,DE-IT,135,265,792.7,0,295.4,340.4,23.78,0.9386,0.03946
Vienna,Bielefeld,AT-DE,109,169,701.6,0,262.6,307.6,21.05,0.9379,0.04456
Toulouse,Zaragoza,FR-ES,176,229,288,0,113.7,158.7,8.641,0.935,0.1082
Vienna,Belgrade,AT-RS,109,314,491.2,0,186.8,231.8,14.74,0.935,0.06345
Gothenburg,Magdeburg,SE-DE,85,139,620.4,268.2,233.3,278.3,50.79,0.9349,0.01841
Wuppertal,Lille,DE-FR,124,196,294.9,0,116.2,161.2,8.848,0.9343,0.1056
Mannheim,Brno,DE-CZ,137,216,590.4,0,222.6,267.6,17.71,0.929,0.05245
Reading,Amsterdam,GB-NL,36,106,414.6,256.4,159.3,204.3,43.2,0.9273,0.02146
Frankfurt am Main,Genoa,DE-IT,157,270,635.3,0,238.7,283.7,19.06,0.9263,0.0486
Swansea,Dublin,GB-IE,31,173,246.2,160.1,98.64,143.6,26.6,0.9258,0.0348
Turin,Aachen,IT-DE,258,282,645.6,0,242.4,287.4,19.37,0.9249,0.04775
Manchester,Düsseldorf,GB-DE,46,160,661.3,184.4,248.1,293.1,41.96,0.9248,0.02204
Leipzig,Warsaw,DE-PL,141,309,602.2,0,226.8,271.8,18.06,0.9248,0.05119
Bonn,Bologna,DE-IT,167,276,763,0,284.7,329.7,22.89,0.9246,0.04039
Milton Keynes,Utrecht,GB-NL,45,90,401.7,184.8,154.6,199.6,34.23,0.9231,0.02697
Vienna,Verona,AT-IT,109,254,512,0,194.3,239.3,15.36,0.9227,0.06007
Bonn,Wrocław,DE-PL,167,217,697.1,0,261,306,20.91,0.9217,0.04407
Århus,Köln,DK-DE,22,142,619.3,90.19,233,278,29.4,0.9215,0.03134
Linz,Milan,AT-IT,111,267,499.7,0,189.9,234.9,14.99,0.921,0.06143
Bochum,Poznań,DE-PL,168,219,673.2,0,252.3,297.3,20.2,0.9203,0.04557
Wuppertal,Brescia,DE-IT,124,274,675,0,253,298,20.25,0.9196,0.04541
Nuremberg,Kraków,DE-PL,134,222,639.6,0,240.2,285.2,19.19,0.9162,0.04775
Geneva,Barcelona,CH-ES,75,246,623.4,140.3,234.4,279.4,35.54,0.9136,0.02571
Köln,Genoa,DE-IT,142,270,741.1,0,276.8,321.8,22.23,0.9129,0.04106
Dresden,Padua,DE-IT,162,265,642.2,0,241.2,286.2,19.27,0.9128,0.04738
Antwerp,Düsseldorf,BE-DE,122,160,165.7,0,69.64,114.6,4.97,0.9128,0.1837
Erfurt,Warsaw,DE-PL,159,309,702.3,0,262.8,307.8,21.07,0.9115,0.04326
Erfurt,Wrocław,DE-PL,159,217,419.2,0,160.9,205.9,12.58,0.9108,0.07242
Linz,Bologna,AT-IT,111,276,480.3,0,182.9,227.9,14.41,0.9105,0.06319
Swindon,Münster,GB-DE,30,135,648.5,214.2,243.5,288.5,45.16,0.9097,0.02014
Mannheim,Montpellier,DE-FR,137,191,741.6,0,277,322,22.25,0.9073,0.04078
Kraków,Bucharest,PL-RO,222,295,779.6,0,290.7,335.7,23.39,0.9069,0.03878
Antwerp,Leipzig,BE-DE,122,141,554.3,0,209.5,254.5,16.63,0.9052,0.05443
Leeds,Münster,GB-DE,51,135,647.9,317,243.3,288.3,57.47,0.9048,0.01574
Copenhagen,Halle (Saale),DK-DE,21,153,468,152.6,178.5,223.5,32.36,0.9042,0.02794
Dublin,Rennes,IE-FR,173,181,663.7,431.1,248.9,293.9,71.64,0.9036,0.01261
Nuremberg,Strasbourg,DE-FR,134,178,261.5,0,104.1,149.1,7.845,0.9023,0.115
Münster,Wrocław,DE-PL,135,217,657,0,246.5,291.5,19.71,0.9018,0.04575
Nuremberg,Katowice,DE-PL,134,223,576.2,0,217.4,262.4,17.29,0.8997,0.05205
Gothenburg,Kiel,SE-DE,85,144,393.3,321.1,151.6,196.6,50.33,0.8991,0.01787
Berlin,Brno,DE-CZ,170,216,432.8,0,165.8,210.8,12.98,0.8986,0.06921
Manchester,Köln,GB-DE,46,142,686.5,174.1,257.1,302.1,41.49,0.8981,0.02165
Århus,Leeds,DK-GB,22,51,793.8,567.3,295.8,340.8,91.88,0.8978,0.009771
Vienna,Leipzig,AT-DE,109,141,451.3,0,172.5,217.5,13.54,0.897,0.06626
Linz,Essen,AT-DE,111,158,627.5,0,235.9,280.9,18.82,0.896,0.04759
Stuttgart,Brno,DE-CZ,128,216,543.9,0,205.8,250.8,16.32,0.8953,0.05487
Brussels,Augsburg,BE-DE,120,171,546.2,0,206.6,251.6,16.39,0.8949,0.05461
Stockholm,Kiel,SE-DE,80,144,736,170.5,275,320,42.54,0.8946,0.02103
Verona,Aachen,IT-DE,254,282,696.2,0,260.6,305.6,20.89,0.8943,0.04282
Rotterdam,Erfurt,NL-DE,94,159,466.1,0,177.8,222.8,13.98,0.8939,0.06392
Manchester,Bochum,GB-DE,46,168,677.1,212.3,253.8,298.8,45.79,0.8935,0.01951
Stoke-on-Trent,Dortmund,GB-DE,32,163,676.9,176.2,253.7,298.7,41.45,0.893,0.02154
Utrecht,Linz,NL-AT,90,111,775.4,0,289.1,334.1,23.26,0.8929,0.03839
Prague,Bologna,CZ-IT,213,276,663.9,0,249,294,19.92,0.8925,0.04481
Köln,Hamburg,DE-DE,142,152,357.2,0,138.6,183.6,10.72,0.8897,0.08303
Marseille,Turin,FR-IT,193,258,269.6,0,107.1,152.1,8.088,0.8883,0.1098
Southampton,Dortmund,GB-DE,34,163,621.2,110.2,233.6,278.6,31.86,0.8865,0.02782
Bielefeld,Prague,DE-CZ,169,213,464.6,0,177.3,222.3,13.94,0.8863,0.06358
Eindhoven,Hamburg,NL-DE,101,152,385.2,0,148.7,193.7,11.56,0.8839,0.07649
Amsterdam,Bremen,NL-DE,106,165,275.1,0,109,154,8.252,0.8809,0.1067
Münster,Paris,DE-FR,135,184,509,0,193.2,238.2,15.27,0.8797,0.0576
Leipzig,Kraków,DE-PL,141,222,551.2,0,208.4,253.4,16.53,0.8792,0.05317
Wuppertal,Wrocław,DE-PL,124,217,688.5,0,257.9,302.9,20.66,0.8789,0.04255
Charleroi,Hamburg,BE-DE,119,152,515.7,0,195.7,240.7,15.47,0.878,0.05675
Montpellier,Zaragoza,FR-ES,191,229,445.4,0,170.3,215.3,13.36,0.8774,0.06567
Augsburg,Prague,DE-CZ,171,213,319.1,0,124.9,169.9,9.572,0.8733,0.09123
Augsburg,Montpellier,DE-FR,171,191,757.4,0,282.7,327.7,22.72,0.8725,0.0384
Leipzig,Katowice,DE-PL,141,223,482.4,0,183.7,228.7,14.47,0.8721,0.06026
The Hague,Berlin,NL-DE,93,170,621.2,0,233.6,278.6,18.64,0.8719,0.04679
Wuppertal,Turin,DE-IT,124,258,689,0,258,303,20.67,0.8705,0.04212
Munich,Prague,DE-CZ,136,213,299.8,0,117.9,162.9,8.995,0.8704,0.09677
Marseille,Zaragoza,FR-ES,193,229,544.6,198.2,206,251,40.12,0.8699,0.02168
Derby,Dortmund,GB-DE,59,163,628.5,174.1,236.3,281.3,39.75,0.8697,0.02188
Reading,Utrecht,GB-NL,36,90,425,216.5,163,208,38.73,0.8697,0.02245
Tilburg,Milan,NL-IT,91,267,741.3,0,276.9,321.9,22.24,0.8688,0.03907
Wiesbaden,Brescia,DE-IT,126,274,526.9,0,199.7,244.7,15.81,0.8686,0.05495
Leipzig,Prague,DE-CZ,141,213,200.5,0,82.17,127.2,6.014,0.8684,0.1444
Vienna,Brescia,AT-IT,109,274,554.2,0,209.5,254.5,16.63,0.8682,0.05222
Linz,Belgrade,AT-RS,111,314,612,0,230.3,275.3,18.36,0.8677,0.04726
Nuremberg,Warsaw,DE-PL,134,309,761.9,0,284.3,329.3,22.86,0.8673,0.03794
Dresden,Verona,DE-IT,162,254,656.2,0,246.2,291.2,19.69,0.8673,0.04405
Erfurt,Turin,DE-IT,159,258,702.2,0,262.8,307.8,21.07,0.8654,0.04108
Linz,Munich,AT-DE,111,136,201.7,0,82.6,127.6,6.05,0.8635,0.1427
Leipzig,Turin,DE-IT,141,258,778.4,0,290.2,335.2,23.35,0.8621,0.03692
Bratislava,Sofia,SK-BG,212,305,775.9,0,289.3,334.3,23.28,0.8592,0.03692
Stuttgart,Montpellier,DE-FR,128,191,704.7,0,263.7,308.7,21.14,0.8586,0.04061
Lyon,Padua,FR-IT,194,265,548.9,0,207.6,252.6,16.47,0.858,0.0521
Karlsruhe,Ostrava,DE-CZ,146,215,719.8,0,269.1,314.1,21.59,0.8566,0.03967
Copenhagen,Magdeburg,DK-DE,21,139,398.9,164.4,153.6,198.6,31.69,0.8562,0.02702
Bordeaux,Vigo,FR-ES,204,231,717.1,320.5,268.2,313.2,59.97,0.8557,0.01427
Hannover,Katowice,DE-PL,150,223,686.3,0,257.1,302.1,20.59,0.8545,0.0415
Gent,Bremen,BE-DE,118,165,414.4,0,159.2,204.2,12.43,0.8535,0.06866
London,Eindhoven,GB-NL,48,101,388.1,214,149.7,194.7,37.33,0.8535,0.02287
Antwerp,Szczecin,BE-PL,122,218,731.6,0,273.4,318.4,21.95,0.8535,0.03889
Bratislava,Bologna,SK-IT,212,276,600.8,104.1,226.3,271.3,30.52,0.853,0.02795
Bristol,Bielefeld,GB-DE,64,169,768.2,214.1,286.6,331.6,48.73,0.8529,0.0175
Vienna,Novi Sad,AT-RS,109,280,421.6,0,161.8,206.8,12.65,0.8528,0.06742
Bonn,Prague,DE-CZ,167,213,523.8,0,198.6,243.6,15.71,0.8526,0.05426
Dresden,Brescia,DE-IT,162,274,666.2,0,249.8,294.8,19.99,0.8521,0.04263
Erfurt,Kraków,DE-PL,159,222,637.1,0,239.4,284.4,19.11,0.8499,0.04447
Gdańsk,Helsinki,PL-FI,226,290,748.5,500.3,279.4,324.4,82.49,0.8478,0.01028
Linz,Dortmund,AT-DE,111,163,604.4,0,227.6,272.6,18.13,0.8477,0.04675
Århus,Aachen,DK-DE,22,282,657.4,152.3,246.7,291.7,38,0.8429,0.02218
Freiburg,Rome,DE-IT,156,260,771.1,0,287.6,332.6,23.13,0.8428,0.03644
Padua,Aachen,IT-DE,265,282,735.8,0,274.9,319.9,22.07,0.8411,0.03811
Southampton,Essen,GB-DE,34,158,589.6,112.3,222.2,267.2,31.16,0.8402,0.02696
Budapest,Sofia,HU-BG,211,305,630.7,0,237,282,18.92,0.8392,0.04435
Mannheim,Genoa,DE-IT,137,270,566.5,12.01,213.9,258.9,18.44,0.8381,0.04546
Hannover,Kraków,DE-PL,150,222,754.8,0,281.7,326.7,22.65,0.8377,0.03699
Vienna,Bonn,AT-DE,109,167,726.1,0,271.4,316.4,21.78,0.8362,0.03839
Antwerp,Braunschweig,BE-DE,122,166,437.4,0,167.5,212.5,13.12,0.8347,0.06361
Malmö,Lübeck,SE-DE,82,140,243.6,187.2,97.7,142.7,29.78,0.8324,0.02795
Bonn,Brescia,DE-IT,167,274,622.6,0,234.1,279.1,18.68,0.832,0.04455
Düsseldorf,Genoa,DE-IT,160,270,775.1,0,289,334,23.25,0.8312,0.03574
Düsseldorf,Brno,DE-CZ,160,216,734.2,0,274.3,319.3,22.03,0.8308,0.03772
Katowice,Padua,PL-IT,223,265,757.5,0,282.7,327.7,22.72,0.8303,0.03654
Bratislava,Braşov,SK-RO,212,296,702.5,0,262.9,307.9,21.08,0.8291,0.03934
Freiburg,Verona,DE-IT,156,254,371.7,0,143.8,188.8,11.15,0.8278,0.07423
Stoke-on-Trent,Essen,GB-DE,32,158,649.1,162.3,243.7,288.7,38.95,0.827,0.02123
Bristol,Bremen,GB-DE,64,165,795.8,218.5,296.5,341.5,50.09,0.8249,0.01647
Nuremberg,Prague,DE-CZ,134,213,250.2,0,100.1,145.1,7.506,0.8242,0.1098
Bucharest,Debrecen,RO-HU,295,301,488.4,0,185.8,230.8,14.65,0.8242,0.05625
Erfurt,Katowice,DE-PL,159,223,568.8,0,214.8,259.8,17.06,0.824,0.04829
Kraków,Padua,PL-IT,222,265,793.1,0,295.5,340.5,23.79,0.8238,0.03463
Duisburg,Genoa,DE-IT,161,270,798,0,297.3,342.3,23.94,0.8235,0.0344
Vienna,Rome,AT-IT,109,260,764.8,178.2,285.3,330.3,44.33,0.8228,0.01856
Frankfurt am Main,Lyon,DE-FR,157,194,563.2,0,212.8,257.8,16.9,0.8226,0.04869
Mainz,Wrocław,DE-PL,138,217,630.4,0,236.9,281.9,18.91,0.8222,0.04348
Wuppertal,Verona,DE-IT,124,254,706.3,0,264.3,309.3,21.19,0.8215,0.03877
Antwerp,Munich,BE-DE,122,136,619.3,0,232.9,277.9,18.58,0.8206,0.04417
Southampton,Duisburg,GB-DE,34,161,572.3,112.1,216,261,30.62,0.8201,0.02678
Bonn,Turin,DE-IT,167,258,631.3,0,237.3,282.3,18.94,0.8189,0.04324
Geneva,Zaragoza,CH-ES,75,229,755.7,0,282,327,22.67,0.8181,0.03609
Budapest,Braşov,HU-RO,211,296,542.2,0,205.2,250.2,16.26,0.8175,0.05026
Milton Keynes,Kiel,GB-DE,45,144,767.8,497.1,286.4,331.4,82.69,0.8174,0.009886
Wiesbaden,Florence,DE-IT,126,272,737.2,0,275.4,320.4,22.12,0.8169,0.03694
Dresden,Lille,DE-FR,162,196,750.9,0,280.3,325.3,22.53,0.8161,0.03623
Munich,Łódź,DE-PL,136,221,694,0,259.8,304.8,20.82,0.8144,0.03912
Dortmund,Genoa,DE-IT,163,270,798.2,0,297.4,342.4,23.95,0.8137,0.03398
Stoke-on-Trent,Duisburg,GB-DE,32,161,633.8,162.5,238.2,283.2,38.51,0.8123,0.02109
Eindhoven,Linz,NL-AT,101,111,720.4,0,269.3,314.3,21.61,0.8119,0.03757
Dortmund,Bratislava,DE-SK,163,212,785.4,0,292.8,337.8,23.56,0.8087,0.03432
Bielefeld,Katowice,DE-PL,169,223,757,0,282.5,327.5,22.71,0.8061,0.0355
Wuppertal,Prague,DE-CZ,124,213,528.5,0,200.2,245.2,15.85,0.8019,0.05058
Wiesbaden,Wrocław,DE-PL,126,217,630,0,236.8,281.8,18.9,0.8018,0.04242
Essen,Genoa,DE-IT,158,270,797.2,0,297,342,23.91,0.8017,0.03352
Southampton,Bremen,GB-DE,34,165,739,244.3,276,321,51.49,0.8015,0.01557
Münster,Prague,DE-CZ,135,213,518.7,0,196.7,241.7,15.56,0.801,0.05148
Vienna,Erfurt,AT-DE,109,159,492.5,0,187.3,232.3,14.77,0.8009,0.05421
Rotterdam,Düsseldorf,NL-DE,94,160,176.9,0,73.7,118.7,5.308,0.8007,0.1508
Bratislava,Milan,SK-IT,212,267,672,0,251.9,296.9,20.16,0.8006,0.03971
Mannheim,Ostrava,DE-CZ,137,215,707,0,264.5,309.5,21.21,0.799,0.03767
Köln,Berlin,DE-DE,142,170,478.6,0,182.3,227.3,14.36,0.7987,0.05563
Augsburg,Łódź,DE-PL,171,221,718.6,0,268.7,313.7,21.56,0.7978,0.037
Budapest,Bologna,HU-IT,211,276,681.9,98.27,255.5,300.5,32.25,0.7971,0.02472
Linz,Novi Sad,AT-RS,111,280,542,0,205.1,250.1,16.26,0.7966,0.04899
Derby,Essen,GB-DE,59,158,600.8,164.2,226.3,271.3,37.73,0.796,0.0211
Gdańsk,Vantaa,PL-FI,226,284,763.3,510.8,284.8,329.8,84.2,0.7957,0.009451
Rotterdam,Szczecin,NL-PL,94,218,698.9,0,261.6,306.6,20.97,0.7953,0.03793
Charleroi,Berlin,BE-DE,119,170,663.5,0,248.9,293.9,19.9,0.7952,0.03995
Dresden,Novi Sad,DE-RS,162,280,787.1,0,293.4,338.4,23.61,0.794,0.03362
Bologna,Belgrade,IT-RS,276,314,722.4,204.1,270.1,315.1,46.17,0.7928,0.01717
Frankfurt am Main,Ostrava,DE-CZ,157,215,686.6,0,257.2,302.2,20.6,0.7924,0.03847
Rotterdam,Bochum,NL-DE,94,168,194.9,0,80.16,125.2,5.847,0.7897,0.1351
Milton Keynes,Belfast,GB-GB,45,68,445.5,198.7,170.4,215.4,37.2,0.7892,0.02121
Hannover,Łódź,DE-PL,150,221,668.6,0,250.7,295.7,20.06,0.7882,0.0393
Manchester,Münster,GB-DE,46,135,684.8,286.3,256.5,301.5,54.9,0.7859,0.01432
Rotterdam,Leipzig,NL-DE,94,141,548.3,0,207.4,252.4,16.45,0.7853,0.04774
Tilburg,Linz,NL-AT,91,111,750,0,280,325,22.5,0.7846,0.03487
Vienna,Münster,AT-DE,109,135,750,0,280,325,22.5,0.7839,0.03484
Linz,Florence,AT-IT,111,272,555.3,36.08,209.9,254.9,20.99,0.7833,0.03732
Antwerp,Nuremberg,BE-DE,122,134,512.7,0,194.6,239.6,15.38,0.7831,0.05091
Rotterdam,Münster,NL-DE,94,135,215.7,0,87.66,132.7,6.471,0.7818,0.1208
Stockholm,Poznań,SE-PL,80,219,773,484.6,288.3,333.3,81.34,0.7813,0.009605
Stoke-on-Trent,Münster,GB-DE,32,135,673.8,188.5,252.6,297.6,42.84,0.7799,0.01821
Sheffield,Amsterdam,GB-NL,35,106,440.8,288.6,168.7,213.7,47.85,0.7795,0.01629
Århus,Newcastle upon Tyne,DK-GB,22,44,754.1,612.1,281.5,326.5,96.07,0.7791,0.00811
Montpellier,Verona,FR-IT,191,254,599.5,0,225.8,270.8,17.98,0.7781,0.04327
Reading,Belfast,GB-GB,36,68,481.2,166.4,183.2,228.2,34.4,0.7781,0.02262
Wiesbaden,Turin,DE-IT,126,258,559.3,0,211.3,256.3,16.78,0.7778,0.04636
Bristol,Dortmund,GB-DE,64,163,696.3,214.1,260.7,305.7,46.58,0.777,0.01668
Newcastle upon Tyne,Dublin,GB-IE,44,173,352.5,196.3,136.9,181.9,34.13,0.7769,0.02276
Dresden,Budapest,DE-HU,162,211,551.1,0,208.4,253.4,16.53,0.7767,0.04698
Wrocław,Padua,PL-IT,217,265,738.5,0,275.9,320.9,22.16,0.7757,0.03501
Naples,Sofia,IT-BG,266,305,778.1,254,290.1,335.1,53.82,0.7751,0.0144
London,Wiesbaden,GB-DE,48,126,608.8,66.08,229.2,274.2,26.19,0.7712,0.02944
Freiburg,Wrocław,DE-PL,156,217,746.1,0,278.6,323.6,22.38,0.7707,0.03443
Stoke-on-Trent,Bochum,GB-DE,32,168,661.6,164.4,248.2,293.2,39.58,0.7703,0.01946
Montpellier,Genoa,FR-IT,191,270,414.8,26.05,159.3,204.3,15.57,0.77,0.04946
London,Brussels,GB-BE,48,120,320.3,88.09,125.3,170.3,20.18,0.7682,0.03807
Gent,Bielefeld,BE-DE,118,169,350.5,0,136.2,181.2,10.52,0.7661,0.07286
Derby,Duisburg,GB-DE,59,161,585.5,162.4,220.8,265.8,37.06,0.7647,0.02064
Brussels,Mannheim,BE-DE,120,137,330,0,128.8,173.8,9.9,0.7644,0.07722
Wrocław,Verona,PL-IT,217,254,771.6,0,287.8,332.8,23.15,0.7641,0.03301
Zürich,Prague,CH-CZ,72,213,526.1,0,199.4,244.4,15.78,0.7637,0.04839
Linz,Bochum,AT-DE,111,168,616.9,0,232.1,277.1,18.51,0.7636,0.04126
Copenhagen,Lübeck,DK-DE,21,140,234.3,124.1,94.33,139.3,21.92,0.7633,0.03482
Linz,Berlin,AT-DE,111,170,473.1,0,180.3,225.3,14.19,0.7626,0.05373
Duisburg,Brno,DE-CZ,161,216,741.2,0,276.8,321.8,22.23,0.7624,0.03429
Wolverhampton,Bremen,GB-DE,25,165,735.6,210.5,274.8,319.8,47.32,0.7622,0.01611
Århus,Düsseldorf,DK-DE,22,160,593.1,118.2,223.5,268.5,31.98,0.761,0.0238
Nantes,Vigo,FR-ES,188,231,791.8,517.2,295.1,340.1,85.82,0.7604,0.008861
Budapest,Milan,HU-IT,211,267,786.8,0,293.3,338.3,23.6,0.76,0.0322
Stuttgart,Ostrava,DE-CZ,128,215,669.9,0,251.2,296.2,20.1,0.7595,0.03779
Mainz,Bologna,DE-IT,138,276,652.3,0,244.8,289.8,19.57,0.7581,0.03874
Bratislava,Craiova,SK-RO,212,293,667.8,0,250.4,295.4,20.03,0.7577,0.03782
Newcastle upon Tyne,Bremen,GB-DE,44,165,711.9,581.5,266.3,311.3,91.14,0.7576,0.008312
Nottingham,Bremen,GB-DE,41,165,665.7,292.8,249.7,294.7,55.1,0.7573,0.01374
Wrocław,Brescia,PL-IT,217,274,797.5,0,297.1,342.1,23.93,0.7571,0.03165
Wuppertal,Padua,DE-IT,124,265,738.2,0,275.8,320.8,22.15,0.7552,0.0341
Braunschweig,Wrocław,DE-PL,166,217,466.4,0,177.9,222.9,13.99,0.7546,0.05393
Wiesbaden,Verona,DE-IT,126,254,556,0,210.2,255.2,16.68,0.7531,0.04514
Montpellier,Brescia,FR-IT,191,274,545.6,0,206.4,251.4,16.37,0.7523,0.04596
Leeds,Amsterdam,GB-NL,51,106,457.9,319.3,174.8,219.8,52.06,0.7516,0.01444
Mainz,Katowice,DE-PL,138,223,765.8,0,285.7,330.7,22.97,0.7504,0.03267
Reading,Mannheim,GB-DE,36,137,702.2,44.01,262.8,307.8,26.35,0.7504,0.02848
Gdańsk,Espoo,PL-FI,226,291,743.5,537.1,277.6,322.6,86.75,0.75,0.008646
Rotterdam,Braunschweig,NL-DE,94,166,414.8,0,159.3,204.3,12.44,0.7487,0.06017
Derby,Münster,GB-DE,59,135,625.7,186.5,235.2,280.2,41.15,0.7484,0.01819
Swindon,Köln,GB-DE,30,142,611.3,106.2,230.1,275.1,31.09,0.7481,0.02407
Århus,Duisburg,DK-DE,22,161,571.8,148.5,215.9,260.9,34.97,0.7461,0.02133
Hannover,Poznań,DE-PL,150,219,488.2,0,185.8,230.8,14.65,0.7455,0.0509
Derby,Bochum,GB-DE,59,168,613.3,168.4,230.8,275.8,38.6,0.7449,0.0193
Augsburg,Lyon,DE-FR,171,194,543,0,205.5,250.5,16.29,0.7443,0.04569
Frankfurt am Main,Paris,DE-FR,157,184,478.5,0,182.3,227.3,14.36,0.7443,0.05185
Braunschweig,Paris,DE-FR,166,184,690.5,0,258.6,303.6,20.72,0.7428,0.03586
Paris,Genoa,FR-IT,184,270,705.4,0,264,309,21.16,0.7421,0.03507
Bochum,Genoa,DE-IT,168,270,797.3,0,297,342,23.92,0.7415,0.031
Bonn,Verona,DE-IT,167,254,656,0,246.2,291.2,19.68,0.7409,0.03765
Århus,Tilburg,DK-NL,22,91,611.6,156.4,230.2,275.2,37.12,0.7405,0.01995
Århus,Charleroi,DK-BE,22,119,744.5,136.1,278,323,38.66,0.7398,0.01913
Stoke-on-Trent,Belfast,GB-GB,32,68,302.7,210.5,119,164,34.34,0.7379,0.02148
Augsburg,Turin,DE-IT,171,258,441.1,0,168.8,213.8,13.23,0.7367,0.05567
Lübeck,Oslo,DE-NO,140,249,672.1,480,251.9,296.9,77.77,0.7365,0.009471
Brussels,Kiel,BE-DE,120,144,549,2.004,207.6,252.6,16.71,0.7363,0.04406
Leipzig,Łódź,DE-PL,141,221,493.2,0,187.5,232.5,14.8,0.7362,0.04976
Bochum,Bratislava,DE-SK,168,212,799.7,0,297.9,342.9,23.99,0.7354,0.03066
Stuttgart,Genoa,DE-IT,128,270,487.1,0,185.4,230.4,14.61,0.7354,0.05033
Hamburg,Strasbourg,DE-FR,152,178,574.1,0,216.7,261.7,17.22,0.7353,0.04269
Linz,Rome,AT-IT,111,260,726.7,222.2,271.6,316.6,48.47,0.7352,0.01517
Coventry,Belfast,GB-GB,60,68,380,196,146.8,191.8,34.92,0.7349,0.02104
Tilburg,Dublin,NL-IE,91,173,792.7,288.2,295.4,340.4,58.37,0.7345,0.01258
Budapest,Craiova,HU-RO,211,293,510.5,0,193.8,238.8,15.31,0.7338,0.04792
Halle (Saale),Budapest,DE-HU,153,211,675,0,253,298,20.25,0.7338,0.03624
Vienna,Wuppertal,AT-DE,109,124,743.8,0,277.8,322.8,22.31,0.7335,0.03287
Prague,Florence,CZ-IT,213,272,741.6,0,277,322,22.25,0.7329,0.03294
Bratislava,Florence,SK-IT,212,272,663.8,162.4,249,294,39.41,0.7321,0.01858
Bristol,Essen,GB-DE,64,158,665.3,216.4,249.5,294.5,45.93,0.7318,0.01593
Prague,Padua,CZ-IT,213,265,553.8,0,209.4,254.4,16.61,0.7309,0.044
Milton Keynes,Lübeck,GB-DE,45,140,792,238,295.1,340.1,52.32,0.7304,0.01396
Sheffield,Utrecht,GB-NL,35,90,466,212,177.8,222.8,39.42,0.73,0.01852
Bremen,Wrocław,DE-PL,165,217,602.7,0,227,272,18.08,0.7287,0.0403
Florence,Belgrade,IT-RS,272,314,742.1,184,277.2,322.2,44.35,0.7285,0.01643
Gent,Turin,BE-IT,118,258,727.1,0,271.8,316.8,21.81,0.7273,0.03334
Mannheim,Lyon,DE-FR,137,194,496.4,0,188.7,233.7,14.89,0.7263,0.04877
Stoke-on-Trent,Düsseldorf,GB-DE,32,160,642.9,170.2,241.4,286.4,39.71,0.7237,0.01822
Coventry,Köln,GB-DE,60,142,605.7,164.5,228.1,273.1,37.91,0.7221,0.01905
Freiburg,Padua,DE-IT,156,265,421.1,0,161.6,206.6,12.63,0.7202,0.05701
Erfurt,Łódź,DE-PL,159,221,592,0,223.1,268.1,17.76,0.7201,0.04055
Dortmund,Lyon,DE-FR,163,194,669.3,0,250.9,295.9,20.08,0.7192,0.03582
Mainz,Prague,DE-CZ,138,213,438.6,0,167.9,212.9,13.16,0.7181,0.05457
Karlsruhe,Montpellier,DE-FR,146,191,693.5,0,259.6,304.6,20.8,0.718,0.03451
Linz,Augsburg,AT-DE,111,171,250.5,0,100.2,145.2,7.514,0.7175,0.09548
Southampton,Bochum,GB-DE,34,168,603.8,112.3,227.4,272.4,31.6,0.7141,0.0226
Essen,Brno,DE-CZ,158,216,725.5,0,271.2,316.2,21.76,0.7133,0.03277
Utrecht,Bremen,NL-DE,90,165,272,0,107.9,152.9,8.159,0.7126,0.08735
Linz,Padua,AT-IT,111,265,370.3,0,143.3,188.3,11.11,0.7125,0.06413
Bologna,Novi Sad,IT-RS,276,280,674.6,198.2,252.9,297.9,44.02,0.7116,0.01617
Leeds,Utrecht,GB-NL,51,90,485.3,298.8,184.7,229.7,50.41,0.7104,0.01409
Wolverhampton,Duisburg,GB-DE,25,161,621.3,168.3,233.7,278.7,38.84,0.7093,0.01826
Charleroi,Hannover,BE-DE,119,150,426.6,4.006,163.6,208.6,13.28,0.709,0.05339
Kiel,Oslo,DE-NO,144,249,622.8,380.5,234.2,279.2,64.35,0.7089,0.01102
Vienna,Turin,AT-IT,109,258,748.7,0,279.5,324.5,22.46,0.7086,0.03155
Bielefeld,Poznań,DE-PL,169,219,573.2,0,216.3,261.3,17.2,0.707,0.04112
Bristol,Duisburg,GB-DE,64,161,648.4,214.1,243.4,288.4,45.15,0.7064,0.01565
Brussels,Genoa,BE-IT,120,270,794.8,0,296.1,341.1,23.84,0.7063,0.02962
Wiesbaden,Katowice,DE-PL,126,223,767.1,0,286.2,331.2,23.01,0.7062,0.03069
Halle (Saale),Turin,DE-IT,153,258,780.1,0,290.8,335.8,23.4,0.7058,0.03016
Munich,Bratislava,DE-SK,136,212,410.3,0,157.7,202.7,12.31,0.7057,0.05733
Augsburg,Lille,DE-FR,171,196,619.3,0,233,278,18.58,0.7056,0.03798
Verona,Belgrade,IT-RS,254,314,746,138,278.6,323.6,38.94,0.7053,0.01811
Bonn,Padua,DE-IT,167,265,690.7,0,258.6,303.6,20.72,0.705,0.03402
Rotterdam,Turin,NL-IT,94,258,797.5,0,297.1,342.1,23.93,0.7037,0.02941
Wiesbaden,Prague,DE-CZ,126,213,440.5,0,168.6,213.6,13.22,0.7037,0.05324
Hannover,Bratislava,DE-SK,150,212,703.1,0,263.1,308.1,21.09,0.7035,0.03335
Wiesbaden,Padua,DE-IT,126,265,586.9,0,221.3,266.3,17.61,0.7029,0.03992
Bielefeld,Łódź,DE-PL,169,221,750.5,0,280.2,325.2,22.51,0.702,0.03118
Bratislava,Padua,SK-IT,212,265,500.7,0,190.3,235.3,15.02,0.7011,0.04668
Antwerp,Dresden,BE-DE,122,162,651.4,0,244.5,289.5,19.54,0.7001,0.03583
Wolverhampton,Bielefeld,GB-DE,25,169,726.4,184.1,271.5,316.5,43.88,0.7,0.01595
Leipzig,Strasbourg,DE-FR,141,178,450.8,0,172.3,217.3,13.52,0.6988,0.05167
Hannover,Strasbourg,DE-FR,150,178,443.9,0,169.8,214.8,13.32,0.6983,0.05244
The Hague,Bremen,NL-DE,93,165,324.2,0,126.7,171.7,9.727,0.698,0.07176
Erfurt,Strasbourg,DE-FR,159,178,355.8,0,138.1,183.1,10.67,0.6962,0.06523
Copenhagen,Turku,DK-FI,21,285,778.1,454.1,290.1,335.1,77.83,0.6955,0.008936
Stoke-on-Trent,Köln,GB-DE,32,142,666.3,176.1,249.9,294.9,41.12,0.6955,0.01692
Budapest,Florence,HU-IT,211,272,733.1,154.2,273.9,318.9,40.5,0.6953,0.01717
Zürich,Köln,CH-DE,72,142,413.3,0,158.8,203.8,12.4,0.6952,0.05607
Charleroi,Turin,BE-IT,119,258,641.3,0,240.9,285.9,19.24,0.6942,0.03608
Wolverhampton,Dortmund,GB-DE,25,163,665.9,166.5,249.7,294.7,39.95,0.6933,0.01735
Hamburg,Warsaw,DE-PL,152,309,752.9,0,281,326,22.59,0.6933,0.0307
Leicester,Belfast,GB-GB,50,68,383.8,217,148.2,193.2,37.55,0.6933,0.01846
Munich,Genoa,DE-IT,136,270,461.6,0,176.2,221.2,13.85,0.6925,0.05001
Vienna,Freiburg,AT-DE,109,156,632.8,0,237.8,282.8,18.98,0.6923,0.03647
Zürich,Bologna,CH-IT,72,276,385.4,0,148.7,193.7,11.56,0.6922,0.05987
Wolverhampton,Essen,GB-DE,25,158,637.1,166.3,239.4,284.4,39.07,0.6922,0.01772
Lyon,Genoa,FR-IT,194,270,354.6,0,137.7,182.7,10.64,0.6921,0.06505
Braunschweig,Warsaw,DE-PL,166,309,713.2,0,266.8,311.8,21.4,0.6919,0.03234
Erfurt,Lyon,DE-FR,159,194,739,0,276,321,22.17,0.6902,0.03113
Zürich,Frankfurt am Main,CH-DE,72,157,305.8,0,120.1,165.1,9.175,0.69,0.07521
Erfurt,Prague,DE-CZ,159,213,258.9,0,103.2,148.2,7.766,0.6891,0.08873
Birmingham,Belfast,GB-GB,67,68,355,190.5,137.8,182.8,33.51,0.6884,0.02054
Budapest,Belgrade,HU-RS,211,314,319,0,124.9,169.9,9.571,0.6882,0.0719
Brno,Milan,CZ-IT,216,267,695.7,0,260.4,305.4,20.87,0.6874,0.03294
Köln,Lyon,DE-FR,142,194,597,0,224.9,269.9,17.91,0.6863,0.03832
Swindon,Belfast,GB-GB,30,68,436.7,150.2,167.2,212.2,31.13,0.6857,0.02203
Brighton,Frankfurt am Main,GB-DE,65,157,629.1,98.17,236.5,281.5,30.65,0.6855,0.02236
Vienna,Dresden,AT-DE,109,162,368.6,0,142.7,187.7,11.06,0.6841,0.06187
Nuremberg,Łódź,DE-PL,134,221,645.5,0,242.4,287.4,19.37,0.6828,0.03526
Århus,Eindhoven,DK-NL,22,101,609.3,134.3,229.3,274.3,34.39,0.6825,0.01984
Padua,Belgrade,IT-RS,265,314,676.3,144.1,253.5,298.5,37.58,0.6824,0.01816
Graz,Strasbourg,AT-FR,114,178,598.5,0,225.5,270.5,17.96,0.6823,0.038
Belfast,Amsterdam,GB-NL,68,106,756.1,476.1,282.2,327.2,79.81,0.682,0.008545
Brno,Bologna,CZ-IT,216,276,658.4,32.02,247,292,23.59,0.6818,0.0289
Prague,Verona,CZ-IT,213,254,576.8,0,217.7,262.7,17.3,0.6802,0.03931
Bordeaux,Bilbao,FR-ES,204,245,256.7,156.4,102.4,147.4,26.48,0.6801,0.02569
Dortmund,Brno,DE-CZ,163,216,697.4,0,261.1,306.1,20.92,0.68,0.0325
Zürich,Dortmund,CH-DE,72,163,467.9,0,178.4,223.4,14.04,0.6799,0.04844
London,Cork,GB-IE,48,174,576.4,216.1,217.5,262.5,43.23,0.6799,0.01573
Brno,Braşov,CZ-RO,216,296,782.7,0,291.8,336.8,23.48,0.6796,0.02894
Århus,Essen,DK-DE,22,158,563.1,106.2,212.7,257.7,29.64,0.6791,0.02291
Hamburg,Wrocław,DE-PL,152,217,549.9,0,208,253,16.5,0.6785,0.04113
Berlin,Gdańsk,DE-PL,170,226,402,0,154.7,199.7,12.06,0.6775,0.05618
Eindhoven,Brescia,NL-IT,101,274,743.3,0,277.6,322.6,22.3,0.6767,0.03035
Bielefeld,Lyon,DE-FR,169,194,748.7,0,279.5,324.5,22.46,0.6767,0.03013
Vienna,Hamburg,AT-DE,109,152,743.1,0,277.5,322.5,22.29,0.6761,0.03033
Gdynia,Helsinki,PL-FI,225,290,735.7,531.3,274.9,319.9,85.82,0.6754,0.007869
Ostrava,Bologna,CZ-IT,215,276,791.9,44.11,295.1,340.1,29.05,0.6745,0.02322
Belfast,Lille,GB-FR,68,196,748.6,314.3,279.5,324.5,60.17,0.6737,0.0112
Munich,Marseille,DE-FR,136,193,721.3,0,269.7,314.7,21.64,0.6735,0.03112
Bratislava,Belgrade,SK-RS,212,314,452,0,172.7,217.7,13.56,0.6727,0.04961
Dresden,Kraków,DE-PL,162,222,451.3,0,172.5,217.5,13.54,0.6726,0.04968
Amsterdam,Bielefeld,NL-DE,106,169,251.1,0,100.4,145.4,7.534,0.672,0.08919
Braunschweig,Kraków,DE-PL,166,222,699.8,0,261.9,306.9,20.99,0.6713,0.03197
Rotterdam,Nuremberg,NL-DE,94,134,539.5,0,204.2,249.2,16.19,0.6713,0.04147
Eindhoven,Turin,NL-IT,101,258,726.9,0,271.7,316.7,21.81,0.6699,0.03072
Pamplona,Turin,ES-IT,235,258,787.4,0,293.4,338.4,23.62,0.6694,0.02834
Gent,Brescia,BE-IT,118,274,778.5,0,290.3,335.3,23.36,0.6693,0.02866
Berlin,Ostrava,DE-CZ,170,215,452.3,0,172.8,217.8,13.57,0.6679,0.04922
Linz,Hannover,AT-DE,111,150,555.3,0,209.9,254.9,16.66,0.6667,0.04002
Rotterdam,Dresden,NL-DE,94,162,647.9,0,243.3,288.3,19.44,0.6662,0.03427
Malmö,Dresden,SE-DE,82,162,508.8,126.2,193.2,238.2,30.41,0.6649,0.02186
Gothenburg,Dresden,SE-DE,85,162,748.9,292.4,279.6,324.6,57.55,0.664,0.01154
Prague,Brescia,CZ-IT,213,274,595.5,0,224.4,269.4,17.87,0.6619,0.03705
Sheffield,Frankfurt am Main,GB-DE,35,157,786.6,188.1,293.2,338.2,46.17,0.6613,0.01432
Zürich,Rome,CH-IT,72,260,684.5,0,256.4,301.4,20.54,0.6613,0.0322
Sheffield,Wuppertal,GB-DE,35,124,630.9,208.3,237.1,282.1,43.92,0.6611,0.01505
Derby,Düsseldorf,GB-DE,59,160,594.7,172.2,224.1,269.1,38.5,0.6609,0.01717
Rotterdam,Munich,NL-DE,94,136,658.3,0,247,292,19.75,0.6609,0.03346
Belfast,Utrecht,GB-NL,68,90,783.5,460.9,292.1,337.1,78.81,0.66,0.008375
Kiel,Lille,DE-FR,144,196,630.4,10.01,236.9,281.9,20.11,0.659,0.03276
Eindhoven,Verona,NL-IT,101,254,781.2,0,291.2,336.2,23.44,0.6589,0.02811
Vienna,Braunschweig,AT-DE,109,166,613.1,0,230.7,275.7,18.39,0.6585,0.0358
Zürich,Duisburg,CH-DE,72,161,470.1,0,179.3,224.3,14.1,0.6576,0.04663
Bristol,Bochum,GB-DE,64,168,679.2,216.4,254.5,299.5,46.34,0.6572,0.01418
Amsterdam,Szczecin,NL-PL,106,218,658.1,0,246.9,291.9,19.74,0.657,0.03327
Vienna,Halle (Saale),AT-DE,109,153,481.1,0,183.2,228.2,14.43,0.6558,0.04543
Manchester,Belfast,GB-GB,46,68,270.9,182.6,107.5,152.5,30.03,0.6557,0.02183
Geneva,Prague,CH-CZ,75,213,750.1,0,280,325,22.5,0.6556,0.02914
Brussels,Stuttgart,BE-DE,120,128,415.7,0,159.6,204.6,12.47,0.6544,0.05248
Belfast,Rotterdam,GB-NL,68,94,752.3,370.2,280.8,325.8,66.99,0.654,0.009762
Augsburg,Strasbourg,DE-FR,171,178,233.6,0,94.09,139.1,7.008,0.6521,0.09305
Milton Keynes,Rotterdam,GB-NL,45,94,358.7,192.4,139.1,184.1,33.85,0.6509,0.01923
Groningen,Wrocław,NL-PL,99,217,750.7,0,280.3,325.3,22.52,0.6499,0.02886
Magdeburg,Budapest,DE-HU,139,211,739.5,0,276.2,321.2,22.19,0.6496,0.02928
Florence,Novi Sad,IT-RS,272,280,700.2,204,262.1,307.1,45.49,0.6492,0.01427
Nottingham,Bielefeld,GB-DE,41,169,663,214.3,248.7,293.7,45.61,0.6485,0.01422
Zürich,Düsseldorf,CH-DE,72,160,447.6,0,171.1,216.1,13.43,0.6485,0.04829
Stuttgart,Lyon,DE-FR,128,194,469.4,0,179,224,14.08,0.6481,0.04602
Augsburg,Bratislava,DE-SK,171,212,460.1,0,175.6,220.6,13.8,0.648,0.04694
Malmö,Kiel,SE-DE,82,144,232.1,128,93.55,138.5,22.33,0.6477,0.02901
Newcastle upon Tyne,Bielefeld,GB-DE,44,169,745.6,471,278.4,323.4,78.88,0.6475,0.008208
Mainz,Florence,DE-IT,138,272,725.5,0,271.2,316.2,21.76,0.6469,0.02972
Zürich,Essen,CH-DE,72,158,468.2,0,178.5,223.5,14.04,0.6459,0.04599
Charleroi,Brescia,BE-IT,119,274,691.3,0,258.9,303.9,20.74,0.6459,0.03114
Gent,Szczecin,BE-PL,118,218,782.9,0,291.8,336.8,23.49,0.6459,0.0275
Essen,Lyon,DE-FR,158,194,654.2,0,245.5,290.5,19.63,0.6456,0.03289
Utrecht,Erfurt,NL-DE,90,159,427.2,0,163.8,208.8,12.82,0.6448,0.05031
Braunschweig,Katowice,DE-PL,166,223,631.3,0,237.3,282.3,18.94,0.6446,0.03404
Zürich,Hannover,CH-DE,72,150,562.8,10.01,212.6,257.6,18.09,0.6435,0.03558
Karlsruhe,Genoa,DE-IT,146,270,513.7,0,194.9,239.9,15.41,0.6435,0.04176
Bonn,Poznań,DE-PL,167,219,704,0,263.5,308.5,21.12,0.6431,0.03045
Birmingham,Amsterdam,GB-NL,67,106,460.3,190.1,175.7,220.7,36.63,0.6428,0.01755
Rotterdam,Köln,NL-DE,94,142,203.6,0,83.28,128.3,6.107,0.642,0.1051
Halle (Saale),Kraków,DE-PL,153,222,581.1,0,219.2,264.2,17.43,0.642,0.03683
Gent,Dortmund,BE-DE,118,163,265.8,0,105.7,150.7,7.974,0.6413,0.08042
Bochum,Lyon,DE-FR,168,194,660.7,0,247.8,292.8,19.82,0.6405,0.03231
Southampton,Düsseldorf,GB-DE,34,160,572.7,86.1,216.2,261.2,27.51,0.6404,0.02328
Dresden,Strasbourg,DE-FR,162,178,509.8,0,193.5,238.5,15.29,0.6388,0.04177
Zürich,Florence,CH-IT,72,272,450.7,0,172.2,217.2,13.52,0.6384,0.04722
Reading,Rotterdam,GB-NL,36,94,379.2,214.7,146.5,191.5,37.13,0.6382,0.01719
Brussels,Lübeck,BE-DE,120,140,545.5,0,206.4,251.4,16.36,0.6382,0.039
Wolverhampton,Düsseldorf,GB-DE,25,160,628.8,174.2,236.4,281.4,39.77,0.6371,0.01602
Manchester,Amsterdam,GB-NL,46,106,493.1,286.6,187.5,232.5,49.19,0.6368,0.01295
Bristol,Münster,GB-DE,64,135,706,214,264.2,309.2,46.86,0.6359,0.01357
Århus,Frankfurt am Main,DK-DE,22,157,679.4,88.18,254.6,299.6,30.96,0.6359,0.02054
Southampton,Münster,GB-DE,34,135,636.5,174.1,239.1,284.1,39.99,0.635,0.01588
Leicester,Köln,GB-DE,50,142,587,182.3,221.3,266.3,39.49,0.6332,0.01604
Zürich,Linz,CH-AT,72,111,440.6,0,168.6,213.6,13.22,0.6332,0.0479
Newcastle upon Tyne,Duisburg,GB-DE,44,161,682.3,472.2,255.6,300.6,77.13,0.6314,0.008186
Vienna,Wiesbaden,AT-DE,109,126,626.6,0,235.6,280.6,18.8,0.6304,0.03354
Birmingham,Wuppertal,GB-DE,67,124,635.5,174.4,238.8,283.8,40,0.6297,0.01574
Belfast,Antwerp,GB-BE,68,122,786.6,342.3,293.2,338.2,64.67,0.6291,0.009728
Gdynia,Vantaa,PL-FI,225,284,750.5,542.3,280.2,325.2,87.6,0.6281,0.00717
Marseille,Naples,FR-IT,193,266,781.8,613.4,291.4,336.4,97.06,0.6279,0.006469
Montpellier,Padua,FR-IT,191,265,665.5,0,249.6,294.6,19.96,0.6276,0.03144
Budapest,Padua,HU-IT,211,265,595.1,2.004,224.2,269.2,18.09,0.627,0.03465
Wolverhampton,Bochum,GB-DE,25,168,650.1,166,244,289,39.42,0.6267,0.0159
Ljubljana,Sofia,SI-BG,281,305,793.3,0,295.6,340.6,23.8,0.6259,0.0263
Mainz,Brescia,DE-IT,138,274,515.1,0,195.4,240.4,15.45,0.625,0.04045
Birmingham,Utrecht,GB-NL,67,90,479.4,184.5,182.6,227.6,36.53,0.6248,0.01711
Freiburg,Prague,DE-CZ,156,213,532,0,201.5,246.5,15.96,0.6243,0.03911
Leipzig,Bratislava,DE-SK,141,212,491.4,0,186.9,231.9,14.74,0.6229,0.04225
Verona,Novi Sad,IT-RS,254,280,691.1,102.2,258.8,303.8,32.99,0.6229,0.01888
Leeds,Wuppertal,GB-DE,51,124,652,298,244.7,289.7,55.32,0.6227,0.01126
Birmingham,Frankfurt am Main,GB-DE,67,157,780.6,152.1,291,336,41.67,0.6223,0.01493
Newcastle upon Tyne,Essen,GB-DE,44,158,694.1,474.1,259.9,304.9,77.71,0.6216,0.007999
Rome,Belgrade,IT-RS,260,314,719.6,208.5,269.1,314.1,46.61,0.6208,0.01332
Bristol,Belfast,GB-GB,64,68,414.1,150,159.1,204.1,30.43,0.6201,0.02038
Nuremberg,Genoa,DE-IT,134,270,584.3,0,220.3,265.3,17.53,0.6192,0.03533
Bratislava,Rome,SK-IT,212,260,783.5,212.4,292.1,337.1,48.99,0.619,0.01263
Bremen,Katowice,DE-PL,165,223,770,0,287.2,332.2,23.1,0.6189,0.02679
Hannover,Brno,DE-CZ,150,216,598.1,0,225.3,270.3,17.94,0.6187,0.03448
Newcastle upon Tyne,Dortmund,GB-DE,44,163,715.3,464.9,267.5,312.5,77.24,0.6185,0.008008
Linz,Verona,AT-IT,111,254,405.3,0,155.9,200.9,12.16,0.616,0.05066
Duisburg,Lyon,DE-FR,161,194,647.4,0,243.1,288.1,19.42,0.6157,0.0317
Amsterdam,Erfurt,NL-DE,106,159,451.2,0,172.4,217.4,13.53,0.6148,0.04542
Derby,Köln,GB-DE,59,142,618.2,174.1,232.6,277.6,39.44,0.6147,0.01559
Milton Keynes,The Hague,GB-NL,45,93,345.5,184.8,134.4,179.4,32.54,0.6146,0.01889
Dublin,Nantes,IE-FR,173,188,757.1,418.6,282.6,327.6,72.95,0.6145,0.008424
Wolverhampton,Köln,GB-DE,25,142,650.4,164.1,244.1,289.1,39.2,0.6141,0.01566
Vienna,Mainz,AT-DE,109,138,620.9,0,233.5,278.5,18.63,0.6126,0.03289
Prague,Turin,CZ-IT,213,258,752,0,280.7,325.7,22.56,0.6118,0.02712
Hamburg,Kraków,DE-PL,152,222,785.1,0,292.6,337.6,23.55,0.6118,0.02597
Wuppertal,Poznań,DE-PL,124,219,683.7,0,256.1,301.1,20.51,0.6112,0.0298
Belfast,The Hague,GB-NL,68,93,733.5,372.8,274.1,319.1,66.74,0.6107,0.00915
Leicester,Kiel,GB-DE,50,144,767.7,545.2,286.4,331.4,88.46,0.6106,0.006902
Brighton,Wuppertal,GB-DE,65,124,511.5,92.27,194.1,239.1,26.42,0.6102,0.0231
Augsburg,Poznań,DE-PL,171,219,619.4,0,233,278,18.58,0.6099,0.03282
Bochum,Brno,DE-CZ,168,216,712.7,0,266.6,311.6,21.38,0.6097,0.02852
Linz,Brescia,AT-IT,111,274,436.4,0,167.1,212.1,13.09,0.6097,0.04657
Augsburg,Paris,DE-FR,171,184,630.5,0,237,282,18.91,0.6097,0.03223
Gent,Münster,BE-DE,118,135,288.9,0,114,159,8.667,0.6093,0.0703
Rennes,A Coruña,FR-ES,181,241,741,608.8,276.8,321.8,95.29,0.6088,0.006389
Padua,Novi Sad,IT-RS,265,280,621.5,102.3,233.8,278.8,30.92,0.6081,0.01967
Belfast,Gent,GB-BE,68,118,757.5,330.7,282.7,327.7,62.4,0.6074,0.009734
Munich,Poznań,DE-PL,136,219,608.1,0,228.9,273.9,18.24,0.6072,0.03329
Szczecin,Aachen,PL-DE,218,282,648.8,0,243.6,288.6,19.46,0.6071,0.03119
Bratislava,Verona,SK-IT,212,254,554.1,0,209.5,254.5,16.62,0.6061,0.03646
Magdeburg,Padua,DE-IT,139,265,747.8,0,279.2,324.2,22.43,0.6056,0.02699
Dresden,Katowice,DE-PL,162,223,382.6,0,147.7,192.7,11.48,0.6041,0.05263
Düsseldorf,Lyon,DE-FR,160,194,625.1,0,235,280,18.75,0.6037,0.03219
Berlin,Gdynia,DE-PL,170,225,404.6,0,155.6,200.6,12.14,0.6036,0.04973
Ostrava,Braşov,CZ-RO,215,296,718.2,0,268.5,313.5,21.54,0.6032,0.028
Brescia,Novi Sad,IT-RS,274,280,751.6,94.2,280.6,325.6,33.85,0.6026,0.0178
Charleroi,Verona,BE-IT,119,254,736.9,0,275.3,320.3,22.11,0.6023,0.02725
Manchester,Utrecht,GB-NL,46,90,518.2,210.1,196.6,241.6,40.76,0.6015,0.01476
Hamburg,Katowice,DE-PL,152,223,718.7,0,268.7,313.7,21.56,0.6009,0.02787
London,Zürich,GB-CH,48,72,777.4,54.1,289.9,334.9,29.81,0.6004,0.02014
Dresden,Wrocław,DE-PL,162,217,230,0,92.81,137.8,6.901,0.5979,0.08665
Munich,Zagreb,DE-HR,136,278,422.1,0,162,207,12.66,0.5974,0.04717
Bratislava,Novi Sad,SK-RS,212,280,383.5,0,148,193,11.5,0.5959,0.0518
Zürich,Bochum,CH-DE,72,168,467.6,0,178.3,223.3,14.03,0.5955,0.04245
Prague,Belgrade,CZ-RS,213,314,742.3,0,277.2,322.2,22.27,0.5947,0.0267
Tilburg,Berlin,NL-DE,91,170,578.8,0,218.4,263.4,17.36,0.5938,0.0342
Geneva,Linz,CH-AT,75,111,657,0,246.5,291.5,19.71,0.5926,0.03006
Brno,Craiova,CZ-RO,216,293,770.4,0,287.3,332.3,23.11,0.5923,0.02563
Liverpool,Belfast,GB-GB,49,68,233.4,203.2,94.03,139,31.39,0.5922,0.01886
Magdeburg,Wrocław,DE-PL,139,217,389.7,0,150.3,195.3,11.69,0.5921,0.05064
Magdeburg,Brescia,DE-IT,139,274,740.7,0,276.6,321.6,22.22,0.5919,0.02664
Köln,Dresden,DE-DE,142,162,475.1,0,181,226,14.25,0.5902,0.04141
Eindhoven,Berlin,NL-DE,101,170,556.2,0,210.2,255.2,16.68,0.589,0.0353
Vienna,Kraków,AT-PL,109,222,331.1,0,129.2,174.2,9.934,0.5884,0.05923
Århus,Mannheim,DK-DE,22,137,750.5,90.07,280.2,325.2,33.32,0.5879,0.01764
Milton Keynes,Mannheim,GB-DE,45,137,707.4,138.3,264.7,309.7,37.81,0.5873,0.01553
Magdeburg,Verona,DE-IT,139,254,745.7,0,278.4,323.4,22.37,0.5861,0.0262
Valencia,Marseille,ES-FR,1,193,641.3,629.3,240.9,285.9,94.76,0.5839,0.006162
Derby,Belfast,GB-GB,59,68,346.6,190.3,134.8,179.8,33.23,0.5836,0.01756
Dortmund,Ostrava,DE-CZ,163,215,783.9,0,292.2,337.2,23.52,0.5835,0.02481
Vienna,Budapest,AT-HU,109,211,214.2,0,87.1,132.1,6.425,0.5824,0.09064
Budapest,Novi Sad,HU-RS,211,280,257.2,0,102.6,147.6,7.715,0.5824,0.07548
Münster,Poznań,DE-PL,135,219,635.8,0,238.9,283.9,19.07,0.5823,0.03053
Budapest,Verona,HU-IT,211,254,657.1,0,246.5,291.5,19.71,0.5814,0.02949
Gdynia,Espoo,PL-FI,225,291,730.4,582.3,272.9,317.9,91.79,0.5809,0.006329
Gdańsk,Turku,PL-FI,226,285,711.8,685.7,266.2,311.2,103.6,0.5809,0.005605
Tilburg,Brescia,NL-IT,91,274,767.9,0,286.4,331.4,23.04,0.5805,0.0252
Leeds,Belfast,GB-GB,51,68,298.3,172.2,117.4,162.4,29.61,0.5794,0.01957
Halle (Saale),Wrocław,DE-PL,153,217,353.6,0,137.3,182.3,10.61,0.5794,0.05461
Bordeaux,A Coruña,FR-ES,204,241,644.8,506.6,242.1,287.1,80.14,0.5788,0.007223
Reading,Cork,GB-IE,36,174,519.2,270.6,196.9,241.9,48.05,0.5782,0.01203
Bielefeld,Bratislava,DE-SK,169,212,748,0,279.3,324.3,22.44,0.5772,0.02572
Utrecht,Szczecin,NL-PL,90,218,651.3,0,244.5,289.5,19.54,0.5766,0.02951
Copenhagen,Kiel,DK-DE,21,144,216.1,124.1,87.81,132.8,21.37,0.5763,0.02697
Bremen,Aachen,DE-DE,165,282,316.6,0,124,169,9.497,0.5761,0.06066
Graz,Sofia,AT-BG,114,305,787.9,4.009,293.6,338.6,24.12,0.5756,0.02387
Reading,Stuttgart,GB-DE,36,128,781.4,46.08,291.3,336.3,28.97,0.5756,0.01987
Stockholm,Helsinki,SE-FI,80,290,395.6,289.2,152.4,197.4,46.57,0.5755,0.01236
Munich,Ostrava,DE-CZ,136,215,524.3,0,198.7,243.7,15.73,0.5745,0.03653
Reading,The Hague,GB-NL,36,93,369.1,232.7,142.9,187.9,38.99,0.5745,0.01473
Ostrava,Padua,CZ-IT,215,265,686.6,0,257.2,302.2,20.6,0.5743,0.02788
London,Paris,GB-FR,48,184,343.8,108.6,133.8,178.8,23.34,0.5727,0.02454
Stuttgart,Zagreb,DE-HR,128,278,609.5,0,229.4,274.4,18.29,0.5725,0.03131
Halle (Saale),Katowice,DE-PL,153,223,512.3,0,194.4,239.4,15.37,0.5725,0.03725
Köln,Hannover,DE-DE,142,150,249.8,0,99.92,144.9,7.494,0.5713,0.07624
Frankfurt am Main,Zagreb,DE-HR,157,278,723,0,270.3,315.3,21.69,0.5713,0.02634
Karlsruhe,Berlin,DE-DE,146,170,525.8,0,199.3,244.3,15.77,0.5705,0.03617
Newcastle upon Tyne,Bochum,GB-DE,44,168,703.7,471.1,263.3,308.3,77.64,0.5692,0.00733
Mainz,Turin,DE-IT,138,258,547.9,0,207.3,252.3,16.44,0.5691,0.03462
Newcastle upon Tyne,Düsseldorf,GB-DE,44,160,697.7,473.2,261.2,306.2,77.71,0.5691,0.007323
Antwerp,Frankfurt am Main,BE-DE,122,157,325.9,0,127.3,172.3,9.777,0.5685,0.05815
Malmö,Turku,SE-FI,82,285,765.5,446.9,285.6,330.6,76.59,0.5685,0.007422
Bremen,Prague,DE-CZ,165,213,510.4,0,193.8,238.8,15.31,0.5683,0.03711
Budapest,Brescia,HU-IT,211,274,709.2,0,265.3,310.3,21.28,0.5672,0.02666
Porto,Madrid,PT-ES,86,238,421.1,0,161.6,206.6,12.63,0.5668,0.04486
Brno,Florence,CZ-IT,216,272,728.4,100.1,272.2,317.2,33.86,0.5667,0.01674
Strasbourg,Szczecin,FR-PL,178,218,718.5,0,268.6,313.6,21.55,0.5665,0.02628
Eindhoven,Hannover,NL-DE,101,150,309.6,0,121.5,166.5,9.289,0.5663,0.06096
Sheffield,Kiel,GB-DE,35,144,767.1,588.9,286.2,331.2,93.68,0.565,0.006032
Zürich,Berlin,CH-DE,72,170,670.4,0,251.3,296.3,20.11,0.5645,0.02807
Strasbourg,Zagreb,FR-HR,178,278,693.5,0,259.7,304.7,20.81,0.5645,0.02713
Charleroi,Padua,BE-IT,119,265,784.9,0,292.5,337.5,23.55,0.5641,0.02396
Århus,Dortmund,DK-DE,22,163,546.6,100.1,206.8,251.8,28.41,0.5638,0.01985
Leeds,Kiel,GB-DE,51,144,763.8,589.4,285,330,93.65,0.5632,0.006015
Mannheim,Lille,DE-FR,137,196,406.6,0,156.4,201.4,12.2,0.5631,0.04616
Mannheim,Zagreb,DE-HR,137,278,694.8,0,260.1,305.1,20.84,0.562,0.02696
Karlsruhe,Zagreb,DE-HR,146,278,671.1,0,251.6,296.6,20.13,0.562,0.02791
Köln,Szczecin,DE-PL,142,218,587.6,0,221.5,266.5,17.63,0.562,0.03188
Köln,Bydgoszcz,DE-PL,142,227,793.8,0,295.8,340.8,23.81,0.5588,0.02346
Bratislava,Brescia,SK-IT,212,274,599,0,225.6,270.6,17.97,0.5582,0.03106
Berlin,Bydgoszcz,DE-PL,170,227,315.9,0,123.7,168.7,9.478,0.5573,0.0588
Coventry,Frankfurt am Main,GB-DE,60,157,753.1,148.2,281.1,326.1,40.38,0.5567,0.01379
Zürich,Bratislava,CH-SK,72,212,645.2,0,242.3,287.3,19.36,0.5562,0.02874
Bristol,Düsseldorf,GB-DE,64,160,651.4,124.3,244.5,289.5,34.45,0.5558,0.01613
Mainz,Verona,DE-IT,138,254,544.4,0,206,251,16.33,0.5555,0.03401
Porto,Valladolid,PT-ES,86,232,329.1,0,128.5,173.5,9.872,0.5549,0.05621
Hamburg,Düsseldorf,DE-DE,152,160,338.4,0,131.8,176.8,10.15,0.554,0.05458
Swindon,Frankfurt am Main,GB-DE,30,157,751.5,62.12,280.5,325.5,30,0.554,0.01847
Preston,Belfast,GB-GB,37,68,229.2,168.9,92.5,137.5,27.14,0.5535,0.0204
Sheffield,Belfast,GB-GB,35,68,321.2,176.7,125.6,170.6,30.83,0.5526,0.01792
Magdeburg,Kraków,DE-PL,139,222,623.5,0,234.5,279.5,18.7,0.5523,0.02953
Mainz,Padua,DE-IT,138,265,575.6,0,217.2,262.2,17.27,0.5513,0.03193
Vienna,Bremen,AT-DE,109,165,759.1,0,283.3,328.3,22.77,0.55,0.02415
Utrecht,Frankfurt am Main,NL-DE,90,157,331.7,0,129.4,174.4,9.952,0.5497,0.05524
Halle (Saale),Paris,DE-FR,153,184,744.9,0,278.2,323.2,22.35,0.5492,0.02458
Gent,Essen,BE-DE,118,158,233.7,0,94.15,139.1,7.012,0.5487,0.07825
Liverpool,Bremen,GB-DE,49,165,784.2,334.1,292.3,337.3,63.62,0.5469,0.008597
Tilburg,Hannover,NL-DE,91,150,330.6,0,129,174,9.919,0.5459,0.05504
Cork,Rennes,IE-FR,174,181,642.4,514.3,241.2,286.2,80.98,0.5452,0.006732
Helsinki,Białystok,FI-PL,290,313,789.8,192.4,294.3,339.3,46.78,0.545,0.01165
Utrecht,Bielefeld,NL-DE,90,169,233.3,0,93.97,139,6.998,0.5449,0.07786
Leipzig,Brno,DE-CZ,141,216,384,0,148.2,193.2,11.52,0.5448,0.04729
Lübeck,Lille,DE-FR,140,196,631.4,0,237.3,282.3,18.94,0.5447,0.02876
Manchester,Wuppertal,GB-DE,46,124,682.9,190.3,255.8,300.8,43.32,0.5444,0.01257
Tilburg,Turin,NL-IT,91,258,746.1,0,278.6,323.6,22.38,0.5442,0.02431
Wolverhampton,Münster,GB-DE,25,135,666.4,176.1,249.9,294.9,41.12,0.5436,0.01322
Nantes,A Coruña,FR-ES,188,241,684.7,586.6,256.5,301.5,90.93,0.5425,0.005967
Swindon,Cork,GB-IE,30,174,462.1,232.1,176.4,221.4,41.71,0.5422,0.013
Erfurt,Genoa,DE-IT,159,270,747.3,0,279,324,22.42,0.542,0.02418
Linz,Bielefeld,AT-DE,111,169,582.4,0,219.7,264.7,17.47,0.5419,0.03101
The Hague,Szczecin,NL-PL,93,218,705.7,0,264,309,21.17,0.5412,0.02556
Utrecht,Köln,NL-DE,90,142,180.4,0,74.96,120,5.413,0.5408,0.09989
Zürich,Mannheim,CH-DE,72,137,236.1,0,94.99,140,7.082,0.5406,0.07632
Hamburg,Prague,DE-CZ,152,213,490.6,0,186.6,231.6,14.72,0.5401,0.0367
Plymouth,Dublin,GB-IE,38,173,359.6,239.1,139.5,184.5,39.48,0.539,0.01365
Linz,Bonn,AT-DE,111,167,584.7,0,220.5,265.5,17.54,0.5383,0.03069
Linz,Turin,AT-IT,111,258,618.4,0,232.6,277.6,18.55,0.538,0.029
Milton Keynes,Cork,GB-IE,45,174,528.5,178.2,200.3,245.3,37.23,0.5375,0.01444
Hamburg,Duisburg,DE-DE,152,161,321.2,0,125.6,170.6,9.637,0.5371,0.05573
Bristol,Cork,GB-IE,64,174,407.9,311.4,156.8,201.8,49.61,0.5369,0.01082
Erfurt,Poznań,DE-PL,159,219,436.1,0,167,212,13.08,0.5367,0.04102
Newcastle upon Tyne,Köln,GB-DE,44,142,727.8,475.2,272,317,78.86,0.5363,0.006801
Zürich,Ostrava,CH-CZ,72,215,765.7,0,285.7,330.7,22.97,0.5361,0.02333
Magdeburg,Katowice,DE-PL,139,223,555.1,0,209.8,254.8,16.65,0.5358,0.03217
Bari,Sofia,IT-BG,277,305,562,236.8,212.3,257.3,45.28,0.5357,0.01183
Rotterdam,Frankfurt am Main,NL-DE,94,157,356.1,0,138.2,183.2,10.68,0.5354,0.05011
Prague,Novi Sad,CZ-RS,213,280,673.2,0,252.3,297.3,20.2,0.5347,0.02648
Stockholm,Vantaa,SE-FI,80,284,404.1,270.1,155.5,200.5,44.53,0.5346,0.01201
Sheffield,Rotterdam,GB-NL,35,94,432.5,208.2,165.7,210.7,37.96,0.5346,0.01408
Groningen,Prague,NL-CZ,99,213,643.5,0,241.7,286.7,19.31,0.5334,0.02763
Sheffield,The Hague,GB-NL,35,93,414.3,200.1,159.2,204.2,36.45,0.5331,0.01463
Utrecht,Nuremberg,NL-DE,90,134,510.9,0,193.9,238.9,15.33,0.5321,0.03471
Geneva,Rome,CH-IT,75,260,698.5,186.1,261.5,306.5,43.29,0.5319,0.01229
Rome,Novi Sad,IT-RS,260,280,698,186,261.3,306.3,43.26,0.5318,0.01229
Brno,Padua,CZ-IT,216,265,551.3,0,208.5,253.5,16.54,0.5314,0.03213
Leicester,Frankfurt am Main,GB-DE,50,157,736,176,275,320,43.2,0.5304,0.01228
Ostrava,Verona,CZ-IT,215,254,732.3,0,273.6,318.6,21.97,0.53,0.02413
Gent,Dresden,BE-DE,118,162,700,0,262,307,21,0.529,0.02519
Karlsruhe,Lyon,DE-FR,146,194,450.6,0,172.2,217.2,13.52,0.5275,0.03902
Augsburg,Zagreb,DE-HR,171,278,478.1,0,182.1,227.1,14.34,0.5274,0.03677
Augsburg,Ostrava,DE-CZ,171,215,561.3,0,212.1,257.1,16.84,0.5273,0.03131
Geneva,Bologna,CH-IT,75,276,448,0,171.3,216.3,13.44,0.5269,0.03921
Mannheim,Berlin,DE-DE,137,170,483.1,0,183.9,228.9,14.49,0.5266,0.03634
Dresden,Aachen,DE-DE,162,282,537.3,0,203.4,248.4,16.12,0.5264,0.03266
Århus,Bochum,DK-DE,22,168,555.6,92.27,210,255,27.74,0.5263,0.01897
Nottingham,Belfast,GB-GB,41,68,363,180.5,140.7,185.7,32.55,0.5247,0.01612
Leicester,Lübeck,GB-DE,50,140,797.1,378.5,297,342,69.33,0.5236,0.007551
Braunschweig,Prague,DE-CZ,166,213,363.7,0,140.9,185.9,10.91,0.5222,0.04786
Freiburg,Montpellier,DE-FR,156,191,576.6,0,217.6,262.6,17.3,0.5202,0.03007
Bristol,Köln,GB-DE,64,142,667.3,98.19,250.2,295.2,31.8,0.5195,0.01634
The Hague,Erfurt,NL-DE,93,159,481.6,0,183.4,228.4,14.45,0.5177,0.03583
Geneva,Florence,CH-IT,75,272,483,0,183.9,228.9,14.49,0.5175,0.03571
Lisbon,Madrid,PT-ES,0,238,503.2,10.02,191.2,236.2,16.3,0.5175,0.03175
Amsterdam,Dresden,NL-DE,106,162,626.7,0,235.6,280.6,18.8,0.5166,0.02747
Linz,Leipzig,AT-DE,111,141,364.1,0,141.1,186.1,10.92,0.5144,0.04708
Marseille,Genoa,FR-IT,193,270,311.1,46.17,122,167,14.87,0.5138,0.03455
Copenhagen,Dresden,DK-DE,21,162,520.1,144,197.2,242.2,32.89,0.5134,0.01561
Nottingham,Münster,GB-DE,41,135,604.4,194.1,227.6,272.6,41.42,0.5128,0.01238
Hannover,Gdańsk,DE-PL,150,226,630.8,0,237.1,282.1,18.92,0.5127,0.02709
Ostrava,Brescia,CZ-IT,215,274,769.5,0,287,332,23.08,0.5125,0.0222
Coventry,Wuppertal,GB-DE,60,124,608.3,176.1,229,274,39.38,0.5124,0.01301
Münster,Bratislava,DE-SK,135,212,797.8,0,297.2,342.2,23.93,0.5124,0.02141
Strasbourg,Ljubljana,FR-SI,178,281,581.9,0,219.5,264.5,17.46,0.5102,0.02923
Naples,Belgrade,IT-RS,266,314,669.3,182.4,251,296,41.96,0.51,0.01215
Cardiff,Belfast,GB-GB,63,68,392.1,218.1,151.2,196.2,37.93,0.51,0.01345
Wuppertal,Paris,DE-FR,124,184,434.4,0,166.4,211.4,13.03,0.5094,0.03909
Bonn,Bratislava,DE-SK,167,212,778.1,0,290.1,335.1,23.34,0.5092,0.02181
Gent,Erfurt,BE-DE,118,159,511.8,0,194.3,239.3,15.36,0.5081,0.03309
Kraków,Braşov,PL-RO,222,296,647.5,0,243.1,288.1,19.42,0.5077,0.02614
London,Tilburg,GB-NL,48,91,360.8,200.5,139.9,184.9,34.88,0.5074,0.01455
Groningen,Poznań,NL-PL,99,219,701.7,0,262.6,307.6,21.05,0.5069,0.02408
Eindhoven,Erfurt,NL-DE,101,159,390.5,0,150.6,195.6,11.71,0.5067,0.04326
Zürich,Hamburg,CH-DE,72,152,695.1,10.02,260.3,305.3,22.06,0.5062,0.02295
Gent,Duisburg,BE-DE,118,161,216.4,0,87.91,132.9,6.492,0.5049,0.07777
Bucharest,Košice,RO-SK,295,302,603.1,0,227.1,272.1,18.09,0.5047,0.02789
Leicester,Utrecht,GB-NL,50,90,428.8,178.4,164.4,209.4,34.27,0.5044,0.01472
Eindhoven,Frankfurt am Main,NL-DE,101,157,269.3,0,106.9,151.9,8.079,0.504,0.06239
Linz,Nuremberg,AT-DE,111,134,267.1,0,106.1,151.1,8.012,0.5029,0.06276
Newcastle upon Tyne,Münster,GB-DE,44,135,696.5,456.3,260.7,305.7,75.65,0.5018,0.006633
Leicester,Wuppertal,GB-DE,50,124,587.6,170.5,221.5,266.5,38.08,0.5014,0.01317
Eindhoven,Nuremberg,NL-DE,101,134,453.7,0,173.3,218.3,13.61,0.4999,0.03673
Bordeaux,Gijón,FR-ES,204,242,430.3,358.2,164.9,209.9,55.89,0.4998,0.008942
Utrecht,Munich,NL-DE,90,136,635.9,0,238.9,283.9,19.08,0.4985,0.02613
Leeds,The Hague,GB-NL,51,93,435.8,291.2,166.9,211.9,48.02,0.4983,0.01038
Brno,Belgrade,CZ-RS,216,314,569,0,214.8,259.8,17.07,0.4979,0.02917
Nottingham,Dortmund,GB-DE,41,163,607.8,176.5,228.8,273.8,39.41,0.4976,0.01262
Bielefeld,Brno,DE-CZ,169,216,650.8,0,244.3,289.3,19.52,0.4972,0.02547
Bordeaux,Oviedo,FR-ES,204,236,451.4,353.1,172.5,217.5,55.91,0.4968,0.008886
Coventry,Utrecht,GB-NL,60,90,452.9,184.3,173,218,35.71,0.4968,0.01391
Gent,Munich,BE-DE,118,136,652,0,244.7,289.7,19.56,0.4967,0.02539
Coventry,Cork,GB-IE,60,174,477.9,222.9,182,227,41.08,0.496,0.01207
Lyon,Ljubljana,FR-SI,194,281,747.6,0,279.1,324.1,22.43,0.4959,0.02211
Hamburg,Gdańsk,DE-PL,152,226,573,30.05,216.3,261.3,20.8,0.4952,0.02381
Hannover,Ostrava,DE-CZ,150,215,659.6,0,247.5,292.5,19.79,0.4951,0.02502
Frankfurt am Main,Bydgoszcz,DE-PL,157,227,724.6,0,270.9,315.9,21.74,0.494,0.02273
Nuremberg,Bratislava,DE-SK,134,212,464.7,0,177.3,222.3,13.94,0.4934,0.03539
The Hague,Duisburg,NL-DE,93,161,184.3,0,76.33,121.3,5.528,0.4921,0.08902
Amsterdam,Nuremberg,NL-DE,106,134,541.5,0,205,250,16.25,0.4895,0.03013
Gent,Leipzig,BE-DE,118,141,603.6,0,227.3,272.3,18.11,0.4893,0.02702
Utrecht,Dresden,NL-DE,90,162,606.2,0,228.2,273.2,18.19,0.4892,0.0269
Stockholm,Espoo,SE-FI,80,291,381.1,268.8,147.2,192.2,43.68,0.4876,0.01116
Linz,Münster,AT-DE,111,135,624.6,0,234.8,279.8,18.74,0.4862,0.02595
Ljubljana,Craiova,SI-RO,281,293,753.1,0,281.1,326.1,22.59,0.4861,0.02152
Paris,Bilbao,FR-ES,184,245,742.6,236.2,277.3,322.3,50.62,0.486,0.009601
Antwerp,Halle (Saale),BE-DE,122,153,526.9,0,199.7,244.7,15.81,0.4856,0.03072
Southampton,Belfast,GB-GB,34,68,510.9,130.2,193.9,238.9,30.95,0.4854,0.01568
Wolverhampton,Belfast,GB-GB,25,68,336.1,188,131,176,32.65,0.4851,0.01486
Leeds,Rotterdam,GB-NL,51,94,454.9,270.6,173.8,218.8,46.11,0.4846,0.01051
Liverpool,Bielefeld,GB-DE,49,169,789.3,244.4,294.2,339.2,53.01,0.4839,0.009128
Marseille,Verona,FR-IT,193,254,505.6,0,192,237,15.17,0.4837,0.03189
Katowice,Braşov,PL-RO,223,296,708.9,0,265.2,310.2,21.27,0.483,0.02271
Malmö,Prague,SE-CZ,82,213,620.9,102.1,233.5,278.5,30.88,0.4824,0.01562
Frankfurt am Main,Dresden,DE-DE,157,162,371.6,0,143.8,188.8,11.15,0.482,0.04323
Amsterdam,Leipzig,NL-DE,106,141,526.3,0,199.5,244.5,15.79,0.4818,0.03052
Århus,Groningen,DK-NL,22,99,401.8,196.9,154.7,199.7,35.68,0.4818,0.0135
Linz,Kraków,AT-PL,111,222,454.5,0,173.6,218.6,13.64,0.4817,0.03533
Halle (Saale),Warsaw,DE-PL,153,309,625.5,0,235.2,280.2,18.76,0.4815,0.02566
Nuremberg,Zagreb,DE-HR,134,278,546.2,0,206.6,251.6,16.39,0.4812,0.02936
Marseille,Brescia,FR-IT,193,274,457.4,0,174.7,219.7,13.72,0.4809,0.03504
Leipzig,Poznań,DE-PL,141,219,334.6,0,130.5,175.5,10.04,0.4808,0.04789
Budapest,Plovdiv,HU-BG,211,306,745.2,0,278.3,323.3,22.35,0.4804,0.02149
Belfast,Rennes,GB-FR,68,181,778.9,520.6,290.4,335.4,85.84,0.4788,0.005577
Birmingham,Cork,GB-IE,67,174,452.4,240.2,172.9,217.9,42.4,0.4785,0.01129
Stuttgart,Lille,DE-FR,128,196,485.8,0,184.9,229.9,14.57,0.4785,0.03283
Rennes,Gasteiz / Vitoria,FR-ES,181,230,590.2,382.1,222.5,267.5,63.56,0.4784,0.007526
Rennes,Gijón,FR-ES,181,242,595,480.8,224.2,269.2,75.55,0.4781,0.006328
Palermo,Rome,IT-IT,16,260,426,372,163.4,208.4,57.42,0.478,0.008323
Brno,Verona,CZ-IT,216,254,594.3,0,224,269,17.83,0.4774,0.02677
Karlsruhe,Ljubljana,DE-SI,146,281,563.6,0,212.9,257.9,16.91,0.4767,0.02819
Stuttgart,Ljubljana,DE-SI,128,281,502.7,0,191,236,15.08,0.4763,0.03158
Elche,Bordeaux,ES-FR,8,204,731.6,0,273.4,318.4,21.95,0.4754,0.02166
The Hague,Köln,NL-DE,93,142,223.2,0,90.36,135.4,6.697,0.4752,0.07096
Karlsruhe,Hamburg,DE-DE,146,152,516.9,0,196.1,241.1,15.51,0.475,0.03063
Ostrava,Craiova,CZ-RO,215,293,741.9,0,277.1,322.1,22.26,0.4748,0.02133
The Hague,Bielefeld,NL-DE,93,169,289.5,0,114.2,159.2,8.686,0.4744,0.05462
Eindhoven,Munich,NL-DE,101,136,571.1,0,215.6,260.6,17.13,0.4742,0.02768
Magdeburg,Warsaw,DE-PL,139,309,639.2,0,240.1,285.1,19.18,0.4737,0.0247
Leicester,Amsterdam,GB-NL,50,106,408.5,190.2,157.1,202.1,35.08,0.4732,0.01349
Strasbourg,Genoa,FR-IT,178,270,473.7,0,180.5,225.5,14.21,0.4724,0.03324
Swindon,Wuppertal,GB-DE,30,124,619.9,180.5,233.2,278.2,40.26,0.4719,0.01172
Utrecht,Leipzig,NL-DE,90,141,506.1,0,192.2,237.2,15.18,0.4718,0.03107
Liverpool,Duisburg,GB-DE,49,161,695.7,166.4,260.4,305.4,40.84,0.4715,0.01154
Graz,Bologna,AT-IT,114,276,427.8,104.4,164,209,25.37,0.4712,0.01857
Zürich,Bielefeld,CH-DE,72,169,518.9,0,196.8,241.8,15.57,0.4709,0.03025
Rennes,Oviedo,FR-ES,181,236,619.3,481,233,278,76.3,0.4702,0.006163
Erfurt,Bratislava,DE-SK,159,212,538.9,0,204,249,16.17,0.4698,0.02906
Nuremberg,Poznań,DE-PL,134,219,525.1,0,199,244,15.75,0.4692,0.02978
The Hague,Dresden,NL-DE,93,162,661.9,0,248.3,293.3,19.86,0.4691,0.02362
Mannheim,Bydgoszcz,DE-PL,137,227,775.7,0,289.3,334.3,23.27,0.4685,0.02013
Braunschweig,Łódź,DE-PL,166,221,614.3,0,231.2,276.2,18.43,0.4682,0.02541
Liverpool,Dortmund,GB-DE,49,163,737.5,194.4,275.5,320.5,45.45,0.4679,0.01029
Genoa,Aachen,IT-DE,270,282,740.1,0,276.5,321.5,22.2,0.4674,0.02105
Malmö,Brno,SE-CZ,82,216,753.4,148.3,281.2,326.2,40.4,0.4661,0.01154
Budapest,Poznań,HU-PL,211,219,566.2,0,213.8,258.8,16.99,0.4658,0.02742
Utrecht,Mannheim,NL-DE,90,137,372.7,0,144.2,189.2,11.18,0.4643,0.04153
Amsterdam,Frankfurt am Main,NL-DE,106,157,364.4,0,141.2,186.2,10.93,0.4643,0.04248
Newcastle upon Tyne,Belfast,GB-GB,44,68,279.6,148.8,110.6,155.6,26.25,0.4636,0.01767
Liverpool,Essen,GB-DE,49,158,710.6,180.1,265.8,310.8,42.93,0.4633,0.01079
Murcia,Bordeaux,ES-FR,4,204,763.5,0,284.9,329.9,22.91,0.463,0.02021
Bielefeld,Ostrava,DE-CZ,169,215,724.9,0,271,316,21.75,0.4625,0.02127
Mannheim,Ljubljana,DE-SI,137,281,591.1,0,222.8,267.8,17.73,0.4624,0.02607
Charleroi,Szczecin,BE-PL,119,218,769.3,0,286.9,331.9,23.08,0.4617,0.02001
Coventry,Amsterdam,GB-NL,60,106,434.3,190.1,166.3,211.3,35.85,0.4612,0.01287
Geneva,Turin,CH-IT,75,258,173.8,0,72.55,117.6,5.213,0.4611,0.08846
Lisbon,Valladolid,PT-ES,0,232,497.4,10.03,189.1,234.1,16.13,0.4611,0.0286
Brno,Brescia,CZ-IT,216,274,630,0,236.8,281.8,18.9,0.4609,0.02438
Milton Keynes,Stuttgart,GB-DE,45,128,790.8,104.1,294.7,339.7,36.21,0.4607,0.01272
Mannheim,Hamburg,DE-DE,137,152,463.8,0,177,222,13.91,0.4604,0.03309
Frankfurt am Main,Ljubljana,DE-SI,157,281,625.1,0,235,280,18.75,0.4601,0.02454
Brighton,Belfast,GB-GB,65,68,571.9,164.5,215.9,260.9,36.9,0.4598,0.01246
Charleroi,Bremen,BE-DE,119,165,421.8,0,161.8,206.8,12.65,0.4595,0.03631
Århus,Hannover,DK-DE,22,150,422.1,104,162,207,25.15,0.4589,0.01825
Stoke-on-Trent,Cork,GB-IE,32,174,443.2,198.5,169.5,214.5,37.12,0.4585,0.01235
Hamburg,Bratislava,DE-SK,152,212,780.4,0,291,336,23.41,0.4585,0.01958
Charleroi,Dresden,BE-DE,119,162,657.5,0,246.7,291.7,19.73,0.4578,0.02321
Bratislava,Turin,SK-IT,212,258,796.1,0,296.6,341.6,23.88,0.4577,0.01916
Nantes,Gijón,FR-ES,188,242,520,451.7,197.2,242.2,69.81,0.4572,0.00655
Brighton,Kiel,GB-DE,65,144,794.5,288.2,296,341,58.41,0.4569,0.007822
Cardiff,Cork,GB-IE,63,174,367.6,287.2,142.3,187.3,45.49,0.4569,0.01004
Frankfurt am Main,Berlin,DE-DE,157,170,423.7,0,162.5,207.5,12.71,0.4559,0.03587
Gent,Bochum,BE-DE,118,168,248.2,0,99.34,144.3,7.445,0.4554,0.06117
Munich,Ljubljana,DE-SI,136,281,320.9,0,125.5,170.5,9.627,0.4553,0.0473
Rotterdam,Mannheim,NL-DE,94,137,389.9,0,150.3,195.3,11.7,0.4547,0.03888
Valencia,Montpellier,ES-FR,1,191,580.4,290.2,218.9,263.9,52.24,0.4546,0.008703
Naples,Thessaloníki,IT-GR,266,308,730.2,142,272.9,317.9,38.95,0.4543,0.01166
Espoo,Białystok,FI-PL,291,313,791.5,212.4,295,340,49.24,0.4541,0.009222
Vienna,Magdeburg,AT-DE,109,139,551.3,0,208.5,253.5,16.54,0.454,0.02745
Amsterdam,Duisburg,NL-DE,106,161,165.9,0,69.71,114.7,4.976,0.4513,0.09069
Münster,Lyon,DE-FR,135,194,720,0,269.2,314.2,21.6,0.4505,0.02085
Leicester,Cork,GB-IE,50,174,505.9,255,192.1,237.1,45.77,0.4497,0.009826
Birmingham,The Hague,GB-NL,67,93,423.9,178.8,162.6,207.6,34.18,0.4497,0.01316
Münster,Brno,DE-CZ,135,216,704.3,0,263.5,308.5,21.13,0.4488,0.02124
The Hague,Essen,NL-DE,93,158,199,0,81.66,126.7,5.971,0.4488,0.07516
Zürich,Brussels,CH-BE,72,120,493.4,0,187.6,232.6,14.8,0.4486,0.03031
Birmingham,Rotterdam,GB-NL,67,94,439,166.4,168,213,33.14,0.4472,0.0135
Rotterdam,Halle (Saale),NL-DE,94,153,519,0,196.8,241.8,15.57,0.4467,0.02869
Nuremberg,Ostrava,DE-CZ,134,215,520.3,0,197.3,242.3,15.61,0.4463,0.02859
The Hague,Düsseldorf,NL-DE,93,160,195.7,0,80.45,125.4,5.87,0.4458,0.07595
Amsterdam,Köln,NL-DE,106,142,214.1,0,87.09,132.1,6.424,0.4453,0.06931
Karlsruhe,Dresden,DE-DE,146,162,443.3,0,169.6,214.6,13.3,0.445,0.03346
Amsterdam,Munich,NL-DE,106,136,668.7,0,250.7,295.7,20.06,0.4446,0.02216
Halle (Saale),Łódź,DE-PL,153,221,518.1,0,196.5,241.5,15.54,0.4444,0.02859
Wuppertal,Bratislava,DE-SK,124,212,794.3,0,296,341,23.83,0.4443,0.01865
Hannover,Gdynia,DE-PL,150,225,629.2,0,236.5,281.5,18.88,0.4433,0.02348
Utrecht,Lille,NL-FR,90,196,216.4,0,87.91,132.9,6.492,0.4428,0.0682
Hamburg,Łódź,DE-PL,152,221,668.8,0,250.8,295.8,20.06,0.4427,0.02207
Nantes,Oviedo,FR-ES,188,236,544.5,452.4,206,251,70.62,0.4426,0.006267
Copenhagen,Prague,DK-CZ,21,213,633.6,144.4,238.1,283.1,36.33,0.4422,0.01217
Palermo,Naples,IT-IT,16,266,313.9,297.8,123,168,45.16,0.4421,0.009791
Düsseldorf,Bydgoszcz,DE-PL,160,227,793.4,0,295.6,340.6,23.8,0.4413,0.01854
Dresden,Bratislava,DE-SK,162,212,403.8,0,155.4,200.4,12.11,0.4408,0.03639
Linz,Budapest,AT-HU,111,211,365.6,0,141.6,186.6,10.97,0.4402,0.04014
Düsseldorf,Dresden,DE-DE,160,162,485.7,0,184.9,229.9,14.57,0.4398,0.03018
Bremen,Łódź,DE-PL,165,221,737,0,275.3,320.3,22.11,0.4397,0.01989
Bielefeld,Gdańsk,DE-PL,169,226,720.8,0,269.5,314.5,21.62,0.4396,0.02033
Leipzig,Gdańsk,DE-PL,141,226,538.1,0,203.7,248.7,16.14,0.4388,0.02718
Graz,Braşov,AT-RO,114,296,795.2,0,296.3,341.3,23.86,0.4386,0.01839
Köln,Ljubljana,DE-SI,142,281,776.9,0,289.7,334.7,23.31,0.4385,0.01882
Porto,Gasteiz / Vitoria,PT-ES,86,230,525.8,0,199.3,244.3,15.77,0.4385,0.0278
Vienna,Warsaw,AT-PL,109,309,555.6,0,210,255,16.67,0.4379,0.02627
Tilburg,Erfurt,NL-DE,91,159,418.4,0,160.6,205.6,12.55,0.4376,0.03486
Nice,Barcelona,FR-ES,187,246,491,326.7,186.8,231.8,53.94,0.4373,0.008108
Toulouse,Milan,FR-IT,176,267,647.5,0,243.1,288.1,19.43,0.4372,0.0225
Derby,Kiel,GB-DE,59,144,780.5,578.3,291,336,92.82,0.4347,0.004683
Eindhoven,Dresden,NL-DE,101,162,576.3,0,217.5,262.5,17.29,0.4332,0.02505
Hamburg,Essen,DE-DE,152,158,308.1,0,120.9,165.9,9.242,0.4329,0.04684
Charleroi,Munich,BE-DE,119,136,575.5,0,217.2,262.2,17.26,0.4326,0.02506
Stoke-on-Trent,Amsterdam,GB-NL,32,106,481.8,196.7,183.4,228.4,38.06,0.4316,0.01134
Manchester,The Hague,GB-NL,46,93,466.3,204.1,177.9,222.9,38.49,0.4305,0.01119
Vienna,Genoa,AT-IT,109,270,709.7,0,265.5,310.5,21.29,0.4297,0.02018
Amsterdam,Braunschweig,NL-DE,106,166,383.2,0,148,193,11.5,0.4297,0.03737
Alicante,Bordeaux,ES-FR,12,204,722.4,6.003,270.1,315.1,22.39,0.4296,0.01918
Amsterdam,Münster,NL-DE,106,135,192.1,0,79.16,124.2,5.764,0.4295,0.07451
Munich,Karlsruhe,DE-DE,136,146,252.6,0,100.9,145.9,7.579,0.4292,0.05663
Gent,Braunschweig,BE-DE,118,166,488.6,0,185.9,230.9,14.66,0.429,0.02927
Graz,Craiova,AT-RO,114,293,717.1,0,268.2,313.2,21.51,0.4286,0.01992
Bielefeld,Aachen,DE-DE,169,282,220,0,89.2,134.2,6.6,0.4281,0.06487
Dresden,Łódź,DE-PL,162,221,405.7,0,156,201,12.17,0.4281,0.03518
Zürich,Brno,CH-CZ,72,216,629.6,0,236.7,281.7,18.89,0.428,0.02266
Elche,Marseille,ES-FR,8,193,758.3,662.3,283,328,102.2,0.4274,0.004181
Copenhagen,Brno,DK-CZ,21,216,770.6,152.1,287.4,332.4,41.37,0.4258,0.01029
Tilburg,Dresden,NL-DE,91,162,603.4,0,227.2,272.2,18.1,0.4256,0.02351
Gent,Nuremberg,BE-DE,118,134,552.3,0,208.8,253.8,16.57,0.4251,0.02565
Mainz,Poznań,DE-PL,138,219,659.8,0,247.5,292.5,19.79,0.425,0.02147
Münster,Ostrava,DE-CZ,135,215,783,0,291.9,336.9,23.49,0.4249,0.01809
Gdynia,Turku,PL-FI,225,285,696.2,668.2,260.6,305.6,101.1,0.4248,0.004203
The Hague,Nuremberg,NL-DE,93,134,558.5,0,211.1,256.1,16.76,0.4243,0.02532
Stoke-on-Trent,Wuppertal,GB-DE,32,124,665.5,170.4,249.6,294.6,40.41,0.4242,0.0105
Eindhoven,Mannheim,NL-DE,101,137,303,0,119.1,164.1,9.091,0.4237,0.0466
Manchester,Rotterdam,GB-NL,46,94,484.4,198.2,184.4,229.4,38.31,0.4227,0.01103
Hamburg,Gdynia,DE-PL,152,225,567.5,104.3,214.3,259.3,29.54,0.4226,0.01431
The Hague,Leipzig,NL-DE,93,141,561.9,0,212.3,257.3,16.86,0.4223,0.02505
Zagreb,Sofia,HR-BG,278,305,679.6,0,254.7,299.7,20.39,0.4223,0.02071
Liverpool,Bochum,GB-DE,49,168,722.7,180.2,270.2,315.2,43.3,0.4223,0.009752
Wrocław,Belgrade,PL-RS,217,314,745.4,0,278.4,323.4,22.36,0.4221,0.01887
Southampton,Cork,GB-IE,34,174,502.3,326.2,190.8,235.8,54.21,0.4217,0.007779
Dresden,Warsaw,DE-PL,162,309,518.5,0,196.7,241.7,15.56,0.4216,0.0271
Duisburg,Bydgoszcz,DE-PL,161,227,786.7,0,293.2,338.2,23.6,0.4212,0.01785
Nuremberg,Köln,DE-DE,134,142,336.7,0,131.2,176.2,10.1,0.4209,0.04168
Liverpool,Düsseldorf,GB-DE,49,160,705.7,168.4,264.1,309.1,41.38,0.4208,0.01017
Karlsruhe,Szczecin,DE-PL,146,218,651.4,0,244.5,289.5,19.54,0.4204,0.02151
Linz,Wuppertal,AT-DE,111,124,608.1,0,228.9,273.9,18.24,0.4202,0.02303
Frankfurt am Main,Szczecin,DE-PL,157,218,546.3,0,206.7,251.7,16.39,0.4199,0.02562
Bonn,Genoa,DE-IT,167,270,717.3,0,268.2,313.2,21.52,0.4192,0.01948
Rennes,Pamplona,FR-ES,181,235,588.7,346.4,221.9,266.9,59.23,0.4187,0.007068
Stockholm,Turku,SE-FI,80,285,265.4,237.2,105.5,150.5,36.43,0.4184,0.01149
Amsterdam,Essen,NL-DE,106,158,177.8,0,73.99,119,5.333,0.4182,0.07842
Hamburg,Brno,DE-CZ,152,216,666.8,0,250.1,295.1,20.01,0.4179,0.02089
Nottingham,Braunschweig,GB-DE,41,166,791.3,210.3,294.9,339.9,48.98,0.4174,0.008522
Amsterdam,Düsseldorf,NL-DE,106,160,182.4,0,75.65,120.7,5.471,0.4171,0.07623
Graz,Milan,AT-IT,114,267,512.4,0,194.5,239.5,15.37,0.4169,0.02712
Debrecen,Sofia,HU-BG,301,305,553.8,0,209.4,254.4,16.61,0.4166,0.02507
Vienna,Katowice,AT-PL,109,223,298.3,0,117.4,162.4,8.95,0.4163,0.04651
Århus,Bielefeld,DK-DE,22,169,471.3,110.3,179.7,224.7,27.38,0.4163,0.01521
Hamburg,Frankfurt am Main,DE-DE,152,157,392.4,0,151.3,196.3,11.77,0.4158,0.03532
Newcastle upon Tyne,Amsterdam,GB-NL,44,106,516.5,470.4,195.9,240.9,71.94,0.4157,0.005778
Zürich,Münster,CH-DE,72,135,515.3,0,195.5,240.5,15.46,0.4152,0.02686
Tilburg,Szczecin,NL-PL,91,218,673,0,252.3,297.3,20.19,0.4146,0.02053
Valencia,Toulouse,ES-FR,1,176,483.7,0,184.1,229.1,14.51,0.4146,0.02857
Augsburg,Genoa,DE-IT,171,270,465.8,0,177.7,222.7,13.97,0.4145,0.02966
Naples,Novi Sad,IT-RS,266,280,666.1,192,249.8,294.8,43.02,0.4145,0.009634
Utrecht,Braunschweig,NL-DE,90,166,368.9,0,142.8,187.8,11.07,0.4144,0.03745
Århus,Oslo,DK-NO,22,249,418.8,212.4,160.8,205.8,38.06,0.4143,0.01089
Preston,Bremen,GB-DE,37,165,765.8,368.9,285.7,330.7,67.24,0.4142,0.00616
Braunschweig,Bratislava,DE-SK,166,212,654.4,0,245.6,290.6,19.63,0.4138,0.02108
Brno,Novi Sad,CZ-RS,216,280,501.6,0,190.6,235.6,15.05,0.4131,0.02745
Geneva,Munich,CH-DE,75,136,463.3,0,176.8,221.8,13.9,0.4131,0.02972
Freiburg,Ostrava,DE-CZ,156,215,788.4,0,293.8,338.8,23.65,0.4123,0.01743
Linz,Hamburg,AT-DE,111,152,655.9,0,246.1,291.1,19.68,0.4122,0.02095
Antwerp,Augsburg,BE-DE,122,171,563.5,0,212.9,257.9,16.91,0.4112,0.02433
Tilburg,Bremen,NL-DE,91,165,303.9,0,119.4,164.4,9.116,0.4109,0.04507
Eindhoven,Szczecin,NL-PL,101,218,653.2,0,245.1,290.1,19.6,0.4108,0.02097
Erfurt,Ostrava,DE-CZ,159,215,528.8,0,200.4,245.4,15.86,0.4101,0.02585
Nottingham,Essen,GB-DE,41,158,580.2,168.1,218.9,263.9,37.58,0.4089,0.01088
Palermo,Florence,IT-IT,16,272,654.2,446.2,245.5,290.5,73.16,0.4082,0.00558
Zürich,Utrecht,CH-NL,72,90,580,0,218.8,263.8,17.4,0.4075,0.02342
Duisburg,Dresden,DE-DE,161,162,487.1,0,185.3,230.3,14.61,0.4071,0.02786
Munich,Köln,DE-DE,136,142,456,0,174.2,219.2,13.68,0.4069,0.02975
Köln,Bremen,DE-DE,142,165,270,0,107.2,152.2,8.1,0.4067,0.0502
Leipzig,Ostrava,DE-CZ,141,215,449.4,0,171.8,216.8,13.48,0.4066,0.03016
Düsseldorf,Szczecin,DE-PL,160,218,582,0,219.5,264.5,17.46,0.4053,0.02321
Stoke-on-Trent,Utrecht,GB-NL,32,90,504.2,180.1,191.5,236.5,36.74,0.405,0.01103
Palermo,Bologna,IT-IT,16,276,728.9,422.5,272.4,317.4,72.57,0.4045,0.005574
Augsburg,Brno,DE-CZ,171,216,428.1,0,164.1,209.1,12.84,0.404,0.03146
Freiburg,Zagreb,DE-HR,156,278,662.8,10.01,248.6,293.6,21.09,0.4039,0.01916
Amsterdam,Dortmund,NL-DE,106,163,200.8,0,82.27,127.3,6.023,0.4037,0.06704
Freiburg,Genoa,DE-IT,156,270,408.1,0,156.9,201.9,12.24,0.4031,0.03293
Stockholm,Tampere,SE-FI,80,286,395.7,210.9,152.5,197.5,37.18,0.4028,0.01083
Marseille,Padua,FR-IT,193,265,567.7,22.07,214.4,259.4,19.68,0.4026,0.02046
Zürich,Leipzig,CH-DE,72,141,521.2,0,197.6,242.6,15.63,0.4026,0.02575
Halle (Saale),Bratislava,DE-SK,153,212,522,0,197.9,242.9,15.66,0.4025,0.0257
Berlin,Trieste,DE-IT,170,256,764.9,6.007,285.4,330.4,23.67,0.4024,0.017
Budapest,Prague,HU-CZ,211,213,444.2,0,169.9,214.9,13.33,0.4022,0.03018
Groningen,Hamburg,NL-DE,99,152,230.2,0,92.87,137.9,6.906,0.4017,0.05818
Nottingham,Bochum,GB-DE,41,168,592.6,176.2,223.4,268.4,38.92,0.4013,0.01031
Essen,Bydgoszcz,DE-PL,158,227,769.6,0,287.1,332.1,23.09,0.401,0.01737
Mannheim,Szczecin,DE-PL,137,218,607.6,0,228.7,273.7,18.23,0.4002,0.02196
Poznań,Kraków,PL-PL,219,222,334.4,0,130.4,175.4,10.03,0.4001,0.03989
Mannheim,Dresden,DE-DE,137,162,412.8,0,158.6,203.6,12.38,0.4,0.0323
Bremen,Gdańsk,DE-PL,165,226,662.4,20.01,248.5,293.5,22.28,0.3998,0.01795
Linz,Freiburg,AT-DE,111,156,478.4,0,182.2,227.2,14.35,0.3996,0.02784
Antwerp,Köln,BE-DE,122,142,181,0,75.14,120.1,5.429,0.3993,0.07356
Freiburg,Bratislava,DE-SK,156,212,687.4,0,257.5,302.5,20.62,0.3991,0.01935
The Hague,Dortmund,NL-DE,93,163,226.6,0,91.57,136.6,6.797,0.3989,0.05868
Zürich,Eindhoven,CH-NL,72,101,504.5,0,191.6,236.6,15.14,0.3984,0.02632
Liverpool,Köln,GB-DE,49,142,730.1,178,272.9,317.9,43.27,0.3983,0.009205
Braşov,Lublin,RO-PL,296,312,661.8,0,248.2,293.2,19.85,0.3983,0.02006
Kraków,Trieste,PL-IT,222,256,671.8,2.005,251.8,296.8,20.39,0.3978,0.01951
Münster,Aachen,DE-DE,135,282,169.8,0,71.14,116.1,5.095,0.3975,0.07801
Derby,Wuppertal,GB-DE,59,124,617.3,166.3,232.2,277.2,38.48,0.3974,0.01033
Ostrava,Belgrade,CZ-RS,215,314,583,0,219.9,264.9,17.49,0.3972,0.02271
Mainz,Ostrava,DE-CZ,138,215,715.9,0,267.7,312.7,21.48,0.3971,0.01849
Münster,Gdańsk,DE-PL,135,226,780.5,0,291,336,23.42,0.3969,0.01695
Derby,Amsterdam,GB-NL,59,106,433.7,196.7,166.1,211.1,36.62,0.3969,0.01084
Braunschweig,Gdańsk,DE-PL,166,226,587,0,221.3,266.3,17.61,0.3968,0.02253
Stuttgart,Bydgoszcz,DE-PL,128,227,783.7,0,292.1,337.1,23.51,0.3966,0.01687
Zürich,Stuttgart,CH-DE,72,128,164.2,2.002,69.1,114.1,5.165,0.3965,0.07677
Zürich,Rotterdam,CH-NL,72,94,585.1,0,220.6,265.6,17.55,0.3957,0.02254
Antwerp,Kiel,BE-DE,122,144,517.1,8.017,196.2,241.2,16.48,0.3951,0.02398
Halle (Saale),Prague,DE-CZ,153,213,231.2,0,93.23,138.2,6.936,0.395,0.05695
Erfurt,Gdańsk,DE-PL,159,226,635.4,0,238.7,283.7,19.06,0.3946,0.0207
Newcastle upon Tyne,Utrecht,GB-NL,44,90,548.2,472.2,207.3,252.3,73.11,0.3943,0.005394
Stockholm,Gdańsk,SE-PL,80,226,554.5,450.4,209.6,254.6,70.69,0.3943,0.005578
Wiesbaden,Poznań,DE-PL,126,219,656.8,0,246.4,291.4,19.7,0.3943,0.02001
Dresden,Brno,DE-CZ,162,216,290.5,0,114.6,159.6,8.716,0.3942,0.04523
Wuppertal,Genoa,DE-IT,124,270,773.5,0,288.5,333.5,23.2,0.3939,0.01698
Berlin,Zagreb,DE-HR,170,278,769,0,286.8,331.8,23.07,0.3936,0.01706
Bari,Craiova,IT-RO,277,293,668.1,214,250.5,295.5,45.73,0.3936,0.008607
Amsterdam,Mannheim,NL-DE,106,137,407,0,156.5,201.5,12.21,0.3934,0.03222
Ljubljana,Belgrade,SI-RS,281,314,485.2,0,184.7,229.7,14.56,0.3933,0.02702
Copenhagen,Stockholm,DK-SE,21,80,522.3,74.04,198,243,24.55,0.393,0.01601
Munich,Brno,DE-CZ,136,216,387.8,0,149.6,194.6,11.63,0.3928,0.03376
London,Antwerp,GB-BE,48,122,315.8,179,123.7,168.7,30.96,0.3925,0.01268
Graz,Florence,AT-IT,114,272,490.7,162.2,186.6,231.6,34.19,0.3921,0.01147
Newcastle upon Tyne,Kiel,GB-DE,44,144,758.5,652.4,283,328,101,0.3917,0.003877
Vienna,Łódź,AT-PL,109,221,453.8,0,173.4,218.4,13.62,0.3913,0.02874
Wiesbaden,Ostrava,DE-CZ,126,215,718,0,268.5,313.5,21.54,0.3912,0.01816
Bonn,Brno,DE-CZ,167,216,701,0,262.4,307.4,21.03,0.3905,0.01857
Alicante,Marseille,ES-FR,12,193,738.9,674.8,276,321,103.1,0.3898,0.003779
Erfurt,Zagreb,DE-HR,159,278,679.9,0,254.8,299.8,20.4,0.3897,0.01911
Zürich,Zagreb,CH-HR,72,278,593,0,223.5,268.5,17.79,0.3897,0.02191
Augsburg,Marseille,DE-FR,171,193,707.5,0,264.7,309.7,21.22,0.3896,0.01836
Edinburgh,Amsterdam,GB-NL,56,106,659.2,496.9,247.3,292.3,79.4,0.3881,0.004888
Munich,Aachen,DE-DE,136,282,493.4,0,187.6,232.6,14.8,0.3878,0.0262
Tilburg,Nuremberg,NL-DE,91,134,483.3,0,184,229,14.5,0.3872,0.02671
Malmö,Warsaw,SE-PL,82,309,644.5,210.2,242,287,44.55,0.3867,0.00868
Erfurt,Aachen,DE-DE,159,282,348.1,0,135.3,180.3,10.44,0.3866,0.03702
The Hague,Munich,NL-DE,93,136,678.5,0,254.3,299.3,20.36,0.3837,0.01885
Edinburgh,Dublin,GB-IE,56,173,351.2,178.6,136.4,181.4,31.97,0.3836,0.012
Braşov,Debrecen,RO-HU,296,301,369.3,0,142.9,187.9,11.08,0.3824,0.03452
Duisburg,Szczecin,DE-PL,161,218,572.4,0,216.1,261.1,17.17,0.382,0.02225
Lisbon,Córdoba,PT-ES,0,9,393,8.019,151.5,196.5,12.75,0.3817,0.02993
The Hague,Frankfurt am Main,NL-DE,93,157,375.9,0,145.3,190.3,11.28,0.3806,0.03376
Nottingham,Duisburg,GB-DE,41,161,565.1,162.3,213.4,258.4,36.43,0.3805,0.01044
Eindhoven,Bremen,NL-DE,101,165,290.5,0,114.6,159.6,8.714,0.3804,0.04365
Nice,Rome,FR-IT,187,260,472.9,374.7,180.2,225.2,59.15,0.3802,0.006429
Augsburg,Ljubljana,DE-SI,171,281,375.1,0,145.1,190.1,11.25,0.3798,0.03375
Vienna,Prague,AT-CZ,109,213,252.6,0,100.9,145.9,7.578,0.3798,0.05011
Edinburgh,Utrecht,GB-NL,56,90,691.8,499.3,259,304,80.67,0.3794,0.004703
Zürich,Erfurt,CH-DE,72,159,440.2,0,168.5,213.5,13.21,0.379,0.0287
Derby,Utrecht,GB-NL,59,90,455.9,180.8,174.1,219.1,35.37,0.3788,0.01071
Essen,Dresden,DE-DE,158,162,470.1,0,179.2,224.2,14.1,0.3771,0.02674
Toulouse,Barcelona,FR-ES,176,246,253.2,0,101.2,146.2,7.597,0.3767,0.04958
Leipzig,Zagreb,DE-HR,141,278,669,0,250.8,295.8,20.07,0.3765,0.01876
Rotterdam,Kiel,NL-DE,94,144,461.9,30.13,176.3,221.3,17.47,0.3762,0.02153
Eindhoven,Leipzig,NL-DE,101,141,478.3,0,182.2,227.2,14.35,0.375,0.02614
Katowice,Trieste,PL-IT,223,256,644.1,2,241.9,286.9,19.56,0.375,0.01917
Derby,Frankfurt am Main,GB-DE,59,157,768.3,160.1,286.6,331.6,42.26,0.3741,0.008853
Zürich,Nuremberg,CH-DE,72,134,297.8,0,117.2,162.2,8.933,0.3738,0.04185
Brussels,Magdeburg,BE-DE,120,139,523.7,0,198.5,243.5,15.71,0.3735,0.02377
Brighton,Cork,GB-IE,65,174,590.2,360.1,222.5,267.5,60.92,0.3729,0.006121
Bremen,Brno,DE-CZ,165,216,693.9,0,259.8,304.8,20.82,0.3726,0.0179
Dortmund,Bydgoszcz,DE-PL,163,227,737.7,0,275.6,320.6,22.13,0.3725,0.01683
Linz,Halle (Saale),AT-DE,111,153,389.8,0,150.3,195.3,11.69,0.3721,0.03183
Magdeburg,Prague,DE-CZ,139,213,299.2,0,117.7,162.7,8.975,0.3715,0.04139
Århus,Stockholm,DK-SE,22,80,584.1,136,220.3,265.3,33.85,0.3713,0.01097
Derby,Cork,GB-IE,59,174,487.7,246.8,185.6,230.6,44.25,0.3711,0.008386
Lyon,Pamplona,FR-ES,194,235,610.7,0,229.8,274.8,18.32,0.3709,0.02025
Preston,Duisburg,GB-DE,37,161,689.4,202.4,258.2,303.2,44.97,0.3708,0.008246
Elche,Montpellier,ES-FR,8,191,708,389.1,264.9,309.9,67.93,0.3706,0.005455
Graz,Rome,AT-IT,114,260,620.6,186.2,233.4,278.4,40.96,0.3705,0.009045
Utrecht,Dortmund,NL-DE,90,163,173.4,0,72.43,117.4,5.202,0.3703,0.07118
Hannover,Bydgoszcz,DE-PL,150,227,562.9,0,212.6,257.6,16.89,0.37,0.02191
Århus,Münster,DK-DE,22,135,495.9,94.36,188.5,233.5,26.2,0.3699,0.01412
Manchester,Cork,GB-IE,46,174,455.3,122.3,173.9,218.9,28.34,0.3699,0.01305
Halle (Saale),Strasbourg,DE-FR,153,178,441.8,0,169,214,13.25,0.369,0.02785
Wolverhampton,Amsterdam,GB-NL,25,106,475.3,190.5,181.1,226.1,37.12,0.369,0.00994
Gothenburg,Helsinki,SE-FI,85,290,791.2,450.7,294.8,339.8,77.82,0.3686,0.004736
Kraków,Craiova,PL-RO,222,293,702.1,0,262.8,307.8,21.06,0.3685,0.0175
Nuremberg,Gdańsk,DE-PL,134,226,751.8,0,280.7,325.7,22.56,0.3679,0.01631
Lisbon,Gasteiz / Vitoria,PT-ES,0,230,712.2,10,266.4,311.4,22.57,0.3679,0.0163
Leipzig,Aachen,DE-DE,141,282,443.8,0,169.8,214.8,13.31,0.3679,0.02763
Southampton,Köln,GB-DE,34,142,585.3,64.15,220.7,265.7,25.26,0.3676,0.01456
Leipzig,Karlsruhe,DE-DE,141,146,383.2,0,148,193,11.5,0.3672,0.03194
Wrocław,Novi Sad,PL-RS,217,280,683,0,255.9,300.9,20.49,0.3669,0.01791
Zürich,Munich,CH-DE,72,136,241.9,0,97.07,142.1,7.256,0.3665,0.05051
Strasbourg,Montpellier,FR-FR,178,191,628.1,0,236.1,281.1,18.84,0.3661,0.01943
Trieste,Belgrade,IT-RS,256,314,532,2,201.5,246.5,16.2,0.3658,0.02258
Bielefeld,Gdynia,DE-PL,169,225,719.2,0,268.9,313.9,21.57,0.3657,0.01695
Zürich,Amsterdam,CH-NL,72,106,615.3,0,231.5,276.5,18.46,0.3654,0.0198
Leeds,Aachen,GB-DE,51,282,617.7,214.6,232.4,277.4,44.28,0.364,0.008221
Tilburg,Munich,NL-DE,91,136,600.1,0,226,271,18,0.364,0.02022
Leipzig,Gdynia,DE-PL,141,225,543.2,0,205.6,250.6,16.3,0.3639,0.02233
Liverpool,Münster,GB-DE,49,135,731.9,220.6,273.5,318.5,48.43,0.3631,0.007499
Athens,Bari,GR-IT,47,277,683.3,224.4,256,301,47.43,0.3629,0.007651
Cork,Nantes,IE-FR,174,188,720.4,474.3,269.3,314.3,78.52,0.3627,0.004619
Glasgow,Dublin,GB-IE,54,173,309.4,154.7,121.4,166.4,27.84,0.3623,0.01301
Linz,Dresden,AT-DE,111,162,307.7,0,120.8,165.8,9.231,0.3621,0.03923
Birmingham,Mannheim,GB-DE,67,137,797.4,140.2,297,342,40.75,0.3621,0.008886
Newcastle upon Tyne,Wuppertal,GB-DE,44,124,715.3,472.8,267.5,312.5,78.2,0.3617,0.004626
Novi Sad,Warsaw,RS-PL,280,309,780.7,0,291,336,23.42,0.3617,0.01545
Southampton,Frankfurt am Main,GB-DE,34,157,718.2,130,268.5,313.5,37.15,0.3615,0.00973
Linz,Katowice,AT-PL,111,223,406.3,0,156.3,201.3,12.19,0.3601,0.02954
Linz,Braunschweig,AT-DE,111,166,514.8,0,195.3,240.3,15.44,0.3599,0.02331
Essen,Szczecin,DE-PL,158,218,555.8,0,210.1,255.1,16.67,0.3591,0.02154
Malmö,Ostrava,SE-CZ,82,215,733.2,182.3,274,319,43.87,0.3587,0.008177
Wiesbaden,Zagreb,DE-HR,126,278,745.9,0,278.5,323.5,22.38,0.3587,0.01603
Zürich,Brescia,CH-IT,72,274,240.2,0,96.49,141.5,7.207,0.3582,0.0497
Wolverhampton,Frankfurt am Main,GB-DE,25,157,798.3,142,297.4,342.4,40.99,0.3579,0.008731
Milton Keynes,Bonn,GB-DE,45,167,563.6,180.5,212.9,257.9,38.57,0.3579,0.00928
Malmö,Katowice,SE-PL,82,223,717.9,188.5,268.5,313.5,44.16,0.3577,0.0081
Wiesbaden,Bratislava,DE-SK,126,212,679.5,0,254.6,299.6,20.39,0.3576,0.01754
Lisbon,Sevilla,PT-ES,0,2,315.6,2.01,123.6,168.6,9.71,0.3571,0.03677
Preston,Essen,GB-DE,37,158,703.7,210.5,263.3,308.3,46.37,0.357,0.007698
Wuppertal,Brno,DE-CZ,124,216,710.3,0,265.7,310.7,21.31,0.3566,0.01673
Århus,Hamburg,DK-DE,22,152,290.1,108,114.4,159.4,21.67,0.3561,0.01643
Copenhagen,Oslo,DK-NO,21,249,483.2,262.7,184,229,46.02,0.3557,0.00773
Nuremberg,Aachen,DE-DE,134,282,385.2,0,148.7,193.7,11.55,0.3556,0.03077
Linz,Erfurt,AT-DE,111,159,378.1,0,146.1,191.1,11.34,0.3555,0.03134
Utrecht,Augsburg,NL-DE,90,171,582.6,0,219.7,264.7,17.48,0.3554,0.02033
Graz,Belgrade,AT-RS,114,314,462.7,0,176.6,221.6,13.88,0.3553,0.0256
Prague,Genoa,CZ-IT,213,270,754.7,0,281.7,326.7,22.64,0.3544,0.01565
Erfurt,Brno,DE-CZ,159,216,444.1,0,169.9,214.9,13.32,0.3536,0.02654
Århus,Wuppertal,DK-DE,22,124,580.9,90.13,219.1,264.1,28.24,0.3535,0.01252
Tilburg,Leipzig,NL-DE,91,141,504.9,0,191.8,236.8,15.15,0.3533,0.02333
Linz,Bremen,AT-DE,111,165,655.5,0,246,291,19.66,0.3533,0.01796
Bremen,Gdynia,DE-PL,165,225,657.9,40.12,246.9,291.9,24.55,0.3531,0.01438
Murcia,Montpellier,ES-FR,4,191,753.8,378.9,281.4,326.4,68.08,0.352,0.00517
Zürich,Antwerp,CH-BE,72,122,523.5,0,198.4,243.4,15.7,0.3516,0.02239
Preston,Düsseldorf,GB-DE,37,160,700.7,194.2,262.3,307.3,44.33,0.3511,0.00792
Budapest,Warsaw,HU-PL,211,309,544.7,0,206.1,251.1,16.34,0.3501,0.02143
Graz,Padua,AT-IT,114,265,329.9,0,128.8,173.8,9.896,0.3498,0.03535
Swansea,Belfast,GB-GB,31,68,356.4,246.2,138.3,183.3,40.24,0.3498,0.008693
Wolverhampton,Utrecht,GB-NL,25,90,495.1,178.4,188.2,233.2,36.26,0.3497,0.009643
Utrecht,Stuttgart,NL-DE,90,128,466.6,0,178,223,14,0.3495,0.02497
Swindon,Utrecht,GB-NL,30,90,477.9,235,182.1,227.1,42.53,0.3495,0.008216
Malmö,Poznań,SE-PL,82,219,438.6,184.2,167.9,212.9,35.26,0.3491,0.009899
Preston,Köln,GB-DE,37,142,726.5,196.1,271.6,316.6,45.33,0.349,0.007697
Tilburg,Frankfurt am Main,NL-DE,91,157,298.8,0,117.6,162.6,8.963,0.3487,0.0389
Katowice,Craiova,PL-RO,223,293,752.3,0,280.8,325.8,22.57,0.3485,0.01544
The Hague,Münster,NL-DE,93,135,228,0,92.08,137.1,6.84,0.3483,0.05092
Zürich,Verona,CH-IT,72,254,284.7,0,112.5,157.5,8.542,0.348,0.04074
Marseille,Ljubljana,FR-SI,193,281,783.2,158.2,291.9,336.9,42.48,0.3477,0.008185
Copenhagen,Warsaw,DK-PL,21,309,671.8,240.6,251.8,296.8,49.03,0.3477,0.007092
Wuppertal,Lyon,DE-FR,124,194,635.3,0,238.7,283.7,19.06,0.3475,0.01823
Brighton,Utrecht,GB-NL,65,90,390.5,192.3,150.6,195.6,34.79,0.3472,0.009981
Eindhoven,Bielefeld,NL-DE,101,169,220.5,0,89.37,134.4,6.614,0.347,0.05247
Porto,Zaragoza,PT-ES,86,229,647.3,0,243,288,19.42,0.3469,0.01786
Braunschweig,Brno,DE-CZ,166,216,547.2,0,207,252,16.42,0.3468,0.02113
Wiesbaden,Montpellier,DE-FR,126,191,792.6,0,295.3,340.3,23.78,0.3463,0.01457
Utrecht,Münster,NL-DE,90,135,171.9,0,71.87,116.9,5.156,0.3458,0.06707
Braunschweig,Gdynia,DE-PL,166,225,586.5,0,221.1,266.1,17.6,0.3457,0.01965
Graz,Karlsruhe,AT-DE,114,146,565.8,0,213.7,258.7,16.97,0.3456,0.02036
Leicester,The Hague,GB-NL,50,93,373.9,172.9,144.6,189.6,31.97,0.3456,0.01081
Rotterdam,Augsburg,NL-DE,94,171,603.9,0,227.4,272.4,18.12,0.345,0.01905
Zürich,Padua,CH-IT,72,265,336,0,130.9,175.9,10.08,0.3447,0.03421
Brussels,Wiesbaden,BE-DE,120,126,288.5,0,113.9,158.9,8.654,0.3445,0.03981
Reading,Wiesbaden,GB-DE,36,126,665.2,52.1,249.5,294.5,26.21,0.3443,0.01314
Liverpool,Cork,GB-IE,49,174,406.7,152.3,156.4,201.4,30.48,0.344,0.01129
Linz,Warsaw,AT-PL,111,309,646.7,0,242.8,287.8,19.4,0.344,0.01773
Munich,Duisburg,DE-DE,136,161,503.3,0,191.2,236.2,15.1,0.3435,0.02275
Reading,Bonn,GB-DE,36,167,568.7,92.12,214.7,259.7,28.12,0.3432,0.01221
Stuttgart,Dresden,DE-DE,128,162,412.5,0,158.5,203.5,12.38,0.3432,0.02773
Bochum,Bydgoszcz,DE-PL,168,227,755.3,0,281.9,326.9,22.66,0.3429,0.01513
Wolverhampton,Wuppertal,GB-DE,25,124,652.3,180.1,244.8,289.8,41.18,0.3428,0.008326
Coventry,The Hague,GB-NL,60,93,397.2,178.6,153,198,33.34,0.3428,0.01028
Berlin,Košice,DE-SK,170,302,696.5,0,260.7,305.7,20.89,0.3427,0.0164
The Hague,Mannheim,NL-DE,93,137,410.6,0,157.8,202.8,12.32,0.3426,0.02782
Charleroi,Nuremberg,BE-DE,119,134,486.4,0,185.1,230.1,14.59,0.3424,0.02347
The Hague,Braunschweig,NL-DE,93,166,425.1,0,163,208,12.75,0.3422,0.02683
Magdeburg,Gdańsk,DE-PL,139,226,527.9,0,200,245,15.84,0.342,0.02159
Utrecht,Karlsruhe,NL-DE,90,146,413.6,0,158.9,203.9,12.41,0.3419,0.02756
Geneva,Zagreb,CH-HR,75,278,760.1,0,283.6,328.6,22.8,0.3417,0.01499
Halle (Saale),Gdańsk,DE-PL,153,226,549.1,0,207.7,252.7,16.47,0.3411,0.02071
Sheffield,Aachen,GB-DE,35,282,591.3,168.4,222.9,267.9,37.94,0.3408,0.008982
Toulouse,Turin,FR-IT,176,258,522.4,0,198.1,243.1,15.67,0.3407,0.02174
Dresden,Dortmund,DE-DE,162,163,439.1,0,168.1,213.1,13.17,0.3407,0.02586
Münster,Gdynia,DE-PL,135,225,778.4,0,290.2,335.2,23.35,0.3406,0.01458
Karlsruhe,Erfurt,DE-DE,146,159,288.5,0,113.9,158.9,8.655,0.3402,0.03931
Preston,Dortmund,GB-DE,37,163,729.6,244.5,272.7,317.7,51.23,0.3399,0.006634
Glasgow,Amsterdam,GB-NL,54,106,710.5,432.3,265.8,310.8,73.19,0.3392,0.004635
Nuremberg,Brno,DE-CZ,134,216,401.8,0,154.6,199.6,12.05,0.3392,0.02814
Linz,Nice,AT-FR,111,187,745.1,2.003,278.2,323.2,22.59,0.3391,0.01501
Erfurt,Gdynia,DE-PL,159,225,639.5,0,240.2,285.2,19.18,0.3388,0.01766
Halle (Saale),Brno,DE-CZ,153,216,415.2,0,159.5,204.5,12.46,0.3385,0.02717
Eindhoven,Augsburg,NL-DE,101,171,516.6,0,196,241,15.5,0.3385,0.02184
Mainz,Zagreb,DE-HR,138,278,737,0,275.3,320.3,22.11,0.3383,0.0153
Zürich,Bremen,CH-DE,72,165,635.1,0,238.6,283.6,19.05,0.3378,0.01773
Rotterdam,Karlsruhe,NL-DE,94,146,426.6,10.01,163.6,208.6,14,0.3374,0.0241
Kraków,Belgrade,PL-RS,222,314,585.9,0,220.9,265.9,17.58,0.337,0.01917
Messina,Rome,IT-IT,17,260,485.8,393.5,184.9,229.9,61.79,0.3363,0.005442
Mainz,Bratislava,DE-SK,138,212,674.1,0,252.7,297.7,20.22,0.3355,0.01659
Budapest,Kraków,HU-PL,211,222,292.5,0,115.3,160.3,8.774,0.3353,0.03822
Glasgow,Utrecht,GB-NL,54,90,742.2,388.1,277.2,322.2,68.84,0.3349,0.004864
Toulouse,Florence,FR-IT,176,272,787.9,232.6,293.7,338.7,51.55,0.3348,0.006496
Bristol,Wuppertal,GB-DE,64,124,676.5,124.1,253.6,298.6,35.19,0.3344,0.009503
Linz,Łódź,AT-PL,111,221,534.2,0,202.3,247.3,16.03,0.3336,0.02082
Bologna,Zagreb,IT-HR,276,278,392.2,112.1,151.2,196.2,25.21,0.3334,0.01322
Munich,Düsseldorf,DE-DE,136,160,486.4,0,185.1,230.1,14.59,0.3333,0.02284
Newcastle upon Tyne,Bergen,GB-NO,44,252,729.4,695.4,272.6,317.6,105.3,0.3332,0.003163
The Hague,Bochum,NL-DE,93,168,211.3,0,86.08,131.1,6.34,0.3329,0.0525
Novi Sad,Ljubljana,RS-SI,280,281,423.8,0,162.6,207.6,12.71,0.3328,0.02618
Zürich,The Hague,CH-NL,72,93,606.1,0,228.2,273.2,18.18,0.3327,0.0183
Brighton,Stuttgart,GB-DE,65,128,705.7,122.3,264,309,35.84,0.3324,0.009273
Rotterdam,Stuttgart,NL-DE,94,128,482.5,0,183.7,228.7,14.48,0.3317,0.02291
Bremen,Strasbourg,DE-FR,165,178,505,0,191.8,236.8,15.15,0.3315,0.02188
Charleroi,Genoa,BE-IT,119,270,748.5,0,279.5,324.5,22.46,0.3313,0.01476
Magdeburg,Łódź,DE-PL,139,221,538.7,0,203.9,248.9,16.16,0.3313,0.0205
Vienna,Poznań,AT-PL,109,219,468.5,0,178.7,223.7,14.06,0.3301,0.02349
Cardiff,Duisburg,GB-DE,63,161,688.6,240.2,257.9,302.9,49.48,0.33,0.00667
Birmingham,Aachen,GB-DE,67,282,582.4,140.1,219.7,264.7,34.28,0.3297,0.009618
Copenhagen,Ostrava,DK-CZ,21,215,754.3,244.1,281.6,326.6,51.92,0.3295,0.006346
Copenhagen,Katowice,DK-PL,21,223,740.7,228.2,276.7,321.7,49.61,0.3286,0.006624
Dortmund,Szczecin,DE-PL,163,218,524.8,0,198.9,243.9,15.74,0.3283,0.02085
Swansea,Cork,GB-IE,31,174,313.1,264.9,122.7,167.7,41.18,0.3277,0.007959
Nottingham,Düsseldorf,GB-DE,41,160,574.6,166.2,216.8,261.8,37.18,0.3274,0.008806
Wolverhampton,Cork,GB-IE,25,174,438.8,256.4,168,213,43.94,0.3271,0.007446
Nantes,Bilbao,FR-ES,188,245,452.6,342.5,172.9,217.9,54.68,0.3268,0.005977
Alicante,Montpellier,ES-FR,12,191,690.2,414.1,258.5,303.5,70.4,0.3259,0.00463
Leipzig,Köln,DE-DE,141,142,380.8,0,147.1,192.1,11.43,0.3259,0.02853
Stuttgart,Berlin,DE-DE,128,170,511.9,0,194.3,239.3,15.36,0.3256,0.02121
Rennes,Bilbao,FR-ES,181,245,547.8,379.2,207.2,252.2,61.94,0.3256,0.005256
Cardiff,Essen,GB-DE,63,158,705.4,240.5,264,309,50.02,0.3245,0.006487
Wrocław,Trieste,PL-IT,217,256,652.1,4.001,244.8,289.8,20.04,0.3242,0.01618
Birmingham,Bonn,GB-DE,67,167,650.3,174.1,244.1,289.1,40.4,0.3242,0.008024
Ostrava,Novi Sad,CZ-RS,215,280,522.8,0,198.2,243.2,15.68,0.3238,0.02065
Munich,Dortmund,DE-DE,136,163,477.3,0,181.8,226.8,14.32,0.3233,0.02258
Lisbon,Zaragoza,PT-ES,0,229,774.1,10,288.7,333.7,24.42,0.3225,0.01321
Eindhoven,Stuttgart,NL-DE,101,128,396.1,0,152.6,197.6,11.88,0.3225,0.02714
Preston,Bochum,GB-DE,37,168,715.4,216.4,267.5,312.5,47.43,0.3216,0.00678
Nottingham,Kiel,GB-DE,41,144,758.5,578.4,283.1,328.1,92.16,0.3208,0.003481
Cardiff,Dortmund,GB-DE,63,163,736.3,240.1,275.1,320.1,50.9,0.3208,0.006301
Dortmund,Ljubljana,DE-SI,163,281,796.2,0,296.6,341.6,23.89,0.3207,0.01342
Katowice,Belgrade,PL-RS,223,314,616.2,0,231.8,276.8,18.49,0.3203,0.01733
Leeds,Bonn,GB-DE,51,167,679,214.3,254.4,299.4,46.09,0.32,0.006944
Antwerp,Mannheim,BE-DE,122,137,346.8,0,134.8,179.8,10.4,0.3197,0.03073
Bari,Thessaloníki,IT-GR,277,308,512.6,222.3,194.5,239.5,42.05,0.3197,0.007603
Milan,Zagreb,IT-HR,267,278,529,60.12,200.5,245.5,23.09,0.3196,0.01384
Brighton,Mannheim,GB-DE,65,137,630.5,114.1,237,282,32.61,0.3194,0.009794
Linz,Genoa,AT-IT,111,270,596.6,0,224.8,269.8,17.9,0.3192,0.01783
Hamburg,Ostrava,DE-CZ,152,215,704.4,0,263.6,308.6,21.13,0.319,0.01509
Preston,Bielefeld,GB-DE,37,169,777,296.4,289.7,334.7,58.88,0.3188,0.005415
Hannover,Szczecin,DE-PL,150,218,344,0,133.8,178.8,10.32,0.3187,0.03088
Århus,Bremen,DK-DE,22,165,354.3,100.1,137.5,182.5,22.64,0.3183,0.01406
Milton Keynes,Wiesbaden,GB-DE,45,126,664.9,150.2,249.4,294.4,37.97,0.3182,0.00838
Nottingham,Cork,GB-IE,41,174,509.8,250.9,193.5,238.5,45.4,0.3182,0.007008
Groningen,Gdynia,NL-PL,99,225,796.7,106.1,296.8,341.8,36.63,0.3178,0.008676
Eindhoven,Karlsruhe,NL-DE,101,146,341.2,0,132.8,177.8,10.24,0.3177,0.03104
Messina,Naples,IT-IT,17,266,315.4,297.4,123.6,168.6,45.15,0.3175,0.007034
Nuremberg,Duisburg,DE-DE,134,161,376.3,0,145.5,190.5,11.29,0.3164,0.02803
Trieste,Novi Sad,IT-RS,256,280,474.7,2.003,180.9,225.9,14.48,0.3162,0.02184
Zürich,Montpellier,CH-FR,72,191,554,0,209.4,254.4,16.62,0.3158,0.019
Elche,Toulouse,ES-FR,8,176,620.7,74.08,233.4,278.4,27.51,0.3157,0.01148
Dortmund,Strasbourg,DE-FR,163,178,326.5,0,127.5,172.5,9.796,0.3157,0.03222
Tilburg,Bielefeld,NL-DE,91,169,242.6,0,97.33,142.3,7.277,0.3156,0.04337
Graz,Köln,AT-DE,114,142,753.3,0,281.2,326.2,22.6,0.3155,0.01396
Gent,Düsseldorf,BE-DE,118,160,214.5,0,87.23,132.2,6.436,0.3154,0.049
Messina,Bologna,IT-IT,17,276,783.6,366.7,292.1,337.1,67.52,0.315,0.004666
Köln,Erfurt,DE-DE,142,159,286.2,0,113,158,8.585,0.3143,0.03661
Stockholm,Bydgoszcz,SE-PL,80,227,690.1,472.1,258.4,303.4,77.35,0.3139,0.004058
Hamburg,Poznań,DE-PL,152,219,481.3,0,183.3,228.3,14.44,0.3137,0.02172
Magdeburg,Lille,DE-FR,139,196,617.6,0,232.4,277.4,18.53,0.3136,0.01692
Bari,Plovdiv,IT-BG,277,306,664.6,222.2,249.3,294.3,46.6,0.3128,0.006713
Munich,Essen,DE-DE,136,158,493.3,0,187.6,232.6,14.8,0.3123,0.0211
Manchester,Aachen,GB-DE,46,282,642.1,150,241.2,286.2,37.27,0.3122,0.008378
Toulouse,Bologna,FR-IT,176,276,796.5,62.04,296.7,341.7,31.34,0.3116,0.009943
Gothenburg,Espoo,SE-FI,85,291,777.1,402.6,289.8,334.8,71.62,0.3115,0.004349
Linz,Wiesbaden,AT-DE,111,126,481.4,0,183.3,228.3,14.44,0.3113,0.02156
Amsterdam,Augsburg,NL-DE,106,171,615.8,0,231.7,276.7,18.47,0.311,0.01684
Gothenburg,Poznań,SE-PL,85,219,668.4,158.1,250.6,295.6,39.02,0.3108,0.007964
Sheffield,Cork,GB-IE,35,174,500.4,174.1,190.1,235.1,35.91,0.3106,0.00865
Stockholm,Gdynia,SE-PL,80,225,535.6,407.2,202.8,247.8,64.94,0.3106,0.004783
Bielefeld,Bydgoszcz,DE-PL,169,227,651,0,244.4,289.4,19.53,0.3105,0.0159
Karlsruhe,Hannover,DE-DE,146,150,385.3,0,148.7,193.7,11.56,0.3103,0.02685
Zürich,Tilburg,CH-NL,72,91,528.5,0,200.2,245.2,15.85,0.3095,0.01952
Sheffield,Bonn,GB-DE,35,167,654.7,196.2,245.7,290.7,43.18,0.3095,0.007167
Milton Keynes,Eindhoven,GB-NL,45,101,434.2,190.1,166.3,211.3,35.84,0.3085,0.008606
Bielefeld,Strasbourg,DE-FR,169,178,387.6,0,149.5,194.5,11.63,0.3081,0.0265
Wiesbaden,Genoa,DE-IT,126,270,633.9,0,238.2,283.2,19.02,0.3078,0.01618
Łódź,Trieste,PL-IT,221,256,798.2,4.001,297.3,342.3,24.43,0.3077,0.0126
Brussels,Bonn,BE-DE,120,167,193.5,0,79.65,124.7,5.805,0.3076,0.053
Århus,Bonn,DK-DE,22,167,637.1,100.2,239.4,284.4,31.13,0.3075,0.009876
Rotterdam,Lübeck,NL-DE,94,140,469.1,0,178.9,223.9,14.07,0.3074,0.02185
Graz,Aachen,AT-DE,114,282,797.7,0,297.2,342.2,23.93,0.3074,0.01285
Leipzig,Bydgoszcz,DE-PL,141,227,431.9,0,165.5,210.5,12.96,0.3068,0.02368
Nuremberg,Ljubljana,DE-SI,134,281,456.9,0,174.5,219.5,13.71,0.3064,0.02235
Graz,Verona,AT-IT,114,254,386.9,0,149.3,194.3,11.61,0.3063,0.02639
Nottingham,Köln,GB-DE,41,142,598.5,176.2,225.5,270.5,39.1,0.3063,0.007834
Coventry,Rotterdam,GB-NL,60,94,412.1,166,158.3,203.3,32.28,0.3062,0.009485
Reading,Eindhoven,GB-NL,36,101,446.8,216.4,170.8,215.8,39.37,0.3057,0.007766
Messina,Florence,IT-IT,17,272,718.3,386.2,268.6,313.6,67.89,0.3057,0.004502
Nantes,Pamplona,FR-ES,188,235,489.4,334.9,186.2,231.2,54.87,0.3056,0.005569
Geneva,Graz,CH-AT,75,114,715.8,0,267.7,312.7,21.48,0.3052,0.01421
Bremen,Ostrava,DE-CZ,165,215,748.1,0,279.3,324.3,22.44,0.305,0.01359
Antwerp,Lübeck,BE-DE,122,140,516.9,0,196.1,241.1,15.51,0.3048,0.01966
Leeds,Cork,GB-IE,51,174,510.3,150.1,193.7,238.7,33.32,0.3045,0.009139
Poznań,Trieste,PL-IT,219,256,785.6,6.012,292.8,337.8,24.29,0.3045,0.01254
Amsterdam,Halle (Saale),NL-DE,106,153,495.9,0,188.5,233.5,14.88,0.304,0.02043
Dresden,Bochum,DE-DE,162,168,456.1,0,174.2,219.2,13.68,0.3038,0.0222
Braunschweig,Strasbourg,DE-FR,166,178,454.3,0,173.5,218.5,13.63,0.3034,0.02226
Nuremberg,Gdynia,DE-PL,134,225,759.3,0,283.3,328.3,22.78,0.3031,0.01331
Freiburg,Brno,DE-CZ,156,216,657.2,0,246.6,291.6,19.72,0.3029,0.01536
Cardiff,Düsseldorf,GB-DE,63,160,691.7,150.4,259,304,38.79,0.3028,0.007805
Bochum,Szczecin,DE-PL,168,218,541.9,0,205.1,250.1,16.26,0.3028,0.01863
Lyon,Bilbao,FR-ES,194,245,675.2,94.17,253.1,298.1,31.56,0.3027,0.009591
Stuttgart,Szczecin,DE-PL,128,218,638.2,0,239.8,284.8,19.15,0.3022,0.01578
Utrecht,Halle (Saale),NL-DE,90,153,476.3,0,181.5,226.5,14.29,0.3018,0.02112
Glasgow,Belfast,GB-GB,54,68,176.3,118.2,73.46,118.5,19.47,0.3004,0.01543
Braunschweig,Ostrava,DE-CZ,166,215,605.4,0,227.9,272.9,18.16,0.3002,0.01653
Nice,Zaragoza,FR-ES,187,229,703.2,204.3,263.1,308.1,45.62,0.3002,0.006581
Wiesbaden,Lille,DE-FR,126,196,373,0,144.3,189.3,11.19,0.3002,0.02682
Cardiff,Köln,GB-DE,63,142,707.7,122.3,264.8,309.8,35.91,0.2996,0.008342
Palermo,Genoa,IT-IT,16,270,790.5,772.5,294.6,339.6,116.4,0.2993,0.002571
Geneva,Hannover,CH-DE,75,150,733.3,0,274,319,22,0.2986,0.01357
Zürich,Braunschweig,CH-DE,72,166,562.9,4.006,212.6,257.6,17.37,0.2981,0.01716
Plymouth,Oviedo,GB-ES,38,236,790.2,738.2,294.5,339.5,112.3,0.298,0.002654
Bremen,Poznań,DE-PL,165,219,551.5,0,208.6,253.6,16.55,0.2976,0.01799
Rotterdam,Wuppertal,NL-DE,94,124,198.7,0,81.53,126.5,5.961,0.2974,0.04989
Magdeburg,Bratislava,DE-SK,139,212,589.9,0,222.4,267.4,17.7,0.2971,0.01679
Edinburgh,Belfast,GB-GB,56,68,229.3,60.34,92.54,137.5,14.12,0.297,0.02103
Amsterdam,Stuttgart,NL-DE,106,128,501,0,190.3,235.3,15.03,0.2959,0.01969
Munich,Hamburg,DE-DE,136,152,612.1,0,230.3,275.3,18.36,0.2942,0.01602
Plymouth,Gijón,GB-ES,38,242,768.7,728.7,286.7,331.7,110.5,0.2941,0.002661
Amsterdam,Lille,NL-FR,106,196,231.4,16.1,93.31,138.3,8.874,0.294,0.03313
Cardiff,Bochum,GB-DE,63,168,719.3,240.5,269,314,50.43,0.294,0.005829
Swindon,Amsterdam,GB-NL,30,106,465.8,228.9,177.7,222.7,41.44,0.2938,0.007091
Magdeburg,Gdynia,DE-PL,139,225,529.3,0,200.5,245.5,15.88,0.2934,0.01848
Preston,Cork,GB-IE,37,174,439.2,220.6,168.1,213.1,39.65,0.2927,0.007383
Dresden,Gdańsk,DE-PL,162,226,494,0,187.8,232.8,14.82,0.2927,0.01975
London,Geneva,GB-CH,48,75,746.9,108.1,278.9,323.9,35.38,0.2925,0.008268
Murcia,Toulouse,ES-FR,4,176,661,0,248,293,19.83,0.2924,0.01475
Erfurt,Bydgoszcz,DE-PL,159,227,532.9,0,201.8,246.8,15.99,0.2923,0.01828
Hamburg,Szczecin,DE-PL,152,218,301.9,0,118.7,163.7,9.058,0.2922,0.03226
Linz,Mainz,AT-DE,111,138,474.8,0,180.9,225.9,14.24,0.2921,0.02051
Leicester,Rotterdam,GB-NL,50,94,389.8,166.8,150.3,195.3,31.71,0.2916,0.009197
Milton Keynes,Aachen,GB-DE,45,282,494.6,174.2,188,233,35.74,0.2914,0.008152
Nuremberg,Düsseldorf,DE-DE,134,160,362.9,0,140.6,185.6,10.89,0.2909,0.02672
Stoke-on-Trent,The Hague,GB-NL,32,93,450.3,174.1,172.1,217.1,34.4,0.2909,0.008456
Tilburg,Mannheim,NL-DE,91,137,331.2,0,129.2,174.2,9.936,0.2907,0.02925
Amsterdam,Brussels,NL-BE,106,120,173.5,0,72.45,117.5,5.204,0.2907,0.05585
Graz,Novi Sad,AT-RS,114,280,394,0,151.9,196.9,11.82,0.2904,0.02456
Nuremberg,Dortmund,DE-DE,134,163,343.1,0,133.5,178.5,10.29,0.2902,0.02819
Edinburgh,Rotterdam,GB-NL,56,94,672.5,490.4,252.1,297.1,79.02,0.2897,0.003666
Freiburg,Ljubljana,DE-SI,156,281,548.5,8.007,207.5,252.5,17.42,0.2889,0.01659
Stoke-on-Trent,Rotterdam,GB-NL,32,94,467.1,160.4,178.1,223.1,33.26,0.2879,0.008659
Halle (Saale),Zagreb,DE-HR,153,278,695,0,260.2,305.2,20.85,0.2869,0.01376
Zürich,Ljubljana,CH-SI,72,281,476.9,0,181.7,226.7,14.31,0.2866,0.02003
Edinburgh,The Hague,GB-NL,56,93,651.7,491.3,244.6,289.6,78.5,0.2864,0.003648
Amsterdam,Karlsruhe,NL-DE,106,146,448.5,0,171.5,216.5,13.46,0.2862,0.02127
Utrecht,Paris,NL-FR,90,184,409.9,0,157.6,202.6,12.3,0.2861,0.02326
Antwerp,Wuppertal,BE-DE,122,124,191.3,0,78.88,123.9,5.74,0.2859,0.04981
Zagreb,Craiova,HR-RO,278,293,636.2,0,239,284,19.09,0.2849,0.01493
Hamburg,Dortmund,DE-DE,152,163,283.6,0,112.1,157.1,8.508,0.2848,0.03348
Zürich,Genoa,CH-IT,72,270,330.8,0,129.1,174.1,9.923,0.2847,0.02869
Amsterdam,Bochum,NL-DE,106,168,187.9,0,77.63,122.6,5.636,0.2844,0.05047
Eindhoven,Braunschweig,NL-DE,101,166,358.6,0,139.1,184.1,10.76,0.2842,0.02642
Geneva,Pamplona,CH-ES,75,235,722.8,0,270.2,315.2,21.68,0.2841,0.0131
Charleroi,Erfurt,BE-DE,119,159,468.3,0,178.6,223.6,14.05,0.2841,0.02022
Halle (Saale),Gdynia,DE-PL,153,225,553.1,0,209.1,254.1,16.59,0.2839,0.01711
Zürich,Halle (Saale),CH-DE,72,153,520.3,0,197.3,242.3,15.61,0.2839,0.01819
Graz,Brescia,AT-IT,114,274,436.1,0,167,212,13.08,0.2828,0.02162
The Hague,Halle (Saale),NL-DE,93,153,532.3,0,201.6,246.6,15.97,0.2827,0.0177
Dresden,Zagreb,DE-HR,162,278,605.2,0,227.9,272.9,18.16,0.2826,0.01557
Nuremberg,Karlsruhe,DE-DE,134,146,200.3,0,82.1,127.1,6.009,0.2826,0.04704
Geneva,Ljubljana,CH-SI,75,281,644.1,0,241.9,286.9,19.32,0.2824,0.01462
Poznań,Łódź,PL-PL,219,221,187.7,0,77.55,122.6,5.63,0.2821,0.0501
Craiova,Debrecen,RO-HU,293,301,395.1,0,152.2,197.2,11.85,0.2813,0.02373
Copenhagen,Poznań,DK-PL,21,219,461.7,234.9,176.2,221.2,42.03,0.2811,0.006688
Brussels,Karlsruhe,BE-DE,120,146,355.1,0,137.9,182.9,10.65,0.281,0.02638
Graz,Duisburg,AT-DE,114,161,794.3,0,295.9,340.9,23.83,0.2808,0.01179
Münster,Bydgoszcz,DE-PL,135,227,713.2,0,266.7,311.7,21.4,0.2805,0.01311
Prague,Kraków,CZ-PL,213,222,393.6,0,151.7,196.7,11.81,0.2798,0.0237
Lübeck,Kraków,DE-PL,140,222,761.2,0,284,329,22.84,0.2792,0.01223
Mainz,Brno,DE-CZ,138,216,606.3,0,228.3,273.3,18.19,0.2789,0.01533
Århus,Berlin,DK-DE,22,170,453.9,196.8,173.4,218.4,37.24,0.2785,0.007479
Nuremberg,Essen,DE-DE,134,158,363.8,0,141,186,10.91,0.2783,0.0255
Malmö,Łódź,SE-PL,82,221,602.5,188.2,226.9,271.9,40.65,0.2781,0.006841
Manchester,Bonn,GB-DE,46,167,706,174,264.2,309.2,42.06,0.2781,0.006612
Wiesbaden,Brno,DE-CZ,126,216,610,0,229.6,274.6,18.3,0.2772,0.01515
Charleroi,Leipzig,BE-DE,119,141,565.4,0,213.5,258.5,16.96,0.2764,0.0163
Brighton,Amsterdam,GB-NL,65,106,387.4,228.8,149.5,194.5,39.08,0.2761,0.007065
Alicante,Toulouse,ES-FR,12,176,606.7,120.1,228.4,273.4,32.62,0.2761,0.008464
The Hague,Augsburg,NL-DE,93,171,624.2,0,234.7,279.7,18.73,0.2759,0.01473
Graz,Munich,AT-DE,114,136,313.3,0,122.8,167.8,9.4,0.2755,0.02931
Reading,Aachen,GB-DE,36,282,498,92.37,189.3,234.3,26.02,0.2749,0.01056
Tilburg,Braunschweig,NL-DE,91,166,381,0,147.2,192.2,11.43,0.2749,0.02405
Nottingham,Lübeck,GB-DE,41,140,790.2,480.1,294.5,339.5,81.32,0.2745,0.003375
Cardiff,Münster,GB-DE,63,135,745.6,244.5,278.4,323.4,51.71,0.2741,0.005301
Graz,Frankfurt am Main,AT-DE,114,157,601.2,0,226.4,271.4,18.04,0.274,0.01519
Kraków,Novi Sad,PL-RS,222,280,534.9,0,202.6,247.6,16.05,0.2735,0.01704
Charleroi,Bielefeld,BE-DE,119,169,337,8.024,131.3,176.3,11.07,0.2732,0.02468
Southampton,Wuppertal,GB-DE,34,124,598.4,84.05,225.4,270.4,28.04,0.2732,0.009745
Bonn,Bydgoszcz,DE-PL,167,227,793,0,295.5,340.5,23.79,0.2732,0.01148
Graz,Düsseldorf,AT-DE,114,160,780.6,0,291,336,23.42,0.2731,0.01166
Linz,Zagreb,AT-HR,111,278,305.3,0,119.9,164.9,9.158,0.2721,0.02971
Newcastle upon Tyne,The Hague,GB-NL,44,93,506.2,468.1,192.2,237.2,71.36,0.2719,0.00381
Vienna,Trieste,AT-IT,109,256,346.1,4.001,134.6,179.6,10.86,0.2714,0.02499
Hamburg,Bydgoszcz,DE-PL,152,227,534,0,202.2,247.2,16.02,0.2713,0.01694
Derby,The Hague,GB-NL,59,93,402,174.9,154.7,199.7,33.04,0.2709,0.008199
Bratislava,Genoa,SK-IT,212,270,752.2,0,280.8,325.8,22.57,0.2708,0.012
Preston,Münster,GB-DE,37,135,721.1,300.4,269.6,314.6,57.68,0.2708,0.004694
Poznań,Katowice,PL-PL,219,223,279.5,0,110.6,155.6,8.384,0.2707,0.03229
Graz,Mannheim,AT-DE,114,137,581.9,0,219.5,264.5,17.46,0.2706,0.0155
Munich,Bydgoszcz,DE-PL,136,227,715.8,0,267.7,312.7,21.47,0.2706,0.0126
Vienna,Zagreb,AT-HR,109,278,267.9,0,106.4,151.4,8.036,0.2704,0.03365
Århus,Erfurt,DK-DE,22,159,578.5,122.1,218.3,263.3,32.01,0.2703,0.008444
Zürich,Turin,CH-IT,72,258,263.8,0,105,150,7.914,0.2702,0.03414
Łódź,Belgrade,PL-RS,221,314,778.1,0,290.1,335.1,23.34,0.2697,0.01156
Charleroi,Münster,BE-DE,119,135,280.9,0,111.1,156.1,8.426,0.2697,0.03201
Zagreb,Braşov,HR-RO,278,296,747.1,8.012,278.9,323.9,23.37,0.269,0.01151
Florence,Zagreb,IT-HR,272,278,436.5,170.2,167.1,212.1,33.52,0.2689,0.008024
Freiburg,Lyon,DE-FR,156,194,338.4,0,131.8,176.8,10.15,0.2685,0.02645
The Hague,Stuttgart,NL-DE,93,128,503.4,0,191.2,236.2,15.1,0.2684,0.01777
Gothenburg,Tampere,SE-FI,85,286,785.7,138.3,292.9,337.9,40.17,0.2681,0.006675
Utrecht,Bochum,NL-DE,90,168,159.2,0,67.3,112.3,4.775,0.268,0.05613
Graz,Berlin,AT-DE,114,170,624,0,234.6,279.6,18.72,0.2678,0.01431
Leicester,Bonn,GB-DE,50,167,605,146.2,227.8,272.8,35.7,0.2675,0.007493
Liverpool,Amsterdam,GB-NL,49,106,539.9,232.8,204.4,249.4,44.14,0.2674,0.006058
Edinburgh,Brussels,GB-BE,56,120,755.5,326.6,282,327,61.86,0.2672,0.004319
Braunschweig,Poznań,DE-PL,166,219,435.2,0,166.7,211.7,13.06,0.2671,0.02046
Bordeaux,Milan,FR-IT,204,267,768.8,0,286.8,331.8,23.06,0.267,0.01158
Eindhoven,Lille,NL-FR,101,196,191.7,0,79,124,5.75,0.2666,0.04636
Augsburg,Bydgoszcz,DE-PL,171,227,726.9,0,271.7,316.7,21.81,0.2663,0.01221
Zürich,Karlsruhe,CH-DE,72,146,183,0,75.87,120.9,5.489,0.2662,0.0485
Munich,Bochum,DE-DE,136,168,485.7,0,184.9,229.9,14.57,0.2661,0.01826
Derby,Rotterdam,GB-NL,59,94,418.8,164.3,160.8,205.8,32.28,0.2659,0.008236
London,Gent,GB-BE,48,118,272,104,107.9,152.9,20.64,0.2658,0.01288
Graz,Dortmund,AT-DE,114,163,760.3,0,283.7,328.7,22.81,0.2658,0.01165
Munich,Nice,DE-FR,136,187,595,0,224.2,269.2,17.85,0.2656,0.01488
Catania,Rome,IT-IT,18,260,535.9,397.4,202.9,247.9,63.77,0.2656,0.004164
Munich,Debrecen,DE-HU,136,301,752.6,0,280.9,325.9,22.58,0.2655,0.01176
Graz,Stuttgart,AT-DE,114,128,504.1,0,191.5,236.5,15.12,0.2651,0.01753
Newcastle upon Tyne,Rotterdam,GB-NL,44,94,526.8,462.7,199.7,244.7,71.33,0.2648,0.003712
Nuremberg,Hamburg,DE-DE,134,152,461.6,0,176.2,221.2,13.85,0.2646,0.0191
Gent,Kiel,BE-DE,118,144,564.8,8.012,213.3,258.3,17.91,0.2643,0.01476
Lisbon,Valencia,PT-ES,0,1,761.1,8.011,284,329,23.79,0.2642,0.0111
Wuppertal,Bydgoszcz,DE-PL,124,227,768,0,286.5,331.5,23.04,0.2636,0.01144
Reading,Karlsruhe,GB-DE,36,146,719.6,46.1,269,314,27.12,0.2632,0.009705
Eindhoven,Halle (Saale),NL-DE,101,153,450.3,0,172.1,217.1,13.51,0.2628,0.01945
Coventry,Mannheim,GB-DE,60,137,769.8,146.3,287.1,332.1,40.66,0.2625,0.006456
Graz,Essen,AT-DE,114,158,781.7,0,291.4,336.4,23.45,0.2619,0.01117
Mainz,Genoa,DE-IT,138,270,622.2,0,234,279,18.66,0.2616,0.01402
Sheffield,Brussels,GB-BE,35,120,486.5,142.1,185.1,230.1,31.65,0.2615,0.008261
Preston,Amsterdam,GB-NL,37,106,530.1,300,200.8,245.8,51.91,0.2611,0.005029
Bari,Belgrade,IT-RS,277,314,503.2,200.5,191.2,236.2,39.15,0.2607,0.006659
Vienna,Wrocław,AT-PL,109,217,325.3,0,127.1,172.1,9.759,0.2602,0.02666
Bielefeld,Szczecin,DE-PL,169,218,433.9,0,166.2,211.2,13.02,0.2592,0.01992
Katowice,Novi Sad,PL-RS,223,280,560.2,0,211.7,256.7,16.81,0.2579,0.01535
Nuremberg,Bydgoszcz,DE-PL,134,227,631,0,237.1,282.1,18.93,0.2575,0.0136
Bonn,Lille,DE-FR,167,196,284.8,0,112.5,157.5,8.545,0.2575,0.03013
Coventry,Bonn,GB-DE,60,167,622.8,174.2,234.2,279.2,39.59,0.2571,0.006494
Antwerp,Stuttgart,BE-DE,122,128,435.8,0,166.9,211.9,13.07,0.2567,0.01963
Zürich,Dresden,CH-DE,72,162,556.4,0,210.3,255.3,16.69,0.2567,0.01538
Geneva,Genoa,CH-IT,75,270,296.4,0,116.7,161.7,8.891,0.2564,0.02884
The Hague,Karlsruhe,NL-DE,93,146,447.6,8.029,171.1,216.1,14.39,0.256,0.01779
Turin,Zagreb,IT-HR,258,278,651.8,94.26,244.7,289.7,30.87,0.256,0.008293
Gothenburg,Turku,SE-FI,85,285,662,250,248.3,293.3,49.86,0.2558,0.00513
Århus,Nuremberg,DK-DE,22,134,747.5,134.3,279.1,324.1,38.54,0.2548,0.006612
Bratislava,Warsaw,SK-PL,212,309,532.1,0,201.5,246.5,15.96,0.2547,0.01595
Amsterdam,Paris,NL-FR,106,184,430.5,0,165,210,12.92,0.2543,0.01969
Bonn,Ljubljana,DE-SI,167,281,754.6,0,281.7,326.7,22.64,0.2539,0.01121
Liverpool,Utrecht,GB-NL,49,90,564.2,208.1,213.1,258.1,41.9,0.2538,0.006058
Hannover,Ljubljana,DE-SI,150,281,783.1,0,291.9,336.9,23.49,0.2538,0.0108
Birmingham,Brussels,GB-BE,67,120,467.4,156.5,178.3,223.3,32.8,0.2537,0.007735
Bristol,Utrecht,GB-NL,64,90,535.5,234.7,202.8,247.8,44.23,0.2534,0.005729
Glasgow,Rotterdam,GB-NL,54,94,720.2,362.1,269.3,314.3,65.06,0.2533,0.003894
Constanţa,Debrecen,RO-HU,294,301,658,0,246.9,291.9,19.74,0.253,0.01282
Preston,Utrecht,GB-NL,37,90,556.3,262.1,210.3,255.3,48.14,0.2529,0.005254
Mannheim,Leipzig,DE-DE,137,141,344.7,0,134.1,179.1,10.34,0.2529,0.02445
Magdeburg,Brno,DE-CZ,139,216,479,0,182.4,227.4,14.37,0.2528,0.0176
Frankfurt am Main,Strasbourg,DE-FR,157,178,183.4,0,76.01,121,5.501,0.2527,0.04593
Padua,Zagreb,IT-HR,265,278,321.5,110.5,125.7,170.7,22.9,0.2526,0.01103
Plymouth,Cork,GB-IE,38,174,346.3,286.3,134.7,179.7,44.74,0.2525,0.005644
Bristol,Amsterdam,GB-NL,64,106,523.3,230.6,198.4,243.4,43.37,0.2524,0.00582
Braunschweig,Bydgoszcz,DE-PL,166,227,512.8,0,194.6,239.6,15.38,0.2519,0.01637
Malmö,Wrocław,SE-PL,82,217,567.4,184.5,214.3,259.3,39.16,0.2517,0.006428
Bratislava,Kraków,SK-PL,212,222,296.1,0,116.6,161.6,8.883,0.2516,0.02833
Glasgow,The Hague,GB-NL,54,93,699.6,362.8,261.9,306.9,64.53,0.2515,0.003897
Amsterdam,Kiel,NL-DE,106,144,409.9,40.18,157.5,202.5,17.12,0.2514,0.01469
Copenhagen,Łódź,DK-PL,21,221,628.1,234,236.1,281.1,46.93,0.2513,0.005355
Malmö,Gdańsk,SE-PL,82,226,386.3,186.2,149.1,194.1,33.93,0.2513,0.007406
Tilburg,Augsburg,NL-DE,91,171,545.5,0,206.4,251.4,16.36,0.2503,0.01529
Zagreb,Belgrade,HR-RS,278,314,368.4,0,142.6,187.6,11.05,0.2502,0.02264
Leipzig,Trieste,DE-IT,141,256,641.1,6.01,240.8,285.8,19.95,0.25,0.01253
Gasteiz / Vitoria,Vigo,ES-ES,230,231,500.3,2.001,190.1,235.1,15.25,0.2493,0.01635
Geneva,Verona,CH-IT,75,254,385.1,0,148.6,193.6,11.55,0.249,0.02156
Wolverhampton,London,GB-GB,25,48,181.6,0,75.39,120.4,5.449,0.2489,0.04567
Liverpool,Wuppertal,GB-DE,49,124,727.8,166.4,272,317,41.8,0.2489,0.005953
Mannheim,Erfurt,DE-DE,137,159,246.5,0,98.73,143.7,7.394,0.2478,0.03351
Wolverhampton,Rotterdam,GB-NL,25,94,455.2,166.5,173.9,218.9,33.63,0.2477,0.007366
Budapest,Wrocław,HU-PL,211,217,426.4,0,163.5,208.5,12.79,0.2477,0.01936
Bielefeld,Ljubljana,DE-SI,169,281,794.4,0,296,341,23.83,0.2472,0.01037
Sheffield,Wiesbaden,GB-DE,35,126,761.7,190.4,284.2,329.2,45.7,0.247,0.005405
Leeds,Brussels,GB-BE,51,120,517.3,170.4,196.2,241.2,35.97,0.2466,0.006854
Sheffield,Eindhoven,GB-NL,35,101,517.8,192.7,196.4,241.4,38.66,0.2453,0.006346
Birmingham,Wiesbaden,GB-DE,67,126,753.3,156.3,281.2,326.2,41.35,0.2453,0.005932
Magdeburg,Zagreb,DE-HR,139,278,770.4,0,287.3,332.3,23.11,0.2453,0.01061
Münster,Strasbourg,DE-FR,135,178,375.8,0,145.3,190.3,11.27,0.2452,0.02176
Zürich,Szczecin,CH-PL,72,218,796.5,0,296.7,341.7,23.9,0.245,0.01025
Nantes,Gasteiz / Vitoria,FR-ES,188,230,493.5,351.1,187.7,232.7,56.93,0.245,0.004302
Catania,Naples,IT-IT,18,266,379.9,293.5,146.8,191.8,46.62,0.2449,0.005254
Münster,Szczecin,DE-PL,135,218,494.2,0,187.9,232.9,14.83,0.2436,0.01643
Bremen,Bydgoszcz,DE-PL,165,227,613.9,0,231,276,18.42,0.2434,0.01322
Verona,Zagreb,IT-HR,254,278,389.8,78.35,150.3,195.3,21.1,0.243,0.01152
Wolverhampton,The Hague,GB-NL,25,93,439.9,178.8,168.3,213.3,34.65,0.2425,0.007
Glasgow,Brussels,GB-BE,54,120,797.1,188.3,297,342,46.51,0.2424,0.005212
Zürich,Bonn,CH-DE,72,167,389.2,0,150.1,195.1,11.67,0.2418,0.02071
Lübeck,Gdańsk,DE-PL,140,226,521.5,86.25,197.7,242.7,25.99,0.2412,0.009278
Graz,Hannover,AT-DE,114,150,718,0,268.5,313.5,21.54,0.2408,0.01118
Birmingham,Eindhoven,GB-NL,67,101,518.3,178.1,196.6,241.6,36.92,0.2408,0.006521
Groningen,Linz,NL-AT,99,111,769.4,0,287,332,23.08,0.2406,0.01043
Craiova,Lublin,RO-PL,293,312,776.4,0,289.5,334.5,23.29,0.2405,0.01033
Copenhagen,Wrocław,DK-PL,21,217,588.1,242.1,221.7,266.7,46.69,0.2404,0.005149
Graz,Naples,AT-IT,114,266,697.4,258.5,261.1,306.1,51.95,0.2402,0.004623
Tilburg,Dortmund,NL-DE,91,163,164.3,0,69.15,114.2,4.929,0.2395,0.0486
Antwerp,Magdeburg,BE-DE,122,139,508.6,0,193.1,238.1,15.26,0.2389,0.01566
Leicester,Mannheim,GB-DE,50,137,755.8,128.3,282.1,327.1,38.07,0.2389,0.006276
Düsseldorf,Berlin,DE-DE,160,170,477.5,0,181.9,226.9,14.32,0.2389,0.01668
Dresden,Ostrava,DE-CZ,162,215,349,0,135.6,180.6,10.47,0.2389,0.02282
Linz,Wrocław,AT-PL,111,217,368.2,0,142.6,187.6,11.05,0.2389,0.02162
Charleroi,Dortmund,BE-DE,119,163,244.6,2.005,98.05,143.1,7.578,0.2381,0.03142
Köln,Trieste,DE-IT,142,256,774.1,10,288.7,333.7,24.42,0.238,0.009743
Leipzig,Debrecen,DE-HU,141,301,790.9,0,294.7,339.7,23.73,0.2379,0.01003
Geneva,Nuremberg,CH-DE,75,134,515.8,0,195.7,240.7,15.48,0.2379,0.01537
Graz,Bochum,AT-DE,114,168,771.9,0,287.9,332.9,23.16,0.2371,0.01024
Tilburg,Halle (Saale),NL-DE,91,153,476.5,0,181.5,226.5,14.3,0.2367,0.01656
Rotterdam,Magdeburg,NL-DE,94,139,489.7,0,186.3,231.3,14.69,0.2364,0.01609
Wuppertal,Ljubljana,DE-SI,124,281,791.1,0,294.8,339.8,23.73,0.2352,0.009911
Vienna,Lübeck,AT-DE,109,140,743.9,0,277.8,322.8,22.32,0.2351,0.01054
Wiesbaden,Ljubljana,DE-SI,126,281,645.9,0,242.5,287.5,19.38,0.2347,0.01211
Rotterdam,Paris,NL-FR,94,184,373.2,0,144.3,189.3,11.19,0.2347,0.02096
Brescia,Zagreb,IT-HR,274,278,448.8,48.08,171.6,216.6,19.23,0.2346,0.0122
Edinburgh,Bergen,GB-NO,56,252,701.5,675.4,262.5,307.5,102.1,0.2342,0.002294
Bremen,Szczecin,DE-PL,165,218,384.2,0,148.3,193.3,11.52,0.234,0.0203
Malmö,Oslo,SE-NO,82,249,497.2,150.3,189,234,32.96,0.2339,0.007097
Groningen,Bydgoszcz,NL-PL,99,227,761.8,0,284.3,329.3,22.86,0.2336,0.01022
Copenhagen,Gdańsk,DK-PL,21,226,414.7,218.4,159.3,204.3,38.64,0.2331,0.006033
London,Mainz,GB-DE,48,138,614.9,66.1,231.4,276.4,26.38,0.233,0.008832
Mainz,Bydgoszcz,DE-PL,138,227,757,0,282.5,327.5,22.71,0.2329,0.01025
Berlin,Ljubljana,DE-SI,170,281,724.1,0,270.7,315.7,21.72,0.2328,0.01072
Milton Keynes,Tilburg,GB-NL,45,91,405.6,188.7,156,201,34.82,0.2326,0.006681
Groningen,Szczecin,NL-PL,99,218,530.7,0,201,246,15.92,0.232,0.01458
Leeds,Wiesbaden,GB-DE,51,126,786.9,212.2,293.3,338.3,49.07,0.2313,0.004713
Valencia,Nice,ES-FR,1,187,790.3,686.3,294.5,339.5,106.1,0.2313,0.002181
Debrecen,Thessaloníki,HU-GR,301,308,773.3,0,288.4,333.4,23.2,0.2312,0.009966
Tilburg,Stuttgart,NL-DE,91,128,423.9,0,162.6,207.6,12.72,0.2309,0.01816
Nice,Florence,FR-IT,187,272,319.8,233.3,125.1,170.1,37.6,0.2306,0.006134
Catania,Florence,IT-IT,18,272,769.7,416.9,287.1,332.1,73.13,0.2305,0.003152
Leeds,Eindhoven,GB-NL,51,101,541.5,218.6,204.9,249.9,42.48,0.2304,0.005425
Vigo,Valladolid,ES-ES,231,232,336.9,2.005,131.3,176.3,10.35,0.2303,0.02226
Nuremberg,Bochum,DE-DE,134,168,354.2,0,137.5,182.5,10.63,0.2301,0.02165
Graz,Augsburg,AT-DE,114,171,369.5,0,143,188,11.08,0.2299,0.02075
Århus,Gothenburg,DK-SE,22,85,202.6,150.5,82.95,128,24.14,0.2293,0.009501
Dresden,Gdynia,DE-PL,162,225,502.4,0,190.9,235.9,15.07,0.2292,0.01521
Lyon,Gasteiz / Vitoria,FR-ES,194,230,679.4,0,254.6,299.6,20.38,0.2291,0.01124
Geneva,Brescia,CH-IT,75,274,323.6,0,126.5,171.5,9.708,0.2291,0.02359
Bonn,Szczecin,DE-PL,167,218,590.7,0,222.7,267.7,17.72,0.229,0.01292
Reading,Tilburg,GB-NL,36,91,419.6,214.8,161.1,206.1,38.37,0.2288,0.005964
Geneva,Leipzig,CH-DE,75,141,730.5,0,273,318,21.92,0.2287,0.01044
Budapest,Trieste,HU-IT,211,256,451.7,2.007,172.6,217.6,13.79,0.2286,0.01657
Budapest,Katowice,HU-PL,211,223,307.1,0,120.5,165.5,9.212,0.2273,0.02468
Lisbon,Málaga,PT-ES,0,5,471.9,2.008,179.9,224.9,14.4,0.2273,0.01579
Toulouse,Gijón,FR-ES,176,242,572.3,306.2,216,261,53.91,0.2273,0.004216
Swindon,Mannheim,GB-DE,30,137,759.4,44.08,283.4,328.4,28.07,0.2272,0.008094
Halle (Saale),Ostrava,DE-CZ,153,215,480.3,0,182.9,227.9,14.41,0.227,0.01575
Wiesbaden,Bydgoszcz,DE-PL,126,227,753.3,0,281.2,326.2,22.6,0.2267,0.01003
Manchester,Brussels,GB-BE,46,120,535.7,140.5,202.9,247.9,32.93,0.2264,0.006877
Córdoba,Porto,ES-PT,9,86,489.3,0,186.2,231.2,14.68,0.2257,0.01537
Wuppertal,Szczecin,DE-PL,124,218,557.7,0,210.8,255.8,16.73,0.2255,0.01348
Nottingham,Wuppertal,GB-DE,41,124,597,166.3,224.9,269.9,37.86,0.2254,0.005952
Zürich,Lille,CH-FR,72,196,540.7,0,204.7,249.7,16.22,0.2251,0.01387
Brighton,Wiesbaden,GB-DE,65,126,598.9,102.2,225.6,270.6,30.23,0.2248,0.007439
Brno,Genoa,CZ-IT,216,270,789.2,0,294.1,339.1,23.68,0.2246,0.009486
Munich,Trieste,DE-IT,136,256,323.2,6.023,126.4,171.4,10.42,0.2245,0.02155
Brno,Warsaw,CZ-PL,216,309,458.1,0,174.9,219.9,13.74,0.2239,0.01629
Munich,Frankfurt am Main,DE-DE,136,157,304.3,0,119.6,164.6,9.13,0.2235,0.02448
Montpellier,Gijón,FR-ES,191,242,768,304.8,286.5,331.5,59.61,0.2231,0.003742
Poznań,Gdańsk,PL-PL,219,226,244.5,0,98.02,143,7.335,0.2224,0.03032
London,Groningen,GB-NL,48,99,492.4,266.2,187.3,232.3,46.72,0.2222,0.004757
Hamburg,Bochum,DE-DE,152,168,297,0,116.9,161.9,8.91,0.2221,0.02493
Bochum,Strasbourg,DE-FR,168,178,324.4,0,126.8,171.8,9.733,0.2216,0.02277
Brighton,Bonn,GB-DE,65,167,508.6,78.09,193.1,238.1,24.63,0.2216,0.008998
Dortmund,Trieste,DE-IT,163,256,799.9,6.014,298,343,24.72,0.2212,0.008947
Braunschweig,Aachen,DE-DE,166,282,349.1,0,135.7,180.7,10.47,0.2211,0.02111
Erfurt,Szczecin,DE-PL,159,218,362.9,0,140.7,185.7,10.89,0.2211,0.0203
Rotterdam,Freiburg,NL-DE,94,156,498.7,0,189.5,234.5,14.96,0.221,0.01477
Swindon,The Hague,GB-NL,30,93,421.7,220.9,161.8,206.8,39.16,0.221,0.005644
Rotterdam,Strasbourg,NL-FR,94,178,437.8,0,167.6,212.6,13.13,0.2207,0.01681
Preston,Wuppertal,GB-DE,37,124,721.9,204.5,269.9,314.9,46.2,0.2206,0.004775
Århus,Mainz,DK-DE,22,138,698.6,78.06,261.5,306.5,30.32,0.2204,0.007268
Budapest,Łódź,HU-PL,211,221,476.1,0,181.4,226.4,14.28,0.2203,0.01543
Murcia,Barcelona,ES-ES,4,246,471.4,318.9,179.7,224.7,52.41,0.2202,0.004202
Łódź,Novi Sad,PL-RS,221,280,725.4,0,271.1,316.1,21.76,0.2194,0.01008
Braunschweig,Szczecin,DE-PL,166,218,299.7,0,117.9,162.9,8.99,0.2193,0.02439
Geneva,Augsburg,CH-DE,75,171,432,0,165.5,210.5,12.96,0.2188,0.01688
Utrecht,Freiburg,NL-DE,90,156,495.2,0,188.3,233.3,14.86,0.2187,0.01472
Erfurt,Ljubljana,DE-SI,159,281,604.3,0,227.5,272.5,18.13,0.2185,0.01205
Lübeck,Katowice,DE-PL,140,223,696.2,0,260.6,305.6,20.89,0.2183,0.01045
Stuttgart,Marseille,DE-FR,128,193,676.5,0,253.5,298.5,20.29,0.2181,0.01075
Mainz,Ljubljana,DE-SI,138,281,636.3,0,239.1,284.1,19.09,0.2179,0.01141
Dresden,Berlin,DE-DE,162,170,165.4,0,69.54,114.5,4.962,0.2172,0.04378
Frankfurt am Main,Dortmund,DE-DE,157,163,177.6,0,73.93,118.9,5.328,0.2172,0.04077
Swindon,Bonn,GB-DE,30,167,625.5,92.23,235.2,280.2,29.83,0.2172,0.00728
Nice,Zagreb,FR-HR,187,278,726.4,246.1,271.5,316.5,51.33,0.2169,0.004226
Gdańsk,Oslo,PL-NO,226,249,779.8,198.4,290.7,335.7,47.21,0.2167,0.004591
Debrecen,Plovdiv,HU-BG,301,306,646.6,0,242.8,287.8,19.4,0.2166,0.01117
Graz,Nuremberg,AT-DE,114,134,418,0,160.5,205.5,12.54,0.2166,0.01727
Leicester,Aachen,GB-DE,50,282,538.2,174.1,203.8,248.8,37.04,0.2164,0.005843
Geneva,Erfurt,CH-DE,75,159,641,0,240.8,285.8,19.23,0.2163,0.01125
Berlin,Lublin,DE-PL,170,312,643.9,0,241.8,286.8,19.32,0.2157,0.01117
Linz,Magdeburg,AT-DE,111,139,465.3,0,177.5,222.5,13.96,0.2153,0.01543
Leipzig,Szczecin,DE-PL,141,218,275.5,0,109.2,154.2,8.264,0.215,0.02602
Malmö,Kraków,SE-PL,82,222,772,182.5,287.9,332.9,45.06,0.2149,0.00477
Newcastle upon Tyne,Aachen,GB-DE,44,282,695.4,440.9,260.4,305.4,73.77,0.2148,0.002912
Magdeburg,Ostrava,DE-CZ,139,215,530.7,0,201,246,15.92,0.2148,0.01349
Toulouse,Bilbao,FR-ES,176,245,354.8,32.07,137.7,182.7,14.49,0.2141,0.01478
Geneva,Bilbao,CH-ES,75,245,787,96.12,293.3,338.3,35.14,0.214,0.006088
Tilburg,Karlsruhe,NL-DE,91,146,368.1,0,142.5,187.5,11.04,0.2138,0.01936
Nottingham,Amsterdam,GB-NL,41,106,412.3,212.1,158.4,203.4,37.83,0.2137,0.005649
Mannheim,Hannover,DE-DE,137,150,332.4,0,129.7,174.7,9.973,0.2134,0.0214
Toulouse,Oviedo,FR-ES,176,236,588.5,188.2,221.9,266.9,40.23,0.213,0.005293
Groningen,Berlin,NL-DE,99,170,465.6,0,177.6,222.6,13.97,0.2124,0.01521
Košice,Sofia,SK-BG,302,305,687.9,0,257.7,302.7,20.64,0.2122,0.01028
Frankfurt am Main,Marseille,DE-FR,157,193,798.7,0,297.5,342.5,23.96,0.2118,0.008838
Rotterdam,Wiesbaden,NL-DE,94,126,333.3,0,130,175,9.998,0.2116,0.02116
Zürich,Lyon,CH-FR,72,194,335.3,0,130.7,175.7,10.06,0.211,0.02097
Coventry,Aachen,GB-DE,60,282,554.8,138.2,209.7,254.7,33.23,0.2105,0.006334
Valencia,Porto,ES-PT,1,86,722,0,269.9,314.9,21.66,0.2103,0.009708
London,Glasgow,GB-GB,48,54,555.4,12.03,209.9,254.9,18.11,0.2099,0.01159
Sheffield,London,GB-GB,35,48,227.3,0,91.85,136.8,6.82,0.2099,0.03077
Frankfurt am Main,Trieste,DE-IT,157,256,624.9,8.011,234.9,279.9,19.71,0.209,0.01061
Montpellier,Oviedo,FR-ES,191,236,784.3,152.1,292.4,337.4,41.78,0.2088,0.004997
Nuremberg,Nice,DE-FR,134,187,702.5,0,262.9,307.9,21.07,0.2085,0.009894
Derby,Mannheim,GB-DE,59,137,790,160,294.4,339.4,42.9,0.2075,0.004837
Zagreb,Novi Sad,HR-RS,278,280,307,0,120.5,165.5,9.21,0.2072,0.0225
Eindhoven,Freiburg,NL-DE,101,156,419.3,2.006,161,206,12.82,0.2071,0.01615
Nice,Milan,FR-IT,187,267,248.1,0,99.31,144.3,7.442,0.2068,0.02779
Stockholm,Malmö,SE-SE,80,82,512.8,78.12,194.6,239.6,24.76,0.2065,0.008342
Antwerp,Karlsruhe,BE-DE,122,146,376.7,0,145.6,190.6,11.3,0.2065,0.01827
Graz,Turin,AT-IT,114,258,637.8,0,239.6,284.6,19.13,0.2065,0.01079
Copenhagen,Kraków,DK-PL,21,222,795.7,234.5,296.4,341.4,52.01,0.2064,0.003968
Amsterdam,Lübeck,NL-DE,106,140,420.9,0,161.5,206.5,12.63,0.2061,0.01632
Nottingham,Utrecht,GB-NL,41,90,434.9,182.4,166.6,211.6,34.94,0.206,0.005897
Lübeck,Gdynia,DE-PL,140,225,515.1,178.4,195.4,240.4,36.86,0.2052,0.005567
Zürich,Wuppertal,CH-DE,72,124,444.3,0,169.9,214.9,13.33,0.2052,0.0154
Malmö,Gdynia,SE-PL,82,225,372.3,208.1,144,189,36.15,0.2051,0.005675
Leipzig,Košice,DE-SK,141,302,698.1,0,261.3,306.3,20.94,0.2049,0.009786
Zürich,Graz,CH-AT,72,114,521.4,0,197.7,242.7,15.64,0.2049,0.0131
Montpellier,Bilbao,FR-ES,191,245,550.4,16.01,208.1,253.1,18.43,0.2045,0.01109
Gent,Halle (Saale),BE-DE,118,153,576.6,0,217.6,262.6,17.3,0.2042,0.01181
Lübeck,Wrocław,DE-PL,140,217,527.9,0,200.1,245.1,15.84,0.2042,0.01289
Bordeaux,Genoa,FR-IT,204,270,754.9,0,281.8,326.8,22.65,0.2035,0.008986
The Hague,Lille,NL-FR,93,196,182.2,6.006,75.59,120.6,6.186,0.2035,0.0329
Newcastle upon Tyne,Bonn,GB-DE,44,167,750.2,472.1,280.1,325.1,79.16,0.2034,0.002569
Erfurt,Dortmund,DE-DE,159,163,255.5,0,102,147,7.665,0.2029,0.02647
Milton Keynes,Karlsruhe,GB-DE,45,146,729.3,100.2,272.6,317.6,33.9,0.2029,0.005984
The Hague,Kiel,NL-DE,93,144,461.8,44.17,176.2,221.2,19.15,0.2027,0.01059
Brighton,The Hague,GB-NL,65,93,337.3,210.8,131.4,176.4,35.42,0.2026,0.00572
Manchester,Eindhoven,GB-NL,46,101,569.4,180.5,215,260,38.74,0.2023,0.005223
Munich,Košice,DE-SK,136,302,716.8,0,268.1,313.1,21.51,0.2022,0.009402
Gent,Frankfurt am Main,BE-DE,118,157,365.7,0,141.7,186.7,10.97,0.2021,0.01842
Geneva,Padua,CH-IT,75,265,453.5,0,173.3,218.3,13.61,0.2021,0.01485
Munich,Hannover,DE-DE,136,150,488.5,0,185.9,230.9,14.66,0.2015,0.01375
Marseille,Bilbao,FR-ES,193,245,672.1,160,252,297,39.37,0.2008,0.005099
Graz,Bielefeld,AT-DE,114,169,743.2,0,277.6,322.6,22.3,0.2007,0.009001
Newcastle upon Tyne,Cork,GB-IE,44,174,568.1,224,214.5,259.5,43.93,0.2005,0.004564
Leipzig,Düsseldorf,DE-DE,141,160,389.1,0,150.1,195.1,11.67,0.2004,0.01717
Elche,Barcelona,ES-ES,8,246,424.8,322.6,162.9,207.9,51.46,0.2004,0.003894
Augsburg,Nice,DE-FR,171,187,589.8,0,222.3,267.3,17.69,0.1999,0.0113
Geneva,Gasteiz / Vitoria,CH-ES,75,230,791.6,0,295,340,23.75,0.1995,0.008401
Essen,Strasbourg,DE-FR,158,178,323.7,0,126.5,171.5,9.711,0.1984,0.02044
Rome,Zagreb,IT-HR,260,278,517.1,170.4,196.2,241.2,35.96,0.1982,0.005513
Szczecin,Oslo,PL-NO,218,249,757.2,228.4,282.6,327.6,50.12,0.1977,0.003945
Utrecht,Strasbourg,NL-FR,90,178,432,0,165.5,210.5,12.96,0.1975,0.01524
Dresden,Bielefeld,DE-DE,162,169,376.1,0,145.4,190.4,11.28,0.1967,0.01743
Eindhoven,Strasbourg,NL-FR,101,178,356.6,0,138.4,183.4,10.7,0.1963,0.01835
Marseille,Pamplona,FR-ES,193,235,573,178.3,216.3,261.3,38.59,0.1962,0.005083
Hamburg,Freiburg,DE-DE,152,156,635.7,0,238.8,283.8,19.07,0.1959,0.01027
Toulouse,Pamplona,FR-ES,176,235,265,0,105.4,150.4,7.951,0.1957,0.02461
Copenhagen,Gdynia,DK-PL,21,225,400.7,236.4,154.2,199.2,40.39,0.1956,0.004842
Geneva,Utrecht,CH-NL,75,90,659,0,247.2,292.2,19.77,0.1953,0.00988
Geneva,Köln,CH-DE,75,142,529.4,0,200.6,245.6,15.88,0.1947,0.01226
Swansea,London,GB-GB,31,48,264.1,14.01,105.1,150.1,9.605,0.1945,0.02025
Utrecht,Kiel,NL-DE,90,144,415.7,10.04,159.7,204.7,13.68,0.1945,0.01422
Vienna,Bari,AT-IT,109,277,789.1,220.3,294.1,339.1,50.11,0.1943,0.003877
Eindhoven,Paris,NL-FR,101,184,363.9,0,141,186,10.92,0.1943,0.01779
Plymouth,Belfast,GB-GB,38,68,485,324.7,184.6,229.6,53.52,0.194,0.003626
Berlin,Białystok,DE-PL,170,313,658.3,0,247,292,19.75,0.194,0.009825
Leipzig,Ljubljana,DE-SI,141,281,608.5,0,229.1,274.1,18.25,0.194,0.01062
Zürich,Aachen,CH-DE,72,282,419.5,0,161,206,12.59,0.1939,0.01541
Edinburgh,Antwerp,GB-BE,56,122,726,406,271.4,316.4,70.5,0.1936,0.002746
Geneva,Dortmund,CH-DE,75,163,598.6,0,225.5,270.5,17.96,0.1928,0.01073
Mannheim,Marseille,DE-FR,137,193,727.9,0,272,317,21.84,0.1922,0.008799
Derby,Bonn,GB-DE,59,167,636.9,172.2,239.3,284.3,39.77,0.1919,0.004824
Ostrava,Trieste,CZ-IT,215,256,574.3,2.001,216.7,261.7,17.47,0.1914,0.01095
Nottingham,Frankfurt am Main,GB-DE,41,157,749.1,152.2,279.7,324.7,40.74,0.1913,0.004697
Magdeburg,Bydgoszcz,DE-PL,139,227,444.1,0,169.9,214.9,13.32,0.1911,0.01434
Mainz,Szczecin,DE-PL,138,218,577.3,0,217.8,262.8,17.32,0.1909,0.01102
Halle (Saale),Bydgoszcz,DE-PL,153,227,448.5,0,171.5,216.5,13.46,0.1907,0.01417
Gothenburg,Gdańsk,SE-PL,85,226,557.7,232.7,210.8,255.8,44.66,0.1906,0.004268
Stockholm,Białystok,SE-PL,80,313,757,428.6,282.5,327.5,74.14,0.1905,0.00257
Kiel,Aachen,DE-DE,144,282,479.8,0,182.7,227.7,14.39,0.1902,0.01321
Lübeck,Łódź,DE-PL,140,221,634.3,0,238.4,283.4,19.03,0.1898,0.009974
Geneva,Duisburg,CH-DE,75,161,583.3,0,220,265,17.5,0.1894,0.01082
Nuremberg,Košice,DE-SK,134,302,745.4,0,278.3,323.3,22.36,0.1892,0.00846
Dresden,Bonn,DE-DE,162,167,467.1,0,178.2,223.2,14.01,0.1891,0.01349
Toulouse,A Coruña,FR-ES,176,241,793.8,210.5,295.8,340.8,49.07,0.1891,0.003853
Eindhoven,Münster,NL-DE,101,135,159,0,67.23,112.2,4.769,0.189,0.03964
Erfurt,Trieste,DE-IT,159,256,626,6,235.4,280.4,19.5,0.1889,0.009685
Leicester,Wiesbaden,GB-DE,50,126,709.5,166.3,265.4,310.4,41.25,0.1887,0.004575
Wiesbaden,Lyon,DE-FR,126,194,544.5,0,206,251,16.33,0.1886,0.01154
Graz,Münster,AT-DE,114,135,783.2,0,292,337,23.5,0.1884,0.00802
Birmingham,Paris,GB-FR,67,184,502.2,122.1,190.8,235.8,29.71,0.1881,0.006329
Milan,Ljubljana,IT-SI,267,281,417.4,0,160.3,205.3,12.52,0.188,0.01501
Erfurt,Košice,DE-SK,159,302,774.2,0,288.7,333.7,23.23,0.1879,0.008088
Coventry,Wiesbaden,GB-DE,60,126,725.8,156.4,271.3,316.3,40.54,0.1877,0.00463
Edinburgh,Eindhoven,GB-NL,56,101,759.1,492.7,283.3,328.3,81.9,0.1874,0.002289
Stuttgart,Hamburg,DE-DE,128,152,533.3,0,202,247,16,0.1874,0.01171
Brighton,Eindhoven,GB-NL,65,101,397.7,116.5,153.2,198.2,25.91,0.187,0.007218
Stoke-on-Trent,Bonn,GB-DE,32,167,684.7,158.2,256.5,301.5,39.52,0.1869,0.004728
Glasgow,Bergen,GB-NO,54,252,753.7,597.3,281.3,326.3,94.29,0.1866,0.001979
Zürich,Augsburg,CH-DE,72,171,207.8,0,84.8,129.8,6.233,0.1865,0.02993
Amsterdam,Magdeburg,NL-DE,106,139,459.6,0,175.4,220.4,13.79,0.1861,0.0135
Leicester,Eindhoven,GB-NL,50,101,471.1,174.4,179.6,224.6,35.06,0.1861,0.005307
Nuremberg,Szczecin,DE-PL,134,218,503.2,0,191.2,236.2,15.1,0.186,0.01232
Geneva,Essen,CH-DE,75,158,587.7,0,221.6,266.6,17.63,0.1858,0.01054
Wiesbaden,Szczecin,DE-PL,126,218,571.2,0,215.6,260.6,17.14,0.1857,0.01084
Nice,Bologna,FR-IT,187,276,336.9,170.4,131.3,176.3,30.56,0.1856,0.006075
Geneva,Düsseldorf,CH-DE,75,160,560.2,0,211.7,256.7,16.81,0.1854,0.01103
Nuremberg,Trieste,DE-IT,134,256,469,6.013,178.8,223.8,14.79,0.1852,0.01252
Tilburg,Lille,NL-FR,91,196,175.3,0,73.09,118.1,5.258,0.185,0.03519
Amsterdam,Freiburg,NL-DE,106,156,530.4,0,201,246,15.91,0.185,0.01163
Mannheim,Dortmund,DE-DE,137,163,236.1,0,95,140,7.084,0.185,0.02612
Nuremberg,Frankfurt am Main,DE-DE,134,157,186.9,0,77.28,122.3,5.607,0.1841,0.03284
Cardiff,Wuppertal,GB-DE,63,124,716.8,150.2,268.1,313.1,39.53,0.184,0.004655
Stuttgart,Trieste,DE-IT,128,256,491.8,14.05,187,232,16.44,0.1839,0.01119
Bratislava,Poznań,SK-PL,212,219,473.7,0,180.5,225.5,14.21,0.1838,0.01293
Geneva,Rotterdam,CH-NL,75,94,647.5,0,243.1,288.1,19.43,0.1836,0.00945
Bucharest,Sofia,RO-BG,295,305,295.7,0,116.5,161.5,8.871,0.1836,0.02069
Preston,The Hague,GB-NL,37,93,505.3,202.5,191.9,236.9,39.46,0.1834,0.004648
Antwerp,Bonn,BE-DE,122,167,196.3,8.011,80.66,125.7,6.85,0.1831,0.02674
Munich,Szczecin,DE-PL,136,218,624.4,0,234.8,279.8,18.73,0.1831,0.009775
Antwerp,Wiesbaden,BE-DE,122,126,298.9,0,117.6,162.6,8.966,0.183,0.02041
Coventry,Eindhoven,GB-NL,60,101,491,182.4,186.8,231.8,36.62,0.1829,0.004995
Toulouse,Valladolid,FR-ES,176,232,548.9,0,207.6,252.6,16.47,0.1826,0.01109
Graz,Freiburg,AT-DE,114,156,578.8,0,218.4,263.4,17.37,0.1825,0.01051
Sheffield,Antwerp,GB-BE,35,122,465.5,154.5,177.6,222.6,32.51,0.182,0.0056
Brussels,Mainz,BE-DE,120,138,294.8,0,116.1,161.1,8.843,0.182,0.02058
Toulouse,Brescia,FR-IT,176,274,726.8,0,271.6,316.6,21.8,0.1815,0.008326
Mannheim,Trieste,DE-IT,137,256,583.6,10.03,220.1,265.1,18.71,0.1814,0.009695
Liverpool,The Hague,GB-NL,49,93,511.5,190.6,194.1,239.1,38.21,0.1812,0.004743
Leipzig,Duisburg,DE-DE,141,161,389.1,0,150.1,195.1,11.67,0.1811,0.01551
Graz,Leipzig,AT-DE,114,141,524.7,0,198.9,243.9,15.74,0.1809,0.01149
Århus,Leipzig,DK-DE,22,141,554.1,166,209.5,254.5,36.55,0.1807,0.004944
Plymouth,Bilbao,GB-ES,38,245,795.8,677.6,296.5,341.5,105.2,0.1805,0.001716
Hamburg,Erfurt,DE-DE,152,159,294.8,0,116.1,161.1,8.844,0.1805,0.02041
Preston,Rotterdam,GB-NL,37,94,523.8,200.7,198.6,243.6,39.79,0.1804,0.004534
Bristol,Bonn,GB-DE,64,167,681.1,64.1,255.2,300.2,28.12,0.1803,0.006411
Magdeburg,Szczecin,DE-PL,139,218,243.7,0,97.74,142.7,7.312,0.1803,0.02465
Kiel,Gdańsk,DE-PL,144,226,551.6,284.8,208.6,253.6,50.73,0.1802,0.003552
Messina,Athens,IT-GR,17,47,715.6,505.1,267.6,312.6,82.09,0.1801,0.002194
Frankfurt am Main,Nice,DE-FR,157,187,721.1,0,269.6,314.6,21.63,0.18,0.008322
Augsburg,Szczecin,DE-PL,171,218,617.8,0,232.4,277.4,18.53,0.18,0.009711
Stuttgart,Nuremberg,DE-DE,128,134,157.2,0,66.59,111.6,4.716,0.18,0.03816
Gdynia,Oslo,PL-NO,225,249,760.2,208.1,283.7,328.7,47.77,0.1796,0.00376
Nice,Naples,FR-IT,187,266,657.2,549,246.6,291.6,85.6,0.1794,0.002096
Braşov,Košice,RO-SK,296,302,473.3,0,180.4,225.4,14.2,0.1794,0.01263
Augsburg,Košice,DE-SK,171,302,763,0,284.7,329.7,22.89,0.1791,0.007826
Plymouth,London,GB-GB,38,48,308.5,40.07,121.1,166.1,14.06,0.1789,0.01272
Leipzig,Lublin,DE-PL,141,312,708.6,0,265.1,310.1,21.26,0.1789,0.008414
Bari,Novi Sad,IT-RS,277,280,518.4,198.2,196.6,241.6,39.33,0.1788,0.004547
Utrecht,Magdeburg,NL-DE,90,139,444.4,0,170,215,13.33,0.1788,0.01341
Liverpool,Rotterdam,GB-NL,49,94,529.1,170.4,200.5,245.5,36.32,0.1788,0.004922
Dresden,Debrecen,DE-HU,162,301,692.4,0,259.3,304.3,20.77,0.1787,0.008603
Graz,Nice,AT-FR,114,187,739.5,72.14,276.2,321.2,30.84,0.1786,0.005792
Stoke-on-Trent,Aachen,GB-DE,32,282,618.7,164.2,232.7,277.7,38.26,0.1783,0.00466
Vigo,Madrid,ES-ES,231,238,465.2,2.005,177.5,222.5,14.2,0.1782,0.01255
Stuttgart,Nice,DE-FR,128,187,583.5,0,220.1,265.1,17.51,0.1781,0.01017
Århus,Braunschweig,DK-DE,22,166,433.1,134.3,165.9,210.9,29.12,0.1779,0.006109
Porto,Bilbao,PT-ES,86,245,523.8,0,198.6,243.6,15.72,0.1778,0.01132
Toulouse,Verona,FR-IT,176,254,783.6,0,292.1,337.1,23.51,0.1775,0.007552
Graz,Erfurt,AT-DE,114,159,540.4,0,204.5,249.5,16.21,0.1762,0.01087
Bristol,Paris,GB-FR,64,184,455.7,164.6,174.1,219.1,33.43,0.1762,0.005271
Tilburg,Münster,NL-DE,91,135,180.2,0,74.87,119.9,5.406,0.1761,0.03257
Linz,Poznań,AT-PL,111,219,492.9,0,187.5,232.5,14.79,0.1758,0.01189
Geneva,Eindhoven,CH-NL,75,101,584.5,0,220.4,265.4,17.54,0.1754,0.01
Leipzig,Frankfurt am Main,DE-DE,141,157,293,0,115.5,160.5,8.79,0.1753,0.01994
Swindon,Wiesbaden,GB-DE,30,126,722.4,50.03,270.1,315.1,27.67,0.1744,0.006302
Bologna,Ljubljana,IT-SI,276,281,302.2,132.1,118.8,163.8,24.92,0.1744,0.006998
Rome,Ljubljana,IT-SI,260,281,489.2,130.3,186.1,231.1,30.31,0.1743,0.00575
Essen,Erfurt,DE-DE,158,159,285.2,0,112.7,157.7,8.556,0.1743,0.02037
Lisbon,Bilbao,PT-ES,0,245,725.9,12.03,271.3,316.3,23.22,0.1742,0.007501
Bratislava,Łódź,SK-PL,212,221,436.9,0,167.3,212.3,13.11,0.174,0.01328
Strasbourg,Trieste,FR-IT,178,256,560.7,20.03,211.9,256.9,19.23,0.174,0.009049
Stockholm,Szczecin,SE-PL,80,218,690.6,556.5,258.6,303.6,87.5,0.174,0.001988
Birmingham,Antwerp,GB-BE,67,122,454.7,160.2,173.7,218.7,32.87,0.1739,0.005291
Derby,Aachen,GB-DE,59,282,571.1,164.3,215.6,260.6,36.85,0.1733,0.004703
Wolverhampton,Aachen,GB-DE,25,282,600.1,144,226,271,35.28,0.1732,0.004909
Prague,Katowice,CZ-PL,213,223,328.2,0,128.1,173.1,9.845,0.1729,0.01756
Mannheim,Nice,DE-FR,137,187,649.9,0,243.9,288.9,19.5,0.1727,0.008859
Köln,Freiburg,DE-DE,142,156,333.1,0,129.9,174.9,9.992,0.1727,0.01728
Gent,Köln,BE-DE,118,142,226.7,8.023,91.6,136.6,7.762,0.1726,0.02224
The Hague,Wuppertal,NL-DE,93,124,216.6,0,87.99,133,6.499,0.1726,0.02655
Groningen,Hannover,NL-DE,99,150,232.9,0,93.83,138.8,6.986,0.1726,0.0247
Gent,Lübeck,BE-DE,118,140,566.4,0,213.9,258.9,16.99,0.1725,0.01015
Leeds,Antwerp,GB-BE,51,122,493.8,178.7,187.8,232.8,36.25,0.1723,0.004753
Köln,Kiel,DE-DE,142,144,433.6,6.023,166.1,211.1,13.73,0.1721,0.01254
Erfurt,Düsseldorf,DE-DE,159,160,298.4,0,117.4,162.4,8.952,0.172,0.01922
Amsterdam,Strasbourg,NL-FR,106,178,467.3,0,178.2,223.2,14.02,0.1718,0.01226
Leicester,Brussels,GB-BE,50,120,426.3,128.1,163.5,208.5,28.16,0.1713,0.006083
Reading,Paris,GB-FR,36,184,373.7,128.6,144.5,189.5,26.64,0.1711,0.006423
Swansea,Duisburg,GB-DE,31,161,740.4,204.1,276.6,321.6,46.71,0.1707,0.003655
Lübeck,Bratislava,DE-SK,140,212,778,0,290.1,335.1,23.34,0.1705,0.007306
Kiel,Strasbourg,DE-FR,144,178,659,0,247.2,292.2,19.77,0.1704,0.00862
Erfurt,Duisburg,DE-DE,159,161,301.7,0,118.6,163.6,9.052,0.1702,0.01881
The Hague,Freiburg,NL-DE,93,156,519.8,0,197.1,242.1,15.59,0.1701,0.01091
Mannheim,Paris,DE-FR,137,184,450.2,0,172.1,217.1,13.51,0.1698,0.01257
Swindon,Rotterdam,GB-NL,30,94,432.8,220.4,165.8,210.8,39.43,0.1697,0.004303
Prague,Warsaw,CZ-PL,213,309,517.4,0,196.3,241.3,15.52,0.1695,0.01092
Linz,Prague,AT-CZ,111,213,198.4,0,81.41,126.4,5.951,0.1689,0.02839
Prague,Łódź,CZ-PL,213,221,400.4,0,154.1,199.1,12.01,0.1689,0.01406
Bristol,The Hague,GB-NL,64,93,479.3,232.6,182.6,227.6,42.3,0.1687,0.003989
Hannover,Dresden,DE-DE,150,162,312.5,0,122.5,167.5,9.374,0.1687,0.01799
Wuppertal,Dresden,DE-DE,124,162,460,0,175.6,220.6,13.8,0.1685,0.01221
Duisburg,Augsburg,DE-DE,161,171,450.9,0,172.3,217.3,13.53,0.1685,0.01245
Newcastle upon Tyne,Brussels,GB-BE,44,120,607.9,365.1,228.8,273.8,62.05,0.1685,0.002715
Graz,Bonn,AT-DE,114,167,733.1,0,273.9,318.9,21.99,0.1684,0.007658
Toulouse,Genoa,FR-IT,176,270,606.3,24.01,228.3,273.3,21.07,0.1683,0.007988
Freiburg,Szczecin,DE-PL,156,218,765.8,0,285.7,330.7,22.98,0.1683,0.007324
Glasgow,Antwerp,GB-BE,54,122,769.7,296.7,287.1,332.1,58.69,0.1682,0.002865
Charleroi,Braunschweig,BE-DE,119,166,469.9,0,179.2,224.2,14.1,0.168,0.01192
Charleroi,Bochum,BE-DE,119,168,227.7,6.046,91.99,137,7.558,0.1679,0.02222
Geneva,Bremen,CH-DE,75,165,787.8,0,293.6,338.6,23.63,0.1679,0.007104
Geneva,Dresden,CH-DE,75,162,775.2,6.009,289.1,334.1,23.98,0.1677,0.006995
Linz,Gdańsk,AT-PL,111,226,737.1,0,275.4,320.4,22.11,0.1675,0.007573
Rotterdam,Bonn,NL-DE,94,167,224.7,0,90.89,135.9,6.741,0.1674,0.02484
Münster,Dresden,DE-DE,135,162,434.9,0,166.6,211.6,13.05,0.1673,0.01283
London,Strasbourg,GB-FR,48,178,648.9,42.06,243.6,288.6,24.51,0.1672,0.006821
Budapest,Brno,HU-CZ,211,216,260.6,0,103.8,148.8,7.818,0.1669,0.02135
Halle (Saale),Poznań,DE-PL,153,219,354.5,0,137.6,182.6,10.63,0.1669,0.01569
Graz,Wuppertal,AT-DE,114,124,761.2,0,284,329,22.84,0.1668,0.007306
Gent,Wuppertal,BE-DE,118,124,240.4,0,96.55,141.5,7.212,0.1667,0.02311
Munich,Berlin,DE-DE,136,170,504.9,0,191.7,236.7,15.15,0.1666,0.011
Swansea,Essen,GB-DE,31,158,757.2,204.3,282.6,327.6,47.24,0.1666,0.003528
Wiesbaden,Paris,DE-FR,126,184,447.4,0,171.1,216.1,13.42,0.1666,0.01241
Sheffield,Tilburg,GB-NL,35,91,488.2,192.1,185.8,230.8,37.7,0.1665,0.004416
Karlsruhe,Trieste,DE-IT,146,256,550.7,14.02,208.2,253.2,18.2,0.1665,0.009145
The Hague,Strasbourg,NL-FR,93,178,458.9,0,175.2,220.2,13.77,0.1663,0.01208
Swansea,Dortmund,GB-DE,31,163,787.9,208.5,293.6,338.6,48.66,0.1663,0.003418
Cardiff,Utrecht,GB-NL,63,90,574.8,256.3,216.9,261.9,48.01,0.166,0.003457
Cardiff,Amsterdam,GB-NL,63,106,561.9,254.9,212.3,257.3,47.44,0.1657,0.003492
Lublin,Belgrade,PL-RS,312,314,733.6,12.03,274.1,319.1,23.45,0.1655,0.007056
Geneva,Bochum,CH-DE,75,168,592.2,0,223.2,268.2,17.77,0.1655,0.009313
Leipzig,Essen,DE-DE,141,158,371.9,0,143.9,188.9,11.16,0.1655,0.01483
Utrecht,Lübeck,NL-DE,90,140,421.6,0,161.8,206.8,12.65,0.1654,0.01308
Nuremberg,Hannover,DE-DE,134,150,337.7,0,131.6,176.6,10.13,0.1653,0.01631
Geneva,Amsterdam,CH-NL,75,106,692.3,0,259.2,304.2,20.77,0.1651,0.007951
Duisburg,Strasbourg,DE-FR,161,178,324.4,0,126.8,171.8,9.732,0.1649,0.01695
Brussels,Freiburg,BE-DE,120,156,406.1,0,156.2,201.2,12.18,0.1646,0.01351
Turin,Ljubljana,IT-SI,258,281,541.7,0,205,250,16.25,0.1645,0.01012
Dresden,Košice,DE-SK,162,302,597.8,0,225.2,270.2,17.93,0.1643,0.00916
Rotterdam,Mainz,NL-DE,94,138,342.6,0,133.4,178.4,10.28,0.164,0.01596
Southampton,Bonn,GB-DE,34,167,597.1,76.14,224.9,269.9,27.05,0.164,0.006064
Duisburg,Berlin,DE-DE,161,170,470.9,0,179.5,224.5,14.13,0.1636,0.01158
Halle (Saale),Aachen,DE-DE,153,282,418.7,0,160.7,205.7,12.56,0.1635,0.01302
Dortmund,Augsburg,DE-DE,163,171,427.1,0,163.8,208.8,12.81,0.1635,0.01276
Lübeck,Bergen,DE-NO,140,252,793.8,290.6,295.8,340.8,58.69,0.1635,0.002785
Copenhagen,Gothenburg,DK-SE,21,85,228.8,152.5,92.37,137.4,25.17,0.1633,0.006488
Bristol,Aachen,GB-DE,64,282,610.2,64.02,229.7,274.7,25.99,0.1627,0.006262
Brno,Kraków,CZ-PL,216,222,258.3,0,103,148,7.75,0.1626,0.02098
Freiburg,Duisburg,DE-DE,156,161,390,0,150.4,195.4,11.7,0.1624,0.01388
Bristol,Rotterdam,GB-NL,64,94,490.3,214.1,186.5,231.5,40.41,0.1621,0.004013
The Hague,Paris,NL-FR,93,184,384,24,148.2,193.2,14.4,0.1621,0.01125
Köln,Halle (Saale),DE-DE,142,153,355.6,0,138,183,10.67,0.1621,0.01519
Köln,Augsburg,DE-DE,142,171,402.3,0,154.8,199.8,12.07,0.1617,0.0134
Kiel,Bergen,DE-NO,144,252,733.7,228.5,274.1,319.1,49.44,0.1612,0.003261
Nottingham,London,GB-GB,41,48,175.2,0,73.07,118.1,5.255,0.1611,0.03065
Magdeburg,Paris,DE-FR,139,184,750.3,0,280.1,325.1,22.51,0.161,0.007154
Southampton,Utrecht,GB-NL,34,90,470.5,194.2,179.4,224.4,37.42,0.161,0.004302
Vienna,Gdańsk,AT-PL,109,226,701.2,0,262.4,307.4,21.04,0.1609,0.007651
The Hague,Magdeburg,NL-DE,93,139,500.7,0,190.2,235.2,15.02,0.1607,0.0107
Århus,Halle (Saale),DK-DE,22,153,532.6,160.2,201.7,246.7,35.2,0.1606,0.004562
Halle (Saale),Košice,DE-SK,153,302,729.2,0,272.5,317.5,21.87,0.1603,0.00733
Augsburg,Trieste,DE-IT,171,256,373.1,6.017,144.3,189.3,11.91,0.1598,0.01342
Graz,Mainz,AT-DE,114,138,618.6,0,232.7,277.7,18.56,0.1598,0.008612
Karlsruhe,Bremen,DE-DE,146,165,453,0,173.1,218.1,13.59,0.1597,0.01175
Groningen,Brussels,NL-BE,99,120,303.9,0,119.4,164.4,9.118,0.1596,0.0175
Halle (Saale),Szczecin,DE-PL,153,218,278,0,110.1,155.1,8.34,0.1595,0.01913
Lisbon,Pamplona,PT-ES,0,235,778.3,10,290.2,335.2,24.55,0.1595,0.006498
Nottingham,Rotterdam,GB-NL,41,94,398.3,166.1,153.4,198.4,31.89,0.1595,0.005002
The Hague,Lübeck,NL-DE,93,140,471.7,0,179.8,224.8,14.15,0.1595,0.01127
Zürich,Paris,CH-FR,72,184,489,0,186,231,14.67,0.1594,0.01086
Prague,Wrocław,CZ-PL,213,217,216,0,87.75,132.8,6.479,0.1585,0.02446
Bucharest,Belgrade,RO-RS,295,314,448.3,0,171.4,216.4,13.45,0.1584,0.01178
Graz,Wiesbaden,AT-DE,114,126,626.5,0,235.6,280.6,18.8,0.1583,0.008424
Groningen,Dresden,NL-DE,99,162,545.3,0,206.3,251.3,16.36,0.1581,0.009662
Lisbon,Jerez de la Frontera,PT-ES,0,6,348.8,70.16,135.6,180.6,18.88,0.158,0.00837
Karlsruhe,Dortmund,DE-DE,146,163,286.5,0,113.1,158.1,8.594,0.1579,0.01837
Milton Keynes,Brussels,GB-BE,45,120,377.6,144.6,146,191,28.69,0.1577,0.005499
Stuttgart,Paris,DE-FR,128,184,499.8,0,189.9,234.9,15,0.1577,0.01051
Swansea,Düsseldorf,GB-DE,31,160,744.1,194,277.9,322.9,45.61,0.1576,0.003455
Braunschweig,Ljubljana,DE-SI,166,281,748.9,0,279.6,324.6,22.47,0.1575,0.007011
Brighton,Zürich,GB-CH,65,72,739.9,134.3,276.3,321.3,38.32,0.1574,0.004108
Prague,Trieste,CZ-IT,213,256,495.9,6.023,188.5,233.5,15.6,0.1572,0.01008
Freiburg,Düsseldorf,DE-DE,156,160,367.1,0,142.1,187.1,11.01,0.1571,0.01427
Düsseldorf,Strasbourg,DE-FR,160,178,301.5,0,118.5,163.5,9.045,0.1571,0.01737
Stoke-on-Trent,Wiesbaden,GB-DE,32,126,789.9,162.4,294.4,339.4,43.18,0.1567,0.00363
Münster,Munich,DE-DE,135,136,510.1,0,193.7,238.7,15.3,0.1563,0.01021
Nuremberg,Münster,DE-DE,134,135,369.9,0,143.2,188.2,11.1,0.1562,0.01408
Gent,Augsburg,BE-DE,118,171,595.8,0,224.5,269.5,17.87,0.1561,0.008733
Dresden,Lublin,DE-PL,162,312,616,0,231.8,276.8,18.48,0.1559,0.008435
Derby,Wiesbaden,GB-DE,59,126,742.3,168.1,277.2,322.2,42.44,0.1559,0.003673
Nottingham,The Hague,GB-NL,41,93,381.3,176.6,147.3,192.3,32.63,0.1558,0.004774
Freiburg,Berlin,DE-DE,156,170,639.7,0,240.3,285.3,19.19,0.1555,0.008105
London,Freiburg,GB-DE,48,156,693,50.07,259.5,304.5,26.8,0.1552,0.005792
Århus,Wiesbaden,DK-DE,22,126,687.6,78.18,257.5,302.5,30.01,0.1545,0.005147
Freiburg,Dortmund,DE-DE,156,163,392.3,0,151.2,196.2,11.77,0.1543,0.01311
Poznań,Gdynia,PL-PL,219,225,257.7,0,102.8,147.8,7.73,0.1542,0.01995
Gent,Magdeburg,BE-DE,118,139,559.6,0,211.4,256.4,16.79,0.1541,0.009177
Swansea,Bochum,GB-DE,31,168,771,206.3,287.6,332.6,47.88,0.154,0.003217
Freiburg,Essen,DE-DE,156,158,389.5,0,150.2,195.2,11.69,0.1537,0.01315
Erfurt,Bochum,DE-DE,159,168,271.7,0,107.8,152.8,8.152,0.1535,0.01883
Leeds,Tilburg,GB-NL,51,91,512,218,194.3,239.3,41.52,0.1533,0.003692
Bonn,Paris,DE-FR,167,184,399.7,0,153.9,198.9,11.99,0.1532,0.01278
Gothenburg,Gdynia,SE-PL,85,225,539.3,236.6,204.2,249.2,44.57,0.153,0.003432
Köln,Braunschweig,DE-DE,142,166,288,0,113.7,158.7,8.641,0.1529,0.0177
Köln,Strasbourg,DE-FR,142,178,267.4,0,106.3,151.3,8.022,0.1526,0.01903
Geneva,The Hague,CH-NL,75,93,666.8,0,250.1,295.1,20,0.1526,0.00763
Brno,Łódź,CZ-PL,216,221,350.8,0,136.3,181.3,10.52,0.1526,0.0145
London,Nantes,GB-FR,48,188,488.2,160.1,185.8,230.8,33.85,0.1526,0.004508
Zürich,Kiel,CH-DE,72,144,781.2,10.02,291.2,336.2,24.64,0.1526,0.006193
Frankfurt am Main,Erfurt,DE-DE,157,159,191.8,0,79.04,124,5.753,0.1525,0.02651
Gothenburg,Oslo,SE-NO,85,249,255.1,0,101.8,146.8,7.653,0.1523,0.01991
Vienna,Ostrava,AT-CZ,109,215,228.2,0,92.16,137.2,6.847,0.1523,0.02225
Preston,Aachen,GB-DE,37,282,683.3,166.3,256,301,40.46,0.1523,0.003765
Lisbon,Oviedo,PT-ES,0,236,585.1,18.03,220.6,265.6,19.72,0.1521,0.007715
Dresden,Trieste,DE-IT,162,256,600.6,6.006,226.2,271.2,18.74,0.1517,0.008095
Copenhagen,Szczecin,DK-PL,21,218,280.8,202.6,111.1,156.1,32.73,0.1515,0.00463
Alicante,Barcelona,ES-ES,12,246,406.5,328.4,156.4,201.4,51.61,0.1515,0.002936
Leipzig,Dortmund,DE-DE,141,163,340.6,0,132.6,177.6,10.22,0.1513,0.01481
Essen,Augsburg,DE-DE,158,171,441.6,0,169,214,13.25,0.1513,0.01142
Linz,Lübeck,AT-DE,111,140,667.4,0,250.3,295.3,20.02,0.151,0.00754
Leipzig,Białystok,DE-PL,141,313,760.7,0,283.9,328.9,22.82,0.1508,0.00661
Milton Keynes,Groningen,GB-NL,45,99,511,234.5,194,239,43.46,0.1506,0.003465
Karlsruhe,Nice,DE-FR,146,187,596.4,0,224.7,269.7,17.89,0.1506,0.008416
Bordeaux,Turin,FR-IT,204,258,650.7,0,244.3,289.3,19.52,0.1506,0.007713
Birmingham,Tilburg,GB-NL,67,91,489.1,180.4,186.1,231.1,36.33,0.1504,0.00414
Antwerp,Freiburg,BE-DE,122,156,436.3,0,167.1,212.1,13.09,0.1502,0.01147
Ostrava,Warsaw,CZ-PL,215,309,327.6,0,127.9,172.9,9.829,0.15,0.01526
Karlsruhe,Marseille,DE-FR,146,193,676.4,0,253.5,298.5,20.29,0.15,0.007391
Montpellier,Pamplona,FR-ES,191,235,455.8,0,174.1,219.1,13.68,0.15,0.01097
Swindon,Aachen,GB-DE,30,282,554.9,92.15,209.8,254.8,27.71,0.1498,0.005408
Charleroi,Halle (Saale),BE-DE,119,153,540.9,0,204.7,249.7,16.23,0.1498,0.009231
Manchester,Antwerp,GB-BE,46,122,515.9,156.6,195.7,240.7,34.26,0.1495,0.004364
Bratislava,Prague,SK-CZ,212,213,291.1,0,114.8,159.8,8.732,0.1495,0.01712
Hannover,Freiburg,DE-DE,150,156,504.5,0,191.6,236.6,15.13,0.1493,0.009867
Lübeck,Brno,DE-CZ,140,216,661.2,0,248,293,19.84,0.1493,0.007527
Warsaw,Lublin,PL-PL,309,312,152.9,0,65.03,110,4.586,0.1492,0.03254
Porto,Oviedo,PT-ES,86,236,335.1,0,130.6,175.6,10.05,0.1492,0.01484
Kiel,Gdynia,DE-PL,144,225,543.4,296.8,205.6,250.6,51.91,0.1491,0.002873
London,Edinburgh,GB-GB,48,56,533.7,0,202.1,247.1,16.01,0.149,0.009306
Wolverhampton,Bonn,GB-DE,25,167,667.8,180.5,250.4,295.4,41.69,0.149,0.003573
Groningen,Erfurt,NL-DE,99,159,394,0,151.8,196.8,11.82,0.1489,0.0126
Southampton,Mannheim,GB-DE,34,137,719.5,178.4,269,314,42.99,0.1483,0.00345
Swindon,Eindhoven,GB-NL,30,101,502.4,202.2,190.9,235.9,39.33,0.1483,0.00377
Swansea,Köln,GB-DE,31,142,760.8,108.1,283.9,328.9,35.8,0.1483,0.004141
Magdeburg,Köln,DE-DE,139,142,350.1,0,136,181,10.5,0.1479,0.01408
Poznań,Zagreb,PL-HR,219,278,736.3,0,275.1,320.1,22.09,0.1478,0.006691
Graz,Braunschweig,AT-DE,114,166,677.3,0,253.8,298.8,20.32,0.1478,0.007272
Malmö,Szczecin,SE-PL,82,218,262,197.5,104.3,149.3,31.56,0.1474,0.00467
Coventry,Brussels,GB-BE,60,120,439.8,158.7,168.3,213.3,32.23,0.1473,0.004571
Nice,Ljubljana,FR-SI,187,281,627,216.3,235.7,280.7,44.77,0.1471,0.003285
Dresden,Augsburg,DE-DE,162,171,361.1,0,140,185,10.83,0.1468,0.01355
Düsseldorf,Augsburg,DE-DE,160,171,433.4,0,166,211,13,0.1466,0.01128
Edinburgh,Gent,GB-BE,56,118,710.8,248.3,265.9,310.9,51.12,0.1461,0.002859
Southampton,Amsterdam,GB-NL,34,106,463.9,271.1,177,222,46.45,0.1458,0.003138
Prague,Zagreb,CZ-HR,213,278,489.1,0,186.1,231.1,14.67,0.1456,0.009923
Magdeburg,Košice,DE-SK,139,302,779.8,0,290.7,335.7,23.39,0.1455,0.006221
Debrecen,Belgrade,HU-RS,301,314,316.2,0,123.8,168.8,9.485,0.1454,0.01533
Florence,Ljubljana,IT-SI,272,281,360,140,139.6,184.6,27.6,0.1454,0.005267
Bristol,Wiesbaden,GB-DE,64,126,776.7,56.05,289.6,334.6,30.03,0.1449,0.004826
Sevilla,Porto,ES-PT,2,86,476.3,0,181.5,226.5,14.29,0.1449,0.01014
Halle (Saale),Lublin,DE-PL,153,312,735,0,274.6,319.6,22.05,0.1448,0.006567
Manchester,Glasgow,GB-GB,46,54,295.2,14.06,116.3,161.3,10.54,0.1447,0.01372
Eindhoven,Magdeburg,NL-DE,101,139,430.1,0,164.8,209.8,12.9,0.1442,0.01118
Newcastle upon Tyne,Eindhoven,GB-NL,44,101,613.8,463.3,231,276,74.01,0.1442,0.001948
Hamburg,Augsburg,DE-DE,152,171,579.4,0,218.6,263.6,17.38,0.1442,0.008294
Zürich,Gent,CH-BE,72,118,539.2,0,204.1,249.1,16.18,0.144,0.008902
Linz,Gdynia,AT-PL,111,225,750.6,0,280.2,325.2,22.52,0.1437,0.006382
Karlsruhe,Halle (Saale),DE-DE,146,153,374.3,0,144.8,189.8,11.23,0.1435,0.01277
Vienna,Lublin,AT-PL,109,312,559,0,211.3,256.3,16.77,0.1432,0.008536
Charleroi,Kiel,BE-DE,119,144,581.3,0,219.3,264.3,17.44,0.1429,0.008197
Mannheim,Bremen,DE-DE,137,165,399.5,0,153.8,198.8,11.99,0.1429,0.01192
Dresden,Bydgoszcz,DE-PL,162,227,371.6,0,143.8,188.8,11.15,0.1429,0.01281
Charleroi,Essen,BE-DE,119,158,214.2,8.007,87.11,132.1,7.387,0.1425,0.01929
Reading,Groningen,GB-NL,36,99,548,244,207.3,252.3,45.72,0.1423,0.003112
Tilburg,Magdeburg,NL-DE,91,139,453.7,0,173.3,218.3,13.61,0.1419,0.01043
Constanţa,Košice,RO-SK,294,302,756.7,0,282.4,327.4,22.7,0.1414,0.006228
Budapest,Ostrava,HU-CZ,211,215,265.7,0,105.6,150.6,7.971,0.1409,0.01768
Valencia,Barcelona,ES-ES,1,246,302.5,276.4,118.9,163.9,42.25,0.1409,0.003335
Zürich,Lübeck,CH-DE,72,140,738.5,12.01,275.9,320.9,23.6,0.1407,0.005961
Nice,Lyon,FR-FR,187,194,297,0,116.9,161.9,8.911,0.1405,0.01577
Budapest,Bari,HU-IT,211,277,729.8,214.5,272.7,317.7,47.64,0.1403,0.002946
Tilburg,Kiel,NL-DE,91,144,456.8,8.013,174.4,219.4,14.66,0.1403,0.009567
Vienna,Bydgoszcz,AT-PL,109,227,558.5,0,211.1,256.1,16.76,0.1402,0.00837
Tilburg,Freiburg,NL-DE,91,156,442.6,0,169.3,214.3,13.28,0.1397,0.01052
Nuremberg,Mannheim,DE-DE,134,137,188.7,0,77.92,122.9,5.66,0.1397,0.02468
Frankfurt am Main,Bremen,DE-DE,157,165,329.3,0,128.5,173.5,9.878,0.1393,0.0141
Prague,Poznań,CZ-PL,213,219,311.4,0,122.1,167.1,9.342,0.1393,0.01491
Geneva,Brussels,CH-BE,75,120,533.5,0,202.1,247.1,16,0.1385,0.008656
London,Rennes,GB-FR,48,181,393.8,174.8,151.8,196.8,32.79,0.1385,0.004225
Charleroi,Duisburg,BE-DE,119,161,198.4,6.011,81.41,126.4,6.672,0.1385,0.02076
Lisbon,Granada,PT-ES,0,7,515.1,4.008,195.4,240.4,15.93,0.1384,0.008684
Lisbon,Elche,PT-ES,0,8,736.8,10.01,275.3,320.3,23.31,0.1382,0.005931
Groningen,Munich,NL-DE,99,136,665.9,0,249.7,294.7,19.98,0.1382,0.00692
Halle (Saale),Trieste,DE-IT,153,256,661.8,6.016,248.2,293.2,20.58,0.1381,0.006712
Budapest,Lublin,HU-PL,211,312,489.1,0,186.1,231.1,14.67,0.1381,0.009409
Halle (Saale),Ljubljana,DE-SI,153,281,631.5,0,237.3,282.3,18.94,0.1376,0.007265
Frankfurt am Main,Bochum,DE-DE,157,168,183.6,0,76.1,121.1,5.508,0.1375,0.02497
Nice,Marseille,FR-FR,187,193,158.6,6.023,67.1,112.1,5.481,0.1375,0.02508
Warsaw,Białystok,PL-PL,309,313,176.5,0,73.53,118.5,5.294,0.1372,0.02591
Munich,Bremen,DE-DE,136,165,582.7,0,219.8,264.8,17.48,0.1372,0.007846
Southampton,Wiesbaden,GB-DE,34,126,688,136,257.7,302.7,36.96,0.1364,0.003692
Porto,Pamplona,PT-ES,86,235,604.9,0,227.7,272.7,18.15,0.1364,0.007518
Derby,Brussels,GB-BE,59,120,461.3,148.4,176.1,221.1,31.65,0.1364,0.004309
Antwerp,Mainz,BE-DE,122,138,306.5,0,120.3,165.3,9.194,0.1354,0.01473
Geneva,Münster,CH-DE,75,135,649.5,0,243.8,288.8,19.48,0.1354,0.006947
Rotterdam,Aachen,NL-DE,94,282,169.2,2.015,70.93,115.9,5.319,0.135,0.02538
Debrecen,Varna,HU-BG,301,303,685.9,0,256.9,301.9,20.58,0.1348,0.006552
Utrecht,Lyon,NL-FR,90,194,705.5,0,264,309,21.16,0.1346,0.006361
Palermo,Bari,IT-IT,16,277,449.1,286.7,171.7,216.7,47.88,0.1343,0.002806
Groningen,Lille,NL-FR,99,196,374.9,0,145,190,11.25,0.1343,0.01194
Vienna,Gdynia,AT-PL,109,225,717.4,0,268.3,313.3,21.52,0.1343,0.006238
Karlsruhe,Essen,DE-DE,146,158,289.6,0,114.2,159.2,8.687,0.1337,0.01539
Swindon,Paris,GB-FR,30,184,420.4,140.1,161.3,206.3,29.43,0.1336,0.00454
Genoa,Zagreb,IT-HR,270,278,573.6,104.3,216.5,261.5,29.72,0.1335,0.004491
Karlsruhe,Lille,DE-FR,146,196,424,0,162.6,207.6,12.72,0.1334,0.01048
Swansea,Münster,GB-DE,31,135,795.7,228.5,296.5,341.5,51.29,0.1331,0.002594
Zürich,Charleroi,CH-BE,72,119,452.3,0,172.8,217.8,13.57,0.133,0.009803
Lisbon,Alicante,PT-ES,0,12,754.9,12.01,281.8,326.8,24.09,0.133,0.005522
Kiel,Duisburg,DE-DE,144,161,392.7,0,151.4,196.4,11.78,0.1329,0.01128
Geneva,Montpellier,CH-FR,75,191,339,0,132.1,177.1,10.17,0.1328,0.01306
Linz,Ostrava,AT-CZ,111,215,337,0,131.3,176.3,10.11,0.1328,0.01314
Freiburg,Nice,DE-FR,156,187,479.5,0,182.6,227.6,14.38,0.1327,0.009223
Plymouth,Paris,GB-FR,38,184,497.1,290.6,188.9,233.9,49.79,0.1325,0.002662
Bonn,Lyon,DE-FR,167,194,578.7,0,218.3,263.3,17.36,0.1324,0.007624
Padua,Debrecen,IT-HU,265,301,781.7,32.07,291.4,336.4,27.3,0.1322,0.004842
Groningen,Nuremberg,NL-DE,99,134,522.7,0,198.2,243.2,15.68,0.132,0.008417
Groningen,Duisburg,NL-DE,99,161,199.1,0,81.69,126.7,5.974,0.1317,0.02204
Brno,Poznań,CZ-PL,216,219,357.8,0,138.8,183.8,10.74,0.1317,0.01226
Glasgow,Gent,GB-BE,54,118,751,166.2,280.4,325.4,42.48,0.1315,0.003096
The Hague,Wiesbaden,NL-DE,93,126,353.4,0,137.2,182.2,10.6,0.1314,0.01239
Münster,Frankfurt am Main,DE-DE,135,157,218.3,0,88.58,133.6,6.548,0.1313,0.02005
Debrecen,Warsaw,HU-PL,301,309,524.2,0,198.7,243.7,15.73,0.1313,0.008348
Kiel,Düsseldorf,DE-DE,144,160,411.8,0,158.2,203.2,12.35,0.1312,0.01062
Wolverhampton,Wiesbaden,GB-DE,25,126,771.1,154.2,287.6,332.6,41.64,0.1309,0.003143
Magdeburg,Aachen,DE-DE,139,282,412.8,0,158.6,203.6,12.38,0.1307,0.01055
Swansea,Reading,GB-GB,31,36,206.4,14.02,84.29,129.3,7.874,0.1306,0.01658
Preston,Bonn,GB-DE,37,167,746.5,194.1,278.7,323.7,45.69,0.1305,0.002857
Derby,Eindhoven,GB-NL,59,101,501.7,172.6,190.6,235.6,35.76,0.1304,0.003646
Halle (Saale),Frankfurt am Main,DE-DE,153,157,276.9,0,109.7,154.7,8.308,0.1301,0.01566
Southampton,Paris,GB-FR,34,184,352.5,186.3,136.9,181.9,32.93,0.1301,0.003952
Liverpool,Aachen,GB-DE,49,282,684.2,160,256.3,301.3,39.73,0.13,0.003273
Nice,Genoa,FR-IT,187,270,155.2,70.53,65.86,110.9,13.12,0.1296,0.009881
Manchester,Tilburg,GB-NL,46,91,539.8,180.6,204.3,249.3,37.87,0.1296,0.003422
Nuremberg,Bremen,DE-DE,134,165,432.5,0,165.7,210.7,12.98,0.1295,0.009979
Cardiff,Paris,GB-FR,63,184,490.1,176,186.4,231.4,35.82,0.1294,0.003612
Graz,Halle (Saale),AT-DE,114,153,551.2,0,208.4,253.4,16.54,0.1292,0.007811
Reading,Brussels,GB-BE,36,120,377,64.17,145.7,190.7,19.01,0.1292,0.006794
Lisbon,Murcia,PT-ES,0,4,703.9,10.03,263.4,308.4,22.32,0.1291,0.005785
Freiburg,Bochum,DE-DE,156,168,390.3,0,150.5,195.5,11.71,0.129,0.01102
Charleroi,Düsseldorf,BE-DE,119,160,187.2,0,77.4,122.4,5.616,0.129,0.02297
Utrecht,Wuppertal,NL-DE,90,124,167.7,0,70.37,115.4,5.031,0.129,0.02563
Milton Keynes,Glasgow,GB-GB,45,54,482.8,12.02,183.8,228.8,15.93,0.1287,0.008082
Stoke-on-Trent,Glasgow,GB-GB,32,54,345.2,38.13,134.3,179.3,14.93,0.1287,0.00862
Brighton,Tilburg,GB-NL,65,91,373.3,134.5,144.4,189.4,27.33,0.1283,0.004693
Halle (Saale),Duisburg,DE-DE,153,161,361.2,0,140,185,10.84,0.1282,0.01183
Mainz,Lille,DE-FR,138,196,378,0,146.1,191.1,11.34,0.1279,0.01127
Strasbourg,Nice,FR-FR,178,187,544,0,205.8,250.8,16.32,0.1278,0.007833
Tilburg,Strasbourg,NL-FR,91,178,380.8,0,147.1,192.1,11.42,0.1277,0.01118
Lisbon,Vigo,PT-ES,0,231,391.7,216.9,151,196,37.78,0.1275,0.003374
Lübeck,Warsaw,DE-PL,140,309,713.1,0,266.7,311.7,21.39,0.1275,0.005958
Nice,Turin,FR-IT,187,258,155.7,0,66.04,111,4.67,0.1274,0.02727
Charleroi,Köln,BE-DE,119,142,185.8,0,76.91,121.9,5.575,0.1273,0.02284
Leeds,Groningen,GB-NL,51,99,540.1,366.1,204.4,249.4,60.13,0.1273,0.002116
Stuttgart,Leipzig,DE-DE,128,141,364.4,0,141.2,186.2,10.93,0.1272,0.01164
Brighton,Paris,GB-FR,65,184,282.9,128.4,111.9,156.9,23.9,0.1272,0.005321
Geneva,Bielefeld,CH-DE,75,169,671.2,0,251.6,296.6,20.14,0.1269,0.006303
Karlsruhe,Duisburg,DE-DE,146,161,293.6,0,115.7,160.7,8.807,0.1269,0.01441
Wolverhampton,Eindhoven,GB-NL,25,101,535.2,178.4,202.7,247.7,37.47,0.1268,0.003385
Kiel,Katowice,DE-PL,144,223,753.6,4.009,281.3,326.3,23.09,0.1268,0.00549
Leipzig,Bochum,DE-DE,141,168,357.8,0,138.8,183.8,10.73,0.1265,0.01178
Groningen,Essen,NL-DE,99,158,198.3,0,81.39,126.4,5.949,0.1265,0.02125
Sheffield,Groningen,GB-NL,35,99,533.8,341.2,202.2,247.2,56.95,0.1264,0.002219
Groningen,Leipzig,NL-DE,99,141,446.6,0,170.8,215.8,13.4,0.1262,0.00942
Lübeck,Köln,DE-DE,140,142,413.2,0,158.8,203.8,12.4,0.1253,0.01011
Wuppertal,Trieste,DE-IT,124,256,791.6,8.016,295,340,24.71,0.1247,0.005047
Eindhoven,Kiel,NL-DE,101,144,447.3,0,171,216,13.42,0.1247,0.00929
Košice,Warsaw,SK-PL,302,309,391.3,0,150.9,195.9,11.74,0.1246,0.01062
Mannheim,Halle (Saale),DE-DE,137,153,332.9,0,129.8,174.8,9.986,0.1246,0.01248
Dresden,Białystok,DE-PL,162,313,683.7,0,256.1,301.1,20.51,0.1246,0.006073
Reading,Mainz,GB-DE,36,138,671.1,46.08,251.6,296.6,25.66,0.1245,0.004852
Halle (Saale),Düsseldorf,DE-DE,153,160,362.2,0,140.4,185.4,10.87,0.1244,0.01145
Liverpool,Bonn,GB-DE,49,167,749.2,186.3,279.7,324.7,44.83,0.1244,0.002774
Graz,Dresden,AT-DE,114,162,460,0,175.6,220.6,13.8,0.1244,0.009012
Kiel,Hannover,DE-DE,144,150,218.6,0,88.68,133.7,6.557,0.1241,0.01893
Graz,Genoa,AT-IT,114,270,584.5,0,220.4,265.4,17.53,0.124,0.00707
Coventry,Karlsruhe,GB-DE,60,146,793,116.1,295.5,340.5,37.73,0.124,0.003286
Bochum,Augsburg,DE-DE,168,171,434.7,0,166.5,211.5,13.04,0.1238,0.009494
Reading,Plymouth,GB-GB,36,38,252.9,16.06,101.1,146.1,9.516,0.1238,0.01301
Magdeburg,Lublin,DE-PL,139,312,759.6,0,283.4,328.4,22.79,0.1236,0.005423
Kiel,Łódź,DE-PL,144,221,685,30.04,256.6,301.6,24.16,0.1236,0.005115
Karlsruhe,Bochum,DE-DE,146,168,287.6,0,113.5,158.5,8.627,0.1235,0.01432
Sofia,Belgrade,BG-RS,305,314,328,0,128.1,173.1,9.84,0.1231,0.01251
Edinburgh,Groningen,GB-NL,56,99,697.8,529.4,261.2,306.2,84.46,0.1231,0.001458
Dresden,Ljubljana,DE-SI,162,281,558.8,0,211.2,256.2,16.76,0.1231,0.007342
Halle (Saale),Białystok,DE-PL,153,313,781.4,0,291.3,336.3,23.44,0.1231,0.00525
Nottingham,Bonn,GB-DE,41,167,617.4,184.4,232.3,277.3,40.65,0.123,0.003025
Coventry,Tilburg,GB-NL,60,91,461.9,178.7,176.3,221.3,35.3,0.1229,0.003481
Gent,Mannheim,BE-DE,118,137,379.5,0,146.6,191.6,11.39,0.1228,0.01078
Lisbon,Gijón,PT-ES,0,242,609.4,18.04,229.4,274.4,20.45,0.1227,0.006003
Magdeburg,Strasbourg,DE-FR,139,178,481.1,0,183.2,228.2,14.43,0.1225,0.008488
Lyon,Trieste,FR-IT,194,256,693.2,60.1,259.5,304.5,28.01,0.1224,0.004369
Kiel,Essen,DE-DE,144,158,381.2,0,147.2,192.2,11.44,0.1223,0.01069
Mannheim,Bochum,DE-DE,137,168,238.6,0,95.88,140.9,7.157,0.1222,0.01708
Groningen,Köln,NL-DE,99,142,255.5,0,102,147,7.666,0.1222,0.01594
Vienna,Košice,AT-SK,109,302,364.6,0,141.2,186.2,10.94,0.122,0.01115
Leicester,Karlsruhe,GB-DE,50,146,781.1,134.2,291.2,336.2,39.53,0.122,0.003085
Turin,Rome,IT-IT,258,260,525.6,196.6,199.2,244.2,39.36,0.1218,0.003094
Vienna,Debrecen,AT-HU,109,301,398.9,0,153.6,198.6,11.97,0.1217,0.01017
Milton Keynes,Mainz,GB-DE,45,138,671.8,150.4,251.9,296.9,38.2,0.1217,0.003186
Lisbon,A Coruña,PT-ES,0,241,520.5,152.1,197.4,242.4,33.87,0.1216,0.00359
Budapest,Bratislava,HU-SK,211,212,161.4,0,68.12,113.1,4.843,0.1215,0.02509
Essen,Berlin,DE-DE,158,170,453.7,0,173.3,218.3,13.61,0.1215,0.008924
Nuremberg,Bielefeld,DE-DE,134,169,338,0,131.7,176.7,10.14,0.1215,0.01198
Preston,Brussels,GB-BE,37,120,578.2,140.1,218.2,263.2,34.15,0.1213,0.003552
Munich,Bielefeld,DE-DE,136,169,484.4,0,184.4,229.4,14.53,0.1212,0.008336
Nottingham,Mannheim,GB-DE,41,137,771.8,136.3,287.8,332.8,39.51,0.1211,0.003065
Sheffield,Gent,GB-BE,35,118,437.9,140.6,167.7,212.7,30.01,0.121,0.004032
Stoke-on-Trent,Eindhoven,GB-NL,32,101,549.9,172.6,207.9,252.9,37.21,0.1207,0.003244
Rotterdam,Groningen,NL-NL,94,99,201.7,0,82.61,127.6,6.051,0.1206,0.01994
Freiburg,Marseille,DE-FR,156,193,556.6,0,210.4,255.4,16.7,0.1206,0.007222
Düsseldorf,Bremen,DE-DE,160,165,248.1,0,99.33,144.3,7.444,0.1203,0.01616
Dresden,Poznań,DE-PL,162,219,266.5,0,105.9,150.9,7.996,0.1203,0.01505
Århus,Prague,DK-CZ,22,213,730.6,190.2,273,318,44.74,0.1202,0.002687
Groningen,Düsseldorf,NL-DE,99,160,222.4,0,90.07,135.1,6.672,0.1201,0.018
Braunschweig,Trieste,DE-IT,166,256,772.8,6.006,288.2,333.2,23.91,0.1201,0.005023
Paris,Nice,FR-FR,184,187,685.8,0,256.9,301.9,20.57,0.1201,0.005835
Groningen,Bremen,NL-DE,99,165,150.3,0,64.09,109.1,4.508,0.12,0.02662
Tilburg,Lübeck,NL-DE,91,140,456.2,0,174.2,219.2,13.68,0.1199,0.00876
Glasgow,Lille,GB-FR,54,196,757.5,124.2,282.7,327.7,37.63,0.1198,0.003184
Halle (Saale),Essen,DE-DE,153,158,344,0,133.8,178.8,10.32,0.1198,0.01161
Leicester,Tilburg,GB-NL,50,91,441.7,168.6,169,214,33.49,0.1197,0.003574
Birmingham,Mainz,GB-DE,67,138,760.5,152.1,283.8,328.8,41.07,0.1195,0.00291
Sheffield,Paris,GB-FR,35,184,569.5,100.3,215,260,29.12,0.1195,0.004103
Poznań,Košice,PL-SK,219,302,511.7,0,194.2,239.2,15.35,0.1195,0.007781
Geneva,Halle (Saale),CH-DE,75,153,725.4,0,271.1,316.1,21.76,0.1194,0.005489
Birmingham,Gent,GB-BE,67,118,417.9,156.7,160.4,205.4,31.34,0.1191,0.0038
Cardiff,Rotterdam,GB-NL,63,94,529.9,254.9,200.8,245.8,46.48,0.1191,0.002561
Sheffield,Mainz,GB-DE,35,138,770.1,160,287.2,332.2,42.31,0.119,0.002814
Edinburgh,Tilburg,GB-NL,56,91,731.2,494.8,273.2,318.2,81.31,0.1189,0.001463
Budapest,Bydgoszcz,HU-PL,211,227,629.8,0,236.7,281.7,18.89,0.1188,0.006287
Charleroi,Augsburg,BE-DE,119,171,519,0,196.9,241.9,15.57,0.1188,0.007628
Bratislava,Katowice,SK-PL,212,223,272.9,0,108.2,153.2,8.187,0.1187,0.01449
Linz,Bydgoszcz,AT-PL,111,227,596.1,0,224.6,269.6,17.88,0.1184,0.00662
Munich,Dresden,DE-DE,136,162,359.5,0,139.4,184.4,10.78,0.1181,0.01095
Sheffield,Glasgow,GB-GB,35,54,329.3,14.06,128.5,173.5,11.57,0.1179,0.01019
Linz,Lublin,AT-PL,111,312,678.4,0,254.2,299.2,20.35,0.1178,0.005789
Charleroi,Magdeburg,BE-DE,119,139,535.1,0,202.6,247.6,16.05,0.1177,0.007332
Cardiff,The Hague,GB-NL,63,93,518.5,236.2,196.7,241.7,43.9,0.1177,0.002681
Linz,Trieste,AT-IT,111,256,297.9,6.039,117.3,162.3,9.663,0.1176,0.01217
Copenhagen,Bydgoszcz,DK-PL,21,227,452.2,242.1,172.8,217.8,42.61,0.1175,0.002757
Edinburgh,Lille,GB-FR,56,196,722.1,146,270,315,39.19,0.1173,0.002994
Valencia,Murcia,ES-ES,1,4,177.7,0,73.97,119,5.33,0.1173,0.022
Bonn,Trieste,DE-IT,167,256,751,10.01,280.4,325.4,23.73,0.1173,0.004942
Newcastle upon Tyne,Antwerp,GB-BE,44,122,578.7,408.5,218.3,263.3,66.38,0.1172,0.001766
Geneva,Antwerp,CH-BE,75,122,572.5,0,216.1,261.1,17.17,0.1168,0.006803
Glasgow,Birmingham,GB-GB,54,67,406.3,48.03,156.3,201.3,17.95,0.1168,0.006504
Freiburg,Trieste,DE-IT,156,256,520.6,20.02,197.4,242.4,18.02,0.1166,0.006473
Poznań,Lublin,PL-PL,219,312,408.2,0,157,202,12.25,0.1165,0.009513
Linz,Kiel,AT-DE,111,144,728.1,0,272.1,317.1,21.84,0.1165,0.005333
Bratislava,Bari,SK-IT,212,277,781.6,232.5,291.4,336.4,51.35,0.1164,0.002268
Köln,Bielefeld,DE-DE,142,169,164.3,0,69.13,114.1,4.928,0.1162,0.02357
Malmö,Bydgoszcz,SE-PL,82,227,425.7,204.8,163.3,208.3,37.35,0.1158,0.003099
Birmingham,Groningen,GB-NL,67,99,574.1,236,216.7,261.7,45.55,0.1157,0.00254
Craiova,Košice,RO-SK,293,302,526.2,0,199.4,244.4,15.79,0.1156,0.007322
Novi Sad,Lublin,RS-PL,280,312,696.9,0,260.9,305.9,20.91,0.1152,0.005509
Košice,Plovdiv,SK-BG,302,306,778.5,0,290.3,335.3,23.36,0.115,0.004923
Geneva,Stuttgart,CH-DE,75,128,366.2,0,141.8,186.8,10.99,0.1148,0.01044
Catania,Athens,IT-GR,18,47,763,546.7,284.7,329.7,88.49,0.1144,0.001292
Manchester,Paris,GB-FR,46,184,605.5,104.3,228,273,30.68,0.1143,0.003727
Münster,Mannheim,DE-DE,135,137,281.3,0,111.3,156.3,8.439,0.1143,0.01355
Eindhoven,Lübeck,NL-DE,101,140,443,0,169.5,214.5,13.29,0.114,0.008577
Eindhoven,Wiesbaden,NL-DE,101,126,246.1,0,98.58,143.6,7.382,0.1138,0.01542
Geneva,Tilburg,CH-NL,75,91,600.2,0,226.1,271.1,18.01,0.1138,0.006318
Reading,Nantes,GB-FR,36,188,473.2,144.4,180.4,225.4,31.52,0.1135,0.003602
Stuttgart,Halle (Saale),DE-DE,128,153,360.5,0,139.8,184.8,10.81,0.1134,0.01049
Zürich,Groningen,CH-NL,72,99,665.8,0,249.7,294.7,19.97,0.1133,0.005671
Porto,A Coruña,PT-ES,86,241,247.8,0,99.21,144.2,7.434,0.113,0.0152
Bratislava,Trieste,SK-IT,212,256,375.7,2.009,145.3,190.3,11.51,0.113,0.009816
Halle (Saale),Dortmund,DE-DE,153,163,312.4,0,122.5,167.5,9.372,0.1123,0.01198
Cardiff,Aachen,GB-DE,63,282,650.7,88.1,244.3,289.3,30.09,0.1119,0.00372
Stoke-on-Trent,Brussels,GB-BE,32,120,507.8,130.5,192.8,237.8,30.89,0.1117,0.003617
Leicester,Groningen,GB-NL,50,99,519.8,248.9,197.1,242.1,45.46,0.1116,0.002455
Bristol,Brussels,GB-BE,64,120,488.9,64.11,186,231,22.36,0.1115,0.004988
Montpellier,Valladolid,FR-ES,191,232,736,0,274.9,319.9,22.08,0.1114,0.005046
Frankfurt am Main,Essen,DE-DE,157,158,189.9,0,78.35,123.3,5.696,0.1114,0.01956
Novi Sad,Bucharest,RS-RO,280,295,502.5,0,190.9,235.9,15.07,0.1114,0.007387
Århus,Bergen,DK-NO,22,252,550.6,130.1,208.2,253.2,32.14,0.1113,0.003465
Wiesbaden,Strasbourg,DE-FR,126,178,170.9,0,71.52,116.5,5.127,0.1113,0.02171
Coventry,Groningen,GB-NL,60,99,550.1,232.1,208,253,44.35,0.1113,0.002509
Leeds,Glasgow,GB-GB,51,54,288.1,4.002,113.7,158.7,9.123,0.1113,0.0122
Karlsruhe,Düsseldorf,DE-DE,146,160,272.1,0,107.9,152.9,8.162,0.1113,0.01363
Manchester,Edinburgh,GB-GB,46,56,281.6,0,111.4,156.4,8.448,0.1112,0.01316
Wiesbaden,Trieste,DE-IT,126,256,642.8,10.01,241.4,286.4,20.49,0.1112,0.005428
Southampton,Stuttgart,GB-DE,34,128,793.8,200.4,295.8,340.8,47.87,0.1111,0.002321
Rotterdam,Lille,NL-FR,94,196,174.2,12.01,72.71,117.7,6.667,0.111,0.01665
Mannheim,Essen,DE-DE,137,158,241.8,0,97.04,142,7.253,0.111,0.0153
Brighton,Mainz,GB-DE,65,138,603.7,104.3,227.3,272.3,30.63,0.1102,0.003599
Magdeburg,Białystok,DE-PL,139,313,785.3,0,292.7,337.7,23.56,0.1102,0.004678
Graz,Magdeburg,AT-DE,114,139,626.3,0,235.5,280.5,18.79,0.1102,0.005864
Amsterdam,Lyon,NL-FR,106,194,736.7,0,275.2,320.2,22.1,0.1101,0.004983
Glasgow,Coventry,GB-GB,54,60,424.1,18,162.7,207.7,14.88,0.11,0.007388
Debrecen,Burgas,HU-BG,301,307,722.9,0,270.3,315.3,21.69,0.1099,0.00507
Madrid,Bilbao,ES-ES,238,245,323,0,126.3,171.3,9.689,0.1098,0.01133
Gothenburg,Szczecin,SE-PL,85,218,502.6,248.3,191,236,44.88,0.1097,0.002444
Gent,Wiesbaden,BE-DE,118,126,337.2,0,131.4,176.4,10.12,0.1096,0.01084
Groningen,Halle (Saale),NL-DE,99,153,415.2,0,159.5,204.5,12.46,0.1095,0.008791
The Hague,Mainz,NL-DE,93,138,362.9,0,140.7,185.7,10.89,0.1093,0.01004
Kiel,Dortmund,DE-DE,144,163,359.7,6.028,139.5,184.5,11.51,0.1093,0.009491
Zürich,Nice,CH-FR,72,187,419.4,0,161,206,12.58,0.109,0.008661
Dortmund,Berlin,DE-DE,163,170,421.8,0,161.9,206.9,12.66,0.1089,0.008606
Lübeck,Duisburg,DE-DE,140,161,378.6,0,146.3,191.3,11.36,0.1089,0.009588
Charleroi,Wuppertal,BE-DE,119,124,211.8,0,86.26,131.3,6.355,0.1089,0.01713
Stuttgart,Erfurt,DE-DE,128,159,278,0,110.1,155.1,8.34,0.1086,0.01302
Lübeck,Düsseldorf,DE-DE,140,160,395.3,0,152.3,197.3,11.86,0.1085,0.009151
Stuttgart,Munich,DE-DE,128,136,190.8,0,78.7,123.7,5.725,0.1085,0.01895
Linz,Košice,AT-SK,111,302,515.4,0,195.5,240.5,15.46,0.1085,0.007015
Novi Sad,Debrecen,RS-HU,280,301,288.2,0,113.8,158.8,8.646,0.1084,0.01254
Groningen,Dortmund,NL-DE,99,163,199.1,0,81.67,126.7,5.973,0.1083,0.01813
Southampton,The Hague,GB-NL,34,93,415.7,230.9,159.6,204.6,40.18,0.1081,0.00269
London,Charleroi,GB-BE,48,119,342.5,44.06,133.3,178.3,15.56,0.1081,0.006947
Mainz,Paris,DE-FR,138,184,446.9,0,170.9,215.9,13.41,0.1081,0.008061
Münster,Erfurt,DE-DE,135,159,260.3,0,103.7,148.7,7.809,0.108,0.01382
Augsburg,Aachen,DE-DE,171,282,438.1,0,167.7,212.7,13.14,0.1078,0.008202
Utrecht,Mainz,NL-DE,90,138,322,0,125.9,170.9,9.661,0.1078,0.01116
Poznań,Debrecen,PL-HU,219,301,637.3,0,239.4,284.4,19.12,0.1077,0.005634
Nottingham,Wiesbaden,GB-DE,41,126,723.3,152.3,270.4,315.4,39.97,0.1077,0.002695
Padua,Ljubljana,IT-SI,265,281,215.5,14.1,87.58,132.6,8.157,0.1077,0.0132
Erfurt,Bremen,DE-DE,159,165,278.7,0,110.3,155.3,8.361,0.1075,0.01286
Munich,Mannheim,DE-DE,136,137,272.7,0,108.2,153.2,8.182,0.1075,0.01314
Oslo,Helsinki,NO-FI,249,290,786.9,200.2,293.3,338.3,47.64,0.1073,0.002253
Geneva,Frankfurt am Main,CH-DE,75,157,474.1,0,180.7,225.7,14.22,0.1073,0.007545
Naples,Zagreb,IT-HR,266,278,568.8,204.3,214.8,259.8,41.58,0.1073,0.00258
Eindhoven,Lyon,NL-FR,101,194,634.6,0,238.4,283.4,19.04,0.1072,0.005634
Magdeburg,Ljubljana,DE-SI,139,281,707.6,0,264.7,309.7,21.23,0.1072,0.00505
Lübeck,Prague,DE-CZ,140,213,491.9,0,187.1,232.1,14.76,0.1072,0.007264
Groningen,Frankfurt am Main,NL-DE,99,157,374.7,0,144.9,189.9,11.24,0.107,0.00952
Bratislava,Wrocław,SK-PL,212,217,328.6,0,128.3,173.3,9.858,0.107,0.01085
Amsterdam,Wiesbaden,NL-DE,106,126,345.3,0,134.3,179.3,10.36,0.107,0.01033
Stockholm,Oulu,SE-FI,80,287,738.4,260.2,275.8,320.8,53.37,0.1069,0.002004
Groningen,Antwerp,NL-BE,99,122,266.8,0,106,151,8.003,0.1068,0.01335
Glasgow,Tilburg,GB-NL,54,91,778.8,360.4,290.4,335.4,66.61,0.1067,0.001601
Eindhoven,Mainz,NL-DE,101,138,255.4,0,101.9,146.9,7.662,0.1066,0.01391
Leeds,Mainz,GB-DE,51,138,795.7,216.5,296.5,341.5,49.85,0.1066,0.002139
Poznań,Białystok,PL-PL,219,313,427,0,163.7,208.7,12.81,0.1063,0.0083
Köln,Karlsruhe,DE-DE,142,146,237.9,0,95.63,140.6,7.136,0.1061,0.01487
Hannover,Bonn,DE-DE,150,167,257.6,0,102.7,147.7,7.727,0.106,0.01372
Plymouth,Duisburg,GB-DE,38,161,773.2,342.5,288.4,333.4,64.3,0.1059,0.001647
Brescia,Ljubljana,IT-SI,274,281,337.5,0,131.5,176.5,10.12,0.1056,0.01043
Leeds,Gent,GB-BE,51,118,469.6,162.5,179,224,33.59,0.1056,0.003143
Liverpool,Brussels,GB-BE,49,120,575.1,150.3,217,262,35.28,0.1055,0.002991
Plymouth,Köln,GB-DE,38,142,783.8,364.8,292.2,337.2,67.3,0.1053,0.001564
Bremen,Berlin,DE-DE,165,170,315.4,0,123.6,168.6,9.463,0.105,0.0111
Geneva,Mannheim,CH-DE,75,137,404.4,0,155.6,200.6,12.13,0.1048,0.008639
Lübeck,Aachen,DE-DE,140,282,464.7,0,177.3,222.3,13.94,0.1048,0.007518
Dresden,Szczecin,DE-PL,162,218,270.2,0,107.3,152.3,8.105,0.1047,0.01292
Brighton,Brussels,GB-BE,65,120,315.1,78.28,123.4,168.4,18.85,0.1046,0.005552
London,Liverpool,GB-GB,48,49,286.4,6.009,113.1,158.1,9.314,0.1046,0.01123
Manchester,Groningen,GB-NL,46,99,584.7,352.4,220.5,265.5,59.83,0.1045,0.001747
Gothenburg,Bydgoszcz,SE-PL,85,227,636,208.7,239,284,44.12,0.1045,0.002369
Gasteiz / Vitoria,Gijón,ES-ES,230,242,254,0,101.4,146.4,7.62,0.1045,0.01372
Amsterdam,Wuppertal,NL-DE,106,124,198.9,0,81.59,126.6,5.966,0.1044,0.0175
Charleroi,Mannheim,BE-DE,119,137,305.5,0,120,165,9.164,0.1042,0.01137
Nice,Montpellier,FR-FR,187,191,272.9,0,108.2,153.2,8.186,0.104,0.01271
Zürich,Trieste,CH-IT,72,256,443.1,22.06,169.5,214.5,15.94,0.104,0.006524
Magdeburg,Düsseldorf,DE-DE,139,160,349.4,0,135.8,180.8,10.48,0.1039,0.009915
Southampton,Eindhoven,GB-NL,34,101,483.3,106.3,184,229,27.25,0.1038,0.00381
Gent,Stuttgart,BE-DE,118,128,465,0,177.4,222.4,13.95,0.1038,0.007438
Plymouth,Düsseldorf,GB-DE,38,160,772.7,364.3,288.2,333.2,66.9,0.1037,0.00155
Antwerp,Strasbourg,BE-FR,122,178,378.5,0,146.3,191.3,11.36,0.1036,0.009118
Wrocław,Zagreb,PL-HR,217,278,593.1,0,223.5,268.5,17.79,0.1034,0.005812
Budapest,Zagreb,HU-HR,211,278,299.4,0,117.8,162.8,8.983,0.1034,0.01151
Gent,Bonn,BE-DE,118,167,239.6,0,96.24,141.2,7.187,0.1033,0.01438
Porto,Gijón,PT-ES,86,242,359.4,0,139.4,184.4,10.78,0.1033,0.009576
Charleroi,Wiesbaden,BE-DE,119,126,272.6,0,108.1,153.1,8.177,0.1032,0.01262
Linz,Debrecen,AT-HU,111,301,553.4,0,209.2,254.2,16.6,0.1032,0.006217
Münster,Karlsruhe,DE-DE,135,146,332.9,0,129.9,174.9,9.988,0.1032,0.01033
Glasgow,Groningen,GB-NL,54,99,756.6,506.4,282.4,327.4,83.47,0.1029,0.001233
Wiesbaden,Nice,DE-FR,126,187,713.6,0,266.9,311.9,21.41,0.1029,0.004806
Prague,Gdańsk,CZ-PL,213,226,554.6,0,209.6,254.6,16.64,0.1029,0.006184
Lübeck,Hannover,DE-DE,140,150,178.4,0,74.21,119.2,5.351,0.1028,0.01922
Verona,Ljubljana,IT-SI,254,281,280.8,0,111.1,156.1,8.425,0.1027,0.01219
Wrocław,Kraków,PL-PL,217,222,235.6,0,94.82,139.8,7.068,0.1024,0.01449
Charleroi,Frankfurt am Main,BE-DE,119,157,303.1,0,119.1,164.1,9.093,0.1023,0.01125
Brighton,Karlsruhe,GB-DE,65,146,643.8,120.3,241.8,286.8,33.76,0.1022,0.003028
Lübeck,Szczecin,DE-PL,140,218,259.4,0,103.4,148.4,7.782,0.1021,0.01312
Leicester,Mainz,GB-DE,50,138,717.1,156.2,268.2,313.2,40.26,0.102,0.002532
Kiel,Brno,DE-CZ,144,216,722.8,0,270.2,315.2,21.69,0.1019,0.004697
Southampton,Rotterdam,GB-NL,34,94,423.3,186.6,162.4,207.4,35.09,0.1018,0.002902
Kiel,Frankfurt am Main,DE-DE,144,157,478,0,182.1,227.1,14.34,0.1017,0.007094
Magdeburg,Frankfurt am Main,DE-DE,139,157,304.2,0,119.5,164.5,9.126,0.1017,0.01114
Nantes,Barcelona,FR-ES,188,246,712,0,266.3,311.3,21.36,0.1016,0.004758
Nottingham,Aachen,GB-DE,41,282,552.2,146.1,208.8,253.8,34.09,0.1015,0.002977
Reading,Rennes,GB-FR,36,181,375.4,146.5,145.1,190.1,28.85,0.1014,0.003515
Oslo,Vantaa,NO-FI,249,284,791.9,190.4,295.1,340.1,46.61,0.1014,0.002175
Tilburg,Wiesbaden,NL-DE,91,126,275.2,0,109.1,154.1,8.256,0.1012,0.01226
Swindon,Karlsruhe,GB-DE,30,146,776.4,58.03,289.5,334.5,30.26,0.1012,0.003345
Wrocław,Łódź,PL-PL,217,221,184.9,0,76.58,121.6,5.548,0.1011,0.01823
Plymouth,Essen,GB-DE,38,158,790.5,342.2,294.6,339.6,64.78,0.1005,0.001552
Charleroi,Lübeck,BE-DE,119,140,573.5,0,216.5,261.5,17.2,0.1004,0.005838
Mainz,Dresden,DE-DE,138,162,403.7,0,155.3,200.3,12.11,0.1003,0.008281
Groningen,Braunschweig,NL-DE,99,166,286.8,0,113.3,158.3,8.605,0.1003,0.01165
Lübeck,Essen,DE-DE,140,158,365.1,0,141.4,186.4,10.95,0.1003,0.009155
Geneva,Braunschweig,CH-DE,75,166,745.2,0,278.3,323.3,22.36,0.1003,0.004485
Mainz,Trieste,DE-IT,138,256,632.5,10.01,237.7,282.7,20.18,0.1002,0.004966
Swansea,Paris,GB-FR,31,184,542.8,238.3,205.4,250.4,44.89,0.09997,0.002227
Cardiff,Bonn,GB-DE,63,167,721.6,90.19,269.8,314.8,32.47,0.0999,0.003077
Bratislava,Gdańsk,SK-PL,212,226,698.1,0,261.3,306.3,20.94,0.09988,0.004769
Amsterdam,Mainz,NL-DE,106,138,355.7,0,138.1,183.1,10.67,0.09986,0.009357
Sheffield,Edinburgh,GB-GB,35,56,306.6,0,120.4,165.4,9.197,0.09985,0.01086
Milton Keynes,Paris,GB-FR,45,184,417.1,104.3,160.1,205.1,25.02,0.09979,0.003988
Kraków,Zagreb,PL-HR,222,278,556.6,0,210.4,255.4,16.7,0.09976,0.005975
Katowice,Zagreb,PL-HR,223,278,543.5,0,205.7,250.7,16.31,0.09966,0.006112
Strasbourg,Lyon,FR-FR,178,194,383.8,0,148.2,193.2,11.51,0.09959,0.008649
Coventry,Paris,GB-FR,60,184,479.7,108.4,182.7,227.7,27.4,0.09959,0.003635
Tilburg,Paris,NL-FR,91,184,358.2,0,139,184,10.75,0.09948,0.009257
Groningen,Bielefeld,NL-DE,99,169,187.1,0,77.35,122.4,5.613,0.09946,0.01772
Liverpool,Eindhoven,GB-NL,49,101,613.3,170.4,230.8,275.8,38.84,0.09945,0.00256
Lübeck,Berlin,DE-DE,140,170,235,0,94.62,139.6,7.051,0.09934,0.01409
Swansea,Utrecht,GB-NL,31,90,624.4,208.1,234.8,279.8,43.71,0.09918,0.002269
Košice,Varna,SK-BG,302,303,797.9,0,297.3,342.3,23.94,0.09906,0.004138
Reading,Glasgow,GB-GB,36,54,535.8,32.11,202.9,247.9,19.93,0.09902,0.004969
Erfurt,Dresden,DE-DE,159,162,189.3,0,78.13,123.1,5.678,0.09898,0.01743
Murcia,Madrid,ES-ES,4,238,349.4,0,135.8,180.8,10.48,0.09878,0.009424
Ostrava,Poznań,CZ-PL,215,219,301.2,0,118.4,163.4,9.035,0.09854,0.01091
Brighton,Aachen,GB-DE,65,282,437.2,78.22,167.4,212.4,22.5,0.09834,0.00437
Leipzig,Freiburg,DE-DE,141,156,493.8,0,187.8,232.8,14.81,0.09825,0.006632
Hannover,Frankfurt am Main,DE-DE,150,157,261.2,0,104,149,7.835,0.098,0.01251
Swindon,Brussels,GB-BE,30,120,434.1,62.02,166.3,211.3,20.47,0.09797,0.004787
Leicester,Paris,GB-FR,50,184,486.8,110.2,185.3,230.3,27.83,0.09794,0.00352
Groningen,Bochum,NL-DE,99,168,198.2,0,81.34,126.3,5.945,0.09775,0.01644
Edinburgh,Birmingham,GB-GB,56,67,395,0,152.2,197.2,11.85,0.09709,0.008193
Kiel,Bochum,DE-DE,144,168,371.4,0,143.7,188.7,11.14,0.09704,0.008708
Stuttgart,Dortmund,DE-DE,128,163,327.4,0,127.9,172.9,9.821,0.09701,0.009877
Stuttgart,Hannover,DE-DE,128,150,400.9,0,154.3,199.3,12.03,0.09701,0.008065
Swansea,Amsterdam,GB-NL,31,106,610.1,208,229.6,274.6,43.27,0.09698,0.002241
Magdeburg,Duisburg,DE-DE,139,161,343.6,0,133.7,178.7,10.31,0.09694,0.009404
Wolverhampton,Brussels,GB-BE,25,120,485.6,156.5,184.8,229.8,33.35,0.09692,0.002906
Utrecht,Wiesbaden,NL-DE,90,126,311.8,0,122.2,167.2,9.354,0.0969,0.01036
Halle (Saale),Bochum,DE-DE,153,168,329.8,0,128.7,173.7,9.893,0.09686,0.00979
Zürich,Marseille,CH-FR,72,193,515.8,0,195.7,240.7,15.47,0.09685,0.006259
Swansea,Wuppertal,GB-DE,31,124,769.1,194.3,286.9,331.9,46.39,0.09659,0.002082
Wrocław,Warsaw,PL-PL,217,309,301.8,0,118.6,163.6,9.054,0.09659,0.01067
Preston,Birmingham,GB-GB,37,67,152.3,0,64.82,109.8,4.568,0.09656,0.02114
Edinburgh,Cork,GB-IE,56,174,567.5,162.4,214.3,259.3,36.52,0.09651,0.002643
Brno,Gdańsk,CZ-PL,216,226,590.3,0,222.5,267.5,17.71,0.09643,0.005445
Kiel,Wrocław,DE-PL,144,217,585.9,2.007,220.9,265.9,17.82,0.09627,0.005403
Magdeburg,Poznań,DE-PL,139,219,361.7,0,140.2,185.2,10.85,0.096,0.008846
Lübeck,Strasbourg,DE-FR,140,178,622.2,0,234,279,18.67,0.09597,0.005142
Wiesbaden,Aachen,DE-DE,126,282,171.2,0,71.65,116.6,5.137,0.09595,0.01868
Wuppertal,Frankfurt am Main,DE-DE,124,157,166.7,0,70.02,115,5.002,0.09587,0.01917
The Hague,Bonn,NL-DE,93,167,244.7,0,98.11,143.1,7.342,0.09572,0.01304
Nottingham,Brussels,GB-BE,41,120,443.7,148.6,169.7,214.7,31.14,0.09558,0.00307
Cardiff,Brussels,GB-BE,63,120,529.4,92.24,200.6,245.6,26.95,0.0954,0.00354
Kiel,Berlin,DE-DE,144,170,295,0,116.2,161.2,8.849,0.09481,0.01071
Brno,Trieste,CZ-IT,216,256,448,4,171.3,216.3,13.92,0.09465,0.006799
Oslo,Espoo,NO-FI,249,291,771,188.2,287.6,332.6,45.72,0.09463,0.00207
Münster,Augsburg,DE-DE,135,171,462.2,0,176.4,221.4,13.87,0.09455,0.006818
Stockholm,Oslo,SE-NO,80,249,416.6,4.006,160,205,12.98,0.09452,0.007282
Leeds,Paris,GB-FR,51,184,612.5,100.1,230.5,275.5,30.38,0.09452,0.003111
Zürich,Wiesbaden,CH-DE,72,126,303.2,0,119.2,164.2,9.096,0.09431,0.01037
Freiburg,Bremen,DE-DE,156,165,568.9,0,214.8,259.8,17.07,0.09418,0.005519
Southampton,Aachen,GB-DE,34,282,525.7,76.25,199.3,244.3,24.92,0.09408,0.003775
Bonn,Nice,DE-FR,167,187,781.9,0,291.5,336.5,23.46,0.09404,0.004009
Oslo,Tampere,NO-FI,249,286,729.8,234.6,272.7,317.7,50.04,0.09389,0.001876
Marseille,Gasteiz / Vitoria,FR-ES,193,230,655.8,178.5,246.1,291.1,41.09,0.09385,0.002284
Genoa,Bologna,IT-IT,270,276,190.3,0,78.51,123.5,5.709,0.09384,0.01644
Swindon,Groningen,GB-NL,30,99,595.4,224.5,224.4,269.4,44.81,0.09371,0.002091
Coventry,Mainz,GB-DE,60,138,733,150.2,273.9,318.9,40.01,0.09369,0.002342
Nuremberg,Dresden,DE-DE,134,162,259.4,0,103.4,148.4,7.782,0.09369,0.01204
Erfurt,Bielefeld,DE-DE,159,169,209.2,0,85.32,130.3,6.276,0.09362,0.01492
Padua,Košice,IT-SK,265,302,798.7,0,297.5,342.5,23.96,0.09338,0.003897
Munich,Freiburg,DE-DE,136,156,277.1,0,109.8,154.8,8.313,0.09314,0.01121
Budapest,Gdańsk,HU-PL,211,226,762.6,0,284.5,329.5,22.88,0.09309,0.004069
Southampton,Brussels,GB-BE,34,120,403.6,76.3,155.3,200.3,21.26,0.09307,0.004377
Newcastle upon Tyne,Groningen,GB-NL,44,99,567.6,497.4,214.3,259.3,76.71,0.09281,0.00121
Derby,Groningen,GB-NL,59,99,538.1,340.1,203.7,248.7,56.95,0.09275,0.001629
Swindon,Tilburg,GB-NL,30,91,474.9,200.4,181,226,38.3,0.09261,0.002418
Duisburg,Bremen,DE-DE,161,165,229.6,0,92.65,137.6,6.887,0.09229,0.0134
Marseille,Trieste,FR-IT,193,256,715.2,206.4,267.5,312.5,46.22,0.09217,0.001994
Manchester,Gent,GB-BE,46,118,486.8,140.2,185.3,230.3,31.43,0.0921,0.00293
Bristol,Eindhoven,GB-NL,64,101,559.3,216.5,211.3,256.3,42.76,0.09188,0.002149
Groningen,Mannheim,NL-DE,99,137,435.2,0,166.7,211.7,13.06,0.09187,0.007037
Preston,Eindhoven,GB-NL,37,101,609.5,192.5,229.4,274.4,41.38,0.09181,0.002219
Brighton,Groningen,GB-NL,65,99,530,252.9,200.8,245.8,46.25,0.0917,0.001983
Rotterdam,Lyon,NL-FR,94,194,687,0,257.3,302.3,20.61,0.09157,0.004443
Leicester,Glasgow,GB-GB,50,54,412.2,14.01,158.4,203.4,14.05,0.0915,0.006515
Newcastle upon Tyne,Tilburg,GB-NL,44,91,585.5,465.2,220.8,265.8,73.39,0.09145,0.001246
Stuttgart,Bremen,DE-DE,128,165,478.1,0,182.1,227.1,14.34,0.09108,0.00635
Derby,Antwerp,GB-BE,59,122,443.9,166.7,169.8,214.8,33.32,0.09101,0.002731
Freiburg,Paris,DE-FR,156,184,417,0,160.1,205.1,12.51,0.09099,0.007272
Tilburg,Mainz,NL-DE,91,138,284.4,0,112.4,157.4,8.532,0.09085,0.01065
Gasteiz / Vitoria,Oviedo,ES-ES,230,236,263.7,0,104.9,149.9,7.91,0.09082,0.01148
Hamburg,Dresden,DE-DE,152,162,376.9,0,145.7,190.7,11.31,0.09078,0.008029
Nice,Aachen,FR-DE,187,282,791.6,0,295,340,23.75,0.09073,0.003821
Nice,Verona,FR-IT,187,254,352.7,40.08,137,182,15.39,0.09045,0.005877
Stoke-on-Trent,Groningen,GB-NL,32,99,584.3,340.2,220.3,265.3,58.35,0.09016,0.001545
Frankfurt am Main,Bielefeld,DE-DE,157,169,213.5,0,86.86,131.9,6.405,0.09011,0.01407
Geneva,Wuppertal,CH-DE,75,124,566.8,0,214,259,17,0.09011,0.0053
Wolverhampton,Antwerp,GB-BE,25,122,472.4,162.1,180.1,225.1,33.63,0.08957,0.002664
Toulouse,Gasteiz / Vitoria,FR-ES,176,230,343.9,0,133.8,178.8,10.32,0.08953,0.008679
Genoa,Florence,IT-IT,270,272,196.5,18.05,80.76,125.8,8.062,0.08948,0.0111
Lübeck,Dortmund,DE-DE,140,163,340,0,132.4,177.4,10.2,0.08927,0.008752
Zaragoza,Vigo,ES-ES,229,231,651.8,2.005,244.6,289.6,19.79,0.08924,0.004508
Kraków,Warsaw,PL-PL,222,309,252.5,0,100.9,145.9,7.575,0.0892,0.01178
Leipzig,Hannover,DE-DE,141,150,214.4,0,87.18,132.2,6.431,0.08918,0.01387
Brighton,Rotterdam,GB-NL,65,94,342.8,192.5,133.4,178.4,33.38,0.08902,0.002667
Leeds,Edinburgh,GB-GB,51,56,261.9,0,104.3,149.3,7.856,0.08881,0.0113
Messina,Thessaloníki,IT-GR,17,308,689.8,328.8,258.3,303.3,60.15,0.08877,0.001476
Freiburg,Erfurt,DE-DE,156,159,403.4,0,155.2,200.2,12.1,0.08862,0.007323
Manchester,Bristol,GB-GB,46,64,226.6,12.03,91.56,136.6,8.24,0.08862,0.01075
Glasgow,Cork,GB-IE,54,174,520.2,110,197.3,242.3,28.81,0.08837,0.003067
Magdeburg,Karlsruhe,DE-DE,139,146,415.2,0,159.5,204.5,12.46,0.08836,0.007094
Brussels,Strasbourg,BE-FR,120,178,350.9,0,136.3,181.3,10.53,0.08814,0.008373
Leicester,Antwerp,GB-BE,50,122,410.6,174.3,157.8,202.8,33.23,0.0881,0.002651
Linz,Graz,AT-AT,111,114,162.7,0,68.57,113.6,4.881,0.08806,0.01804
Charleroi,Stuttgart,BE-DE,119,128,386.1,0,149,194,11.58,0.08797,0.007594
Lübeck,Frankfurt am Main,DE-DE,140,157,439.3,0,168.1,213.1,13.18,0.08793,0.006672
Magdeburg,Essen,DE-DE,139,158,326.4,0,127.5,172.5,9.791,0.08773,0.008959
Mainz,Strasbourg,DE-FR,138,178,160.2,0,67.67,112.7,4.806,0.08756,0.01822
Groningen,Kiel,NL-DE,99,144,264.6,60.13,105.2,150.2,15.15,0.08745,0.005772
Hannover,Erfurt,DE-DE,150,159,179,0,74.46,119.5,5.371,0.08739,0.01627
Mainz,Dortmund,DE-DE,138,163,179.8,0,74.74,119.7,5.395,0.08738,0.0162
Münster,Leipzig,DE-DE,135,141,334.6,0,130.4,175.4,10.04,0.08736,0.008704
Naples,Ljubljana,IT-SI,266,281,578.4,276.2,218.2,263.2,50.5,0.08736,0.00173
Plymouth,Bristol,GB-GB,38,64,162.1,4.002,68.35,113.4,5.343,0.08727,0.01633
Plymouth,Rennes,GB-FR,38,181,308.7,238.5,121.1,166.1,37.88,0.08698,0.002296
Bremen,Augsburg,DE-DE,165,171,543.4,0,205.6,250.6,16.3,0.0868,0.005325
Reading,Gent,GB-BE,36,118,329.3,90.36,128.5,173.5,20.72,0.08666,0.004182
Zürich,Mainz,CH-DE,72,138,291.5,0,114.9,159.9,8.744,0.08664,0.009909
Oslo,Turku,NO-FI,249,285,639.1,178.3,240.1,285.1,40.57,0.08631,0.002127
Freiburg,Dresden,DE-DE,156,162,543.7,0,205.7,250.7,16.31,0.08616,0.005283
Ostrava,Łódź,CZ-PL,215,221,231,0,93.15,138.2,6.929,0.08608,0.01242
Reading,Antwerp,GB-BE,36,122,374,104.5,144.6,189.6,23.76,0.08605,0.003621
Århus,Lübeck,DK-DE,22,140,256.2,110.1,102.2,147.2,20.9,0.08586,0.004109
Hamburg,Bielefeld,DE-DE,152,169,195.2,0,80.27,125.3,5.856,0.08585,0.01466
Nice,Pamplona,FR-ES,187,235,727.8,68.17,272,317,30.01,0.08579,0.002858
Reading,Geneva,GB-CH,36,75,782,130,291.5,336.5,39.06,0.08579,0.002196
Copenhagen,Bergen,DK-NO,21,252,675.1,288.5,253,298,54.87,0.0856,0.00156
Swansea,Brussels,GB-BE,31,120,583.3,76.17,220,265,26.64,0.08555,0.003212
Swindon,Mainz,GB-DE,30,138,728.3,48.02,272.2,317.2,27.61,0.08546,0.003095
Lübeck,Ostrava,DE-CZ,140,215,687.3,0,257.4,302.4,20.62,0.08543,0.004143
Hamburg,Bonn,DE-DE,152,167,370.3,0,143.3,188.3,11.11,0.08541,0.007689
Plymouth,Brussels,GB-BE,38,120,601.2,364.7,226.4,271.4,61.81,0.08539,0.001382
Mainz,Nice,DE-FR,138,187,702.4,0,262.9,307.9,21.07,0.08527,0.004047
Leipzig,Hamburg,DE-DE,141,152,294,0,115.8,160.8,8.819,0.08517,0.009658
The Hague,Aachen,NL-DE,93,282,190.3,2.003,78.5,123.5,5.949,0.08514,0.01431
Magdeburg,Trieste,DE-IT,139,256,737.5,6.012,275.5,320.5,22.85,0.08501,0.003721
Kiel,Warsaw,DE-PL,144,309,758.8,48.05,283.2,328.2,28.53,0.08492,0.002976
Southampton,Mainz,GB-DE,34,138,692.9,148.2,259.4,304.4,38.57,0.08471,0.002196
Łódź,Ljubljana,PL-SI,221,281,731.9,0,273.5,318.5,21.96,0.08471,0.003858
Bratislava,Zagreb,SK-HR,212,278,273.3,0,108.4,153.4,8.198,0.08461,0.01032
Derby,Tilburg,GB-NL,59,91,472.2,172.1,180,225,34.81,0.08461,0.002431
Linz,Szczecin,AT-PL,111,218,569.9,0,215.2,260.2,17.1,0.08439,0.004936
Nottingham,Eindhoven,GB-NL,41,101,481.8,166.6,183.5,228.5,34.45,0.08407,0.00244
Derby,Mainz,GB-DE,59,138,750.2,160,280.1,325.1,41.71,0.08402,0.002014
Kraków,Ljubljana,PL-SI,222,281,601.2,0,226.4,271.4,18.04,0.08401,0.004658
Charleroi,Bonn,BE-DE,119,167,190.6,0,78.62,123.6,5.718,0.08373,0.01464
Düsseldorf,Braunschweig,DE-DE,160,166,282.8,0,111.8,156.8,8.485,0.0837,0.009865
Mannheim,Magdeburg,DE-DE,137,139,368.4,0,142.6,187.6,11.05,0.08363,0.007567
Mannheim,Duisburg,DE-DE,137,161,247.4,0,99.06,144.1,7.422,0.08362,0.01127
Geneva,Trieste,CH-IT,75,256,593.2,54.11,223.5,268.5,24.29,0.08357,0.003441
Liverpool,Antwerp,GB-BE,49,122,557.2,170.4,210.6,255.6,37.16,0.08323,0.00224
Prague,Košice,CZ-SK,213,302,517.6,0,196.3,241.3,15.53,0.08302,0.005347
Linz,Brno,AT-CZ,111,216,196.8,0,80.86,125.9,5.905,0.08294,0.01405
Hannover,Düsseldorf,DE-DE,150,160,239.8,0,96.35,141.3,7.195,0.08293,0.01153
Stoke-on-Trent,Tilburg,GB-NL,32,91,520.3,172.1,197.3,242.3,36.26,0.08288,0.002286
Hannover,Augsburg,DE-DE,150,171,452.3,0,172.8,217.8,13.57,0.08279,0.006102
Wolverhampton,Tilburg,GB-NL,25,91,506,174.7,192.2,237.2,36.14,0.08251,0.002283
Budapest,Košice,HU-SK,211,302,213,0,86.7,131.7,6.391,0.0825,0.01291
Vienna,Białystok,AT-PL,109,313,726.7,0,271.6,316.6,21.8,0.08244,0.003782
Swansea,Milton Keynes,GB-GB,31,45,224,0,90.62,135.6,6.719,0.0824,0.01226
Manchester,Cardiff,GB-GB,46,63,231.5,2.013,93.33,138.3,7.185,0.08231,0.01146
Derby,Paris,GB-FR,59,184,525.9,106.4,199.3,244.3,28.54,0.08207,0.002875
Wuppertal,Munich,DE-DE,124,136,470.6,0,179.4,224.4,14.12,0.08192,0.005802
Geneva,Karlsruhe,CH-DE,75,146,355.1,0,137.8,182.8,10.65,0.08191,0.00769
Swindon,Plymouth,GB-GB,30,38,211.6,4.03,86.16,131.2,6.83,0.08187,0.01199
Groningen,Augsburg,NL-DE,99,171,618.8,0,232.8,277.8,18.56,0.08181,0.004407
Zürich,Toulouse,CH-FR,72,176,693.7,0,259.7,304.7,20.81,0.0816,0.003921
Swindon,Nantes,GB-FR,30,188,482.9,188.4,183.9,228.9,37.09,0.0816,0.0022
Kiel,Bielefeld,DE-DE,144,169,275.9,0,109.3,154.3,8.276,0.08157,0.009856
Valladolid,Gijón,ES-ES,232,242,222.7,0,90.18,135.2,6.682,0.08156,0.01221
Prague,Gdynia,CZ-PL,213,225,566.2,0,213.8,258.8,16.99,0.08144,0.004794
Brno,Wrocław,CZ-PL,216,217,214.2,0,87.13,132.1,6.427,0.08138,0.01266
Kiel,Karlsruhe,DE-DE,144,146,602.6,0,226.9,271.9,18.08,0.08136,0.004501
London,Leeds,GB-GB,48,51,271.9,0,107.9,152.9,8.156,0.08101,0.009932
Milton Keynes,Antwerp,GB-BE,45,122,367.3,176.6,142.2,187.2,32.22,0.08096,0.002513
Bratislava,Gdynia,SK-PL,212,225,715.2,0,267.5,312.5,21.46,0.08093,0.003772
Wiesbaden,Dortmund,DE-DE,126,163,168,0,70.49,115.5,5.041,0.08084,0.01604
Gent,Mainz,BE-DE,118,138,343.8,0,133.8,178.8,10.31,0.08069,0.007824
Wuppertal,Hamburg,DE-DE,124,152,319.9,0,125.1,170.1,9.596,0.08046,0.008385
Bratislava,Lublin,SK-PL,212,312,522.6,0,198.1,243.1,15.68,0.08043,0.00513
Bratislava,Bydgoszcz,SK-PL,212,227,556.9,0,210.5,255.5,16.71,0.08038,0.004811
Mainz,Hannover,DE-DE,138,150,284.3,0,112.3,157.3,8.528,0.08035,0.009423
Bonn,Strasbourg,DE-FR,167,178,243.7,0,97.71,142.7,7.31,0.08025,0.01098
Trieste,Bologna,IT-IT,256,276,230.6,130.3,93,138,22.56,0.08018,0.003555
Copenhagen,Białystok,DK-PL,21,313,741,228.3,276.8,321.8,49.63,0.08007,0.001613
Zürich,Magdeburg,CH-DE,72,139,574.1,0,216.7,261.7,17.22,0.07993,0.004641
Mannheim,Kiel,DE-DE,137,144,549.3,0,207.8,252.8,16.48,0.07986,0.004846
Münster,Freiburg,DE-DE,135,156,441.3,0,168.9,213.9,13.24,0.07983,0.006029
Nottingham,Antwerp,GB-BE,41,122,425.3,162.5,163.1,208.1,32.25,0.07973,0.002472
Mannheim,Bielefeld,DE-DE,137,169,282.9,0,111.9,156.9,8.488,0.07962,0.00938
Wuppertal,Strasbourg,DE-FR,124,178,300.2,0,118.1,163.1,9.006,0.07952,0.008829
Poznań,Warsaw,PL-PL,219,309,278.1,0,110.1,155.1,8.343,0.07946,0.009524
Naples,Bari,IT-IT,266,277,220.4,6.011,89.35,134.3,7.333,0.07921,0.0108
Poznań,Ljubljana,PL-SI,219,281,728.2,0,272.2,317.2,21.85,0.07919,0.003625
Sheffield,Lille,GB-FR,35,196,434.8,112.2,166.5,211.5,26.51,0.07898,0.002979
Frankfurt am Main,Braunschweig,DE-DE,157,166,271.4,0,107.7,152.7,8.142,0.07897,0.0097
Frankfurt am Main,Aachen,DE-DE,157,282,198.3,0,81.38,126.4,5.948,0.07897,0.01328
Brno,Gdynia,CZ-PL,216,225,606.5,0,228.3,273.3,18.19,0.07872,0.004327
Lübeck,Bochum,DE-DE,140,168,353.8,0,137.4,182.4,10.61,0.07846,0.007392
Magdeburg,Dortmund,DE-DE,139,163,294.4,0,116,161,8.831,0.07807,0.008841
Groningen,Gent,NL-BE,99,118,309.8,0,121.5,166.5,9.294,0.07801,0.008393
Zaragoza,Bilbao,ES-ES,229,245,245.2,0,98.28,143.3,7.357,0.07793,0.01059
Swansea,Rotterdam,GB-NL,31,94,580.2,212.1,218.9,263.9,42.85,0.07784,0.001816
Mainz,Düsseldorf,DE-DE,138,160,174,0,72.63,117.6,5.219,0.07782,0.01491
Wuppertal,Nuremberg,DE-DE,124,134,343.2,0,133.6,178.6,10.3,0.07767,0.007543
Mainz,Essen,DE-DE,138,158,186.7,0,77.21,122.2,5.601,0.07765,0.01387
Milton Keynes,Edinburgh,GB-GB,45,56,463.1,0,176.7,221.7,13.89,0.07765,0.005589
Southampton,Nantes,GB-FR,34,188,410.1,120,157.6,202.6,26.71,0.0776,0.002906
Nottingham,Groningen,GB-NL,41,99,516,347.3,195.8,240.8,57.16,0.0775,0.001356
Århus,Magdeburg,DK-DE,22,139,457.1,158.4,174.5,219.5,32.72,0.07732,0.002363
Reading,Freiburg,GB-DE,36,156,741.1,92.13,276.8,321.8,33.29,0.07719,0.002319
Brighton,Freiburg,GB-DE,65,156,657.9,136.4,246.8,291.8,36.1,0.07716,0.002137
Frankfurt am Main,Augsburg,DE-DE,157,171,251.9,0,100.7,145.7,7.556,0.07708,0.0102
Preston,Antwerp,GB-BE,37,122,557.6,158.4,210.7,255.7,35.74,0.07689,0.002151
Bucharest,Varna,RO-BG,295,303,197.8,0,81.22,126.2,5.935,0.07686,0.01295
Leipzig,Bielefeld,DE-DE,141,169,275.6,0,109.2,154.2,8.267,0.07684,0.009295
Malmö,Białystok,SE-PL,82,313,712.6,192.2,266.5,311.5,44.44,0.0768,0.001728
Brighton,Nantes,GB-FR,65,188,414.5,160.2,159.2,204.2,31.66,0.07647,0.002415
Nuremberg,Mainz,DE-DE,134,138,209.5,0,85.41,130.4,6.285,0.07632,0.01214
Coventry,Antwerp,GB-BE,60,122,427.2,160.4,163.8,208.8,32.07,0.07617,0.002375
Hannover,Duisburg,DE-DE,150,161,228.8,0,92.36,137.4,6.863,0.07612,0.01109
Bristol,Mainz,GB-DE,64,138,782.3,44.02,291.6,336.6,28.75,0.07601,0.002644
Nuremberg,Freiburg,DE-DE,134,156,286.8,0,113.2,158.2,8.603,0.07601,0.008835
Nice,Brescia,FR-IT,187,274,309.8,2.012,121.5,166.5,9.535,0.07588,0.007958
London,Cardiff,GB-GB,48,63,211.5,26.18,86.12,131.1,9.485,0.07586,0.007998
Vienna,Szczecin,AT-PL,109,218,594.3,0,224,269,17.83,0.07576,0.004249
Malmö,Gothenburg,SE-SE,82,85,242,122,97.13,142.1,21.9,0.07575,0.003458
Halle (Saale),Bonn,DE-DE,153,167,350.9,0,136.3,181.3,10.53,0.07575,0.007196
Freiburg,Toulouse,DE-FR,156,176,696.2,0,260.6,305.6,20.88,0.07575,0.003627
Århus,Kiel,DK-DE,22,144,204.1,122.1,83.49,128.5,20.77,0.07559,0.003639
Erfurt,Bonn,DE-DE,159,167,277.8,0,110,155,8.335,0.07559,0.009069
Liverpool,Glasgow,GB-GB,49,54,285.1,120.5,112.6,157.6,23.01,0.07558,0.003285
Swansea,The Hague,GB-NL,31,93,568.1,214,214.5,259.5,42.73,0.07549,0.001767
Duisburg,Braunschweig,DE-DE,161,166,274.5,0,108.8,153.8,8.234,0.07536,0.009153
Rome,Bari,IT-IT,260,277,372.9,6.014,144.2,189.2,11.91,0.07535,0.006327
Dresden,Bremen,DE-DE,162,165,405.2,0,155.9,200.9,12.16,0.07527,0.006191
Groningen,Karlsruhe,NL-DE,99,146,485.3,0,184.7,229.7,14.56,0.07513,0.00516
Amsterdam,Bonn,NL-DE,106,167,237.7,0,95.56,140.6,7.13,0.07505,0.01053
Plymouth,Utrecht,GB-NL,38,90,672.3,266.1,252,297,52.1,0.07497,0.001439
Utrecht,Bonn,NL-DE,90,167,203.6,0,83.31,128.3,6.109,0.07492,0.01226
Wiesbaden,Essen,DE-DE,126,158,175.3,0,73.11,118.1,5.259,0.0749,0.01424
Southampton,Karlsruhe,GB-DE,34,146,732,198,273.5,318.5,45.72,0.07479,0.001636
Wuppertal,Mannheim,DE-DE,124,137,217.6,0,88.34,133.3,6.528,0.07473,0.01145
Wiesbaden,Düsseldorf,DE-DE,126,160,163.3,0,68.77,113.8,4.898,0.07467,0.01525
Bologna,Bari,IT-IT,276,277,586.5,264.2,221.1,266.1,49.3,0.07451,0.001511
Milton Keynes,Nantes,GB-FR,45,188,539.5,156.4,204.2,249.2,34.96,0.07451,0.002131
Swansea,Birmingham,GB-GB,31,67,169.3,0,70.97,116,5.08,0.07449,0.01466
Bratislava,Košice,SK-SK,212,302,312.6,0,122.6,167.6,9.379,0.07446,0.007939
Gent,Karlsruhe,BE-DE,118,146,404.4,0,155.6,200.6,12.13,0.07442,0.006134
Wiesbaden,Dresden,DE-DE,126,162,402.5,0,154.9,199.9,12.07,0.0744,0.006162
Bochum,Berlin,DE-DE,168,170,439.4,0,168.2,213.2,13.18,0.07438,0.005643
Bonn,Berlin,DE-DE,167,170,479,0,182.4,227.4,14.37,0.07437,0.005176
Lübeck,Bydgoszcz,DE-PL,140,227,491,0,186.8,231.8,14.73,0.07418,0.005036
Geneva,Bonn,CH-DE,75,167,508.8,0,193.2,238.2,15.26,0.0741,0.004855
Karlsruhe,Braunschweig,DE-DE,146,166,391.8,0,151,196,11.75,0.07379,0.006279
Katowice,Warsaw,PL-PL,223,309,259.2,0,103.3,148.3,7.775,0.07377,0.009488
Charleroi,Mainz,BE-DE,119,138,277.1,0,109.8,154.8,8.314,0.07377,0.008872
Toulouse,Lyon,FR-FR,176,194,359.6,0,139.4,184.4,10.79,0.07373,0.006836
Murcia,Zaragoza,ES-ES,4,229,408.5,0,157.1,202.1,12.26,0.07364,0.006008
Stoke-on-Trent,Mainz,GB-DE,32,138,797.7,158.3,297.2,342.2,42.93,0.07361,0.001715
Groningen,Lübeck,NL-DE,99,140,281.6,8.047,111.4,156.4,9.415,0.0735,0.007807
Valladolid,Bilbao,ES-ES,232,245,231.7,0,93.42,138.4,6.952,0.07343,0.01056
Mainz,Berlin,DE-DE,138,170,455.2,0,173.9,218.9,13.66,0.07332,0.005369
Mannheim,Braunschweig,DE-DE,137,166,340.9,0,132.7,177.7,10.23,0.07327,0.007164
Budapest,Gdynia,HU-PL,211,225,781.5,0,291.3,336.3,23.44,0.07322,0.003123
Łódź,Zagreb,PL-HR,221,278,709.9,0,265.6,310.6,21.3,0.07249,0.003404
Milton Keynes,Gent,GB-BE,45,118,328.3,146.1,128.2,173.2,27.38,0.07247,0.002647
Groningen,Paris,NL-FR,99,184,567.8,0,214.4,259.4,17.03,0.07228,0.004244
Mainz,Montpellier,DE-FR,138,191,783.4,0,292,337,23.5,0.07224,0.003074
Groningen,Stuttgart,NL-DE,99,128,526,0,199.4,244.4,15.78,0.07209,0.004569
Münster,Kiel,DE-DE,135,144,311.1,0,122,167,9.333,0.07196,0.00771
Liverpool,Paris,GB-FR,49,184,628.1,128,236.1,281.1,34.2,0.07189,0.002102
Bristol,Nantes,GB-FR,64,188,477.3,214.6,181.8,226.8,40.07,0.07187,0.001794
Freiburg,Lille,DE-FR,156,196,454.8,0,173.7,218.7,13.64,0.0718,0.005263
Nice,Padua,FR-IT,187,265,412.1,92.03,158.4,203.4,23.41,0.07179,0.003067
Plymouth,Amsterdam,GB-NL,38,106,664.8,344.4,249.3,294.3,61.28,0.07178,0.001171
Karlsruhe,Bielefeld,DE-DE,146,169,336.4,0,131.1,176.1,10.09,0.07175,0.00711
Newcastle upon Tyne,Gent,GB-BE,44,118,563.1,302.6,212.7,257.7,53.21,0.07172,0.001348
Kiel,Bremen,DE-DE,144,165,163.8,0,68.95,114,4.913,0.07167,0.01459
Berlin,Augsburg,DE-DE,170,171,494.8,0,188.1,233.1,14.84,0.07167,0.004829
London,Derby,GB-GB,48,59,182.2,0,75.59,120.6,5.466,0.07164,0.01311
Trieste,Milan,IT-IT,256,267,357.7,60.29,138.8,183.8,17.97,0.07158,0.003984
Newcastle upon Tyne,Paris,GB-FR,44,184,732.5,106.1,273.7,318.7,34.7,0.07157,0.002062
Prague,Brno,CZ-CZ,213,216,186.2,0,77.02,122,5.585,0.07154,0.01281
Hannover,Halle (Saale),DE-DE,150,153,183,0,75.88,120.9,5.49,0.07147,0.01302
Turin,Naples,IT-IT,258,266,711.5,212.4,266.1,311.1,46.84,0.07144,0.001525
Mainz,Aachen,DE-DE,138,282,179.1,0,74.47,119.5,5.372,0.07143,0.0133
Plymouth,Wuppertal,GB-DE,38,124,798.6,362.3,297.5,342.5,67.43,0.07139,0.001059
Linz,Bratislava,AT-SK,111,212,209.7,0,85.48,130.5,6.29,0.07134,0.01134
Bielefeld,Augsburg,DE-DE,169,171,440.5,0,168.6,213.6,13.22,0.07125,0.005391
Brno,Bydgoszcz,CZ-PL,216,227,447.6,0,171.1,216.1,13.43,0.07113,0.005298
Mainz,Hamburg,DE-DE,138,152,413.9,0,159,204,12.42,0.07113,0.005727
Linz,Ljubljana,AT-SI,111,281,251.3,0,100.5,145.5,7.54,0.07093,0.009408
Wiesbaden,Marseille,DE-FR,126,193,785.7,0,292.9,337.9,23.57,0.07093,0.003009
Bilbao,Barcelona,ES-ES,245,246,466.9,0,178.1,223.1,14.01,0.07092,0.005063
Magdeburg,Hamburg,DE-DE,139,152,192.4,0,79.27,124.3,5.772,0.07089,0.01228
Rome,Genoa,IT-IT,260,270,402.2,176.1,154.8,199.8,33.19,0.07083,0.002134
Charleroi,Karlsruhe,BE-DE,119,146,324.6,0,126.8,171.8,9.737,0.07038,0.007229
Geneva,Freiburg,CH-DE,75,156,237.6,0,95.54,140.5,7.128,0.07038,0.009873
Malmö,Lublin,SE-PL,82,312,796.6,204.2,296.8,341.8,48.4,0.07037,0.001454
Wiesbaden,Hannover,DE-DE,126,150,274.4,0,108.8,153.8,8.231,0.07028,0.008539
Essen,Bremen,DE-DE,158,165,217.6,0,88.32,133.3,6.527,0.07026,0.01076
Madrid,Gijón,ES-ES,238,242,382.8,0,147.8,192.8,11.48,0.07023,0.006116
Mainz,Bochum,DE-DE,138,168,182.8,0,75.81,120.8,5.484,0.07016,0.01279
Wolverhampton,Paris,GB-FR,25,184,520.7,126.2,197.4,242.4,30.76,0.07008,0.002278
Plymouth,Lille,GB-FR,38,196,509.7,373.3,193.5,238.5,60.08,0.07001,0.001165
Lyon,Aachen,FR-DE,194,282,566.5,0,213.9,258.9,16.99,0.06975,0.004104
Mainz,Duisburg,DE-DE,138,161,193.4,0,79.62,124.6,5.801,0.06968,0.01201
Mannheim,Aachen,DE-DE,137,282,222.2,0,89.97,135,6.665,0.06963,0.01045
Bonn,Bielefeld,DE-DE,167,169,175.5,0,73.2,118.2,5.266,0.06955,0.01321
Preston,Paris,GB-FR,37,184,648.8,104.1,243.6,288.6,31.96,0.06954,0.002176
Brighton,Antwerp,GB-BE,65,122,320.4,100.1,125.4,170.4,21.63,0.06954,0.003215
Prague,Lublin,CZ-PL,213,312,588.4,0,221.8,266.8,17.65,0.06952,0.003939
Pamplona,Barcelona,ES-ES,235,246,351.5,0,136.6,181.6,10.55,0.06942,0.006583
Århus,Dresden,DK-DE,22,162,613.4,186.4,230.8,275.8,40.77,0.06923,0.001698
Budapest,Debrecen,HU-HU,211,301,194.1,0,79.87,124.9,5.823,0.06912,0.01187
Stuttgart,Aachen,DE-DE,128,282,313.8,0,123,168,9.415,0.06909,0.007339
Halle (Saale),Bielefeld,DE-DE,153,169,245,0,98.19,143.2,7.349,0.06906,0.009397
Wolverhampton,Gent,GB-BE,25,118,436,152,167,212,31.32,0.06901,0.002203
Southampton,Groningen,GB-NL,34,99,602.2,290.1,226.8,271.8,52.88,0.06896,0.001304
Budapest,Białystok,HU-PL,211,313,691.3,0,258.9,303.9,20.74,0.06888,0.003321
Magdeburg,Bochum,DE-DE,139,168,312,0,122.3,167.3,9.36,0.06886,0.007357
Nottingham,Mainz,GB-DE,41,138,731.3,166.3,273.3,318.3,41.89,0.06885,0.001643
Stuttgart,Bochum,DE-DE,128,168,331.1,0,129.2,174.2,9.932,0.06876,0.006923
Münster,Halle (Saale),DE-DE,135,153,304.6,0,119.6,164.6,9.137,0.0685,0.007497
Mannheim,Lübeck,DE-DE,137,140,510.4,0,193.8,238.8,15.31,0.06834,0.004463
Wiesbaden,Duisburg,DE-DE,126,161,182.3,0,75.63,120.6,5.469,0.06824,0.01248
Stuttgart,Bielefeld,DE-DE,128,169,364.4,0,141.2,186.2,10.93,0.06803,0.006224
Stoke-on-Trent,Paris,GB-FR,32,184,560.1,108,211.6,256.6,29.77,0.06794,0.002282
Bristol,Groningen,GB-NL,64,99,652.2,228.1,244.8,289.8,46.93,0.06785,0.001446
Brno,Katowice,CZ-PL,216,223,210,0,85.6,130.6,6.3,0.06779,0.01076
Craiova,Belgrade,RO-RS,293,314,269.7,0,107.1,152.1,8.091,0.06778,0.008377
Toulouse,Paris,FR-FR,176,184,587.8,0,221.6,266.6,17.63,0.06774,0.003842
Wolverhampton,Mainz,GB-DE,25,138,778.4,150.1,290.2,335.2,41.36,0.06765,0.001636
Plymouth,Milton Keynes,GB-GB,38,45,300.2,4.003,118.1,163.1,9.487,0.06765,0.00713
Lübeck,Bielefeld,DE-DE,140,169,249.9,0,99.98,145,7.498,0.06764,0.009021
Stuttgart,Münster,DE-DE,128,135,370.3,0,143.3,188.3,11.11,0.06752,0.006078
Murcia,Gasteiz / Vitoria,ES-ES,4,230,556.3,0,210.3,255.3,16.69,0.06748,0.004044
Wolverhampton,Groningen,GB-NL,25,99,586.7,250.3,221.2,266.2,47.64,0.06744,0.001416
Prague,Debrecen,CZ-HU,213,301,598.9,0,225.6,270.6,17.97,0.06731,0.003746
Århus,Wrocław,DK-PL,22,217,719,156.2,268.8,313.8,40.32,0.06693,0.00166
Lübeck,Karlsruhe,DE-DE,140,146,563,0,212.7,257.7,16.89,0.06686,0.003959
Strasbourg,Marseille,FR-FR,178,193,615.6,0,231.6,276.6,18.47,0.06686,0.00362
Swansea,Aachen,GB-DE,31,282,704.3,76.04,263.6,308.6,30.25,0.06667,0.002204
Prague,Ljubljana,CZ-SI,213,281,448.9,0,171.6,216.6,13.47,0.06665,0.004949
The Hague,Groningen,NL-NL,93,99,198.9,0,81.59,126.6,5.966,0.06655,0.01116
Stoke-on-Trent,Edinburgh,GB-GB,32,56,334.2,0,130.3,175.3,10.03,0.06652,0.006634
Wolverhampton,Glasgow,GB-GB,25,54,390.1,48.02,150.5,195.5,17.47,0.06649,0.003806
Essen,Braunschweig,DE-DE,158,166,257.5,0,102.7,147.7,7.726,0.06641,0.008596
Brighton,Gent,GB-BE,65,118,271.3,92.44,107.7,152.7,19.23,0.06635,0.00345
Novi Sad,Sofia,RS-BG,280,305,398.1,0,153.3,198.3,11.94,0.0663,0.005551
Mainz,Bielefeld,DE-DE,138,169,228.8,0,92.37,137.4,6.864,0.06624,0.009651
Geneva,Paris,CH-FR,75,184,410,0,157.6,202.6,12.3,0.06608,0.005372
Mannheim,Bonn,DE-DE,137,167,169.5,0,71.03,116,5.085,0.06583,0.01294
Leipzig,Bremen,DE-DE,141,165,310.2,0,121.7,166.7,9.305,0.0658,0.007071
Münster,Hannover,DE-DE,135,150,150.7,0,64.26,109.3,4.522,0.06569,0.01453
Southampton,Tilburg,GB-NL,34,91,457.9,138.6,174.8,219.8,30.37,0.06562,0.002161
Swindon,Manchester,GB-GB,30,46,216,0,87.78,132.8,6.481,0.0655,0.01011
Nottingham,Karlsruhe,GB-DE,41,146,798.8,142.2,297.6,342.6,41.02,0.06529,0.001592
Ostrava,Gdańsk,CZ-PL,215,226,503,0,191.1,236.1,15.09,0.06525,0.004325
Wuppertal,Karlsruhe,DE-DE,124,146,265.4,0,105.5,150.5,7.962,0.06523,0.008192
Brighton,Lille,GB-FR,65,196,225.9,90.75,91.31,136.3,17.67,0.06522,0.003692
Bratislava,Debrecen,SK-HU,212,301,344,0,133.8,178.8,10.32,0.0651,0.006308
Lille,Aachen,FR-DE,196,282,213.8,0,86.98,132,6.415,0.06508,0.01014
Bydgoszcz,Warsaw,PL-PL,227,309,225.6,0,91.21,136.2,6.767,0.06503,0.009609
Brno,Zagreb,CZ-HR,216,278,378.9,0,146.4,191.4,11.37,0.06501,0.00572
Stoke-on-Trent,Antwerp,GB-BE,32,122,491.3,164.4,186.9,231.9,34.47,0.06492,0.001884
Milan,Bari,IT-IT,267,277,786.6,236.2,293.2,338.2,51.94,0.06481,0.001248
Gent,Freiburg,BE-DE,118,156,452,0,172.7,217.7,13.56,0.06456,0.004761
Derby,Gent,GB-BE,59,118,412,144.7,158.3,203.3,29.72,0.06447,0.002169
Cardiff,Eindhoven,GB-NL,63,101,599.5,240.6,225.8,270.8,46.86,0.06437,0.001374
Milton Keynes,Freiburg,GB-DE,45,156,761.2,38.06,284,329,27.4,0.06417,0.002342
Leipzig,Bonn,DE-DE,141,167,374.9,0,145,190,11.25,0.06412,0.005701
Liverpool,Tilburg,GB-NL,49,91,583.7,168.5,220.1,265.1,37.73,0.06398,0.001696
Plymouth,Aachen,GB-DE,38,282,723,372.5,270.3,315.3,66.39,0.06391,0.0009626
Geneva,Wiesbaden,CH-DE,75,126,459,0,175.2,220.2,13.77,0.06381,0.004633
Århus,Łódź,DK-PL,22,221,776.7,246.2,289.6,334.6,52.85,0.06377,0.001207
Swansea,Bonn,GB-DE,31,167,775,94.12,289,334,34.55,0.06376,0.001846
Florence,Bari,IT-IT,272,277,547.8,124.4,207.2,252.2,31.36,0.06362,0.002029
Groningen,Strasbourg,NL-FR,99,178,522,0,197.9,242.9,15.66,0.0636,0.004061
Gasteiz / Vitoria,Madrid,ES-ES,230,238,283.8,0,112.2,157.2,8.514,0.06359,0.007469
Gijón,Barcelona,ES-ES,242,246,684.2,0,256.3,301.3,20.53,0.06355,0.003096
Graz,Poznań,AT-PL,114,219,603.3,0,227.2,272.2,18.1,0.0634,0.003503
Ostrava,Zagreb,CZ-HR,215,278,478.9,0,182.4,227.4,14.37,0.06332,0.004407
Charleroi,Freiburg,BE-DE,119,156,365.2,0,141.5,186.5,10.96,0.06326,0.005774
Graz,Warsaw,AT-PL,114,309,699.8,0,261.9,306.9,20.99,0.06318,0.003009
Utrecht,Gent,NL-BE,90,118,151.1,0,64.39,109.4,4.533,0.06314,0.01393
Granada,Madrid,ES-ES,7,238,359.1,0,139.3,184.3,10.77,0.0631,0.005858
Liverpool,Bristol,GB-GB,49,64,219,10.04,88.82,133.8,7.774,0.06306,0.008112
Wuppertal,Kiel,DE-DE,124,144,395.5,4.015,152.4,197.4,12.35,0.06306,0.005107
Southampton,Rennes,GB-FR,34,181,311.2,142.5,122,167,26.44,0.06303,0.002384
Gasteiz / Vitoria,A Coruña,ES-ES,230,241,468.1,0,178.5,223.5,14.04,0.06255,0.004454
Sheffield,Bristol,GB-GB,35,64,227.7,4.029,91.95,137,7.313,0.06243,0.008537
Wiesbaden,Bochum,DE-DE,126,168,171.2,0,71.63,116.6,5.135,0.06209,0.01209
Katowice,Ljubljana,PL-SI,223,281,575.3,0,217.1,262.1,17.26,0.06208,0.003597
Geneva,Aachen,CH-DE,75,282,508.7,0,193.1,238.1,15.26,0.06202,0.004064
Kiel,Bonn,DE-DE,144,167,448.6,12.02,171.5,216.5,14.9,0.06173,0.004143
Stuttgart,Kiel,DE-DE,128,144,619.4,0,233,278,18.58,0.06141,0.003305
Kiel,Prague,DE-CZ,144,213,553.7,0,209.3,254.3,16.61,0.06138,0.003695
Stuttgart,Duisburg,DE-DE,128,161,341.2,0,132.8,177.8,10.23,0.06137,0.005996
Amsterdam,Gent,NL-BE,106,118,167.9,0,70.46,115.5,5.038,0.06124,0.01215
Bucharest,Thessaloníki,RO-GR,295,308,495.1,0,188.3,233.3,14.85,0.0612,0.00412
Southampton,Freiburg,GB-DE,34,156,742.5,204.1,277.3,322.3,46.77,0.06111,0.001307
Plymouth,Rotterdam,GB-NL,38,94,625.3,272.5,235.1,280.1,51.46,0.06107,0.001187
Mainz,Halle (Saale),DE-DE,138,153,309.1,0,121.3,166.3,9.274,0.06096,0.006573
Stuttgart,Essen,DE-DE,128,158,335,0,130.6,175.6,10.05,0.06089,0.006058
Leeds,Bristol,GB-GB,51,64,269.8,8.053,107.1,152.1,9.06,0.06071,0.006701
Mainz,Bremen,DE-DE,138,165,346,0,134.5,179.5,10.38,0.06069,0.005848
Swansea,Lille,GB-FR,31,196,500.3,62.04,190.1,235.1,22.46,0.06065,0.002701
Groningen,Münster,NL-DE,99,135,157,0,66.52,111.5,4.71,0.06051,0.01285
Košice,Belgrade,SK-RS,302,314,439,0,168,213,13.17,0.06049,0.004593
Vienna,Ljubljana,AT-SI,109,281,278.4,0,110.2,155.2,8.351,0.06047,0.007242
Wolverhampton,Edinburgh,GB-GB,25,56,380.8,0,147.1,192.1,11.42,0.06025,0.005274
Łódź,Kraków,PL-PL,221,222,192.8,0,79.41,124.4,5.784,0.05995,0.01037
Graz,Prague,AT-CZ,114,213,344.2,0,133.9,178.9,10.33,0.05994,0.005805
Brno,Lublin,CZ-PL,216,312,481.6,0,183.4,228.4,14.45,0.05993,0.004148
Valencia,Zaragoza,ES-ES,1,229,246.3,0,98.65,143.7,7.388,0.05984,0.0081
Swindon,Rennes,GB-FR,30,181,383.4,198.7,148,193,35.34,0.05982,0.001693
Stuttgart,Braunschweig,DE-DE,128,166,398.9,0,153.6,198.6,11.97,0.05981,0.004997
Munich,Bonn,DE-DE,136,167,433.8,0,166.2,211.2,13.01,0.05973,0.004589
Stuttgart,Magdeburg,DE-DE,128,139,410.9,0,157.9,202.9,12.33,0.05968,0.004841
Edinburgh,Coventry,GB-GB,56,60,409.2,0,157.3,202.3,12.27,0.05962,0.004857
The Hague,Lyon,NL-FR,93,194,704.7,0,263.7,308.7,21.14,0.05961,0.00282
Halle (Saale),Bremen,DE-DE,153,165,279.2,0,110.5,155.5,8.377,0.0596,0.007114
Preston,London,GB-GB,37,48,305.1,0,119.8,164.8,9.153,0.05953,0.006504
Nottingham,Gent,GB-BE,41,118,394.6,144.2,152.1,197.1,29.14,0.0594,0.002038
Montpellier,Gasteiz / Vitoria,FR-ES,191,230,537.1,0,203.4,248.4,16.11,0.05931,0.00368
Utrecht,Groningen,NL-NL,90,99,158.8,0,67.18,112.2,4.765,0.05919,0.01242
Liverpool,Gent,GB-BE,49,118,525.8,144.5,199.3,244.3,33.11,0.05908,0.001784
Malmö,Bergen,SE-NO,82,252,697.6,342.8,261.2,306.2,62.07,0.05902,0.0009509
Mainz,Erfurt,DE-DE,138,159,224.2,0,90.7,135.7,6.725,0.05897,0.008768
Munich,Mainz,DE-DE,136,138,315.7,0,123.7,168.7,9.472,0.05878,0.006206
Copenhagen,Århus,DK-DK,21,22,156.2,96.1,66.22,111.2,16.22,0.05875,0.003623
Kiel,Ostrava,DE-CZ,144,215,746.7,0,278.8,323.8,22.4,0.05875,0.002622
Brighton,Rennes,GB-FR,65,181,321.8,164.9,125.9,170.9,29.45,0.05872,0.001994
Nuremberg,Bonn,DE-DE,134,167,317.7,0,124.4,169.4,9.53,0.0587,0.00616
Jerez de la Frontera,Madrid,ES-ES,6,238,465.6,0,177.6,222.6,13.97,0.05863,0.004198
Preston,Tilburg,GB-NL,37,91,579.8,194.6,218.7,263.7,40.75,0.05853,0.001436
Nottingham,Paris,GB-FR,41,184,517.6,104.3,196.3,241.3,28.05,0.0585,0.002086
Tilburg,Bonn,NL-DE,91,167,167,0,70.11,115.1,5.009,0.05835,0.01165
Trieste,Florence,IT-IT,256,272,288.5,160.3,113.8,158.8,27.89,0.05835,0.002092
Valladolid,Oviedo,ES-ES,232,236,210.7,0,85.84,130.8,6.32,0.05828,0.009222
Stoke-on-Trent,Bristol,GB-GB,32,64,174.5,12.03,72.82,117.8,6.679,0.05828,0.008726
Glasgow,Bristol,GB-GB,54,64,502.4,170.1,190.9,235.9,35.49,0.05809,0.001637
Plymouth,The Hague,GB-NL,38,93,617.3,306.6,232.2,277.2,55.31,0.05791,0.001047
Swansea,Antwerp,GB-BE,31,122,579.9,122.4,218.8,263.8,32.09,0.0579,0.001805
Málaga,Barcelona,ES-ES,5,246,769.1,260.4,286.9,331.9,54.32,0.05787,0.001065
Århus,Poznań,DK-PL,22,219,602.9,226.3,227,272,45.25,0.05762,0.001273
Manchester,London,GB-GB,46,48,261.8,0,104.2,149.2,7.853,0.05759,0.007333
Groningen,Magdeburg,NL-DE,99,139,362.2,0,140.4,185.4,10.87,0.05747,0.005289
Münster,Lübeck,DE-DE,135,140,295,0,116.2,161.2,8.851,0.05731,0.006474
Bratislava,Białystok,SK-PL,212,313,699.3,0,261.7,306.7,20.98,0.05717,0.002725
Bristol,Tilburg,GB-NL,64,91,532,214.8,201.5,246.5,41.73,0.05698,0.001365
Wuppertal,Halle (Saale),DE-DE,124,153,336.3,0,131.1,176.1,10.09,0.05686,0.005636
Athens,Bucharest,GR-RO,47,295,744,244,277.9,322.9,51.6,0.05672,0.001099
Newcastle upon Tyne,Birmingham,GB-GB,44,67,277.7,0,110,155,8.332,0.05668,0.006803
Southampton,Antwerp,GB-BE,34,122,407.1,112.3,156.5,201.5,25.69,0.05666,0.002206
Hamburg,Halle (Saale),DE-DE,152,153,266.4,0,105.9,150.9,7.993,0.0566,0.007082
Leeds,Cardiff,GB-GB,51,63,280.1,2.001,110.8,155.8,8.644,0.05653,0.006541
Wiesbaden,Nuremberg,DE-DE,126,134,215.2,0,87.49,132.5,6.457,0.05651,0.008752
Karlsruhe,Augsburg,DE-DE,146,171,196.3,0,80.67,125.7,5.89,0.05641,0.009579
Kiel,Szczecin,DE-PL,144,218,306.1,50.02,120.2,165.2,15.18,0.05641,0.003715
Nottingham,Tilburg,GB-NL,41,91,452.2,166.1,172.8,217.8,33.5,0.05625,0.001679
Sevilla,Málaga,ES-ES,2,5,156.3,0,66.26,111.3,4.688,0.05625,0.012
Lübeck,Bremen,DE-DE,140,165,152.5,0,64.9,109.9,4.575,0.05624,0.01229
Dortmund,Braunschweig,DE-DE,163,166,226,0,91.37,136.4,6.78,0.05604,0.008265
Verona,Bari,IT-IT,254,277,675.5,473.1,253.2,298.2,77.03,0.05603,0.0007274
Plymouth,Bonn,GB-DE,38,167,794.3,372.1,295.9,340.9,68.48,0.05602,0.0008181
Halle (Saale),Freiburg,DE-DE,153,156,487.9,0,185.6,230.6,14.64,0.05587,0.003817
Catania,Bari,IT-IT,18,277,432.1,138,165.6,210.6,29.53,0.0558,0.00189
Freiburg,Augsburg,DE-DE,156,171,229.7,0,92.68,137.7,6.89,0.05577,0.008095
Mainz,Leipzig,DE-DE,138,141,325.4,0,127.2,172.2,9.763,0.05576,0.005711
Bucharest,Plovdiv,RO-BG,295,306,276.1,0,109.4,154.4,8.283,0.05572,0.006727
Genoa,Ljubljana,IT-SI,270,281,472.3,90.05,180,225,24.97,0.05565,0.002228
Lübeck,Bonn,DE-DE,140,167,425.5,0,163.2,208.2,12.76,0.05547,0.004346
Halle (Saale),Berlin,DE-DE,153,170,151.8,0,64.64,109.6,4.554,0.05544,0.01217
Bremen,Bonn,DE-DE,165,167,285.6,0,112.8,157.8,8.568,0.05527,0.006451
Trieste,Turin,IT-IT,256,258,480,76.01,182.8,227.8,23.52,0.05517,0.002346
Leeds,Lille,GB-FR,51,196,471,112.2,179.6,224.6,27.6,0.05509,0.001996
Łódź,Debrecen,PL-HU,221,301,496.1,0,188.6,233.6,14.88,0.05491,0.00369
Wolverhampton,Lille,GB-FR,25,196,418.1,78.02,160.5,205.5,21.91,0.05491,0.002506
Liverpool,Cardiff,GB-GB,49,63,215.1,12.06,87.44,132.4,7.901,0.0549,0.006949
Charleroi,Paris,BE-FR,119,184,229.7,0,92.71,137.7,6.892,0.05473,0.00794
Gothenburg,Trondheim,SE-NO,85,247,642.1,0,241.2,286.2,19.26,0.05465,0.002837
Granada,Barcelona,ES-ES,7,246,681.2,264.4,255.2,300.2,52.17,0.0546,0.001047
Prague,Szczecin,CZ-PL,213,218,371.6,0,143.8,188.8,11.15,0.05459,0.004897
Milton Keynes,Rennes,GB-FR,45,181,441.9,148.7,169.1,214.1,31.1,0.05459,0.001755
Geneva,Toulouse,CH-FR,75,176,469.5,0,179,224,14.09,0.05454,0.003872
Kiel,Erfurt,DE-DE,144,159,376.8,0,145.6,190.6,11.3,0.05452,0.004823
Sheffield,Cardiff,GB-GB,35,63,241.4,2.012,96.9,141.9,7.483,0.0544,0.00727
Craiova,Bucharest,RO-RO,293,295,183.7,0,76.15,121.1,5.512,0.05432,0.009854
Munich,Leipzig,DE-DE,136,141,360.6,0,139.8,184.8,10.82,0.05425,0.005015
Constanţa,Bucharest,RO-RO,294,295,203.1,0,83.11,128.1,6.093,0.05419,0.008893
Nuremberg,Berlin,DE-DE,134,170,378.4,0,146.2,191.2,11.35,0.05418,0.004773
Nantes,Turin,FR-IT,188,258,750.3,0,280.1,325.1,22.51,0.05379,0.00239
Plymouth,Antwerp,GB-BE,38,122,607.5,346.8,228.7,273.7,59.85,0.05378,0.0008986
Toulouse,Strasbourg,FR-FR,176,178,736.2,0,275,320,22.09,0.05363,0.002428
Århus,Gdańsk,DK-PL,22,226,570.7,310.4,215.5,260.5,54.37,0.05353,0.0009846
Prague,Bydgoszcz,CZ-PL,213,227,418.6,0,160.7,205.7,12.56,0.0535,0.004261
Lübeck,Poznań,DE-PL,140,219,446.8,0,170.9,215.9,13.41,0.05342,0.003985
Kraków,Debrecen,PL-HU,222,301,307.2,0,120.6,165.6,9.217,0.05329,0.005782
Graz,Kraków,AT-PL,114,222,469.1,0,178.9,223.9,14.07,0.05311,0.003774
Graz,Bari,AT-IT,114,277,671,268.4,251.5,296.5,52.34,0.05303,0.001013
Liverpool,Edinburgh,GB-GB,49,56,282.9,70.24,111.9,156.9,16.92,0.05289,0.003126
Leicester,Bristol,GB-GB,50,64,165.4,0,69.54,114.5,4.961,0.05287,0.01066
Swindon,Freiburg,GB-DE,30,156,796.2,110,296.6,341.6,37.09,0.05277,0.001423
Verona,Rome,IT-IT,254,260,412.8,0,158.6,203.6,12.38,0.05275,0.004259
Oviedo,Madrid,ES-ES,236,238,372.2,0,144,189,11.17,0.05271,0.00472
Wuppertal,Hannover,DE-DE,124,150,216.6,0,87.98,133,6.498,0.05258,0.008091
Swindon,Glasgow,GB-GB,30,54,505.8,108.4,192.1,237.1,28.18,0.05237,0.001858
Swansea,Manchester,GB-GB,31,46,236.8,0,95.25,140.3,7.104,0.05232,0.007365
Groningen,Wuppertal,NL-DE,99,124,221.8,0,89.86,134.9,6.655,0.05226,0.007853
Liverpool,Groningen,GB-NL,49,99,633.9,339,238.2,283.2,59.7,0.05223,0.0008749
Karlsruhe,Bonn,DE-DE,146,167,213.5,0,86.86,131.9,6.405,0.05221,0.008151
Swansea,Eindhoven,GB-NL,31,101,651.5,210.5,244.6,289.6,44.81,0.05202,0.001161
Wiesbaden,Stuttgart,DE-DE,126,128,159.9,0,67.56,112.6,4.796,0.05175,0.01079
Cardiff,Antwerp,GB-BE,63,122,527,130.2,199.7,244.7,31.44,0.05166,0.001643
Prague,Ostrava,CZ-CZ,213,215,277.6,0,109.9,154.9,8.328,0.05159,0.006194
Wrocław,Ljubljana,PL-SI,217,281,591.6,0,223,268,17.75,0.05155,0.002905
Braunschweig,Bonn,DE-DE,166,167,292.2,0,115.2,160.2,8.766,0.05146,0.00587
Brno,Košice,CZ-SK,216,302,343.7,0,133.7,178.7,10.31,0.05142,0.004988
Swansea,Rennes,GB-FR,31,181,422.7,276.5,162.2,207.2,45.86,0.05137,0.00112
Wuppertal,Augsburg,DE-DE,124,171,418.6,0,160.7,205.7,12.56,0.05134,0.004088
Mannheim,Düsseldorf,DE-DE,137,160,227,0,91.7,136.7,6.809,0.05131,0.007536
Groningen,Freiburg,NL-DE,99,156,587.8,0,221.6,266.6,17.63,0.05127,0.002907
Munich,Braunschweig,DE-DE,136,166,465.1,0,177.4,222.4,13.95,0.05109,0.003662
Braunschweig,Bochum,DE-DE,166,168,243.4,0,97.62,142.6,7.302,0.05108,0.006995
Karlsruhe,Aachen,DE-DE,146,282,257.4,0,102.7,147.7,7.722,0.051,0.006604
Hannover,Essen,DE-DE,150,158,212.5,0,86.5,131.5,6.375,0.05084,0.007976
Swansea,Gent,GB-BE,31,118,535.7,106.3,202.8,247.8,28.83,0.05074,0.00176
Oviedo,Barcelona,ES-ES,236,246,692.7,0,259.4,304.4,20.78,0.05064,0.002437
Ostrava,Gdynia,CZ-PL,215,225,521.1,0,197.6,242.6,15.63,0.05064,0.003239
Málaga,Porto,ES-PT,5,86,611.3,0,230.1,275.1,18.34,0.05052,0.002755
Budapest,Szczecin,HU-PL,211,218,731.6,0,273.4,318.4,21.95,0.0503,0.002292
Wuppertal,Lübeck,DE-DE,124,140,376.2,0,145.4,190.4,11.29,0.05015,0.004443
Verona,Genoa,IT-IT,254,270,198.1,0,81.32,126.3,5.943,0.05012,0.008434
Munich,Kiel,DE-DE,136,144,694.9,0,260.1,305.1,20.85,0.05012,0.002404
Graz,Budapest,AT-HU,114,211,275.6,0,109.2,154.2,8.268,0.05008,0.006057
Wuppertal,Erfurt,DE-DE,124,159,273.1,0,108.3,153.3,8.192,0.05008,0.006113
Bratislava,Szczecin,SK-PL,212,218,613.9,0,231,276,18.42,0.05008,0.002719
Glasgow,Derby,GB-GB,54,59,373.4,12.04,144.4,189.4,12.65,0.0499,0.003946
Geneva,Magdeburg,CH-DE,75,139,770.1,0,287.2,332.2,23.1,0.0499,0.00216
Preston,Gent,GB-BE,37,118,529.5,136.4,200.6,245.6,32.25,0.04985,0.001546
Groningen,Aachen,NL-DE,99,282,273.6,0,108.5,153.5,8.208,0.04983,0.006071
Freiburg,Aachen,DE-DE,156,282,334.6,0,130.5,175.5,10.04,0.04964,0.004945
Plymouth,Gent,GB-BE,38,118,558.3,346.2,211,256,58.29,0.04956,0.0008503
Verona,Trieste,IT-IT,254,256,218,76.7,88.47,133.5,15.74,0.04954,0.003147
Wiesbaden,Munich,DE-DE,126,136,325.1,0,127,172,9.753,0.04953,0.005078
Preston,Coventry,GB-GB,37,60,170.5,0,71.39,116.4,5.116,0.04942,0.00966
Plymouth,Birmingham,GB-GB,38,67,281.4,52.27,111.3,156.3,14.72,0.04934,0.003353
Preston,Bristol,GB-GB,37,64,256.7,0,102.4,147.4,7.701,0.04932,0.006404
Leicester,Gent,GB-BE,50,118,376.9,128.3,145.7,190.7,26.7,0.04925,0.001844
Reading,Charleroi,GB-BE,36,119,396.8,50.1,152.8,197.8,17.92,0.04917,0.002745
Bristol,Rennes,GB-FR,64,181,377.7,215,146,191,37.13,0.04915,0.001324
Palermo,Messina,IT-IT,16,17,191.6,117,78.97,124,19.78,0.04884,0.002469
Sofia,Thessaloníki,BG-GR,305,308,231,0,93.15,138.2,6.929,0.04878,0.00704
Münster,Berlin,DE-DE,135,170,398.7,0,153.5,198.5,11.96,0.04861,0.004064
Kraków,Košice,PL-SK,222,302,177.7,0,73.98,119,5.331,0.04852,0.0091
Edinburgh,Bristol,GB-GB,56,64,501.6,34.11,190.6,235.6,19.14,0.04851,0.002535
Wrocław,Košice,PL-SK,217,302,402.6,0,154.9,199.9,12.08,0.04845,0.004011
Tilburg,Lyon,NL-FR,91,194,645.9,0,242.5,287.5,19.38,0.04844,0.0025
Nice,Trieste,FR-IT,187,256,558.2,246.1,211,256,46.28,0.04826,0.001043
Wiesbaden,Hamburg,DE-DE,126,152,403.5,0,155.3,200.3,12.11,0.0482,0.003981
Geneva,Nice,CH-FR,75,187,291.5,0,115,160,8.746,0.04814,0.005505
Gdańsk,Warsaw,PL-PL,226,309,283.4,0,112,157,8.503,0.04813,0.00566
Stuttgart,Lübeck,DE-DE,128,140,575.2,0,217.1,262.1,17.26,0.04812,0.002788
Reading,Edinburgh,GB-GB,36,56,520.9,0,197.5,242.5,15.63,0.04808,0.003077
Dresden,Braunschweig,DE-DE,162,166,259.4,0,103.4,148.4,7.783,0.04806,0.006175
Freiburg,Bielefeld,DE-DE,156,169,451.6,0,172.6,217.6,13.55,0.04801,0.003544
Nuremberg,Braunschweig,DE-DE,134,166,315,0,123.4,168.4,9.451,0.048,0.005079
Newcastle upon Tyne,Manchester,GB-GB,44,46,170.8,0,71.49,116.5,5.124,0.04786,0.00934
Brno,Białystok,CZ-PL,216,313,632.6,0,237.7,282.7,18.98,0.04759,0.002508
Graz,Katowice,AT-PL,114,223,441.6,0,169,214,13.25,0.04756,0.00359
Braşov,Belgrade,RO-RS,296,314,413.3,0,158.8,203.8,12.4,0.04708,0.003797
Wuppertal,Stuttgart,DE-DE,124,128,310.9,0,121.9,166.9,9.327,0.04695,0.005033
Trieste,Zagreb,IT-HR,256,278,171.8,2.021,71.86,116.9,5.397,0.04687,0.008684
Glasgow,Cardiff,GB-GB,54,63,492.7,170.3,187.4,232.4,35.21,0.04683,0.00133
Mainz,Lyon,DE-FR,138,194,535.7,0,202.8,247.8,16.07,0.0466,0.0029
Wuppertal,Bremen,DE-DE,124,165,231.8,0,93.45,138.4,6.954,0.04656,0.006695
Catania,Thessaloníki,IT-GR,18,308,763.5,489,284.9,329.9,81.58,0.04655,0.0005706
Wuppertal,Freiburg,DE-DE,124,156,366.1,0,141.8,186.8,10.98,0.04644,0.004229
Trieste,Brescia,IT-IT,256,274,277.4,60.31,109.9,154.9,15.56,0.0464,0.002982
Leeds,Coventry,GB-GB,51,60,154.6,0,65.65,110.6,4.637,0.04621,0.009966
Southampton,Birmingham,GB-GB,34,67,178.7,0,74.33,119.3,5.361,0.04614,0.008607
Bari,Ljubljana,IT-SI,277,281,580.3,328.2,218.9,263.9,56.79,0.04612,0.0008122
Brno,Szczecin,CZ-PL,216,218,491.9,0,187.1,232.1,14.76,0.04611,0.003125
Swindon,Sheffield,GB-GB,30,35,204.1,0,83.46,128.5,6.122,0.046,0.007514
Southampton,Gent,GB-BE,34,118,358.8,78.18,139.2,184.2,20.15,0.04586,0.002276
Nuremberg,Magdeburg,DE-DE,134,139,300.2,0,118.1,163.1,9.006,0.0458,0.005086
Newcastle upon Tyne,Glasgow,GB-GB,44,54,194.1,0,79.87,124.9,5.822,0.0457,0.00785
Brescia,Bari,IT-IT,274,277,728.1,296,272.1,317.1,57.37,0.04563,0.0007954
Wrocław,Debrecen,PL-HU,217,301,518,0,196.5,241.5,15.54,0.0456,0.002934
Mainz,Braunschweig,DE-DE,138,166,298.4,0,117.4,162.4,8.953,0.04559,0.005092
Prague,Białystok,CZ-PL,213,313,691.6,0,259,304,20.75,0.04543,0.00219
Bydgoszcz,Debrecen,PL-HU,227,301,672.5,0,252.1,297.1,20.17,0.0453,0.002246
Wrocław,Katowice,PL-PL,217,223,168.8,0,70.75,115.8,5.063,0.04527,0.008942
Utrecht,Aachen,NL-DE,90,282,160.6,0,67.82,112.8,4.818,0.04521,0.009384
Katowice,Gdańsk,PL-PL,223,226,455.8,0,174.1,219.1,13.67,0.04516,0.003303
Stoke-on-Trent,Cardiff,GB-GB,32,63,182.5,2.006,75.7,120.7,5.716,0.04501,0.007875
Wiesbaden,Berlin,DE-DE,126,170,449.8,0,171.9,216.9,13.49,0.04487,0.003325
Nuremberg,Kiel,DE-DE,134,144,545,0,206.2,251.2,16.35,0.04483,0.002742
Wiesbaden,Bielefeld,DE-DE,126,169,217.5,0,88.29,133.3,6.524,0.0448,0.006866
Szczecin,Warsaw,PL-PL,218,309,453.8,0,173.4,218.4,13.61,0.04465,0.00328
Århus,Gdynia,DK-PL,22,225,556.4,332.3,210.3,255.3,56.56,0.04463,0.0007891
Munich,Magdeburg,DE-DE,136,139,444.1,0,169.9,214.9,13.32,0.04443,0.003335
Valladolid,A Coruña,ES-ES,232,241,356.3,0,138.3,183.3,10.69,0.04436,0.004149
Köln,Nantes,DE-FR,142,188,743.8,0,277.8,322.8,22.32,0.04426,0.001983
Duisburg,Nantes,DE-FR,161,188,762.9,8.009,284.6,329.6,23.85,0.04418,0.001853
Bydgoszcz,Košice,PL-SK,227,302,540.5,0,204.6,249.6,16.21,0.0441,0.002719
Bristol,Antwerp,GB-BE,64,122,486.6,104.1,185.2,230.2,27.09,0.04405,0.001626
Bucharest,Burgas,RO-BG,295,307,240.7,0,96.65,141.7,7.221,0.04402,0.006096
Essen,Nantes,DE-FR,158,188,778.5,0,290.3,335.3,23.36,0.04395,0.001882
Lübeck,Erfurt,DE-DE,140,159,322.4,0,126.1,171.1,9.672,0.04386,0.004535
Wiesbaden,Erfurt,DE-DE,126,159,220.8,0,89.47,134.5,6.623,0.04374,0.006605
Wiesbaden,Halle (Saale),DE-DE,126,153,305,0,119.8,164.8,9.149,0.04367,0.004773
Rotterdam,Charleroi,NL-BE,94,119,168,0,70.5,115.5,5.041,0.04358,0.008645
Nottingham,Lille,GB-FR,41,196,387.4,124.5,149.5,194.5,26.56,0.04352,0.001639
Amsterdam,Aachen,NL-DE,106,282,195.8,0,80.5,125.5,5.875,0.04342,0.00739
Wiesbaden,Bremen,DE-DE,126,165,334.7,0,130.5,175.5,10.04,0.04342,0.004324
Swansea,Leeds,GB-GB,31,51,290.8,0,114.7,159.7,8.723,0.04331,0.004965
Ostrava,Lublin,CZ-PL,215,312,341.4,0,132.9,177.9,10.24,0.04326,0.004224
Toulouse,Marseille,FR-FR,176,193,319.6,118.6,125.1,170.1,23.82,0.04322,0.001814
Geneva,Strasbourg,CH-FR,75,178,290.9,0,114.7,159.7,8.727,0.04319,0.004949
Graz,Łódź,AT-PL,114,221,598.6,0,225.5,270.5,17.96,0.04314,0.002403
Plymouth,Eindhoven,GB-NL,38,101,684.5,324.2,256.4,301.4,59.44,0.04314,0.0007257
Stockholm,Trondheim,SE-NO,80,247,611.6,6.015,230.2,275.2,19.07,0.04291,0.00225
Alicante,Zaragoza,ES-ES,12,229,369.7,6.028,143.1,188.1,11.81,0.0429,0.003631
Düsseldorf,Nantes,DE-FR,160,188,750.7,0,280.2,325.2,22.52,0.04272,0.001897
Preston,Cardiff,GB-GB,37,63,255.9,2.015,102.1,147.1,7.917,0.0427,0.005393
Magdeburg,Bielefeld,DE-DE,139,169,212,0,86.32,131.3,6.36,0.04263,0.006703
Brighton,Geneva,GB-CH,65,75,691.6,132.3,259,304,36.62,0.04262,0.001164
Frankfurt am Main,Duisburg,DE-DE,157,161,199.1,0,81.68,126.7,5.974,0.04245,0.007106
Zagreb,Lublin,HR-PL,278,312,774.6,0,288.9,333.9,23.24,0.04237,0.001823
Swansea,Sheffield,GB-GB,31,35,257.9,0,102.8,147.8,7.736,0.04235,0.005474
Jerez de la Frontera,Córdoba,ES-ES,6,9,180.3,0,74.9,119.9,5.408,0.04234,0.007829
Geneva,Mainz,CH-DE,75,138,449.1,0,171.7,216.7,13.47,0.04234,0.003142
Edinburgh,Cardiff,GB-GB,56,63,497.3,100.3,189,234,26.95,0.04226,0.001568
Szczecin,Poznań,PL-PL,218,219,195.7,0,80.46,125.5,5.871,0.04222,0.00719
Leicester,Cardiff,GB-GB,50,63,190.3,4.006,78.5,123.5,6.189,0.04217,0.006814
Graz,Wrocław,AT-PL,114,217,463.4,0,176.8,221.8,13.9,0.04217,0.003033
Leipzig,Augsburg,DE-DE,141,171,346.5,0,134.7,179.7,10.39,0.04209,0.004049
Münster,Mainz,DE-DE,135,138,224.9,0,90.98,136,6.748,0.04192,0.006213
Swindon,Liverpool,GB-GB,30,49,221.4,12.07,89.69,134.7,8.09,0.04176,0.005162
Łódź,Košice,PL-SK,221,302,362.7,0,140.6,185.6,10.88,0.04176,0.003837
Kiel,Augsburg,DE-DE,144,171,663.7,0,248.9,293.9,19.91,0.04171,0.002095
Wuppertal,Magdeburg,DE-DE,124,139,323.9,0,126.6,171.6,9.718,0.04145,0.004265
Coventry,Gent,GB-BE,60,118,390.3,156.1,150.5,195.5,30.45,0.04143,0.001361
Thessaloníki,Belgrade,GR-RS,308,314,504.9,12.02,191.8,236.8,16.59,0.04138,0.002494
Preston,Groningen,GB-NL,37,99,615.9,367.1,231.7,276.7,62.53,0.04127,0.00066
Coventry,Cardiff,GB-GB,60,63,153.9,4.05,65.4,110.4,5.103,0.04125,0.008084
Bochum,Nantes,DE-FR,168,188,791.8,0,295.1,340.1,23.76,0.04114,0.001732
Charleroi,Nice,BE-FR,119,187,775.8,0,289.3,334.3,23.27,0.04099,0.001761
Swindon,Leeds,GB-GB,30,51,249.4,0,99.79,144.8,7.482,0.0409,0.005467
Groningen,Wiesbaden,NL-DE,99,126,367.1,0,142.2,187.2,11.01,0.04088,0.003712
Derby,Bristol,GB-GB,59,64,180.2,0,74.86,119.9,5.405,0.04062,0.007515
Murcia,Córdoba,ES-ES,4,9,319.6,0,125.1,170.1,9.588,0.04047,0.004221
Swansea,Coventry,GB-GB,31,60,187.9,0,77.65,122.6,5.637,0.0403,0.007149
Swindon,Edinburgh,GB-GB,30,56,497.4,0,189,234,14.92,0.04028,0.0027
Cardiff,Gent,GB-BE,63,118,482,116,183.5,228.5,28.38,0.0402,0.001416
Swindon,Antwerp,GB-BE,30,122,430.4,142.1,165,210,29.97,0.04016,0.00134
Leicester,Edinburgh,GB-GB,50,56,392,0,151.1,196.1,11.76,0.03999,0.003401
Gothenburg,Bergen,SE-NO,85,252,482.8,184.3,183.8,228.8,36.6,0.03988,0.00109
Geneva,Groningen,CH-NL,75,99,780.8,0,291.1,336.1,23.43,0.03987,0.001702
Magdeburg,Bonn,DE-DE,139,167,350.7,0,136.2,181.2,10.52,0.03955,0.003759
Alicante,Gasteiz / Vitoria,ES-ES,12,230,533.9,4.015,202.2,247.2,16.5,0.0395,0.002394
Cardiff,Tilburg,GB-NL,63,91,572.1,226,215.9,260.9,44.29,0.03944,0.0008905
Leicester,Strasbourg,GB-FR,50,178,770.9,130.2,287.5,332.5,38.75,0.03938,0.001016
Genoa,Brescia,IT-IT,270,274,160.6,0,67.82,112.8,4.818,0.03931,0.008158
Łódź,Bydgoszcz,PL-PL,221,227,180.3,0,74.9,119.9,5.409,0.0393,0.007266
Zaragoza,Gasteiz / Vitoria,ES-ES,229,230,198.6,0,81.51,126.5,5.959,0.0392,0.006578
Trieste,Debrecen,IT-HU,256,301,634.8,2.003,238.5,283.5,19.28,0.03908,0.002027
Cardiff,Rennes,GB-FR,63,181,389.9,253.2,150.4,195.4,42.08,0.03901,0.0009271
Murcia,Málaga,ES-ES,4,5,323.1,0,126.3,171.3,9.694,0.03896,0.004019
Derby,Cardiff,GB-GB,59,63,198,2,81.28,126.3,6.18,0.03882,0.006281
Stuttgart,Düsseldorf,DE-DE,128,160,320.9,0,125.5,170.5,9.628,0.03881,0.004031
Bonn,Augsburg,DE-DE,167,171,379.8,0,146.7,191.7,11.39,0.03873,0.003399
Ostrava,Białystok,CZ-PL,215,313,498.6,0,189.5,234.5,14.96,0.03871,0.002588
Mainz,Kiel,DE-DE,138,144,498.8,0,189.6,234.6,14.96,0.03869,0.002586
Trieste,Košice,IT-SK,256,302,659.7,2.005,247.5,292.5,20.03,0.03866,0.00193
Sheffield,Newcastle upon Tyne,GB-GB,35,44,177.1,0,73.75,118.8,5.313,0.03864,0.007272
Liverpool,Lille,GB-FR,49,196,515.2,120.3,195.5,240.5,29.89,0.03855,0.00129
Mainz,Augsburg,DE-DE,138,171,261.3,0,104.1,149.1,7.839,0.03852,0.004914
Stuttgart,Bonn,DE-DE,128,167,263.6,0,104.9,149.9,7.907,0.0385,0.00487
Zaragoza,Gijón,ES-ES,229,242,443.8,0,169.8,214.8,13.31,0.0384,0.002884
Kiel,Bydgoszcz,DE-PL,144,227,534.5,54.05,202.4,247.4,22.52,0.03833,0.001702
Elche,Gasteiz / Vitoria,ES-ES,8,230,536.6,0,203.2,248.2,16.1,0.03827,0.002377
Padua,Bari,IT-IT,265,277,624.3,526.3,234.8,279.8,81.89,0.03817,0.0004661
Kiel,Freiburg,DE-DE,144,156,721,0,269.6,314.6,21.63,0.03809,0.001761
Groningen,Mainz,NL-DE,99,138,378.9,0,146.4,191.4,11.37,0.03803,0.003346
Verona,Turin,IT-IT,254,258,262.1,0,104.3,149.3,7.862,0.03782,0.004811
Edinburgh,Derby,GB-GB,56,59,354.7,0,137.7,182.7,10.64,0.03759,0.003533
Kiel,Braunschweig,DE-DE,144,166,230,0,92.81,137.8,6.901,0.03751,0.005435
Elche,Zaragoza,ES-ES,8,229,377.7,0,146,191,11.33,0.03735,0.003297
Messina,Bari,IT-IT,17,277,344.4,108.1,134,179,23.31,0.03735,0.001603
Birmingham,Nantes,GB-FR,67,188,585.9,188.6,220.9,265.9,40.21,0.03707,0.0009221
Wiesbaden,Augsburg,DE-DE,126,171,271.1,0,107.6,152.6,8.132,0.03704,0.004555
Stuttgart,Köln,DE-DE,128,142,287.5,0,113.5,158.5,8.626,0.037,0.004289
Novi Sad,Košice,RS-SK,280,302,399.8,0,153.9,198.9,11.99,0.0369,0.003076
Pamplona,Madrid,ES-ES,235,238,317.1,0,124.1,169.1,9.512,0.03684,0.003873
Ostrava,Bydgoszcz,CZ-PL,215,227,366.2,0,141.8,186.8,10.99,0.03679,0.003349
Brno,Debrecen,CZ-HU,216,301,414.1,0,159.1,204.1,12.42,0.03677,0.00296
Palermo,Catania,IT-IT,16,18,165.2,8.061,69.49,114.5,5.925,0.03675,0.006204
Swindon,Stoke-on-Trent,GB-GB,30,32,163.1,0,68.73,113.7,4.894,0.03651,0.007461
Gasteiz / Vitoria,Barcelona,ES-ES,230,246,430.3,0,164.9,209.9,12.91,0.03626,0.002809
Katowice,Białystok,PL-PL,223,313,428.4,0,164.2,209.2,12.85,0.03617,0.002815
Nottingham,Bristol,GB-GB,41,64,193.6,0,79.68,124.7,5.807,0.03608,0.006214
Swindon,Derby,GB-GB,30,59,153.2,0,65.14,110.1,4.595,0.03607,0.007851
Plymouth,Nantes,GB-FR,38,188,398.7,220.4,153.5,198.5,38.41,0.03601,0.0009377
Groningen,Bonn,NL-DE,99,167,278.7,0,110.3,155.3,8.36,0.03601,0.004308
Wiesbaden,Leipzig,DE-DE,126,141,322.2,0,126,171,9.667,0.03599,0.003724
Munich,Lübeck,DE-DE,136,140,640.3,0,240.5,285.5,19.21,0.03589,0.001868
Coventry,Nantes,GB-FR,60,188,577,132.2,217.7,262.7,33.18,0.03585,0.00108
Milton Keynes,Charleroi,GB-BE,45,119,404.8,110.2,155.7,200.7,25.37,0.03574,0.001409
Gdynia,Bydgoszcz,PL-PL,225,227,158.9,0,67.21,112.2,4.768,0.03566,0.007479
Toulouse,Nice,FR-FR,176,187,468.5,0,178.6,223.6,14.05,0.03546,0.002523
Swindon,Nottingham,GB-GB,30,41,161,0,67.96,113,4.83,0.03544,0.007337
Lübeck,Augsburg,DE-DE,140,171,611.5,0,230.1,275.1,18.34,0.03541,0.001931
Stoke-on-Trent,Gent,GB-BE,32,118,458.4,130.1,175,220,29.36,0.03539,0.001205
Swindon,Preston,GB-GB,30,37,252.9,0,101.1,146.1,7.588,0.03525,0.004645
Swansea,Liverpool,GB-GB,31,49,209.5,2.014,85.4,130.4,6.525,0.03525,0.005402
Katowice,Lublin,PL-PL,223,312,272.8,0,108.2,153.2,8.184,0.03521,0.004302
Budapest,Ljubljana,HU-SI,211,281,381,0,147.1,192.1,11.43,0.03521,0.003081
Athens,Sofia,GR-BG,47,305,525.3,134.3,199.1,244.1,31.88,0.0352,0.001104
Reading,Strasbourg,GB-FR,36,178,699.3,70.13,261.7,306.7,29.39,0.03512,0.001195
Geneva,Marseille,CH-FR,75,193,328.6,0,128.3,173.3,9.859,0.03509,0.003559
Århus,Szczecin,DK-PL,22,218,411.5,172.6,158.2,203.2,33.06,0.03505,0.00106
Magdeburg,Dresden,DE-DE,139,162,188.7,0,77.93,122.9,5.661,0.03488,0.006162
Nottingham,Glasgow,GB-GB,41,54,381,14.04,147.2,192.2,13.12,0.03486,0.002658
Braunschweig,Augsburg,DE-DE,166,171,433.8,0,166.2,211.2,13.02,0.03484,0.002677
Nuremberg,Lübeck,DE-DE,134,140,491.6,0,187,232,14.75,0.03468,0.002352
Münster,Magdeburg,DE-DE,135,139,274.6,0,108.8,153.8,8.237,0.03461,0.004202
Turin,Padua,IT-IT,258,265,330.9,0,129.1,174.1,9.926,0.03441,0.003466
Plymouth,Manchester,GB-GB,38,46,369.6,28.12,143.1,188.1,14.46,0.03439,0.002378
Rennes,Turin,FR-IT,181,258,790.5,0,294.6,339.6,23.71,0.03435,0.001449
Szczecin,Łódź,PL-PL,218,221,380,0,146.8,191.8,11.4,0.03426,0.003006
Münster,Braunschweig,DE-DE,135,166,200.9,0,82.34,127.3,6.028,0.03426,0.005684
Swansea,Tilburg,GB-NL,31,91,623.8,208.6,234.6,279.6,43.75,0.03423,0.0007825
Magdeburg,Augsburg,DE-DE,139,171,421.3,0,161.7,206.7,12.64,0.03408,0.002696
Brighton,Strasbourg,GB-FR,65,178,619.1,128.2,232.9,277.9,33.96,0.03406,0.001003
Utrecht,Charleroi,NL-BE,90,119,192.6,0,79.34,124.3,5.778,0.03406,0.005894
Wuppertal,Leipzig,DE-DE,124,141,363.2,0,140.7,185.7,10.9,0.03396,0.003117
Nottingham,Edinburgh,GB-GB,41,56,358.7,0,139.1,184.1,10.76,0.03395,0.003155
Manchester,Lille,GB-FR,46,196,480.6,128.2,183,228,29.79,0.03388,0.001137
Reading,Manchester,GB-GB,36,46,240.9,0,96.73,141.7,7.227,0.03383,0.00468
Mainz,Lübeck,DE-DE,138,140,462.6,0,176.5,221.5,13.88,0.03371,0.002429
Leipzig,Kiel,DE-DE,141,144,364,0,141,186,10.92,0.03367,0.003084
Swansea,Glasgow,GB-GB,31,54,472.4,188.2,180.1,225.1,36.75,0.03361,0.0009145
Mannheim,Köln,DE-DE,137,142,193.5,0,79.66,124.7,5.805,0.03355,0.00578
Katowice,Gdynia,PL-PL,223,225,474.8,0,180.9,225.9,14.24,0.03342,0.002346
Freiburg,Braunschweig,DE-DE,156,166,511.6,0,194.2,239.2,15.35,0.03329,0.002169
Trieste,Rome,IT-IT,256,260,430,156.7,164.8,209.8,31.71,0.03322,0.001048
Southampton,Geneva,GB-CH,34,75,762.3,174.1,284.4,329.4,43.75,0.0332,0.0007587
Birmingham,Rennes,GB-FR,67,181,486.2,202.1,185,230,38.84,0.03314,0.0008534
Katowice,Debrecen,PL-HU,223,301,358,0,138.9,183.9,10.74,0.03312,0.003084
The Hague,Charleroi,NL-BE,93,119,185.5,0,76.76,121.8,5.564,0.03302,0.005935
Geneva,Gent,CH-BE,75,118,567.8,0,214.4,259.4,17.03,0.03297,0.001936
Milton Keynes,Strasbourg,GB-FR,45,178,715,52.07,267.4,312.4,27.7,0.03293,0.001189
Ostrava,Košice,CZ-SK,215,302,249.2,0,99.72,144.7,7.477,0.03285,0.004393
Verona,Naples,IT-IT,254,266,574.9,0,217,262,17.25,0.03277,0.0019
Sheffield,Reading,GB-GB,35,36,216.9,0,88.07,133.1,6.506,0.03274,0.005032
Oslo,Bergen,NO-NO,249,252,304.7,10.02,119.7,164.7,10.34,0.03267,0.003159
Düsseldorf,Bielefeld,DE-DE,160,169,150.9,0,64.33,109.3,4.527,0.03262,0.007206
Gdańsk,Debrecen,PL-HU,226,301,786.4,0,293.1,338.1,23.59,0.0326,0.001382
Southampton,Lille,GB-FR,34,196,315,102.3,123.4,168.4,21.73,0.0324,0.001491
Bratislava,Ostrava,SK-CZ,212,215,206.2,0,84.23,129.2,6.186,0.03237,0.005233
Sheffield,Milton Keynes,GB-GB,35,45,156.6,0,66.38,111.4,4.699,0.03233,0.006882
Craiova,Sofia,RO-BG,293,305,184.1,0,76.27,121.3,5.523,0.03227,0.005844
Edinburgh,Charleroi,GB-BE,56,119,798.3,244.1,297.4,342.4,53.24,0.03203,0.0006017
Southampton,Strasbourg,GB-FR,34,178,705.7,206.5,264,309,45.95,0.03202,0.0006968
Wiesbaden,Münster,DE-DE,126,135,213.1,0,86.71,131.7,6.392,0.032,0.005005
Łódź,Gdańsk,PL-PL,221,226,292.3,0,115.2,160.2,8.769,0.03182,0.003629
Wrocław,Szczecin,PL-PL,217,218,308.7,0,121.1,166.1,9.261,0.03175,0.003429
Mannheim,Augsburg,DE-DE,137,171,216.8,0,88.04,133,6.503,0.03153,0.004849
Coventry,Strasbourg,GB-FR,60,178,779.8,62.14,290.7,335.7,30.85,0.03141,0.001018
Swansea,Stoke-on-Trent,GB-GB,31,32,194.8,0,80.12,125.1,5.843,0.0313,0.005356
Katowice,Bydgoszcz,PL-PL,223,227,326,0,127.4,172.4,9.78,0.03126,0.003196
Plovdiv,Belgrade,BG-RS,306,314,454.2,0,173.5,218.5,13.62,0.03121,0.00229
Cardiff,Groningen,GB-NL,63,99,689.1,250.4,258.1,303.1,50.72,0.03114,0.0006139
Cardiff,Nantes,GB-FR,63,188,488.4,272.2,185.8,230.8,47.32,0.031,0.0006551
Wolverhampton,Swansea,GB-GB,25,31,164.2,0,69.11,114.1,4.926,0.03096,0.006285
Wrocław,Gdańsk,PL-PL,217,226,377.4,0,145.9,190.9,11.32,0.03086,0.002726
Århus,Bydgoszcz,DK-PL,22,227,604,302,227.4,272.4,54.36,0.03086,0.0005676
Mainz,Magdeburg,DE-DE,138,139,334.6,0,130.5,175.5,10.04,0.03083,0.003071
Kraków,Lublin,PL-PL,222,312,227.9,0,92.04,137,6.837,0.0308,0.004505
Wolverhampton,Plymouth,GB-GB,25,38,283.1,42.17,111.9,156.9,13.55,0.03075,0.002269
Toulouse,Bordeaux,FR-FR,176,204,212,0,86.31,131.3,6.359,0.03066,0.004822
Reading,Nottingham,GB-GB,36,41,166.9,0,70.1,115.1,5.008,0.03066,0.006121
Wuppertal,Berlin,DE-DE,124,170,452.1,0,172.8,217.8,13.56,0.03056,0.002253
Swansea,Edinburgh,GB-GB,31,56,484.1,124,184.3,229.3,29.41,0.03041,0.001034
Graz,Lublin,AT-PL,114,312,695.9,0,260.5,305.5,20.88,0.03039,0.001456
Wrocław,Bydgoszcz,PL-PL,217,227,234.4,0,94.38,139.4,7.032,0.03036,0.004318
Gent,Paris,BE-FR,118,184,263.1,0,104.7,149.7,7.893,0.03024,0.003831
Nuremberg,Leipzig,DE-DE,134,141,228.8,0,92.37,137.4,6.865,0.03021,0.0044
Kiel,Poznań,DE-PL,144,219,498.3,28.02,189.4,234.4,18.31,0.03018,0.001648
Bydgoszcz,Białystok,PL-PL,227,313,344,0,133.8,178.8,10.32,0.03014,0.002921
Munich,Halle (Saale),DE-DE,136,153,373,0,144.3,189.3,11.19,0.03014,0.002694
Zürich,Geneva,CH-CH,72,75,224.2,0,90.72,135.7,6.726,0.02997,0.004455
Jerez de la Frontera,Gasteiz / Vitoria,ES-ES,6,230,746.4,0,278.7,323.7,22.39,0.02996,0.001338
Wuppertal,Braunschweig,DE-DE,124,166,258.2,0,102.9,147.9,7.745,0.02988,0.003858
Wiesbaden,Braunschweig,DE-DE,126,166,289.9,0,114.4,159.4,8.698,0.02988,0.003435
Graz,Trieste,AT-IT,114,256,202.9,2.009,83.05,128.1,6.329,0.02987,0.004719
Magdeburg,Freiburg,DE-DE,139,156,533,0,201.9,246.9,15.99,0.02985,0.001867
Gdynia,Warsaw,PL-PL,225,309,303,8.027,119.1,164.1,10.05,0.02982,0.002966
Debrecen,Lublin,HU-PL,301,312,419.1,0,160.9,205.9,12.57,0.02975,0.002366
Ostrava,Wrocław,CZ-PL,215,217,166.5,0,69.95,115,4.996,0.0297,0.005944
Leipzig,Braunschweig,DE-DE,141,166,163.4,0,68.82,113.8,4.901,0.02967,0.006053
Charleroi,Strasbourg,BE-FR,119,178,313.2,0,122.8,167.8,9.396,0.02962,0.003152
Plymouth,Coventry,GB-GB,38,60,290.7,26.06,114.7,159.7,11.85,0.02956,0.002495
Ostrava,Debrecen,CZ-HU,215,301,354.6,0,137.7,182.7,10.64,0.02953,0.002776
Łódź,Katowice,PL-PL,221,223,171,0,71.54,116.5,5.129,0.02948,0.005747
Sevilla,Murcia,ES-ES,2,4,431.4,0,165.3,210.3,12.94,0.0293,0.002264
Nantes,Montpellier,FR-FR,188,191,583.2,0,220,265,17.5,0.02924,0.001671
Novi Sad,Thessaloníki,RS-GR,280,308,571.3,0,215.7,260.7,17.14,0.02921,0.001704
Gent,Strasbourg,BE-FR,118,178,398.3,0,153.4,198.4,11.95,0.02915,0.002439
Gdańsk,Košice,PL-SK,226,302,652.2,0,244.8,289.8,19.57,0.02914,0.001489
Geneva,Lille,CH-FR,75,196,542.9,0,205.4,250.4,16.29,0.02914,0.001789
Sheffield,Plymouth,GB-GB,35,38,381.9,38.19,147.5,192.5,16.04,0.02909,0.001814
Kiel,Halle (Saale),DE-DE,144,153,339.1,0,132.1,177.1,10.17,0.02904,0.002855
Hannover,Bochum,DE-DE,150,168,198.9,0,81.59,126.6,5.966,0.02903,0.004866
Reading,Leeds,GB-GB,36,51,263.1,0,104.7,149.7,7.893,0.02902,0.003676
Amsterdam,Charleroi,NL-BE,106,119,220.4,0,89.35,134.3,6.612,0.02888,0.004368
Kraków,Bydgoszcz,PL-PL,222,227,365.6,0,141.6,186.6,10.97,0.02879,0.002625
Århus,Malmö,DK-SE,22,82,184.5,126.3,76.41,121.4,20.69,0.02873,0.001389
Nottingham,Newcastle upon Tyne,GB-GB,41,44,226.6,0,91.58,136.6,6.798,0.0287,0.004221
Bratislava,Ljubljana,SK-SI,212,281,305.2,0,119.9,164.9,9.155,0.02869,0.003133
Wiesbaden,Kiel,DE-DE,126,144,488.2,0,185.8,230.8,14.65,0.02847,0.001944
Stoke-on-Trent,Plymouth,GB-GB,32,38,322.3,28.03,126,171,13.03,0.0284,0.002179
Bristol,Gent,GB-BE,64,118,441.5,92.32,169,214,24.33,0.02837,0.001166
Magdeburg,Bremen,DE-DE,139,165,217.7,0,88.39,133.4,6.532,0.02829,0.004331
Reading,Liverpool,GB-GB,36,49,256.4,8.011,102.3,147.3,8.652,0.02823,0.003263
Newcastle upon Tyne,Coventry,GB-GB,44,60,285.5,0,112.8,157.8,8.565,0.0281,0.003282
Granada,Gasteiz / Vitoria,ES-ES,7,230,634.6,0,238.4,283.4,19.04,0.02808,0.001475
Dortmund,Rennes,DE-FR,163,181,756.4,0,282.3,327.3,22.69,0.02804,0.001236
Plymouth,Tilburg,GB-NL,38,91,659.5,286.6,247.4,292.4,54.18,0.02802,0.0005172
Freiburg,Bonn,DE-DE,156,167,309.4,0,121.4,166.4,9.282,0.02795,0.003011
Szczecin,Katowice,PL-PL,218,223,467.2,0,178.2,223.2,14.02,0.02783,0.001985
Alicante,Madrid,ES-ES,12,238,360.1,2,139.6,184.6,11.04,0.02776,0.002514
Trondheim,Oslo,NO-NO,247,249,391.6,0,151,196,11.75,0.02767,0.002355
Gent,Aachen,BE-DE,118,282,168.7,0,70.73,115.7,5.06,0.02753,0.00544
Geneva,Charleroi,CH-BE,75,119,484.6,0,184.5,229.5,14.54,0.02752,0.001893
Strasbourg,Aachen,FR-DE,178,282,271.6,0,107.8,152.8,8.147,0.02751,0.003377
Münster,Hamburg,DE-DE,135,152,237.8,0,95.62,140.6,7.135,0.02747,0.00385
Madrid,A Coruña,ES-ES,238,241,508.6,0,193.1,238.1,15.26,0.02725,0.001786
Swansea,Preston,GB-GB,31,37,252.4,12.02,100.9,145.9,9.014,0.02725,0.003023
Sheffield,Charleroi,GB-BE,35,119,522.8,142.2,198.2,243.2,32.75,0.02723,0.0008313
Lübeck,Leipzig,DE-DE,140,141,303.3,0,119.2,164.2,9.1,0.0272,0.002989
Ostrava,Szczecin,CZ-PL,215,218,475.2,0,181.1,226.1,14.26,0.02719,0.001907
Brighton,Charleroi,GB-BE,65,119,326.6,102.2,127.6,172.6,22.06,0.02717,0.001232
Graz,Bydgoszcz,AT-PL,114,227,697.7,0,261.2,306.2,20.93,0.02712,0.001296
Swindon,Strasbourg,GB-FR,30,178,755.3,88.15,281.9,326.9,33.24,0.02711,0.0008157
Nottingham,Strasbourg,GB-FR,41,178,791.2,128.2,294.8,339.8,39.12,0.027,0.0006901
Elche,Porto,ES-PT,8,86,748.5,0,279.5,324.5,22.46,0.02682,0.001194
Newcastle upon Tyne,Bristol,GB-GB,44,64,396.6,12.02,152.8,197.8,13.34,0.02681,0.00201
Lisbon,Porto,PT-PT,0,86,273.4,30.15,108.4,153.4,11.82,0.02677,0.002265
Padua,Genoa,IT-IT,265,270,257.1,0,102.6,147.6,7.713,0.02664,0.003454
Zaragoza,Oviedo,ES-ES,229,236,449,0,171.6,216.6,13.47,0.02654,0.00197
Newcastle upon Tyne,Leicester,GB-GB,44,50,261.5,0,104.1,149.1,7.846,0.02654,0.003382
Lübeck,Halle (Saale),DE-DE,140,153,279.4,0,110.6,155.6,8.381,0.02651,0.003163
Duisburg,Rennes,DE-FR,161,181,709.1,0,265.3,310.3,21.27,0.0265,0.001246
Essen,Rennes,DE-FR,158,181,725.5,8.016,271.2,316.2,22.73,0.0265,0.001166
Valencia,Granada,ES-ES,1,7,379.2,0,146.5,191.5,11.38,0.02639,0.00232
Hannover,Dortmund,DE-DE,150,163,182.2,0,75.59,120.6,5.466,0.02619,0.004791
Liverpool,Leicester,GB-GB,49,50,150.4,4.01,64.14,109.1,4.993,0.02618,0.005245
Wolverhampton,Rennes,GB-FR,25,181,498.5,224.2,189.5,234.5,41.87,0.02616,0.0006248
Preston,Leicester,GB-GB,37,50,163.1,0,68.71,113.7,4.893,0.02612,0.005339
Katowice,Košice,PL-SK,223,302,235.8,0,94.89,139.9,7.074,0.02607,0.003685
Newcastle upon Tyne,Liverpool,GB-GB,44,49,195.1,0,80.24,125.2,5.853,0.02605,0.00445
Wuppertal,Mainz,DE-DE,124,138,162.7,0,68.56,113.6,4.88,0.02601,0.005331
Swansea,Derby,GB-GB,31,59,221.6,0,89.78,134.8,6.649,0.02601,0.003912
Nottingham,Cardiff,GB-GB,41,63,214.4,2.004,87.18,132.2,6.672,0.02594,0.003888
Groningen,Charleroi,NL-BE,99,119,344.6,0,134,179,10.34,0.02591,0.002506
Southampton,Lyon,GB-FR,34,194,735.8,188.5,274.9,319.9,44.69,0.02584,0.0005783
Preston,Lille,GB-FR,37,196,524.2,128.1,198.7,243.7,31.09,0.02577,0.0008287
Bochum,Rennes,DE-FR,168,181,739.3,8.015,276.2,321.2,23.14,0.02559,0.001106
Athens,Craiova,GR-RO,47,293,704.2,166.1,263.5,308.5,41.05,0.0255,0.0006211
Erfurt,Augsburg,DE-DE,159,171,289.9,0,114.4,159.4,8.698,0.02543,0.002924
Southampton,Leicester,GB-GB,34,50,193.8,0,79.77,124.8,5.814,0.02532,0.004355
Newcastle upon Tyne,Derby,GB-GB,44,59,228.2,0,92.15,137.1,6.846,0.02528,0.003694
Turin,Florence,IT-IT,258,272,317,0,124.1,169.1,9.51,0.02527,0.002657
Swansea,Leicester,GB-GB,31,50,222.8,0,90.2,135.2,6.683,0.02524,0.003776
Plymouth,Leeds,GB-GB,38,51,420,28,161.2,206.2,15.96,0.02519,0.001578
Southampton,Plymouth,GB-GB,34,38,202,70.7,82.72,127.7,14.54,0.02511,0.001727
Lübeck,Freiburg,DE-DE,140,156,682.5,0,255.7,300.7,20.47,0.02509,0.001226
Köln,Rennes,DE-FR,142,181,696.6,0,260.8,305.8,20.9,0.02506,0.001199
Halle (Saale),Augsburg,DE-DE,153,171,354.4,0,137.6,182.6,10.63,0.02498,0.00235
Wrocław,Gdynia,PL-PL,217,225,393,0,151.5,196.5,11.79,0.02488,0.00211
Łódź,Gdynia,PL-PL,221,225,312,0,122.3,167.3,9.359,0.02485,0.002655
Southampton,Manchester,GB-GB,34,46,292.1,0,115.2,160.2,8.764,0.02482,0.002832
Stoke-on-Trent,Newcastle upon Tyne,GB-GB,32,44,222.1,0,89.96,135,6.664,0.02478,0.003719
Freiburg,Frankfurt am Main,DE-DE,156,157,243.4,0,97.61,142.6,7.301,0.02471,0.003384
Düsseldorf,Rennes,DE-FR,160,181,699.3,0,261.8,306.8,20.98,0.02461,0.001173
Ostrava,Ljubljana,CZ-SI,215,281,506,0,192.1,237.1,15.18,0.02458,0.001619
Nantes,Bordeaux,FR-FR,188,204,274.7,44.11,108.9,153.9,13.53,0.02456,0.001815
Athens,Plovdiv,GR-BG,47,306,471.8,246.9,179.8,224.8,43.78,0.02451,0.0005598
Geneva,Bordeaux,CH-FR,75,204,545.2,0,206.3,251.3,16.36,0.02446,0.001495
Wiesbaden,Lübeck,DE-DE,126,140,452.6,0,172.9,217.9,13.58,0.02443,0.001799
Elche,Madrid,ES-ES,8,238,352.1,0,136.8,181.8,10.56,0.02429,0.0023
Newcastle upon Tyne,Cardiff,GB-GB,44,63,402.2,2.001,154.8,199.8,12.3,0.02426,0.001972
Newcastle upon Tyne,Lille,GB-FR,44,196,575.3,164.4,217.1,262.1,36.99,0.02425,0.0006557
Łódź,Lublin,PL-PL,221,312,221.9,0,89.89,134.9,6.657,0.02424,0.003641
Brighton,Birmingham,GB-GB,65,67,220.3,0,89.3,134.3,6.609,0.02423,0.003667
London,Lyon,GB-FR,48,194,737,102.1,275.3,320.3,34.37,0.02411,0.0007015
Szczecin,Gdańsk,PL-PL,218,226,287.3,0,113.4,158.4,8.62,0.02403,0.002788
Košice,Lublin,SK-PL,302,312,297.2,0,117,162,8.916,0.02392,0.002683
Paris,Aachen,FR-DE,184,282,342.8,0,133.4,178.4,10.28,0.02389,0.002323
Plymouth,Bordeaux,GB-FR,38,204,670.2,300.1,251.3,296.3,56.12,0.02382,0.0004244
Antwerp,Paris,BE-FR,122,184,301.2,0,118.4,163.4,9.036,0.02368,0.00262
Elche,Córdoba,ES-ES,8,9,358.7,0,139.1,184.1,10.76,0.02364,0.002196
Reading,Derby,GB-GB,36,59,166.7,0,70,115,5,0.02362,0.004723
Sheffield,Nantes,GB-FR,35,188,685.6,132.3,256.8,301.8,36.45,0.02346,0.0006436
Bristol,Brighton,GB-GB,64,65,185,0,76.61,121.6,5.551,0.02344,0.004223
Málaga,Madrid,ES-ES,5,238,415.7,0,159.7,204.7,12.47,0.02335,0.001872
Braşov,Varna,RO-BG,296,303,326.2,0,127.4,172.4,9.787,0.02318,0.002368
Sevilla,Gasteiz / Vitoria,ES-ES,2,230,669.4,0,251,296,20.08,0.02314,0.001152
Málaga,Elche,ES-ES,5,8,370.2,0,143.3,188.3,11.11,0.02314,0.002083
Gdynia,Košice,PL-SK,225,302,672.2,0,252,297,20.17,0.02313,0.001147
Zaragoza,Barcelona,ES-ES,229,246,254.5,0,101.6,146.6,7.635,0.02307,0.003022
Plymouth,Liverpool,GB-GB,38,49,347.2,42.15,135,180,15.48,0.02304,0.001489
Wuppertal,Nantes,DE-FR,124,188,774.3,0,288.8,333.8,23.23,0.02299,0.0009898
Bristol,Bordeaux,GB-FR,64,204,750.4,240.1,280.2,325.2,51.33,0.02298,0.0004477
Swindon,Gent,GB-BE,30,118,386.3,90.06,149.1,194.1,22.39,0.02295,0.001025
Kraków,Gdańsk,PL-PL,222,226,485.1,0,184.6,229.6,14.55,0.02294,0.001576
Alicante,Porto,ES-PT,12,86,761.3,2.003,284.1,329.1,23.08,0.02293,0.0009934
Derby,Lille,GB-FR,59,196,402.3,134.1,154.8,199.8,28.16,0.02287,0.000812
Southampton,Sheffield,GB-GB,34,35,275.7,0,109.2,154.2,8.271,0.02281,0.002758
Wolverhampton,Newcastle upon Tyne,GB-GB,25,44,267.6,0,106.3,151.3,8.028,0.02269,0.002826
Vigo,Bilbao,ES-ES,231,245,486.9,2.004,185.3,230.3,14.85,0.02265,0.001525
Constanţa,Braşov,RO-RO,294,296,288.9,0,114,159,8.668,0.02261,0.002608
Varna,Sofia,BG-BG,303,305,377.6,0,145.9,190.9,11.33,0.02256,0.001991
Valencia,Bilbao,ES-ES,1,245,471.8,0,179.8,224.8,14.15,0.02251,0.001591
Wolverhampton,Nantes,GB-FR,25,188,598.3,210.1,225.4,270.4,43.16,0.02244,0.0005199
Málaga,Gasteiz / Vitoria,ES-ES,5,230,697.7,0,261.2,306.2,20.93,0.02243,0.001072
Lübeck,Braunschweig,DE-DE,140,166,178.6,0,74.28,119.3,5.357,0.02233,0.004168
Manchester,Nantes,GB-FR,46,188,698.2,216.1,261.3,306.3,46.87,0.02228,0.0004754
London,Lille,GB-FR,48,196,242.6,32.07,97.32,142.3,11.13,0.02224,0.001999
Graz,Ostrava,AT-CZ,114,215,372.2,0,144,189,11.17,0.02224,0.001992
Lyon,Bordeaux,FR-FR,194,204,436.3,0,167.1,212.1,13.09,0.0222,0.001696
Brighton,Lyon,GB-FR,65,194,674.3,120.1,252.7,297.7,34.64,0.02204,0.0006365
Murcia,Porto,ES-PT,4,86,730.9,0,273.1,318.1,21.93,0.02191,0.0009993
Plymouth,Derby,GB-GB,38,59,338.1,48.01,131.7,176.7,15.9,0.02185,0.001374
Plymouth,Charleroi,GB-BE,38,119,608.5,372.3,229,274,62.93,0.0218,0.0003464
Valencia,Córdoba,ES-ES,1,9,419.9,0,161.2,206.2,12.6,0.02179,0.00173
Jerez de la Frontera,Valladolid,ES-ES,6,232,565.8,0,213.7,258.7,16.97,0.02171,0.001279
Preston,Newcastle upon Tyne,GB-GB,37,44,152,0,64.72,109.7,4.56,0.02171,0.004761
Wolverhampton,Charleroi,GB-BE,25,119,514.6,120.1,195.3,240.3,29.86,0.02148,0.0007196
Toulouse,Nantes,FR-FR,176,188,464.8,0,177.3,222.3,13.94,0.02143,0.001537
Cardiff,Lille,GB-FR,63,196,445.7,70.26,170.4,215.4,21.8,0.0214,0.0009814
Mannheim,Nantes,DE-FR,137,188,781.6,0,291.4,336.4,23.45,0.02132,0.0009091
Southampton,Coventry,GB-GB,34,60,167.2,0,70.21,115.2,5.017,0.02121,0.004228
Sheffield,Rennes,GB-FR,35,181,586.4,190.1,221.1,266.1,40.41,0.02108,0.0005216
Szczecin,Kraków,PL-PL,218,222,526.6,0,199.6,244.6,15.8,0.02095,0.001326
Reading,Preston,GB-GB,36,37,281.9,0,111.5,156.5,8.457,0.02094,0.002476
Bari,Zagreb,IT-HR,277,278,526.9,254.4,199.7,244.7,46.34,0.02088,0.0004506
Zürich,Bordeaux,CH-FR,72,204,757.3,0,282.6,327.6,22.72,0.02088,0.0009189
Novi Sad,Braşov,RS-RO,280,296,452.1,0,172.8,217.8,13.56,0.02083,0.001536
Preston,Edinburgh,GB-GB,37,56,245.5,0,98.37,143.4,7.364,0.02073,0.002816
Stoke-on-Trent,Nantes,GB-FR,32,188,645,214.3,242.2,287.2,45.07,0.0207,0.0004593
Kiel,Dresden,DE-DE,144,162,437.2,0,167.4,212.4,13.12,0.02068,0.001577
Toulouse,Montpellier,FR-FR,176,191,195.9,0,80.51,125.5,5.876,0.02064,0.003513
Plymouth,Leicester,GB-GB,38,50,327,10.03,127.7,172.7,11.01,0.02057,0.001867
Nuremberg,Halle (Saale),DE-DE,134,153,234.3,0,94.35,139.3,7.029,0.02056,0.002925
Trieste,Naples,IT-IT,256,266,534.9,262.5,202.6,247.6,47.54,0.02053,0.0004319
Graz,Szczecin,AT-PL,114,218,710.2,0,265.7,310.7,21.31,0.02052,0.0009631
Novi Sad,Craiova,RS-RO,280,293,329.6,0,128.6,173.6,9.887,0.02048,0.002072
Granada,Zaragoza,ES-ES,7,229,549.3,0,207.7,252.7,16.48,0.02031,0.001232
Manchester,Rennes,GB-FR,46,181,598.4,224.2,225.4,270.4,44.85,0.0202,0.0004504
Coventry,Rennes,GB-FR,60,181,477.8,188.7,182,227,36.98,0.02012,0.0005442
Stockholm,Bergen,SE-NO,80,252,720.1,16,269.2,314.2,23.52,0.01994,0.0008478
Naples,Genoa,IT-IT,266,270,587.8,184.6,221.6,266.6,39.78,0.0199,0.0005003
Cardiff,Bordeaux,GB-FR,63,204,762.8,312.3,284.6,329.6,60.37,0.0198,0.000328
Kraków,Białystok,PL-PL,222,313,407.8,0,156.8,201.8,12.23,0.01971,0.001611
Tilburg,Groningen,NL-NL,91,99,210.3,0,85.72,130.7,6.31,0.0196,0.003106
Münster,Rennes,DE-FR,135,181,789.4,0,294.2,339.2,23.68,0.01959,0.0008274
Braşov,Sofia,RO-BG,296,305,375.2,0,145.1,190.1,11.26,0.01934,0.001718
Debrecen,Białystok,HU-PL,301,313,632.4,0,237.6,282.6,18.97,0.01925,0.001015
Murcia,Granada,ES-ES,4,7,235.6,0,94.82,139.8,7.068,0.01921,0.002718
Novi Sad,Plovdiv,RS-BG,280,306,523.9,0,198.6,243.6,15.72,0.0192,0.001222
Swansea,Newcastle upon Tyne,GB-GB,31,44,403.6,0,155.3,200.3,12.11,0.01911,0.001578
Mainz,Marseille,DE-FR,138,193,775.4,0,289.2,334.2,23.26,0.01898,0.0008157
Wiesbaden,Freiburg,DE-DE,126,156,234.2,0,94.3,139.3,7.025,0.01885,0.002683
Constanţa,Sofia,RO-BG,294,305,459.3,0,175.3,220.3,13.78,0.01865,0.001354
Milton Keynes,Leeds,GB-GB,45,51,202.2,0,82.8,127.8,6.066,0.01862,0.00307
Stuttgart,Frankfurt am Main,DE-DE,128,157,152.5,0,64.89,109.9,4.574,0.01859,0.004064
Genoa,Bari,IT-IT,270,277,742.5,160.1,277.3,322.3,41.49,0.01857,0.0004476
Sevilla,Elche,ES-ES,2,8,473.2,0,180.4,225.4,14.2,0.01837,0.001294
Wiesbaden,Magdeburg,DE-DE,126,139,328,0,128.1,173.1,9.841,0.01836,0.001866
Swansea,Groningen,GB-NL,31,99,733.8,240.6,274.2,319.2,50.89,0.01836,0.0003608
Łódź,Białystok,PL-PL,221,313,292.4,0,115.2,160.2,8.771,0.01828,0.002084
Graz,Brno,AT-CZ,114,216,251.9,0,100.7,145.7,7.558,0.01827,0.002418
Graz,Bratislava,AT-SK,114,212,173.3,0,72.37,117.4,5.198,0.01823,0.003508
Córdoba,Alicante,ES-ES,9,12,378.7,2.004,146.3,191.3,11.6,0.01819,0.001568
Dortmund,Bremen,DE-DE,163,165,196.1,0,80.58,125.6,5.882,0.01801,0.003062
Brno,Ljubljana,CZ-SI,216,281,383.5,0,148,193,11.5,0.01797,0.001562
Murcia,Jerez de la Frontera,ES-ES,4,6,465.5,0,177.6,222.6,13.97,0.01793,0.001284
Swindon,Newcastle upon Tyne,GB-GB,30,44,379.9,0,146.8,191.8,11.4,0.01791,0.001571
Southampton,Derby,GB-GB,34,59,224.5,0,90.83,135.8,6.736,0.0179,0.002658
Turku,Helsinki,FI-FI,285,290,150.2,8.009,64.06,109.1,5.466,0.01787,0.003269
Leeds,Nantes,GB-FR,51,188,731.6,132.3,273.4,318.4,37.82,0.01784,0.0004716
Málaga,Jerez de la Frontera,ES-ES,5,6,153,0,65.08,110.1,4.59,0.01776,0.00387
Murcia,Valladolid,ES-ES,4,232,510.4,0,193.7,238.7,15.31,0.01766,0.001153
Montpellier,Lyon,FR-FR,191,194,249.8,0,99.94,144.9,7.495,0.01761,0.00235
Varna,Belgrade,BG-RS,303,314,620.7,0,233.4,278.4,18.62,0.01756,0.000943
Stoke-on-Trent,Rennes,GB-FR,32,181,545.3,224.5,206.3,251.3,43.3,0.01743,0.0004025
Birmingham,Lille,GB-FR,67,196,399.3,74.24,153.7,198.7,20.89,0.01737,0.0008315
Milton Keynes,Cardiff,GB-GB,45,63,178.1,30.02,74.13,119.1,8.947,0.01733,0.001936
Trieste,Genoa,IT-IT,256,270,404.1,132,155.5,200.5,27.97,0.0173,0.0006185
Sevilla,Granada,ES-ES,2,7,210.5,0,85.77,130.8,6.314,0.01721,0.002725
Valencia,Málaga,ES-ES,1,5,467.6,0,178.4,223.4,14.03,0.01716,0.001223
Braunschweig,Berlin,DE-DE,166,170,197.8,0,81.19,126.2,5.933,0.01709,0.00288
Szczecin,Gdynia,PL-PL,218,225,287,0,113.3,158.3,8.61,0.01698,0.001972
Kraków,Gdynia,PL-PL,222,225,504.7,0,191.7,236.7,15.14,0.0169,0.001116
Swansea,Nantes,GB-FR,31,188,519.2,284.7,196.9,241.9,49.73,0.01683,0.0003384
Leicester,Nantes,GB-FR,50,188,603.6,120.3,227.3,272.3,32.55,0.01681,0.0005164
Wrocław,Lublin,PL-PL,217,312,386.5,0,149.1,194.1,11.59,0.0168,0.001449
Constanţa,Belgrade,RO-RS,294,314,651.4,0,244.5,289.5,19.54,0.01673,0.000856
Swansea,Charleroi,GB-BE,31,119,601.6,64.17,226.6,271.6,25.75,0.01668,0.0006478
Granada,Valladolid,ES-ES,7,232,505.9,0,192.1,237.1,15.18,0.01659,0.001093
Bydgoszcz,Lublin,PL-PL,227,312,374.2,0,144.7,189.7,11.23,0.01658,0.001477
Sofia,Burgas,BG-BG,305,307,339.9,0,132.4,177.4,10.2,0.01648,0.001616
Leeds,Rennes,GB-FR,51,181,632.2,190.1,237.6,282.6,41.78,0.01629,0.00039
Málaga,Alicante,ES-ES,5,12,391.5,2.007,150.9,195.9,11.98,0.01615,0.001347
Charleroi,Lyon,BE-FR,119,194,519.3,0,196.9,241.9,15.58,0.01613,0.001035
Szczecin,Košice,PL-SK,218,302,702.5,0,262.9,307.9,21.07,0.01601,0.0007598
Athens,Thessaloníki,GR-GR,47,308,303.2,172.7,119.2,164.2,29.82,0.01595,0.0005348
Lübeck,Dresden,DE-DE,140,162,375.3,0,145.1,190.1,11.26,0.01566,0.001391
Frankfurt am Main,Düsseldorf,DE-DE,157,160,182.2,0,75.58,120.6,5.465,0.01556,0.002846
Košice,Białystok,SK-PL,302,313,509.2,0,193.3,238.3,15.27,0.01545,0.001011
Nantes,Lyon,FR-FR,188,194,516.4,0,195.9,240.9,15.49,0.01538,0.0009928
Swansea,Bordeaux,GB-FR,31,204,793.7,362.8,295.7,340.7,67.35,0.01504,0.0002233
Preston,Plymouth,GB-GB,37,38,389.7,40.17,150.3,195.3,16.51,0.01499,0.0009076
Utrecht,Nantes,NL-FR,90,188,723.7,0,270.5,315.5,21.71,0.01497,0.0006895
Southampton,Leeds,GB-GB,34,51,321.8,0,125.8,170.8,9.653,0.01494,0.001547
Derby,Nantes,GB-FR,59,188,634.4,134.1,238.4,283.4,35.12,0.01492,0.0004248
Mainz,Freiburg,DE-DE,138,156,223,0,90.29,135.3,6.691,0.01486,0.002221
Wuppertal,Wiesbaden,DE-DE,124,126,151.3,0,64.48,109.5,4.54,0.01482,0.003265
Birmingham,Charleroi,GB-BE,67,119,496,118,188.6,233.6,29.04,0.01482,0.0005103
Southampton,Liverpool,GB-GB,34,49,298.7,12.03,117.5,162.5,10.4,0.01481,0.001423
Padua,Milan,IT-IT,265,267,210.5,0,85.77,130.8,6.314,0.01475,0.002336
Swansea,Southampton,GB-GB,31,34,193.8,26.24,79.77,124.8,8.963,0.0145,0.001618
Dublin,Cork,IE-IE,173,174,219,0,88.83,133.8,6.57,0.0145,0.002207
Gijón,Bilbao,ES-ES,242,245,223.1,40.2,90.33,135.3,11.52,0.01445,0.001254
Coventry,Brighton,GB-GB,60,65,199.4,0,81.8,126.8,5.983,0.01439,0.002405
Valencia,Gasteiz / Vitoria,ES-ES,1,230,421.6,0,161.8,206.8,12.65,0.01439,0.001138
Verona,Florence,IT-IT,254,272,185.6,0,76.81,121.8,5.568,0.01437,0.002581
Craiova,Thessaloníki,RO-GR,293,308,414.9,0,159.3,204.3,12.45,0.01427,0.001147
Stoke-on-Trent,Southampton,GB-GB,32,34,239.6,0,96.25,141.3,7.188,0.01415,0.001969
Frankfurt am Main,Rennes,DE-FR,157,181,785.4,0,292.8,337.8,23.56,0.01412,0.0005994
Gasteiz / Vitoria,Valladolid,ES-ES,230,232,214.8,0,87.32,132.3,6.443,0.01411,0.002189
Rome,Padua,IT-IT,260,265,394.2,0,151.9,196.9,11.83,0.01406,0.001189
Braşov,Burgas,RO-BG,296,307,379.7,0,146.7,191.7,11.39,0.01403,0.001231
Antwerp,Lyon,BE-FR,122,194,609.3,0,229.3,274.3,18.28,0.01401,0.0007667
Cardiff,Brighton,GB-GB,63,65,224.1,28.01,90.67,135.7,10.08,0.01395,0.001383
Novi Sad,Varna,RS-BG,280,303,681.4,0,255.3,300.3,20.44,0.01391,0.0006805
Gdańsk,Białystok,PL-PL,226,313,326.3,0,127.5,172.5,9.79,0.01386,0.001416
Novi Sad,Constanţa,RS-RO,280,294,704.9,0,263.8,308.8,21.15,0.01365,0.0006454
Valencia,Sevilla,ES-ES,1,2,539.7,0,204.3,249.3,16.19,0.01364,0.0008422
London,Bordeaux,GB-FR,48,204,742.1,168,277.2,322.2,42.43,0.01345,0.000317
Plovdiv,Thessaloníki,BG-GR,306,308,226.3,0,91.48,136.5,6.79,0.01333,0.001963
Nantes,Aachen,FR-DE,188,282,682.9,0,255.8,300.8,20.49,0.01329,0.0006487
Ljubljana,Košice,SI-SK,281,302,588.1,0,221.7,266.7,17.64,0.01325,0.0007509
Preston,Milton Keynes,GB-GB,37,45,231.7,0,93.42,138.4,6.952,0.01323,0.001902
Leicester,Rennes,GB-FR,50,181,504.9,134.2,191.8,236.8,31.26,0.01311,0.0004195
Rotterdam,Nantes,NL-FR,94,188,680,18.05,254.8,299.8,22.56,0.01305,0.0005785
Magdeburg,Kiel,DE-DE,139,144,263.1,0,104.7,149.7,7.893,0.01302,0.00165
Groningen,Eindhoven,NL-NL,99,101,211.1,0,86.01,131,6.334,0.01296,0.002046
Vantaa,Turku,FI-FI,284,285,153.4,0,65.22,110.2,4.601,0.01287,0.002796
Swansea,Nottingham,GB-GB,31,41,240.9,0,96.72,141.7,7.227,0.01277,0.001767
Geneva,Nantes,CH-FR,75,188,597.5,0,225.1,270.1,17.93,0.01276,0.000712
Amsterdam,Nantes,NL-FR,106,188,736.1,14,275,320,23.76,0.01276,0.000537
Derby,Rennes,GB-FR,59,181,535.2,190.4,202.7,247.7,38.91,0.01275,0.0003277
Bonn,Nantes,DE-FR,167,188,741.9,0,277.1,322.1,22.26,0.01265,0.0005685
Szczecin,Bydgoszcz,PL-PL,218,227,232.2,0,93.58,138.6,6.965,0.01264,0.001815
Wolverhampton,Southampton,GB-GB,25,34,193.4,0,79.63,124.6,5.802,0.0126,0.002171
Swindon,Bordeaux,GB-FR,30,204,752.1,112,280.8,325.8,36.01,0.01259,0.0003497
Karlsruhe,Paris,DE-FR,146,184,442.6,0,169.3,214.3,13.28,0.01258,0.0009473
Liverpool,Nantes,GB-FR,49,188,696,236,260.6,305.6,49.2,0.01257,0.0002555
Wrocław,Białystok,PL-PL,217,313,475.6,0,181.2,226.2,14.27,0.01252,0.0008775
Reading,Lyon,GB-FR,36,194,764.8,120.1,285.3,330.3,37.36,0.01248,0.0003339
Southampton,Nottingham,GB-GB,34,41,228.6,0,92.29,137.3,6.857,0.01225,0.001787
Turin,Brescia,IT-IT,258,274,204.3,0,83.57,128.6,6.13,0.01224,0.001996
Jerez de la Frontera,Porto,ES-PT,6,86,540.3,0,204.5,249.5,16.21,0.01222,0.0007541
Wuppertal,Rennes,DE-FR,124,181,724,0,270.6,315.6,21.72,0.01221,0.0005623
Southampton,Bordeaux,GB-FR,34,204,676.9,130.2,253.7,298.7,35.93,0.01217,0.0003388
Córdoba,Vigo,ES-ES,9,231,588.1,4.001,221.7,266.7,18.12,0.01217,0.0006715
Zürich,Nantes,CH-FR,72,188,761.6,0,284.2,329.2,22.85,0.01212,0.0005303
Milton Keynes,Manchester,GB-GB,45,46,188.5,0,77.87,122.9,5.656,0.01203,0.002126
Jerez de la Frontera,Zaragoza,ES-ES,6,229,714.4,0,267.2,312.2,21.43,0.01202,0.0005608
Leeds,Charleroi,GB-BE,51,119,555.7,132.4,210.1,255.1,32.56,0.01199,0.0003683
Valencia,Pamplona,ES-ES,1,235,386.5,0,149.1,194.1,11.59,0.01198,0.001033
Sevilla,Vigo,ES-ES,2,231,588.1,4.001,221.7,266.7,18.12,0.01195,0.0006592
The Hague,Nantes,NL-FR,93,188,684.7,48.05,256.5,301.5,26.31,0.01182,0.0004494
Liverpool,Rennes,GB-FR,49,181,596.3,240.1,224.7,269.7,46.71,0.01179,0.0002525
Burgas,Belgrade,BG-RS,307,314,618.4,0,232.6,277.6,18.55,0.01164,0.0006277
Karlsruhe,Nantes,DE-FR,146,188,765,0,285.4,330.4,22.95,0.01159,0.000505
Marseille,Bordeaux,FR-FR,193,204,506.1,18.01,192.2,237.2,17.35,0.01153,0.0006648
Zaragoza,A Coruña,ES-ES,229,241,644.8,0,242.1,287.1,19.34,0.01148,0.0005935
Plymouth,Glasgow,GB-GB,38,54,610.9,282.4,229.9,274.9,52.22,0.01146,0.0002194
Plymouth,Edinburgh,GB-GB,38,56,623.7,172.5,234.5,279.5,39.41,0.01127,0.0002859
Braşov,Plovdiv,RO-BG,296,306,394.6,0,152.1,197.1,11.84,0.0112,0.0009463
Manchester,Charleroi,GB-BE,46,119,570.8,122.2,215.5,260.5,31.78,0.01111,0.0003495
Coventry,Charleroi,GB-BE,60,119,468.7,116.2,178.7,223.7,28,0.01107,0.0003955
Tampere,Espoo,FI-FI,286,291,151.3,0,64.47,109.5,4.539,0.01093,0.002409
Gdynia,Białystok,PL-PL,225,313,340.8,26.06,132.7,177.7,13.35,0.01087,0.0008141
Varna,Plovdiv,BG-BG,303,306,284.1,0,112.3,157.3,8.524,0.01078,0.001265
Leicester,Brighton,GB-GB,50,65,212.6,0,86.52,131.5,6.377,0.01075,0.001686
Constanţa,Plovdiv,RO-BG,294,306,387.3,0,149.4,194.4,11.62,0.01074,0.0009244
Jerez de la Frontera,Elche,ES-ES,6,8,510.5,0,193.8,238.8,15.32,0.01074,0.0007012
Zagreb,Debrecen,HR-HU,278,301,471.1,0,179.6,224.6,14.13,0.01071,0.0007581
Braşov,Thessaloníki,RO-GR,296,308,597.4,0,225.1,270.1,17.92,0.01059,0.0005906
Constanţa,Thessaloníki,RO-GR,294,308,611.2,0,230,275,18.34,0.01057,0.0005765
Magdeburg,Lübeck,DE-DE,139,140,203.3,0,83.18,128.2,6.099,0.01053,0.001727
Stoke-on-Trent,Reading,GB-GB,32,36,190.9,0,78.74,123.7,5.728,0.01051,0.001834
Preston,Glasgow,GB-GB,37,54,254.1,32.01,101.5,146.5,11.46,0.01046,0.0009125
Lublin,Białystok,PL-PL,312,313,213.2,0,86.76,131.8,6.397,0.01041,0.001628
Sevilla,Alicante,ES-ES,2,12,493.7,2.007,187.7,232.7,15.05,0.01037,0.0006889
Plymouth,Nottingham,GB-GB,38,41,353.5,60.26,137.3,182.3,17.84,0.01025,0.0005746
Stockholm,Gothenburg,SE-SE,80,85,397.4,4.014,153.1,198.1,12.4,0.01023,0.0008246
Trondheim,Tampere,NO-FI,247,286,719.6,214.5,269.1,314.1,47.32,0.01023,0.0002161
Reading,Bordeaux,GB-FR,36,204,736.1,154,275,320,40.57,0.009999,0.0002465
Southampton,Preston,GB-GB,34,37,329.9,0,128.8,173.8,9.898,0.009949,0.001005
Gdańsk,Lublin,PL-PL,226,312,433.9,0,166.2,211.2,13.02,0.009865,0.0007578
Córdoba,Bilbao,ES-ES,9,245,617.2,0,232.2,277.2,18.52,0.009847,0.0005318
Southampton,Glasgow,GB-GB,34,54,583.1,106.2,219.9,264.9,30.24,0.009731,0.0003218
Valencia,Jerez de la Frontera,ES-ES,1,6,591.4,0,222.9,267.9,17.74,0.009725,0.0005482
Newcastle upon Tyne,Milton Keynes,GB-GB,44,45,330.9,0,129.1,174.1,9.926,0.009724,0.0009797
Montpellier,Bordeaux,FR-FR,191,204,380.5,0,147,192,11.42,0.009702,0.0008499
Nice,Bordeaux,FR-FR,187,204,637.2,0,239.4,284.4,19.11,0.009644,0.0005046
Pamplona,Gijón,ES-ES,235,242,335.5,0,130.8,175.8,10.06,0.009631,0.000957
Eindhoven,Nantes,NL-FR,101,188,692.4,0,259.3,304.3,20.77,0.009569,0.0004607
Plymouth,Newcastle upon Tyne,GB-GB,38,44,539.3,28.07,204.1,249.1,19.55,0.009551,0.0004887
Nottingham,Charleroi,GB-BE,41,119,478,120,182.1,227.1,28.74,0.009479,0.0003298
Stoke-on-Trent,Charleroi,GB-BE,32,119,539.9,146.5,204.4,249.4,33.78,0.009477,0.0002806
Zagreb,Košice,HR-SK,278,302,512.4,0,194.4,239.4,15.37,0.009476,0.0006165
Novi Sad,Burgas,RS-BG,280,307,683.2,0,256,301,20.5,0.009257,0.0004516
Reading,Newcastle upon Tyne,GB-GB,36,44,393.4,0,151.6,196.6,11.8,0.009199,0.0007794
Leicester,Charleroi,GB-BE,50,119,458.2,142.1,175,220,30.8,0.009171,0.0002978
Graz,Košice,AT-SK,114,302,470.6,0,179.4,224.4,14.12,0.009125,0.0006463
Wiesbaden,Nantes,DE-FR,126,188,786.5,0,293.1,338.1,23.59,0.00912,0.0003865
Elche,Bilbao,ES-ES,8,245,586.7,0,221.2,266.2,17.6,0.008945,0.0005082
Mannheim,Freiburg,DE-DE,137,156,172,0,71.94,116.9,5.161,0.008896,0.001724
Trondheim,Turku,NO-FI,247,285,702.4,250.1,262.9,307.9,51.09,0.008887,0.000174
Florence,Brescia,IT-IT,272,274,211.6,0,86.19,131.2,6.349,0.008873,0.001397
Granada,Porto,ES-PT,7,86,616.3,0,231.9,276.9,18.49,0.008832,0.0004777
Swindon,Charleroi,GB-BE,30,119,453.9,50.21,173.4,218.4,19.64,0.008829,0.0004495
Southampton,Edinburgh,GB-GB,34,56,573.7,0,216.5,261.5,17.21,0.008738,0.0005077
Rennes,Montpellier,FR-FR,181,191,659.3,0,247.3,292.3,19.78,0.008735,0.0004417
Charleroi,Montpellier,BE-FR,119,191,757.4,0,282.7,327.7,22.72,0.008712,0.0003834
Murcia,Bilbao,ES-ES,4,245,605.8,0,228.1,273.1,18.18,0.008676,0.0004773
Rotterdam,Rennes,NL-FR,94,181,610.3,22.01,229.7,274.7,20.95,0.008624,0.0004116
Granada,Alicante,ES-ES,7,12,303.3,2.009,119.2,164.2,9.341,0.008553,0.0009157
Sheffield,Brighton,GB-GB,35,65,298.1,0,117.3,162.3,8.944,0.008544,0.0009553
Preston,Rennes,GB-FR,37,181,632.6,224.2,237.7,282.7,45.88,0.00831,0.0001811
Bristol,Charleroi,GB-BE,64,119,506.7,44.06,192.4,237.4,20.49,0.008297,0.000405
Vigo,Gijón,ES-ES,231,242,288.4,2.003,113.8,158.8,8.892,0.008258,0.0009286
Vigo,Oviedo,ES-ES,231,236,266.2,2.001,105.8,150.8,8.225,0.008233,0.001001
Varna,Thessaloníki,BG-GR,303,308,501.5,0,190.5,235.5,15.04,0.008233,0.0005473
Rome,Brescia,IT-IT,260,274,445.2,0,170.3,215.3,13.36,0.008215,0.0006151
Derby,Charleroi,GB-BE,59,119,494.5,128.1,188,233,30.21,0.008203,0.0002716
Oviedo,Bilbao,ES-ES,236,245,236.5,0,95.12,140.1,7.094,0.008162,0.001151
Utrecht,Rennes,NL-FR,90,181,655.9,0,246.1,291.1,19.68,0.008142,0.0004138
Gdynia,Lublin,PL-PL,225,312,453.2,8.02,173.1,218.1,14.56,0.00806,0.0005537
Amsterdam,Rennes,NL-FR,106,181,664.8,82.09,249.3,294.3,29.79,0.008012,0.0002689
Manchester,Brighton,GB-GB,46,65,327.8,0,128,173,9.834,0.007974,0.0008108
Preston,Nantes,GB-FR,37,188,732.4,214.1,273.6,318.6,47.66,0.007903,0.0001658
Oviedo,A Coruña,ES-ES,236,241,206.2,0,84.24,129.2,6.187,0.007883,0.001274
Jerez de la Frontera,Alicante,ES-ES,6,12,531.6,2.006,201.4,246.4,16.19,0.007762,0.0004794
Athens,Varna,GR-BG,47,303,680.6,278.3,255,300,53.81,0.007681,0.0001427
Derby,Brighton,GB-GB,59,65,250.3,0,100.1,145.1,7.509,0.007658,0.00102
Valencia,Vigo,ES-ES,1,231,765.4,2.004,285.5,330.5,23.2,0.007654,0.0003299
Plovdiv,Burgas,BG-BG,306,307,226.9,0,91.69,136.7,6.807,0.007473,0.001098
Alicante,Bilbao,ES-ES,12,245,584.1,4.001,220.3,265.3,18,0.007452,0.0004139
Gent,Lyon,BE-FR,118,194,595.3,0,224.3,269.3,17.86,0.007352,0.0004117
Granada,Elche,ES-ES,7,8,282.1,0,111.5,156.5,8.462,0.007257,0.0008576
Brighton,Bordeaux,GB-FR,65,204,666.6,166.1,250,295,39.93,0.007253,0.0001816
Padua,Naples,IT-IT,265,266,542.1,68.02,205.2,250.2,24.43,0.00723,0.000296
Sevilla,Bilbao,ES-ES,2,245,702.9,0,263,308,21.09,0.007215,0.0003421
Constanţa,Burgas,RO-BG,294,307,208.7,14.04,85.12,130.1,7.945,0.007183,0.0009041
The Hague,Rennes,NL-FR,93,181,612.8,140.2,230.6,275.6,35.2,0.007143,0.0002029
Córdoba,Gijón,ES-ES,9,242,632,0,237.5,282.5,18.96,0.007136,0.0003763
Nottingham,Nantes,GB-FR,41,188,638.5,122.1,239.9,284.9,33.81,0.007129,0.0002109
Valencia,Gijón,ES-ES,1,242,630.2,0,236.9,281.9,18.91,0.007099,0.0003755
Wolverhampton,Brighton,GB-GB,25,65,238.4,0,95.83,140.8,7.153,0.007076,0.0009893
Sevilla,Gijón,ES-ES,2,242,684.7,0,256.5,301.5,20.54,0.007042,0.0003428
Pamplona,Oviedo,ES-ES,235,236,346.5,0,134.7,179.7,10.39,0.006972,0.0006708
Trondheim,Oulu,NO-FI,247,287,747.9,190.5,279.2,324.2,45.29,0.006966,0.0001538
Swansea,Brighton,GB-GB,31,65,279.1,26.1,110.5,155.5,11.51,0.006963,0.0006051
Córdoba,Oviedo,ES-ES,9,236,614.8,0,231.3,276.3,18.44,0.006959,0.0003773
Nottingham,Rennes,GB-FR,41,181,539.7,134.4,204.3,249.3,32.32,0.006936,0.0002146
A Coruña,Gijón,ES-ES,241,242,221.5,0,89.73,134.7,6.644,0.006918,0.001041
Craiova,Plovdiv,RO-BG,293,306,252.5,0,100.9,145.9,7.575,0.006916,0.000913
Oulu,Helsinki,FI-FI,287,290,539.2,4.009,204.1,249.1,16.66,0.006706,0.0004026
Southampton,Charleroi,GB-BE,34,119,415.8,134.6,159.7,204.7,28.62,0.006666,0.0002329
Sevilla,Valladolid,ES-ES,2,232,487,0,185.3,230.3,14.61,0.006609,0.0004524
Craiova,Braşov,RO-RO,293,296,205.2,0,83.87,128.9,6.156,0.006588,0.00107
Valencia,Oviedo,ES-ES,1,236,627.8,0,236,281,18.83,0.006509,0.0003456
Bremen,Bochum,DE-DE,165,168,207.7,0,84.76,129.8,6.23,0.006448,0.001035
Tilburg,Nantes,NL-FR,91,188,680.7,0,255,300,20.42,0.006442,0.0003155
Jerez de la Frontera,Vigo,ES-ES,6,231,655.4,4.009,245.9,290.9,20.14,0.006409,0.0003182
Sevilla,Oviedo,ES-ES,2,236,664.8,0,249.3,294.3,19.94,0.006355,0.0003187
Freiburg,Bordeaux,DE-FR,156,204,734.9,0,274.6,319.6,22.05,0.006345,0.0002878
Newcastle upon Tyne,Rennes,GB-FR,44,181,763.1,190.3,284.7,329.7,45.72,0.006307,0.0001379
Stoke-on-Trent,Brighton,GB-GB,32,65,279.7,0,110.7,155.7,8.39,0.006286,0.0007492
Zaragoza,Valladolid,ES-ES,229,232,319.5,0,125,170,9.585,0.006222,0.0006491
Málaga,Vigo,ES-ES,5,231,715.4,4.008,267.5,312.5,21.94,0.006168,0.0002811
Vantaa,Oulu,FI-FI,284,287,525.1,0,199,244,15.75,0.006144,0.00039
Antwerp,Nantes,BE-FR,122,188,620.2,0,233.3,278.3,18.61,0.006128,0.0003294
Brussels,Nantes,BE-FR,120,188,589.9,0,222.4,267.4,17.7,0.006127,0.0003462
Plymouth,Brighton,GB-GB,38,65,287.1,194.7,113.3,158.3,31.98,0.006059,0.0001895
Nottingham,Brighton,GB-GB,41,65,246.3,0,98.66,143.7,7.388,0.005937,0.0008036
A Coruña,Bilbao,ES-ES,241,245,442.7,0,169.4,214.4,13.28,0.005932,0.0004467
Athens,Burgas,GR-BG,47,307,594.6,284.3,224.1,269.1,51.95,0.005898,0.0001135
Tampere,Oulu,FI-FI,286,287,399.6,0,153.8,198.8,11.99,0.005891,0.0004915
Valladolid,Pamplona,ES-ES,232,235,284.6,0,112.4,157.4,8.537,0.005766,0.0006754
Córdoba,Gasteiz / Vitoria,ES-ES,9,230,579.3,0,218.5,263.5,17.38,0.005751,0.0003309
Leeds,Brighton,GB-GB,51,65,343.6,0,133.7,178.7,10.31,0.005717,0.0005546
Eindhoven,Rennes,NL-FR,101,181,632.7,0,237.8,282.8,18.98,0.005623,0.0002962
Jerez de la Frontera,Granada,ES-ES,6,7,231.6,0,93.38,138.4,6.948,0.005597,0.0008055
Nice,Nantes,FR-FR,187,188,790.4,0,294.5,339.5,23.71,0.005549,0.000234
Burgas,Thessaloníki,BG-GR,307,308,430.4,0,164.9,209.9,12.91,0.005522,0.0004277
Rennes,Bordeaux,FR-FR,181,204,373.1,12.04,144.3,189.3,12.64,0.005444,0.0004308
Oulu,Espoo,FI-FI,287,291,536.1,0,203,248,16.08,0.005431,0.0003377
Graz,Debrecen,AT-HU,114,301,468.9,0,178.8,223.8,14.07,0.005418,0.0003851
Newcastle upon Tyne,Charleroi,GB-BE,44,119,650.7,280.3,244.2,289.2,53.16,0.005392,0.0001014
Murcia,Vigo,ES-ES,4,231,799.4,2.003,297.8,342.8,24.22,0.005333,0.0002202
Munich,Erfurt,DE-DE,136,159,318.2,0,124.5,169.5,9.545,0.005225,0.0005474
Belfast,Cork,GB-IE,68,174,344.5,0,134,179,10.34,0.005222,0.0005053
Szczecin,Lublin,PL-PL,218,312,595.7,0,224.4,269.4,17.87,0.00513,0.0002871
Elche,Pamplona,ES-ES,8,235,512.7,0,194.6,239.6,15.38,0.004987,0.0003243
Cardiff,Charleroi,GB-BE,63,119,546.9,74.13,206.9,251.9,25.3,0.004954,0.0001958
Newcastle upon Tyne,London,GB-GB,44,48,397.8,0,153.2,198.2,11.93,0.004946,0.0004145
Craiova,Varna,RO-BG,293,303,351.8,0,136.7,181.7,10.56,0.004901,0.0004643
Vigo,Pamplona,ES-ES,231,235,583.6,2.005,220.1,265.1,17.75,0.004871,0.0002745
Ljubljana,Debrecen,SI-HU,281,301,566.2,0,213.8,258.8,16.99,0.004835,0.0002846
Szczecin,Białystok,PL-PL,218,313,573.1,0,216.3,261.3,17.19,0.004809,0.0002797
Liverpool,Brighton,GB-GB,49,65,346.3,8.008,134.7,179.7,11.35,0.004773,0.0004205
Southampton,Newcastle upon Tyne,GB-GB,34,44,452.7,0,173,218,13.58,0.004763,0.0003507
Liverpool,Charleroi,GB-BE,49,119,608.2,144,228.9,273.9,35.53,0.00473,0.0001331
Murcia,Pamplona,ES-ES,4,235,538.8,0,204,249,16.16,0.004717,0.0002918
Craiova,Constanţa,RO-RO,293,294,385.3,0,148.7,193.7,11.56,0.004483,0.0003878
Toulouse,Rennes,FR-FR,176,181,556.2,0,210.2,255.2,16.68,0.004352,0.0002608
Brussels,Lyon,BE-FR,120,194,568.4,0,214.6,259.6,17.05,0.00433,0.0002539
Mannheim,Rennes,DE-FR,137,181,757.8,0,282.8,327.8,22.73,0.004257,0.0001873
Córdoba,Barcelona,ES-ES,9,246,709.2,108.2,265.3,310.3,34.26,0.004237,0.0001237
Trieste,Bari,IT-IT,256,277,562.1,472.1,212.4,257.4,73.51,0.004191,5.701e-05
Leicester,Lille,GB-FR,50,196,364.8,124.3,141.3,186.3,25.86,0.004143,0.0001602
Málaga,Bilbao,ES-ES,5,245,738.5,0,275.9,320.9,22.16,0.004098,0.000185
Nantes,Marseille,FR-FR,188,193,695.7,0,260.4,305.4,20.87,0.004073,0.0001952
Murcia,Gijón,ES-ES,4,242,725.2,0,271.1,316.1,21.76,0.004071,0.0001871
Edinburgh,Brighton,GB-GB,56,65,604.6,0,227.6,272.6,18.14,0.004057,0.0002237
Preston,Charleroi,GB-BE,37,119,613.9,132.4,231,276,34.31,0.004017,0.0001171
Córdoba,A Coruña,ES-ES,9,241,681.6,0,255.4,300.4,20.45,0.003999,0.0001956
Padua,Florence,IT-IT,265,272,188.1,0,77.7,122.7,5.642,0.003968,0.0007033
Alicante,Pamplona,ES-ES,12,235,506.8,6.01,192.4,237.4,15.93,0.003963,0.0002488
Toulouse,Lille,FR-FR,176,196,791.1,0,294.8,339.8,23.73,0.003923,0.0001653
Glasgow,Brighton,GB-GB,54,65,623,16.02,234.3,279.3,20.61,0.003915,0.00019
Málaga,Valladolid,ES-ES,5,232,549.4,0,207.8,252.8,16.48,0.003876,0.0002352
Milton Keynes,Lille,GB-FR,45,196,307.5,74.36,120.7,165.7,18.15,0.003825,0.0002108
Reading,Lille,GB-FR,36,196,295.9,46.3,116.5,161.5,14.43,0.003801,0.0002633
Sevilla,A Coruña,ES-ES,2,241,696.7,0,260.8,305.8,20.9,0.003776,0.0001807
Murcia,Oviedo,ES-ES,4,236,717.4,0,268.3,313.3,21.52,0.003704,0.0001721
Coventry,Lille,GB-FR,60,196,372.3,82.07,144,189,21.02,0.00355,0.0001689
Córdoba,Pamplona,ES-ES,9,235,608.4,0,229,274,18.25,0.003474,0.0001903
Trondheim,Bergen,NO-NO,247,252,429.3,14.04,164.6,209.6,14.57,0.003458,0.0002374
Preston,Brighton,GB-GB,37,65,369.9,0,143.2,188.2,11.1,0.003445,0.0003104
Naples,Bologna,IT-IT,266,276,470.4,0,179.3,224.3,14.11,0.00339,0.0002403
Strasbourg,Lille,FR-FR,178,196,407.5,0,156.7,201.7,12.23,0.00338,0.0002765
Jerez de la Frontera,Gijón,ES-ES,6,242,762.7,0,284.6,329.6,22.88,0.003368,0.0001472
Elche,Gijón,ES-ES,8,242,719.2,0,268.9,313.9,21.58,0.003306,0.0001532
Málaga,Zaragoza,ES-ES,5,229,627.9,0,236.1,281.1,18.84,0.003271,0.0001736
Jerez de la Frontera,Bilbao,ES-ES,6,245,780.6,0,291,336,23.42,0.003192,0.0001363
Craiova,Burgas,RO-BG,293,307,358.2,0,138.9,183.9,10.75,0.003184,0.0002963
Málaga,Gijón,ES-ES,5,242,765.1,0,285.5,330.5,22.95,0.003133,0.0001365
Bristol,Lille,GB-FR,64,196,405.4,42.15,156,201,17.22,0.003127,0.0001816
Jerez de la Frontera,Oviedo,ES-ES,6,236,742.5,0,277.3,322.3,22.28,0.003014,0.0001353
Reading,Cardiff,GB-GB,36,63,153,26.18,65.09,110.1,7.732,0.002958,0.0003826
Málaga,Oviedo,ES-ES,5,236,748.2,0,279.4,324.4,22.45,0.002933,0.0001307
Wiesbaden,Rennes,DE-FR,126,181,754.1,0,281.5,326.5,22.62,0.00293,0.0001295
Bonn,Rennes,DE-FR,167,181,697.6,0,261.1,306.1,20.93,0.002895,0.0001383
Valladolid,Barcelona,ES-ES,232,246,573.6,0,216.5,261.5,17.21,0.002869,0.0001667
Freiburg,Nantes,DE-FR,156,188,710,0,265.6,310.6,21.3,0.002821,0.0001325
Pamplona,A Coruña,ES-ES,235,241,551.6,0,208.6,253.6,16.55,0.002803,0.0001694
Elche,Oviedo,ES-ES,8,236,713,0,266.7,311.7,21.39,0.002799,0.0001309
Swindon,Lille,GB-FR,30,196,352.9,40.11,137.1,182.1,15.4,0.002788,0.0001811
Alicante,Valladolid,ES-ES,12,232,515.7,2.006,195.6,240.6,15.71,0.00277,0.0001763
Tilburg,Rennes,NL-FR,91,181,617.8,0,232.4,277.4,18.53,0.002762,0.0001491
Zürich,Rennes,CH-FR,72,181,768.5,0,286.6,331.6,23.05,0.002758,0.0001197
Naples,Brescia,IT-IT,266,274,615.6,0,231.6,276.6,18.47,0.002647,0.0001433
Granada,Vigo,ES-ES,7,231,711.2,4.006,266,311,21.82,0.00261,0.0001196
Granada,Bilbao,ES-ES,7,245,677.9,0,254.1,299.1,20.34,0.002534,0.0001246
Alicante,Gijón,ES-ES,12,242,722.5,2.001,270.1,315.1,21.91,0.002493,0.0001138
Valencia,Valladolid,ES-ES,1,232,439.8,0,168.3,213.3,13.19,0.002473,0.0001874
Mainz,Nantes,DE-FR,138,188,785,0,292.6,337.6,23.55,0.002432,0.0001033
Geneva,Rennes,CH-FR,75,181,627.9,0,236,281,18.84,0.002286,0.0001214
Jerez de la Frontera,A Coruña,ES-ES,6,241,767.7,0,286.4,331.4,23.03,0.002285,9.919e-05
Turku,Oulu,FI-FI,285,287,532.5,0,201.7,246.7,15.98,0.00226,0.0001415
Stoke-on-Trent,Lille,GB-FR,32,196,446.1,112,170.6,215.6,26.83,0.002242,8.358e-05
Sevilla,Zaragoza,ES-ES,2,229,645.4,0,242.3,287.3,19.36,0.002238,0.0001156
Tampere,Helsinki,FI-FI,286,290,160.4,4.01,67.74,112.7,5.293,0.002234,0.0004221
Elche,Valladolid,ES-ES,8,232,509.7,0,193.5,238.5,15.29,0.002226,0.0001456
Sevilla,Pamplona,ES-ES,2,235,707.4,0,264.7,309.7,21.22,0.002222,0.0001047
Newcastle upon Tyne,Brighton,GB-GB,44,65,471.4,0,179.7,224.7,14.14,0.002162,0.0001529
Turin,Bologna,IT-IT,258,276,295.2,0,116.3,161.3,8.857,0.002124,0.0002398
Charleroi,Marseille,BE-FR,119,193,794.3,0,295.9,340.9,23.83,0.002066,8.669e-05
Granada,Gijón,ES-ES,7,242,726.9,0,271.7,316.7,21.81,0.001887,8.652e-05
Granada,Oviedo,ES-ES,7,236,712,0,266.3,311.3,21.36,0.001873,8.77e-05
Alicante,Oviedo,ES-ES,12,236,716.9,2.003,268.1,313.1,21.75,0.001849,8.503e-05
Milton Keynes,Liverpool,GB-GB,45,49,213.4,6.04,86.83,131.8,7.128,0.001797,0.0002522
Valencia,A Coruña,ES-ES,1,241,796,0,296.6,341.6,23.88,0.001753,7.342e-05
Málaga,Pamplona,ES-ES,5,235,718.2,0,268.5,313.5,21.54,0.001565,7.262e-05
Gent,Nantes,BE-FR,118,188,573,0,216.3,261.3,17.19,0.001503,8.744e-05
Charleroi,Nantes,BE-FR,119,188,564.5,0,213.2,258.2,16.94,0.001385,8.18e-05
Charleroi,Toulouse,BE-FR,119,176,790.2,0,294.5,339.5,23.71,0.001324,5.585e-05
Mainz,Rennes,DE-FR,138,181,754.1,0,281.5,326.5,22.62,0.001266,5.598e-05
Antwerp,Rennes,BE-FR,122,181,557.1,0,210.5,255.5,16.71,0.001264,7.563e-05
Granada,Pamplona,ES-ES,7,235,647.8,0,243.2,288.2,19.43,0.00113,5.817e-05
Paris,Nantes,FR-FR,184,188,342.4,0,133.3,178.3,10.27,0.001098,0.0001069
Rennes,Aachen,FR-DE,181,282,633.9,0,238.2,283.2,19.02,0.0009982,5.249e-05
Jerez de la Frontera,Pamplona,ES-ES,6,235,782.1,0,291.6,336.6,23.46,0.0009755,4.157e-05
Gent,Rennes,BE-FR,118,181,507.6,0,192.7,237.7,15.23,0.0009673,6.352e-05
Charleroi,Bordeaux,BE-FR,119,204,724.5,0,270.8,315.8,21.73,0.0009124,4.198e-05
Charleroi,Rennes,BE-FR,119,181,512.2,0,194.4,239.4,15.37,0.0008901,5.793e-05
Granada,A Coruña,ES-ES,7,241,798.3,0,297.4,342.4,23.95,0.000859,3.587e-05
Freiburg,Rennes,DE-FR,156,181,707.7,0,264.8,309.8,21.23,0.0008003,3.769e-05
Nantes,Lille,FR-FR,188,196,507.4,0,192.7,237.7,15.22,0.0005313,3.49e-05
Rennes,Marseille,FR-FR,181,193,765.4,0,285.5,330.5,22.96,0.0005124,2.232e-05
Hamburg,Berlin,DE-DE,152,170,255.4,0,101.9,146.9,7.661,0.000502,6.553e-05
Córdoba,Zaragoza,ES-ES,9,229,534.7,0,202.5,247.5,16.04,0.0005004,3.119e-05
Córdoba,Valladolid,ES-ES,9,232,418.5,0,160.7,205.7,12.56,0.0004901,3.903e-05
Rennes,Lyon,FR-FR,181,194,560.3,0,211.7,256.7,16.81,0.0003801,2.261e-05
Erfurt,Berlin,DE-DE,159,170,237.3,0,95.43,140.4,7.119,0.0003498,4.914e-05
Karlsruhe,Rennes,DE-FR,146,181,747.8,0,279.2,324.2,22.44,0.0003401,1.516e-05
Strasbourg,Nantes,FR-FR,178,188,709.2,0,265.3,310.3,21.28,0.0002059,9.676e-06
Vantaa,Tampere,FI-FI,284,286,150.2,0,64.06,109.1,4.505,9.935e-05,2.205e-05
Gent,Bordeaux,BE-FR,118,204,760.6,0,283.8,328.8,22.82,8.252e-05,3.616e-06
Rennes,Lille,FR-FR,181,196,442.5,0,169.3,214.3,13.28,7.116e-05,5.361e-06
Montpellier,Lille,FR-FR,191,196,783.4,0,292,337,23.5,5.722e-05,2.435e-06
