u,v,trains_per_week,trips,time_min,time_median,dist_km,speed_kmh,demand_load,a,b
city:2643743,city:2800866,132,36,116,120,320.31,160.16,0.058901,London,Brussels
city:2800866,city:2886242,132,36,111,111,182.67,98.742,0.056211,Brussels,Köln
city:2643743,city:2988507,174,48,136,138,343.77,149.47,0.052313,London,Paris
city:2643743,city:2655603,428,118,82,82,162.65,119.01,0.031189,London,Birmingham
city:2618425,city:2911298,74,20,290,290,288.55,59.699,0.029116,Copenhagen,Hamburg
city:2745912,city:2747891,428,118,38,38,47.83,75.521,0.024439,Utrecht,Rotterdam
city:2950159,city:3088171,52,14,160,160,238.75,89.532,0.024026,Berlin,Poznań
city:2745912,city:2934691,108,28,86,86,134.7,93.974,0.020922,Utrecht,Duisburg
city:2911298,city:2950159,240,66,92,104,255.38,147.33,0.019579,Hamburg,Berlin
city:3117735,city:3128760,348,96,150,150,504.24,201.7,0.018006,Madrid,Barcelona
city:2643743,city:2747891,52,14,187,187,320.51,102.84,0.0175,London,Rotterdam
city:2988507,city:3128760,28,8,390,390,830.16,127.72,0.016012,Paris,Barcelona
city:2886242,city:2950159,216,60,236,236,478.62,121.68,0.015311,Köln,Berlin
city:2886242,city:2911298,216,60,232,233,357.19,91.98,0.01465,Köln,Hamburg
city:2886242,city:2988507,66,18,195,195,402.53,123.85,0.014636,Köln,Paris
city:2950159,city:756135,52,14,320,320,516.77,96.895,0.013805,Berlin,Warsaw
city:2867714,city:2988507,28,8,318,318,684.1,129.07,0.012409,Munich,Paris
city:2800866,city:2803138,730,202,34,34,41.302,72.885,0.011787,Brussels,Antwerp
city:2800866,city:2988507,278,76,82,82,264.31,193.4,0.011394,Brussels,Paris
city:2643743,city:2654675,860,238,80,80,171.2,128.4,0.011324,London,Bristol
city:2643743,city:2644668,432,120,64,65,143.23,132.22,0.011319,London,Leicester
city:2637487,city:2643743,428,118,75,75,111.59,89.272,0.011253,Southampton,London
city:2643743,city:2652221,428,118,60,60,137.82,137.82,0.011086,London,Coventry
city:2618425,city:2711537,216,60,210,210,228.8,65.371,0.010782,Copenhagen,Gothenburg
city:2886242,city:2925533,498,136,63,68,152.63,134.67,0.010748,Köln,Frankfurt am Main
city:2747891,city:2800866,354,98,69,95,119.55,75.505,0.010642,Rotterdam,Brussels
city:2661604,city:3173435,52,14,240,240,263.65,65.913,0.010462,Basel,Milan
city:3093133,city:756135,296,82,74,75,117,93.602,0.0098224,Łódź,Warsaw
city:2643743,city:2646057,428,118,65,65,107.31,99.056,0.0095278,London,Ipswich
city:2988507,city:3173435,42,12,425,425,639.54,90.288,0.0093476,Paris,Milan
city:2867714,city:3054643,52,14,392,392,561.66,85.969,0.0092626,Munich,Budapest
city:2641170,city:2643743,216,60,100,100,175.18,105.11,0.0087955,Nottingham,London
city:2643123,city:2643743,480,132,128,128,261.78,122.71,0.0087229,Manchester,London
city:2996944,city:3128760,28,8,290,290,530.95,109.85,0.0083934,Lyon,Barcelona
city:2636389,city:2643743,860,238,54,55,114.64,125.06,0.008376,Swindon,London
city:2879139,city:2950159,216,60,62,62,149.77,144.94,0.0082778,Leipzig,Berlin
city:2910831,city:2911298,352,94,78,78,132.38,101.83,0.0082081,Hannover,Hamburg
city:3081368,city:3088171,132,36,110,110,145.17,79.183,0.0080913,Wrocław,Poznań
city:2745912,city:2759821,432,120,14,15,19.466,77.863,0.0080689,Utrecht,Amersfoort
city:3165524,city:3173435,310,86,50,51,125.48,147.63,0.0080351,Turin,Milan
city:2745912,city:2756253,856,236,50,50,76.306,91.567,0.0080154,Utrecht,Eindhoven
city:3083829,city:3088171,160,44,138,140,195.72,83.878,0.0079421,Szczecin,Poznań
city:2643743,city:2759794,52,14,232,232,356.93,92.31,0.0078279,London,Amsterdam
city:2638077,city:2643743,216,60,122,122,227.35,111.81,0.0076099,Sheffield,London
city:2640354,city:2643743,856,236,45,45,118.73,158.31,0.0075829,Peterborough,London
city:2711537,city:3143244,52,14,235,235,255.11,65.135,0.0075759,Gothenburg,Oslo
city:2758401,city:2800866,216,60,70,70,87.091,74.649,0.007533,Breda,Brussels
city:2745912,city:2886242,122,30,136,136,180.45,79.608,0.0075081,Utrecht,Köln
city:2805753,city:2886242,108,30,31,31,38.483,74.484,0.0074786,Wuppertal,Köln
city:2800866,city:2925533,66,18,189,189,317.39,100.76,0.0073392,Brussels,Frankfurt am Main
city:2950159,city:3067696,86,24,242,242,279.85,69.385,0.0072999,Berlin,Prague
city:2618425,city:2693678,940,260,47,47,39.481,50.401,0.0069481,Copenhagen,Lund
city:3164527,city:3173435,268,74,70,73,140.77,115.7,0.0069428,Verona,Milan
city:2643743,city:2653822,432,120,114,115,211.45,110.32,0.006855,London,Cardiff
city:2761369,city:2867714,104,28,225,225,355.72,94.858,0.0067952,Vienna,Munich
city:3169070,city:3173435,630,172,176,179,478.6,160.42,0.0067363,Rome,Milan
city:2747373,city:2747891,644,178,18,18,21.135,70.449,0.0066612,The Hague,Rotterdam
city:2761369,city:3054643,160,44,158,160,214.17,80.315,0.006487,Vienna,Budapest
city:3173435,city:3176219,184,50,94,95,119.38,75.398,0.0064552,Milan,Genoa
city:2643743,city:2651347,216,60,90,90,182.2,121.47,0.0063202,London,Derby
city:2867714,city:2950159,216,60,234,234,504.85,129.45,0.0063153,Munich,Berlin
city:2996944,city:3173435,42,12,307,307,339.17,66.288,0.0063017,Lyon,Milan
city:2673730,city:2693678,240,66,256,256,496.83,116.44,0.0062887,Stockholm,Lund
city:2633691,city:2655603,188,52,16,16,19.017,71.313,0.0061516,Wolverhampton,Birmingham
city:3054643,city:3078773,80,22,182,183,212.85,69.786,0.0060273,Budapest,Břeclav
city:2643743,city:2644688,428,118,135,135,271.88,120.83,0.006015,London,Leeds
city:2643743,city:2644210,216,60,134,135,286.44,127.31,0.0060063,London,Liverpool
city:2935022,city:3067696,86,24,118,130,117.41,54.19,0.0058617,Dresden,Prague
city:2654675,city:2655603,188,52,88,88,123.69,84.333,0.0058487,Bristol,Birmingham
city:3054643,city:683506,14,2,810,810,643.42,47.661,0.0058348,Budapest,Bucharest
city:3094802,city:756135,240,66,138,140,252.5,108.21,0.0057973,Kraków,Warsaw
city:3078773,city:3096472,28,8,188,188,227.39,72.571,0.0057846,Břeclav,Katowice
city:3094802,city:3096472,160,44,70,70,68.798,58.969,0.0057817,Kraków,Katowice
city:2800481,city:2800866,216,60,50,50,49.289,59.147,0.0056955,Charleroi,Brussels
city:2747891,city:2988507,80,22,154,155,373.15,144.45,0.0056284,Rotterdam,Paris
city:2797656,city:2800866,432,120,32,32,49.529,92.867,0.0055139,Gent,Brussels
city:2639912,city:2643743,188,52,134,135,305.11,135.6,0.005342,Preston,London
city:2886242,city:2934246,878,240,22,23,34.367,89.653,0.0053076,Köln,Düsseldorf
city:2867714,city:3164527,56,14,320,320,303.35,56.878,0.005294,Munich,Verona
city:2761369,city:3096472,28,8,258,258,298.35,69.383,0.0052474,Vienna,Katowice
city:2886242,city:2946447,108,30,23,23,24.368,63.568,0.005218,Köln,Bonn
city:2886242,city:2935517,648,180,71,73,73.984,60.809,0.0051287,Köln,Dortmund
city:2886242,city:2928810,756,210,48,49,58.343,71.441,0.0051211,Köln,Essen
city:3081368,city:3096472,160,44,132,133,168.76,76.131,0.0050278,Wrocław,Katowice
city:2935022,city:2950159,180,50,102,112,165.39,88.6,0.0049954,Dresden,Berlin
city:2984114,city:2988507,132,36,46,46,130.68,170.44,0.0049853,Reims,Paris
city:2643743,city:2654710,428,118,60,60,75.635,75.635,0.0049589,London,Brighton
city:2641181,city:2643743,428,118,115,115,158,82.434,0.0049482,Norwich,London
city:2809346,stn:demo:S0224,108,30,18,18,23.551,78.504,0.0048651,Wiesbaden,Frankfurt Flughafen Fernbf
city:3105976,city:3117735,42,12,255,255,465.21,109.46,0.0047472,Vigo,Madrid
city:2928810,city:2934691,756,210,8,10,17.335,104.01,0.0047362,Essen,Duisburg
city:2643123,city:2655603,188,52,88,88,113.42,77.33,0.0047152,Manchester,Birmingham
city:3169070,city:3181928,752,202,124,130,304.52,140.55,0.0046717,Rome,Bologna
city:2988507,city:3120304,52,14,262,262,690.97,158.24,0.0046682,Paris,Irun
city:2792413,city:2886242,132,36,66,66,102.74,93.404,0.0046071,Liège,Köln
city:2643743,city:2655095,428,118,105,105,150.54,86.025,0.004498,London,Bournemouth
city:2639577,city:2643743,1516,418,24,25,58.829,141.19,0.0044743,Reading,London
city:2759794,city:2934691,108,28,114,115,165.87,86.543,0.004455,Amsterdam,Duisburg
city:2867714,city:3181928,56,14,400,400,405.56,60.834,0.0044539,Munich,Bologna
city:2636841,city:2643743,320,88,85,85,217.49,153.52,0.0044384,Stoke-on-Trent,London
city:2759794,city:2759879,216,60,20,20,22.03,66.089,0.0044262,Amsterdam,Almere Stad
city:2745912,city:2747351,856,236,26,26,45.305,104.55,0.0044111,Utrecht,'s-Hertogenbosch
city:2934691,city:2935517,648,180,32,33,49.399,89.816,0.0043459,Duisburg,Dortmund
city:2642465,city:2643743,804,222,32,32,73.446,137.71,0.00428,Milton Keynes,London
city:3104324,city:3128760,160,44,98,98,254.51,155.82,0.0042755,Zaragoza,Barcelona
city:2988507,city:3037854,66,18,75,75,116.43,93.143,0.0042253,Paris,Amiens
city:2856883,city:2911298,216,60,102,103,192.8,112.31,0.0042197,Osnabrück,Hamburg
city:2988507,city:3003796,188,52,130,130,177.77,82.046,0.0042126,Paris,Le Havre
city:2636432,city:2643743,216,60,170,170,264.14,93.225,0.0041753,Swansea,London
city:2735943,city:3105976,28,8,140,140,120.93,51.826,0.0041663,Porto,Vigo
city:2886242,city:2934691,864,238,36,38,56.978,89.965,0.0041418,Köln,Duisburg
city:2643123,city:2644210,216,60,38,38,49.661,78.412,0.0041414,Manchester,Liverpool
city:2643743,city:2650225,440,120,262,262,533.66,122.21,0.004107,London,Edinburgh
city:2934691,city:2947416,324,90,20,21,31.745,90.699,0.0041027,Duisburg,Bochum
city:3088171,city:3099434,80,22,188,188,244.51,78.036,0.0040862,Poznań,Gdańsk
city:2844588,city:2950159,94,26,144,145,193.33,79.997,0.0040854,Rostock,Berlin
city:2745912,city:2747373,216,60,38,38,56.299,88.894,0.0039165,Utrecht,The Hague
city:2761369,city:2778067,244,68,154,155,144.77,56.038,0.0038932,Vienna,Graz
city:3169070,city:3172394,766,210,70,71,186.69,157.77,0.0038882,Rome,Naples
city:2761369,city:3078610,108,30,92,92,111.08,72.441,0.0038877,Vienna,Brno
city:2886242,city:2912621,108,30,48,48,59.863,74.829,0.0038463,Köln,Hagen
city:2886242,city:2947416,324,90,60,61,63.734,62.689,0.0038261,Köln,Bochum
city:2746301,city:2756253,216,60,18,18,29.637,98.79,0.0037477,Tilburg,Eindhoven
city:2800866,city:2800931,432,120,54,55,88.165,96.181,0.0037475,Brussels,Brugge
city:2745912,city:2925533,108,28,206,206,331.74,96.623,0.0037198,Utrecht,Frankfurt am Main
city:2756253,city:2758401,216,60,32,33,51.198,93.087,0.0037148,Eindhoven,Breda
city:2925533,city:2950159,216,60,228,228,423.67,111.49,0.0036893,Frankfurt am Main,Berlin
city:2911298,city:2934691,216,60,192,193,321.24,99.869,0.0036883,Hamburg,Duisburg
city:2911298,city:2944388,216,60,52,53,94.839,107.36,0.0036518,Hamburg,Bremen
city:3088171,city:3102014,80,22,78,78,107.73,82.87,0.003634,Poznań,Bydgoszcz
city:2661604,city:2873891,216,60,126,126,224.54,106.92,0.0036273,Basel,Mannheim
city:2875601,city:2911298,108,30,45,45,57.79,77.053,0.003619,Lübeck,Hamburg
city:2910831,city:2950159,310,86,78,83,249.78,180.56,0.0036154,Hannover,Berlin
city:2747891,city:2803138,302,84,34,58,78.253,80.951,0.0036062,Rotterdam,Antwerp
city:2761369,city:2925533,108,28,384,385,597.53,93.122,0.0035983,Vienna,Frankfurt am Main
city:3173435,city:3181928,578,158,50,63,200.54,191,0.003583,Milan,Bologna
city:2800866,city:3247449,132,36,66,66,122.15,111.04,0.0035657,Brussels,Aachen
city:2759661,city:2934691,108,28,50,50,84.675,101.61,0.0035413,Arnhem,Duisburg
city:2761369,city:2775220,188,50,255,255,386.74,90.996,0.0035381,Vienna,Innsbruck
city:756135,city:765876,132,36,124,125,152.86,73.372,0.0035356,Warsaw,Lublin
city:2638077,city:2655603,188,52,62,63,104.38,99.41,0.0035331,Sheffield,Birmingham
city:2634739,city:2643743,188,52,110,110,267.46,145.89,0.0035238,Warrington,London
city:2874545,city:2879139,108,30,75,75,101.69,81.355,0.0035058,Magdeburg,Leipzig
city:2910831,city:2944388,108,30,60,60,100.2,100.2,0.0035056,Hannover,Bremen
city:2633948,city:2643743,188,52,122,122,282.87,139.12,0.0034914,Wigan,London
city:2661604,city:2925533,216,60,166,166,295.73,106.89,0.0034485,Basel,Frankfurt am Main
city:2618425,city:2692969,948,262,34,35,28.401,48.687,0.003442,Copenhagen,Malmö
city:2861650,city:2925533,216,58,123,123,186.89,91.166,0.0034204,Nuremberg,Frankfurt am Main
city:3172394,city:3173435,470,128,258,258,657.51,152.91,0.0033721,Naples,Milan
city:2925533,city:2938913,108,30,17,17,27.223,96.081,0.0033571,Frankfurt am Main,Darmstadt
city:2641598,city:2643743,432,120,100,100,198.82,119.29,0.0033108,Newport,London
city:2886242,city:2944388,216,60,178,178,270.01,91.014,0.0033005,Köln,Bremen
city:2790471,city:2800866,108,30,54,54,56.176,62.417,0.0032984,Namur,Brussels
city:2750053,city:2759661,428,118,15,15,15.804,63.217,0.0032964,Nijmegen,Arnhem
city:2745912,city:2934246,122,30,110,111,149.57,80.85,0.0032885,Utrecht,Düsseldorf
city:2510911,city:3117735,240,66,150,150,390.35,156.14,0.0032628,Sevilla,Madrid
city:2891122,city:2911298,108,30,72,72,86.189,71.824,0.0032604,Kiel,Hamburg
city:2867714,city:2911298,216,60,333,333,612.06,110.28,0.003218,Munich,Hamburg
city:2925533,city:2996944,14,4,303,303,563.23,111.53,0.0032168,Frankfurt am Main,Lyon
city:2800866,city:2998324,122,34,35,36,94.158,156.93,0.0032042,Brussels,Lille
city:2867543,city:2886242,216,60,102,103,123.63,72.019,0.0031913,Münster,Köln
city:2657896,city:2661604,752,204,48,53,76.458,86.556,0.0031868,Zürich,Basel
city:2759794,city:2988507,80,22,200,200,430.51,129.15,0.0031708,Amsterdam,Paris
city:2886242,city:3247449,132,36,38,38,63.276,99.909,0.0031687,Köln,Aachen
city:2982652,city:2988507,188,52,70,70,112.06,96.055,0.003137,Rouen,Paris
city:2857458,city:2944388,108,30,28,28,40.189,86.118,0.003107,Oldenburg,Bremen
city:2621951,city:2911298,66,18,182,182,224.59,74.04,0.0030942,Fredericia,Hamburg
city:2988507,city:2996944,282,78,116,116,393.22,203.39,0.0030808,Paris,Lyon
city:3173435,city:3176959,470,128,88,88,248.18,169.22,0.0030562,Milan,Florence
city:2747891,city:2756669,428,118,13,13,18.296,84.441,0.0030531,Rotterdam,Dordrecht
city:2988507,city:3165524,42,12,352,352,583.71,99.496,0.0030453,Paris,Turin
city:2867714,city:2954172,352,98,29,30,56.478,112.96,0.0030431,Munich,Augsburg
city:2861650,city:2867714,512,142,58,63,150.89,143.71,0.0030071,Nuremberg,Munich
city:2643743,city:2648579,200,54,270,270,555.38,123.42,0.0030055,London,Glasgow
city:2759794,city:2800866,354,98,114,160,173.48,65.056,0.002982,Amsterdam,Brussels
city:2844988,city:3054643,52,14,354,354,519.29,88.015,0.0029806,Rosenheim,Budapest
city:2759821,city:2950159,100,28,300,301,546.33,108.9,0.0029602,Amersfoort,Berlin
city:2910831,city:2949186,324,90,48,48,89.956,112.44,0.002958,Hannover,Bielefeld
city:2879139,city:2935022,108,30,70,70,100.52,86.161,0.0029473,Leipzig,Dresden
city:3104324,city:3117735,202,56,80,80,274.11,205.58,0.0029442,Zaragoza,Madrid
city:2988507,city:2990969,188,52,128,128,342.39,160.5,0.0029315,Paris,Nantes
city:2638077,city:2643123,428,118,50,50,52.26,62.712,0.0029265,Sheffield,Manchester
city:2523920,city:2524170,94,24,190,190,191.59,60.5,0.0029198,Palermo,Messina
city:2524170,city:3172394,42,10,348,348,315.43,54.385,0.0028839,Messina,Naples
city:2988507,city:2994160,80,22,82,83,280.56,202.81,0.0028791,Paris,Metz
city:2509954,city:3117735,240,66,110,110,302.02,164.74,0.0028698,Valencia,Madrid
city:2886242,city:2949186,324,90,106,120,164.25,82.126,0.002869,Köln,Bielefeld
city:2911298,city:2925533,216,60,220,220,392.4,107.02,0.0028407,Hamburg,Frankfurt am Main
city:2759821,city:2856883,94,26,138,138,181.85,79.063,0.0028274,Amersfoort,Osnabrück
city:2643743,city:2656173,428,118,85,85,155.68,109.89,0.0027984,London,Bath
city:3165524,city:3176219,108,30,110,110,123.88,67.569,0.0027934,Turin,Genoa
city:2867714,city:3067696,80,22,334,335,299.85,53.704,0.0027852,Munich,Prague
city:2643743,city:2652618,428,118,50,50,82.644,99.173,0.0027721,London,Colchester
city:2825297,city:2867714,352,98,113,115,190.83,99.565,0.0027691,Stuttgart,Munich
city:2892518,city:2910831,324,90,53,53,118.27,133.89,0.0027624,Kassel,Hannover
city:2759794,city:2856883,94,26,172,173,215.05,74.583,0.0027539,Amsterdam,Osnabrück
city:3170647,city:3176959,216,60,60,60,68.147,68.147,0.0027457,Pisa,Florence
city:2886242,city:2911240,324,90,71,88,102.78,70.078,0.0027457,Köln,Hamm
city:2797656,city:2803138,216,60,50,50,51.325,61.59,0.002725,Gent,Antwerp
city:2861650,city:2950159,216,60,174,174,378.38,130.48,0.0027193,Nuremberg,Berlin
city:2873891,city:2874225,108,30,43,43,56.413,78.716,0.0027143,Mannheim,Mainz
city:2640194,city:2643743,228,62,194,195,308.52,94.929,0.0027018,Plymouth,London
city:2867714,city:3186886,28,8,504,504,422.12,50.253,0.0026925,Munich,Zagreb
city:2925533,city:2929670,216,60,123,123,191.78,93.55,0.0026846,Frankfurt am Main,Erfurt
city:2990440,city:3164582,216,60,50,50,29.153,34.984,0.0026763,Nice,Ventimiglia
city:2792413,city:2800866,348,96,41,55,89.076,97.173,0.0026643,Liège,Brussels
city:2892794,city:2988507,70,20,144,145,442.59,183.14,0.00264,Karlsruhe,Paris
city:3165185,city:3173529,132,36,120,120,120.49,60.244,0.0026392,Trieste,Mestre
city:2745912,city:2755251,216,60,110,110,158.85,86.644,0.0026388,Utrecht,Groningen
city:2643123,city:2646458,432,120,24,26,35.29,81.438,0.0026235,Manchester,Huddersfield
city:2754394,city:2756071,428,118,8,8,8.767,65.752,0.0026223,Hengelo,Enschede
city:2995469,city:2996944,272,76,102,104,275.92,159.18,0.0026173,Marseille,Lyon
city:2867714,city:2886242,216,60,248,248,455.98,110.32,0.0026084,Munich,Köln
city:3078773,city:756135,28,8,350,350,483.86,82.948,0.0026039,Břeclav,Warsaw
city:2973783,city:2988507,296,82,106,106,396.96,224.69,0.0026002,Strasbourg,Paris
city:2743477,city:2745912,432,120,52,52,81.046,93.515,0.0025931,Zwolle,Utrecht
city:2657896,city:3173435,122,34,198,198,217.14,65.801,0.002586,Zürich,Milan
city:2509954,city:3128760,160,44,170,170,302.47,106.75,0.002585,Valencia,Barcelona
city:2996944,city:3165524,42,12,234,234,234.09,60.023,0.0025751,Lyon,Turin
city:2761369,city:3060972,216,60,62,62,54.884,53.113,0.0025592,Vienna,Bratislava
city:2990363,city:2995469,66,18,68,68,101.97,89.97,0.0025357,Nîmes,Marseille
city:2983990,city:2988507,362,100,84,86,307.76,214.72,0.0025086,Rennes,Paris
city:2925533,city:2935022,108,30,240,240,371.61,92.901,0.0025082,Frankfurt am Main,Dresden
city:2761369,city:3067696,108,30,245,245,252.61,61.864,0.0024826,Vienna,Prague
city:2509954,city:3124132,240,66,52,53,163.73,185.35,0.0024442,Valencia,Cuenca
city:2641673,city:2643743,428,118,170,170,397.76,140.39,0.0024347,Newcastle upon Tyne,London
city:3172394,city:3181928,658,180,202,205,470.37,137.67,0.0024327,Naples,Bologna
city:2879139,city:2925533,216,60,166,166,293.01,105.91,0.0024282,Leipzig,Frankfurt am Main
city:2652221,city:2655603,428,118,20,20,27.562,82.685,0.0024056,Coventry,Birmingham
city:2911522,city:2950159,108,30,64,64,151.79,142.3,0.0023949,Halle (Saale),Berlin
city:2867543,city:2934691,216,60,62,63,83.601,79.62,0.0023927,Münster,Duisburg
city:2988507,city:2995469,282,76,188,200,660.5,198.15,0.0023673,Paris,Marseille
city:3165072,city:3173529,108,30,90,90,100.2,66.801,0.0023563,Udine,Mestre
city:2867714,city:2934691,216,60,286,286,503.29,105.58,0.0023547,Munich,Duisburg
city:2633352,city:2643743,428,118,113,113,279.84,148.59,0.0023502,York,London
city:2643743,city:2998324,122,34,82,82,242.57,177.49,0.0023425,London,Lille
city:3106672,city:3117735,352,98,58,58,162.2,167.8,0.0023403,Valladolid,Madrid
city:2825297,city:2925533,216,60,76,76,152.47,120.37,0.0023348,Stuttgart,Frankfurt am Main
city:2621951,city:2624652,644,178,54,58,71.673,74.144,0.0023126,Fredericia,Århus
city:2988507,city:2989317,146,40,62,62,110.72,107.15,0.0023119,Paris,Orléans
city:2745912,city:2750053,428,118,51,51,57.162,67.249,0.0023112,Utrecht,Nijmegen
city:3088171,city:756135,212,58,158,160,278.11,104.29,0.0023053,Poznań,Warsaw
city:2762372,city:3181928,14,2,338,338,306.23,54.361,0.0022692,Villach,Bologna
city:756135,city:776069,108,30,130,130,176.48,81.454,0.0022583,Warsaw,Białystok
city:2886242,stn:demo:S0224,592,164,50,54,150.72,167.47,0.002257,Köln,Frankfurt Flughafen Fernbf
city:2761369,city:2861650,122,30,258,258,411.45,95.686,0.0022531,Vienna,Nuremberg
city:2759706,city:2759821,522,144,26,26,40.145,92.641,0.002216,Apeldoorn,Amersfoort
city:2988507,city:3029241,108,30,115,115,200.88,104.81,0.002172,Paris,Caen
city:2513416,city:3117735,52,14,165,165,349.41,127.06,0.0021707,Murcia,Madrid
city:2661604,city:2973783,216,60,80,80,114.75,86.062,0.0021691,Basel,Strasbourg
city:2661552,city:2661604,484,134,54,55,68.524,74.753,0.0021671,Bern,Basel
city:2809346,city:2925533,108,30,33,33,31.541,57.348,0.0021653,Wiesbaden,Frankfurt am Main
city:3186886,city:3196359,80,22,140,140,116.9,50.101,0.0021618,Zagreb,Ljubljana
city:2638077,city:2644668,216,60,54,55,85.737,93.531,0.0021558,Sheffield,Leicester
city:2745912,city:2751792,216,60,110,110,132.05,72.026,0.0021548,Utrecht,Leeuwarden
city:2644688,city:2655603,188,52,102,103,148.1,86.272,0.0021495,Leeds,Birmingham
city:2980291,city:2996944,268,74,47,47,49.976,63.799,0.0021482,Saint-Étienne,Lyon
city:2643743,city:2653225,216,60,110,110,212.54,115.93,0.0021376,London,Chesterfield
city:3094802,city:759734,108,30,120,120,147.27,73.633,0.0021313,Kraków,Rzeszów
city:2755251,city:2759821,216,60,92,93,142.54,91.962,0.0021297,Groningen,Amersfoort
city:2972315,city:2990919,66,18,78,78,134.26,103.28,0.002108,Toulouse,Narbonne
city:2775220,city:3181928,56,14,290,290,307.91,63.706,0.0021003,Innsbruck,Bologna
city:2775220,city:3164527,56,14,210,210,205.15,58.615,0.0020817,Innsbruck,Verona
city:2842647,city:2873891,66,18,73,73,109.31,89.843,0.0020803,Saarbrücken,Mannheim
city:2873891,city:2934691,216,60,129,129,247.39,115.06,0.0020389,Mannheim,Duisburg
city:2661604,city:2911298,122,32,390,390,687.79,105.81,0.0020388,Basel,Hamburg
city:2988507,city:3003603,188,52,54,55,184.49,201.26,0.0020353,Paris,Le Mans
city:2643743,city:2656192,428,118,45,45,72.103,96.137,0.0020324,London,Basingstoke
city:2510911,city:2519240,240,66,42,43,119.89,167.28,0.0020243,Sevilla,Córdoba
city:2934691,city:2946447,108,30,61,61,80.981,79.653,0.0020232,Duisburg,Bonn
city:2886242,city:2910831,324,90,156,170,249.78,88.159,0.0020147,Köln,Hannover
city:3067696,city:3096472,42,12,265,265,328.17,74.302,0.0020052,Prague,Katowice
city:2892794,city:2925533,338,94,63,68,124.64,109.98,0.002005,Karlsruhe,Frankfurt am Main
city:2990363,city:3128760,56,16,180,180,326.26,108.75,0.0020025,Nîmes,Barcelona
city:2867714,city:2929670,216,60,128,128,318.18,149.15,0.0019937,Munich,Erfurt
city:2514256,city:3117735,160,44,162,162,415.72,153.97,0.0019829,Málaga,Madrid
city:2761369,city:3196359,28,8,330,330,278.36,50.611,0.0019816,Vienna,Ljubljana
city:2844988,city:3181928,42,12,363,363,378.73,62.6,0.0019753,Rosenheim,Bologna
city:2745912,city:2759661,550,148,34,34,55.353,97.681,0.0019725,Utrecht,Arnhem
city:2745912,city:2751283,428,118,113,113,143.63,76.262,0.0019722,Utrecht,Maastricht
city:2990440,city:2995469,202,54,155,155,158.6,61.395,0.001946,Nice,Marseille
city:2792482,city:2800866,216,60,20,20,24.926,74.777,0.0019454,Leuven,Brussels
city:2615876,city:2911298,66,18,215,215,206.76,57.701,0.0019427,Odense,Hamburg
city:2856883,city:2944388,216,60,48,48,102.88,128.59,0.0019422,Osnabrück,Bremen
city:2640729,city:2643743,428,118,55,55,82.582,90.089,0.0019261,Oxford,London
city:2643743,city:2651123,428,118,100,100,234.08,140.45,0.0019261,London,Doncaster
city:2925533,city:2973783,14,4,103,103,183.37,106.82,0.0019252,Frankfurt am Main,Strasbourg
city:2762372,city:3186886,28,8,242,242,185.72,46.046,0.0019251,Villach,Zagreb
city:2633709,city:2643743,428,118,25,25,36.695,88.069,0.0019148,Woking,London
city:2911298,city:3067696,80,22,358,358,490.59,82.222,0.0018959,Hamburg,Prague
city:2990919,city:3128760,56,16,114,114,211.3,111.21,0.0018849,Narbonne,Barcelona
city:3106672,city:3120304,42,12,218,218,304.79,83.886,0.0018815,Valladolid,Irun
city:2761369,city:2805615,122,30,312,313,500.27,95.899,0.0018705,Vienna,Würzburg
city:2766824,city:2867714,132,36,88,88,115.61,78.823,0.0018695,Salzburg,Munich
city:2910831,city:2918632,338,92,33,33,93.965,170.84,0.0018535,Hannover,Göttingen
city:2925533,city:2988507,66,18,225,225,478.52,127.61,0.0018531,Frankfurt am Main,Paris
city:2988507,city:3024635,108,30,210,210,346.28,98.936,0.0018394,Paris,Clermont-Ferrand
city:2636882,city:2643743,320,88,118,118,252.26,128.27,0.0018356,Stockport,London
city:2873891,city:2925533,512,142,35,38,71.378,112.7,0.0018289,Mannheim,Frankfurt am Main
city:2874545,city:2910831,108,30,78,78,131.96,101.5,0.0018265,Magdeburg,Hannover
city:3176959,city:3181928,752,202,36,36,79.798,133,0.0018252,Florence,Bologna
city:2759794,city:2803138,302,84,80,123,132.61,64.689,0.0018171,Amsterdam,Antwerp
city:2910831,city:2945024,108,30,33,33,55.175,100.32,0.001817,Hannover,Braunschweig
city:3054643,city:717582,258,72,123,125,146.17,70.163,0.0018156,Budapest,Miskolc
city:3173435,city:3181554,268,74,36,36,80.294,133.82,0.0018153,Milan,Brescia
city:2648579,city:2650225,856,236,50,50,66.839,80.207,0.0018083,Glasgow,Edinburgh
city:2759661,city:2886242,122,30,100,100,136.84,82.105,0.0018058,Arnhem,Köln
city:2660646,city:2996944,160,44,110,110,112.23,61.219,0.0018025,Geneva,Lyon
city:3164582,city:3173435,52,14,220,220,224.33,61.18,0.0018013,Ventimiglia,Milan
city:2988507,city:3037656,188,52,94,95,264.36,166.96,0.0017936,Paris,Angers
city:2892794,city:2925177,230,62,56,58,119.81,123.94,0.0017889,Karlsruhe,Freiburg
city:2972315,city:2988507,160,42,250,250,587.8,141.07,0.001783,Toulouse,Paris
city:2747891,city:2751773,428,118,31,31,26.24,50.788,0.0017818,Rotterdam,Leiden
city:3060972,city:3078773,80,22,48,48,69.911,87.389,0.0017811,Bratislava,Břeclav
city:2747891,city:2756253,216,60,60,60,87.227,87.227,0.0017747,Rotterdam,Eindhoven
city:3054643,city:3060972,80,22,132,133,161.43,72.827,0.0017405,Budapest,Bratislava
city:3046526,city:3054643,108,30,180,180,169.8,56.6,0.0017397,Pécs,Budapest
city:2747891,city:2758401,432,120,22,24,42.576,106.44,0.0017348,Rotterdam,Breda
city:2633352,city:2650225,616,170,147,147,259.58,105.95,0.0017258,York,Edinburgh
city:2643743,city:2649808,228,62,126,127,252.95,119.51,0.0017184,London,Exeter
city:3054643,city:721472,216,60,150,150,194.09,77.634,0.0017149,Budapest,Debrecen
city:2267057,city:2735943,216,60,164,165,273.36,99.403,0.0017114,Lisbon,Porto
city:2892518,city:2925533,324,90,83,85,145.39,102.63,0.0016947,Kassel,Frankfurt am Main
city:2929670,city:2950159,324,90,104,105,237.3,135.6,0.0016932,Erfurt,Berlin
city:2825297,city:2988507,70,20,190,190,499.84,157.84,0.0016827,Stuttgart,Paris
city:2972191,city:2988507,202,56,58,58,202.99,209.99,0.001681,Tours,Paris
city:2661604,city:2892794,230,62,96,98,172.66,105.71,0.0016705,Basel,Karlsruhe
city:2747373,city:2759794,856,236,45,45,52.098,69.464,0.001658,The Hague,Amsterdam
city:2759794,city:2950159,100,28,336,336,577.36,103.1,0.0016475,Amsterdam,Berlin
city:2661604,city:2950159,108,30,398,398,691.39,104.23,0.001633,Basel,Berlin
city:2755251,city:2759794,216,60,118,118,146.77,74.63,0.0016296,Groningen,Amsterdam
city:2867714,city:2892794,136,38,158,158,252.62,95.933,0.0016144,Munich,Karlsruhe
city:2521978,city:3117735,132,36,140,140,360.08,154.32,0.001613,Alicante,Madrid
city:3169522,city:3173435,456,126,33,33,141.66,257.57,0.0016104,Reggio nell'Emilia,Milan
city:2759794,city:2886242,122,30,164,165,214.15,77.871,0.0016058,Amsterdam,Köln
city:2874225,city:2886242,108,30,108,108,141.63,78.682,0.0016034,Mainz,Köln
city:3173435,city:3173529,268,74,126,128,238.27,111.69,0.0016024,Milan,Mestre
city:3099424,city:3099434,188,52,22,22,20.019,54.597,0.0016023,Gdynia,Gdańsk
city:2657896,city:2825297,108,30,175,175,164.16,56.284,0.0016001,Zürich,Stuttgart
city:3054643,city:715429,216,60,140,140,162.06,69.456,0.0015926,Budapest,Szeged
city:2856883,city:2886242,216,60,128,128,167.17,78.362,0.0015761,Osnabrück,Köln
city:2653822,city:2654675,432,120,32,33,40.502,73.64,0.0015683,Cardiff,Bristol
city:2756071,city:2759794,428,118,120,120,137.52,68.758,0.0015648,Enschede,Amsterdam
city:2934691,city:2949186,216,60,80,80,138.89,104.17,0.0015634,Duisburg,Bielefeld
city:3060972,city:724443,132,36,274,275,312.64,68.213,0.0015607,Bratislava,Košice
city:3054643,city:3186886,14,4,360,360,299.44,49.907,0.0015569,Budapest,Zagreb
city:3067696,city:3078610,296,82,150,151,186.16,73.971,0.0015312,Prague,Brno
city:2751283,city:2756253,428,118,61,61,67.509,66.402,0.0015282,Maastricht,Eindhoven
city:2996944,city:3014728,216,60,80,80,92.698,69.524,0.0015258,Lyon,Grenoble
city:2759706,city:2759794,522,144,60,63,75.665,72.062,0.0015254,Apeldoorn,Amsterdam
city:2856883,city:2867543,216,60,22,23,45.042,117.5,0.0015195,Osnabrück,Münster
city:2657896,city:2988507,80,22,246,246,489.01,119.27,0.0015186,Zürich,Paris
city:2751773,city:2759794,856,236,32,32,36.108,67.702,0.0015116,Leiden,Amsterdam
city:2519240,city:3117735,466,128,104,105,295.53,168.88,0.0015073,Córdoba,Madrid
city:2762372,city:3165072,14,2,98,98,76.643,46.924,0.0015058,Villach,Udine
city:2805615,city:2925533,216,58,68,68,97.444,85.98,0.0014971,Würzburg,Frankfurt am Main
city:3067696,city:3068799,362,100,188,190,277.61,87.666,0.0014945,Prague,Ostrava
city:2634910,city:2643743,428,118,120,120,258.96,129.48,0.0014935,Wakefield,London
city:2934691,city:2944388,216,60,138,138,229.57,99.813,0.0014934,Duisburg,Bremen
city:2879139,city:2929670,324,90,41,43,101.5,141.63,0.0014886,Leipzig,Erfurt
city:2514256,city:2519240,160,44,54,55,133.93,146.1,0.0014834,Málaga,Córdoba
city:2746301,city:2758401,216,60,12,13,22.066,101.84,0.0014825,Tilburg,Breda
city:3169361,city:3181928,108,30,53,53,109.03,123.43,0.0014717,Rimini,Bologna
city:2761369,city:756135,28,8,420,420,555.55,79.365,0.0014668,Vienna,Warsaw
city:3096472,city:3103402,80,22,58,58,48.653,50.331,0.0014639,Katowice,Bielsko-Biala
city:2657896,city:2867714,80,22,220,220,241.86,65.962,0.0014587,Zürich,Munich
city:680332,city:683506,80,22,170,170,183.75,64.852,0.0014505,Craiova,Bucharest
city:2849483,city:2867714,80,22,90,90,104.99,69.994,0.0014423,Regensburg,Munich
city:2657896,city:2657970,724,200,12,25,20.256,48.615,0.0014376,Zürich,Winterthur
city:2842647,city:2988507,66,18,110,110,342.28,186.7,0.0014294,Saarbrücken,Paris
city:3170647,city:3174659,66,18,15,15,19.299,77.198,0.0014291,Pisa,Livorno
city:3067696,city:3068160,296,82,88,90,83.739,55.826,0.0014223,Prague,Pilsen
city:2644210,city:2644688,216,60,88,88,103.65,70.673,0.0014195,Liverpool,Leeds
city:3164527,city:3173529,268,74,52,53,97.783,110.7,0.0014193,Verona,Mestre
city:3078610,city:3078773,188,52,32,32,52.471,98.383,0.0014191,Brno,Břeclav
city:2945024,city:2950159,108,30,68,68,197.76,174.49,0.0014135,Braunschweig,Berlin
city:2857458,city:2910831,108,30,90,90,133.3,88.867,0.0013957,Oldenburg,Hannover
city:2907911,city:2925533,108,30,50,50,78.71,94.452,0.0013923,Heidelberg,Frankfurt am Main
city:2761369,city:2772400,790,212,63,73,154.81,127.24,0.0013895,Vienna,Linz
city:2929670,city:2935022,108,30,115,115,189.25,98.741,0.0013891,Erfurt,Dresden
city:3117735,city:3128026,28,8,244,244,322.96,79.417,0.0013709,Madrid,Bilbao
city:2867714,city:2873891,216,60,153,153,272.73,106.95,0.0013666,Munich,Mannheim
city:2988507,city:2998324,282,78,60,62,204.38,197.79,0.0013635,Paris,Lille
city:2754394,city:2856883,94,26,62,63,85.518,81.446,0.0013595,Hengelo,Osnabrück
city:3096472,city:3099230,160,44,28,28,24.886,53.327,0.0013566,Katowice,Gliwice
city:2988507,city:3031582,414,114,124,130,498.57,230.11,0.00134,Paris,Bordeaux
city:2650225,city:2657832,216,60,144,145,148.62,61.498,0.0013274,Edinburgh,Aberdeen
city:2820256,city:2867714,352,98,69,70,120.77,103.52,0.0013248,Ulm,Munich
city:2886242,city:2886946,108,30,58,58,78.243,80.941,0.001324,Köln,Koblenz
city:2842647,city:2925533,66,18,113,113,155.41,82.519,0.0013183,Saarbrücken,Frankfurt am Main
city:680963,city:683506,132,36,140,140,203.09,87.039,0.0013107,Constanţa,Bucharest
city:3094802,city:757026,108,30,60,60,75.204,75.204,0.0013078,Kraków,Tarnów
city:2761369,city:3052009,160,44,65,65,110.72,102.2,0.0012979,Vienna,Győr
city:2973783,city:2990999,132,36,88,88,115.22,78.559,0.0012827,Strasbourg,Nancy
city:2759794,city:2759821,528,146,32,35,41.723,71.526,0.001267,Amsterdam,Amersfoort
city:3104324,city:3114472,42,12,88,88,143.65,97.944,0.0012638,Zaragoza,Pamplona
city:2636432,city:2654675,216,60,88,88,94.934,64.728,0.0012424,Swansea,Bristol
city:2911298,city:2935517,216,60,158,158,283.62,107.7,0.0012403,Hamburg,Dortmund
city:2867714,city:3196359,28,8,354,354,320.9,54.389,0.0012398,Munich,Ljubljana
city:3054643,city:3067696,80,22,370,370,444.19,72.032,0.0012314,Budapest,Prague
city:2761369,city:3068799,28,8,172,172,228.22,79.612,0.0012263,Vienna,Ostrava
city:2792413,city:2792482,216,60,32,33,66.806,121.47,0.0012191,Liège,Leuven
city:3143244,city:3161732,66,18,420,420,304.68,43.525,0.0012117,Oslo,Bergen
city:3054643,city:683844,14,2,650,650,542.16,50.045,0.0012011,Budapest,Braşov
city:2806654,city:2950159,310,86,46,48,178.4,223,0.0011997,Wolfsburg,Berlin
city:3177090,city:3181928,188,52,22,23,44.293,115.55,0.0011909,Ferrara,Bologna
city:2867714,city:2895992,108,30,33,33,70.683,128.51,0.0011894,Munich,Ingolstadt
city:3118514,city:3128760,160,44,52,53,130.46,147.69,0.0011876,Lleida,Barcelona
city:2806654,city:2910831,202,56,30,30,71.377,142.75,0.001186,Wolfsburg,Hannover
city:2633352,city:2643123,432,120,74,76,92.639,73.136,0.0011842,York,Manchester
city:2522258,city:3117735,184,50,90,90,223.49,148.99,0.0011831,Albacete,Madrid
city:3081368,city:3099230,160,44,102,103,146.5,85.341,0.0011745,Wrocław,Gliwice
city:2988507,city:3021372,132,36,96,98,261.73,160.24,0.0011735,Paris,Dijon
city:2661604,city:2991214,296,82,22,23,28.273,73.757,0.0011727,Basel,Mulhouse
city:2849483,city:2925533,94,26,180,180,275.13,91.709,0.0011679,Regensburg,Frankfurt am Main
city:2751792,city:2759821,216,60,92,93,119.93,77.372,0.001165,Leeuwarden,Amersfoort
city:3116689,city:3120304,42,12,138,138,118.84,51.669,0.0011567,Miranda de Ebro,Irun
city:3116689,city:3128026,28,8,102,102,64.096,37.704,0.0011567,Miranda de Ebro,Bilbao
city:2633691,city:2643123,188,52,70,70,99.867,85.6,0.0011532,Wolverhampton,Manchester
city:2805615,city:2911298,122,32,203,203,417.75,123.47,0.0011503,Würzburg,Hamburg
city:2925533,city:2934246,216,58,87,87,182.18,125.64,0.0011475,Frankfurt am Main,Düsseldorf
city:2988507,city:3030300,94,26,204,205,504.86,147.76,0.0011468,Paris,Brest
city:2618425,city:2624652,644,178,162,165,156.16,56.786,0.0011424,Copenhagen,Århus
city:3044774,city:3054643,14,4,55,55,58.565,63.889,0.0011396,Székesfehérvár,Budapest
city:3068799,city:3096472,70,20,75,75,70.876,56.701,0.0011303,Ostrava,Katowice
city:2746301,city:2747891,216,60,40,40,58.667,88,0.0011294,Tilburg,Rotterdam
city:2988507,city:2998286,52,14,200,200,345.87,103.76,0.0011276,Paris,Limoges
city:3054643,city:686254,14,2,230,230,226.6,59.113,0.0011235,Budapest,Arad
city:683506,city:683844,146,38,158,160,140.84,52.817,0.0011081,Bucharest,Braşov
city:2873891,city:2988507,66,18,185,185,450.24,146.02,0.001102,Mannheim,Paris
city:2518559,city:3117735,52,14,135,135,352.11,156.49,0.0010895,Elche,Madrid
city:3186886,city:3190261,28,8,380,380,258.94,40.886,0.0010847,Zagreb,Split
city:2805753,city:2910831,108,30,123,123,216.61,105.67,0.001082,Wuppertal,Hannover
city:2934691,city:2950159,108,30,215,215,470.88,131.41,0.0010806,Duisburg,Berlin
city:2673730,city:2686657,202,56,105,110,162.58,88.678,0.0010582,Stockholm,Örebro
city:2637487,city:2639577,188,52,42,43,68.433,95.488,0.0010575,Southampton,Reading
city:3068799,city:756135,28,8,244,244,327.62,80.562,0.001057,Ostrava,Warsaw
city:2825297,city:2886242,216,60,131,131,287.54,131.7,0.001054,Stuttgart,Köln
city:2775220,city:2867714,56,14,108,108,98.208,54.56,0.0010492,Innsbruck,Munich
city:2856883,city:2910831,94,26,68,68,114.93,101.41,0.0010413,Osnabrück,Hannover
city:2873891,city:2934246,216,60,115,115,226.96,118.41,0.0010385,Mannheim,Düsseldorf
city:2762372,city:2774326,108,30,25,25,34.365,82.475,0.0010375,Villach,Klagenfurt am Wörthersee
city:3171728,city:3173435,268,74,110,113,210.47,111.75,0.0010372,Padua,Milan
city:3096472,city:756135,188,52,158,160,259.16,97.186,0.0010311,Katowice,Warsaw
city:3099434,city:756135,188,52,166,166,283.45,102.45,0.0010299,Gdańsk,Warsaw
city:3052009,city:3054643,160,44,90,93,107.38,69.275,0.0010287,Győr,Budapest
city:2925533,city:2995469,14,4,415,415,798.72,115.48,0.0010263,Frankfurt am Main,Marseille
city:2844988,city:3164527,42,12,283,283,282.31,59.854,0.0010242,Rosenheim,Verona
city:3171168,city:3181928,108,30,178,178,323.43,109.02,0.001023,Pescara,Bologna
city:2636389,city:2654675,860,238,22,24,57.585,143.96,0.0010226,Swindon,Bristol
city:2639577,city:2654675,860,238,52,54,112.63,125.14,0.0010153,Reading,Bristol
city:3050434,city:3054643,216,60,70,70,82.178,70.438,0.0010132,Kecskemét,Budapest
city:2935517,city:2950159,108,30,180,180,421.84,140.61,0.0010127,Dortmund,Berlin
city:3104499,city:3117735,42,12,165,165,283.8,103.2,0.0010109,Gasteiz / Vitoria,Madrid
city:2849483,city:2861650,94,26,52,53,88.951,100.7,0.0010076,Regensburg,Nuremberg
city:2873891,city:2886242,216,60,91,91,193.49,127.58,0.0010011,Mannheim,Köln
city:3117735,city:3119841,94,26,210,210,508.65,145.33,0.0010006,Madrid,A Coruña
city:2517117,city:3117735,66,18,195,195,359.07,110.48,0.0010005,Granada,Madrid
city:2805615,city:2910831,122,32,123,123,286.91,139.96,0.00099447,Würzburg,Hannover
city:2650225,city:2650752,216,60,80,80,59.106,44.329,0.00098698,Edinburgh,Dundee
city:2925533,city:3247449,66,18,106,106,198.28,112.23,0.0009857,Frankfurt am Main,Aachen
city:727011,city:728193,122,34,150,150,131.72,52.688,0.00097578,Sofia,Plovdiv
city:2759821,city:2910831,94,26,208,208,296.68,85.58,0.00097574,Amersfoort,Hannover
city:2935517,city:2944388,216,60,102,103,196.06,114.21,0.00096947,Dortmund,Bremen
city:2754394,city:2910831,94,26,132,133,200.17,90.302,0.0009594,Hengelo,Hannover
city:2510911,city:2516326,132,36,60,60,78.772,78.772,0.0009572,Sevilla,Jerez de la Frontera
city:3117735,city:3127461,70,20,110,110,214,116.73,0.00095689,Madrid,Burgos
city:2911240,city:2934691,216,60,48,48,78.017,97.521,0.00095191,Hamm,Duisburg
city:2747351,city:2756253,856,236,20,20,31.131,93.394,0.00095056,'s-Hertogenbosch,Eindhoven
city:2867714,city:3068160,80,22,244,245,222.19,54.413,0.00094962,Munich,Pilsen
city:2661604,city:2925177,230,62,38,38,52.926,83.568,0.00094948,Basel,Freiburg
city:2756071,city:2759821,428,118,83,83,103.07,74.505,0.0009442,Enschede,Amersfoort
city:2873891,city:2973783,14,4,66,66,113.56,103.24,0.00094159,Mannheim,Strasbourg
city:3054643,city:716935,216,60,184,185,206.51,66.978,0.00094109,Budapest,Nyíregyháza
city:2988507,city:2990999,122,34,92,92,281.74,183.75,0.00093945,Paris,Nancy
city:2825297,city:2934691,216,60,169,169,341.16,121.12,0.0009379,Stuttgart,Duisburg
city:2867714,city:2973783,28,8,210,210,287.26,82.073,0.00093727,Munich,Strasbourg
city:2892794,city:2907911,108,30,28,28,48.932,104.85,0.00093635,Karlsruhe,Heidelberg
city:3060972,city:3067696,80,22,234,235,291.06,74.314,0.00093522,Bratislava,Prague
city:2800866,stn:demo:S0224,66,18,176,176,311.71,106.27,0.00091756,Brussels,Frankfurt Flughafen Fernbf
city:2873891,city:2935517,216,60,165,165,236.12,85.862,0.00091687,Mannheim,Dortmund
city:2759794,city:2925533,108,28,234,235,364.37,93.03,0.00090958,Amsterdam,Frankfurt am Main
city:2639577,city:2655603,188,52,84,85,130.54,92.148,0.00090903,Reading,Birmingham
city:2928810,city:2950159,108,30,204,204,453.74,133.45,0.00090583,Essen,Berlin
city:2759706,city:2856883,94,26,110,110,141.82,77.354,0.00090335,Apeldoorn,Osnabrück
city:2873891,city:2892794,230,64,26,28,53.536,114.72,0.00090222,Mannheim,Karlsruhe
city:2641598,city:2654675,432,120,18,18,31.457,104.86,0.00090203,Newport,Bristol
city:2761369,city:3165072,14,2,400,400,335.81,50.372,0.00090129,Vienna,Udine
city:2988507,city:2992166,202,56,202,202,594.63,176.62,0.00089607,Paris,Montpellier
city:3164527,city:3171728,268,74,38,38,69.702,110.06,0.00089584,Verona,Padua
city:2762372,city:2867714,28,8,260,260,241.48,55.726,0.00089365,Villach,Munich
city:2873891,city:2928810,216,60,141,141,241.77,102.88,0.00089361,Mannheim,Essen
city:2618425,city:2706767,216,60,80,80,42.007,31.505,0.00089296,Copenhagen,Helsingborg
city:2949186,city:2950159,216,60,128,128,336.2,157.59,0.00089192,Bielefeld,Berlin
city:2911298,city:2928810,216,60,182,182,308.05,101.56,0.00088902,Hamburg,Essen
city:2867714,city:2911522,108,30,168,168,372.98,133.21,0.00088672,Munich,Halle (Saale)
city:3054643,city:724443,42,12,200,200,213.05,63.914,0.0008819,Budapest,Košice
city:3106672,city:3121424,66,18,173,173,222.73,77.247,0.00088178,Valladolid,Gijón
city:2856883,city:2950159,94,26,160,161,364.7,135.91,0.00087804,Osnabrück,Berlin
city:3108288,city:3128760,160,44,54,55,82.047,89.506,0.00087744,Tarragona,Barcelona
city:2735943,city:2742032,108,30,55,55,47.466,51.781,0.00087698,Porto,Braga
city:3164582,city:3176219,52,14,123,123,126.71,61.81,0.00087492,Ventimiglia,Genoa
city:2621951,city:2624886,216,60,138,138,165.15,71.802,0.00087084,Fredericia,Aalborg
city:2925177,city:2925533,216,60,126,126,243.36,115.89,0.00086352,Freiburg,Frankfurt am Main
city:3104499,city:3120304,42,12,113,113,90.007,47.791,0.00086305,Gasteiz / Vitoria,Irun
city:2756253,city:2759794,856,236,72,72,111.33,92.777,0.00086084,Eindhoven,Amsterdam
city:2638077,city:2644688,188,52,38,38,46.297,73.101,0.00085983,Sheffield,Leeds
city:2521978,city:3124132,132,36,82,83,238.53,172.43,0.00085511,Alicante,Cuenca
city:3169070,city:3176959,752,202,86,92,233.84,152.5,0.00084851,Rome,Florence
city:2525068,city:3172394,28,8,438,438,379.95,52.048,0.00084732,Catania,Naples
city:2634910,city:2644688,428,118,13,13,13.009,60.043,0.00084413,Wakefield,Leeds
city:3068799,city:3078773,28,8,102,102,156.88,92.283,0.00083904,Ostrava,Břeclav
city:3090048,city:3096472,160,44,72,73,90.044,74.009,0.00083898,Opole,Katowice
city:3081368,city:3093133,80,22,158,158,184.95,70.233,0.00083773,Wrocław,Łódź
city:2867714,city:3181913,42,12,210,210,183.97,52.563,0.00083694,Munich,Bolzano
city:3143244,city:3149318,52,14,275,275,251.62,54.898,0.00083349,Oslo,Kristiansand
city:2759794,city:2934246,122,30,140,140,182.36,78.155,0.00083298,Amsterdam,Düsseldorf
city:3114472,city:3117735,42,12,175,175,317.07,108.71,0.0008284,Pamplona,Madrid
city:2660646,city:2661552,428,118,101,101,129.53,76.949,0.00082539,Geneva,Bern
city:2911298,city:2935022,80,22,218,218,376.89,103.73,0.00082485,Hamburg,Dresden
city:2911522,city:2929670,108,30,38,38,86.401,136.42,0.00081804,Halle (Saale),Erfurt
city:2988507,city:2990440,94,24,358,358,685.8,114.94,0.00081609,Paris,Nice
city:2519752,city:3128760,160,44,140,140,242.91,104.1,0.00081575,Castelló de la Plana,Barcelona
city:2873891,city:2946447,108,30,128,128,169.51,79.46,0.00081564,Mannheim,Bonn
city:2867543,city:2911298,216,60,128,128,237.83,111.48,0.00081238,Münster,Hamburg
city:2743477,city:2759821,432,120,34,35,62.35,106.89,0.00080862,Zwolle,Amersfoort
city:3117735,city:3121424,66,18,235,235,382.75,97.724,0.00080732,Madrid,Gijón
city:3081368,city:3090048,160,44,58,58,79.082,81.809,0.00080696,Wrocław,Opole
city:3137115,city:3143244,52,14,470,470,302.06,38.561,0.00080449,Stavanger,Oslo
city:2892794,city:2996944,14,4,238,238,450.6,113.6,0.00080439,Karlsruhe,Lyon
city:2910831,city:2911240,324,90,80,80,151.68,113.76,0.0008033,Hannover,Hamm
city:2910831,city:2925533,216,60,140,140,261.15,111.92,0.00080197,Hannover,Frankfurt am Main
city:2911298,city:2934246,216,60,208,208,338.38,97.611,0.00079809,Hamburg,Düsseldorf
city:2867714,city:2925533,216,60,188,188,304.33,97.126,0.00079473,Munich,Frankfurt am Main
city:2825297,city:2973783,70,20,82,82,107.38,78.57,0.00079458,Stuttgart,Strasbourg
city:2910831,city:2935517,216,60,95,95,182.2,115.08,0.00079436,Hannover,Dortmund
city:2655984,city:2964574,160,44,120,120,142.11,71.054,0.00078948,Belfast,Dublin
city:2867543,city:2934246,216,60,78,78,100.87,77.59,0.00078881,Münster,Düsseldorf
city:2661604,city:2910831,122,32,308,308,556.88,108.48,0.00078743,Basel,Hannover
city:2934246,city:2950159,108,30,230,230,477.48,124.56,0.00078528,Düsseldorf,Berlin
city:2911298,city:2918632,338,92,113,113,224.24,119.07,0.00078307,Hamburg,Göttingen
city:2992166,city:2995469,66,18,98,98,126.38,77.373,0.00077818,Montpellier,Marseille
city:2641673,city:2650225,616,170,90,90,147.63,98.423,0.00077572,Newcastle upon Tyne,Edinburgh
city:2867714,city:2910831,108,30,253,253,488.54,115.86,0.00077362,Munich,Hannover
city:2759661,city:2925533,108,28,170,170,283.79,100.16,0.00076234,Arnhem,Frankfurt am Main
city:2636882,city:2655603,188,52,78,78,104.67,80.512,0.00075946,Stockport,Birmingham
city:3110044,city:3120304,42,12,18,18,15.294,50.981,0.000759,Donostia / San Sebastián,Irun
city:2867714,city:3165243,42,12,245,245,232.68,56.983,0.00075808,Munich,Trento
city:2735943,city:2740637,216,60,62,63,105.94,100.89,0.00075043,Porto,Coimbra
city:2874225,city:2934691,108,30,146,146,193.38,79.47,0.00075004,Mainz,Duisburg
city:2743477,city:2759794,216,60,60,60,83.094,83.094,0.00074933,Zwolle,Amsterdam
city:2772400,city:2867714,104,28,160,160,201.68,75.629,0.00074878,Linz,Munich
city:2638077,city:2651347,216,60,30,30,51.177,102.35,0.00074777,Sheffield,Derby
city:3103402,city:756135,80,22,220,220,300.87,82.055,0.00074697,Bielsko-Biala,Warsaw
city:2615876,city:2618425,926,256,73,75,140.49,112.39,0.00073862,Odense,Copenhagen
city:2673730,city:3143244,42,12,325,325,416.63,76.916,0.00073832,Stockholm,Oslo
city:2640194,city:2654675,188,52,148,148,162.09,65.711,0.0007352,Plymouth,Bristol
city:2639577,city:2653822,432,120,88,88,153.02,104.33,0.00073354,Reading,Cardiff
city:2972328,city:2995469,202,54,42,50,48.325,57.99,0.00072737,Toulon,Marseille
city:2657896,city:2660646,644,178,159,159,224.21,84.608,0.00072454,Zürich,Geneva
city:2911240,city:2935517,216,60,13,13,30.645,141.44,0.00072321,Hamm,Dortmund
city:2861650,city:2929670,216,60,68,68,169.39,149.46,0.00072023,Nuremberg,Erfurt
city:3169522,city:3181928,456,126,12,15,60.456,241.82,0.00071788,Reggio nell'Emilia,Bologna
city:3031582,city:3120304,52,14,130,130,192.93,89.044,0.00071402,Bordeaux,Irun
city:3164419,city:3173435,268,74,96,97,183.98,113.8,0.00071352,Vicenza,Milan
city:2864475,city:2891122,108,30,25,25,29.19,70.055,0.00071319,Neumünster,Kiel
city:2792413,city:2988507,66,18,125,125,304.38,146.1,0.000713,Liège,Paris
city:2856883,city:2934691,216,60,88,88,128.5,87.613,0.0007129,Osnabrück,Duisburg
city:2660646,city:2988507,108,30,192,192,409.99,128.12,0.00071192,Geneva,Paris
city:2910831,city:2912621,108,30,106,106,191.61,108.46,0.00070778,Hannover,Hagen
city:2849483,city:3068160,80,22,152,153,123.14,48.289,0.00070701,Regensburg,Pilsen
city:2693678,city:2694762,240,66,160,161,334.66,124.72,0.00070576,Lund,Linköping
city:2644688,city:2651123,428,118,33,33,40.983,74.515,0.00070397,Leeds,Doncaster
city:2892794,city:2938913,108,30,61,61,97.517,95.918,0.00070375,Karlsruhe,Darmstadt
city:2666199,city:2673730,550,150,38,38,63.647,100.5,0.00069708,Uppsala,Stockholm
city:2762372,city:3196359,28,8,92,92,79.697,51.976,0.00069654,Villach,Ljubljana
city:2886946,city:2934691,108,30,96,96,132.85,83.03,0.00069519,Koblenz,Duisburg
city:3081368,city:3102014,80,22,190,190,234.39,74.016,0.00068762,Wrocław,Bydgoszcz
city:3106672,city:3114711,66,18,143,143,210.67,88.394,0.00068716,Valladolid,Oviedo
city:3114711,city:3117735,66,18,205,205,372.25,108.95,0.0006868,Oviedo,Madrid
city:2925533,city:2934691,216,58,101,101,199.12,118.29,0.00068535,Frankfurt am Main,Duisburg
city:3054643,city:3078610,80,22,218,218,260.58,71.72,0.00068332,Budapest,Brno
city:2660646,city:3173435,42,12,245,245,249.67,61.143,0.0006795,Geneva,Milan
city:2904789,city:2918632,108,30,28,28,68.546,146.88,0.00067866,Hildesheim,Göttingen
city:2988507,city:3014728,94,26,180,180,481.63,160.54,0.00067804,Paris,Grenoble
city:3164527,city:3181554,268,74,32,35,61.684,105.75,0.00067712,Verona,Brescia
city:2659994,city:3173435,42,12,203,203,229.53,67.841,0.00067298,Lausanne,Milan
city:3169070,city:3182351,80,22,244,245,372.89,91.32,0.00066519,Rome,Bari
city:3169070,city:3176885,80,22,180,180,257.07,85.692,0.00065888,Rome,Foggia
city:2991214,city:3021372,80,22,72,73,180.49,148.34,0.00065457,Mulhouse,Dijon
city:2918632,city:2925533,324,90,103,105,180.49,103.14,0.00064457,Göttingen,Frankfurt am Main
city:2639577,city:2655095,188,52,82,83,103.53,74.841,0.0006434,Reading,Bournemouth
city:2849483,city:3067696,80,22,242,243,205.47,50.732,0.00064331,Regensburg,Prague
city:2633352,city:2641673,832,230,55,55,118.04,128.77,0.00064257,York,Newcastle upon Tyne
city:2925533,city:2991214,14,4,158,158,280.83,106.64,0.00064113,Frankfurt am Main,Mulhouse
city:2759794,city:2910831,94,26,242,243,328.75,81.174,0.00063954,Amsterdam,Hannover
city:2886242,city:2945024,108,30,205,205,288.03,84.3,0.00063844,Köln,Braunschweig
city:2856883,city:2935517,216,60,52,53,93.291,105.61,0.00063813,Osnabrück,Dortmund
city:2874545,city:2886242,108,30,250,250,350.1,84.023,0.00063744,Magdeburg,Köln
city:2792413,city:2925533,66,18,134,134,228.39,102.27,0.00063113,Liège,Frankfurt am Main
city:3081368,city:756135,80,22,250,250,301.79,72.431,0.00062964,Wrocław,Warsaw
city:2825297,city:2892794,178,50,40,40,61.864,92.795,0.00062742,Stuttgart,Karlsruhe
city:2988507,city:3247449,66,18,150,150,342.76,137.1,0.00062467,Paris,Aachen
city:3164527,city:3181913,108,30,83,83,120.01,86.754,0.00062293,Verona,Bolzano
city:3169361,city:3173435,108,30,120,120,309,154.5,0.00062151,Rimini,Milan
city:2947416,city:2950159,108,30,193,193,439.42,136.61,0.00062097,Bochum,Berlin
city:2805753,city:2950159,108,30,203,203,452.13,133.63,0.00061808,Wuppertal,Berlin
city:2509954,city:2519752,160,44,28,28,63.53,136.14,0.00061771,Valencia,Castelló de la Plana
city:2873891,city:2886946,108,30,93,93,115.25,74.354,0.0006167,Mannheim,Koblenz
city:3164527,city:3165243,108,30,53,53,70.672,80.006,0.00061628,Verona,Trento
city:2911298,city:2947416,216,60,170,170,296.99,104.82,0.00061179,Hamburg,Bochum
city:2954172,city:2988507,28,8,284,284,630.49,133.2,0.00060917,Augsburg,Paris
city:2778067,city:3196359,28,8,172,172,133.79,46.671,0.00060729,Graz,Ljubljana
city:3081368,city:3094802,160,44,204,205,235.61,68.959,0.00060243,Wrocław,Kraków
city:3171728,city:3181928,188,52,54,55,110.39,120.43,0.00060158,Padua,Bologna
city:2643123,city:2644688,432,120,48,48,57.425,71.781,0.00059971,Manchester,Leeds
city:2513416,city:3124132,52,14,108,108,246.95,137.19,0.00059461,Murcia,Cuenca
city:2638077,city:2654675,188,52,152,153,227.65,89.275,0.00059091,Sheffield,Bristol
city:3110044,city:3117735,42,12,260,260,352.38,81.318,0.00058713,Donostia / San Sebastián,Madrid
city:2825297,city:2861650,108,30,130,130,157.19,72.551,0.00058509,Stuttgart,Nuremberg
city:2650225,city:2655603,188,52,280,280,395,84.643,0.00058496,Edinburgh,Birmingham
city:2640354,city:2644688,428,118,86,86,161.22,112.48,0.00058286,Peterborough,Leeds
city:3133880,city:3143244,66,18,400,400,391.59,58.739,0.00058145,Trondheim,Oslo
city:2988507,city:2990363,202,56,175,175,578.71,198.41,0.00058072,Paris,Nîmes
city:2879139,city:2911522,108,30,25,25,31.427,75.425,0.00057989,Leipzig,Halle (Saale)
city:2649808,city:2654675,188,52,58,58,104.14,107.73,0.00057417,Exeter,Bristol
city:2873891,city:2911298,216,60,260,260,463.78,107.03,0.00057131,Mannheim,Hamburg
city:2638077,city:2650225,188,52,214,215,306.56,85.551,0.0005703,Sheffield,Edinburgh
city:2861650,city:2879139,108,30,113,113,228.82,121.5,0.00056659,Nuremberg,Leipzig
city:2910831,city:2928810,216,60,118,118,212.49,108.04,0.00056231,Hannover,Essen
city:2809346,city:2923822,108,30,85,85,114.02,80.483,0.00056017,Wiesbaden,Fulda
city:2861650,city:2895992,108,30,36,36,80.665,134.44,0.00055268,Nuremberg,Ingolstadt
city:2766824,city:2775220,188,50,108,108,137.47,76.37,0.00055064,Salzburg,Innsbruck
city:2928810,city:2949186,216,60,68,68,122.8,108.35,0.00054936,Essen,Bielefeld
city:2633352,city:2644688,620,172,22,23,35.366,92.26,0.00054923,York,Leeds
city:2910831,city:2934691,216,60,130,130,228.77,105.59,0.00054787,Hannover,Duisburg
city:2659994,city:2661552,428,118,63,63,78.505,74.766,0.00054678,Lausanne,Bern
city:2762372,stn:demo:S0114,108,30,150,150,140.1,56.041,0.00054256,Villach,Bruck an der Mur
city:2778067,stn:demo:S0114,216,60,42,43,40.464,56.461,0.00054256,Graz,Bruck an der Mur
city:2654675,city:2656173,428,118,13,13,18.569,85.705,0.00053843,Bristol,Bath
city:2618425,city:2624886,216,60,244,245,223.26,54.675,0.00053549,Copenhagen,Aalborg
city:2758401,city:2803138,216,60,32,33,48.335,87.882,0.00052992,Breda,Antwerp
city:2856883,city:2934246,216,60,102,103,145.83,84.95,0.00052878,Osnabrück,Düsseldorf
city:3181928,city:3182351,108,30,328,328,586.51,107.29,0.0005286,Bologna,Bari
city:2904789,city:2925533,108,30,133,133,242.95,109.6,0.00052725,Hildesheim,Frankfurt am Main
city:2992166,city:2996944,28,8,132,132,249.84,113.57,0.00052651,Montpellier,Lyon
city:3164419,city:3164527,268,74,22,22,44.805,122.19,0.00052592,Vicenza,Verona
city:2673730,city:2694762,240,66,92,93,173.82,112.14,0.0005238,Stockholm,Linköping
city:2861650,city:2911522,108,30,108,108,234.29,130.16,0.00052253,Nuremberg,Halle (Saale)
city:2641673,city:2644688,404,112,82,90,130.92,87.283,0.00051545,Newcastle upon Tyne,Leeds
city:2633352,city:2644210,216,60,114,115,138.84,72.436,0.00051538,York,Liverpool
city:2987914,city:3128760,56,16,80,80,157.73,118.3,0.00051259,Perpignan,Barcelona
city:2761369,city:2766824,668,182,135,143,251.73,105.62,0.00050782,Vienna,Salzburg
city:3143244,city:3159016,118,32,35,35,35.617,61.058,0.00050615,Oslo,Drammen
city:2659994,city:2988507,52,14,222,222,412.68,111.53,0.00050066,Lausanne,Paris
city:2904789,city:2950159,108,30,93,93,238.66,153.97,0.00050059,Hildesheim,Berlin
city:3117735,city:3118532,66,18,125,125,288.32,138.39,0.00049835,Madrid,León
city:2973783,city:2991214,272,76,53,55,97.529,106.39,0.00049748,Strasbourg,Mulhouse
city:2747373,city:2756253,216,60,84,85,107.63,75.977,0.0004935,The Hague,Eindhoven
city:3173435,city:3182351,108,30,395,395,786.59,119.48,0.00049281,Milan,Bari
city:2992166,city:3128760,56,16,154,156,284.37,109.37,0.00049258,Montpellier,Barcelona
city:3099424,city:756135,188,52,190,190,303.03,95.694,0.00049201,Gdynia,Warsaw
city:2618425,city:2864475,66,18,246,246,242.86,59.234,0.00049166,Copenhagen,Neumünster
city:2990919,city:2996944,28,8,172,172,320.64,111.85,0.000491,Narbonne,Lyon
city:2523630,city:3169070,80,22,340,340,498.7,88.006,0.00048978,Reggio Calabria,Rome
city:3060972,city:3078610,80,22,82,83,122.05,88.23,0.00048465,Bratislava,Brno
city:2657970,city:2867714,80,22,204,205,224.16,65.608,0.00048444,Winterthur,Munich
city:670474,city:683844,132,36,118,118,84.057,42.741,0.00048404,Ploieşti,Braşov
city:2910831,city:2911522,108,30,128,128,183,85.783,0.00048394,Hannover,Halle (Saale)
city:2873891,city:2925177,216,60,86,86,172.04,120.03,0.0004839,Mannheim,Freiburg
city:2518559,city:3124132,52,14,78,78,235.59,181.22,0.00048367,Elche,Cuenca
city:2664454,city:2673730,202,56,54,55,91.366,99.672,0.00048166,Västerås,Stockholm
city:2642465,city:2655603,428,118,48,48,91.935,114.92,0.00047622,Milton Keynes,Birmingham
city:2510911,city:2520600,132,36,94,95,99.248,62.683,0.00047533,Sevilla,Cadiz
city:2825297,city:2954172,352,98,82,83,134.63,97.322,0.00047449,Stuttgart,Augsburg
city:3164527,city:3181928,122,32,53,53,108.5,122.83,0.00047306,Verona,Bologna
city:3099434,city:3102014,80,22,108,108,143,79.443,0.00047233,Gdańsk,Bydgoszcz
city:2935517,city:2946447,108,30,96,96,90.564,56.602,0.00047211,Dortmund,Bonn
city:3114965,city:3117735,136,38,140,140,407.55,174.66,0.00047012,Ourense,Madrid
city:2745912,stn:demo:S0224,94,26,190,191,330.67,103.87,0.0004657,Utrecht,Frankfurt Flughafen Fernbf
city:2988507,city:2991214,160,44,172,172,388.08,135.38,0.00046527,Paris,Mulhouse
city:2513076,city:3117735,52,14,150,150,351.59,140.64,0.00046475,Orihuela,Madrid
city:3120304,city:3127461,42,12,168,168,191.38,68.349,0.00046197,Irun,Burgos
city:2874545,city:2911522,108,30,48,48,76.094,95.118,0.00046196,Magdeburg,Halle (Saale)
city:3081368,city:3083829,52,14,250,250,308.69,74.085,0.0004602,Wrocław,Szczecin
city:2861650,city:2886242,122,32,188,188,336.65,107.44,0.00045952,Nuremberg,Köln
city:2972328,city:2990440,202,54,103,103,125.76,73.258,0.00045725,Toulon,Nice
city:2923822,city:2929670,216,60,71,71,106.73,90.197,0.00045277,Fulda,Erfurt
city:2639912,city:2648579,188,52,132,133,254.05,114.61,0.00045178,Preston,Glasgow
city:3106672,city:3118532,66,18,63,63,126.13,120.12,0.00045175,Valladolid,León
city:2947416,city:2949186,108,30,58,58,109.44,113.22,0.00044979,Bochum,Bielefeld
city:2642465,city:2644210,216,60,100,101,213.43,126.79,0.00044395,Milton Keynes,Liverpool
city:3168673,city:3169070,296,82,110,111,233.77,126.36,0.00044256,Salerno,Rome
city:2809346,city:2929670,108,30,158,158,220.75,83.829,0.00043997,Wiesbaden,Erfurt
city:2867543,city:2944388,216,60,72,73,147.37,121.13,0.0004366,Münster,Bremen
city:634963,city:658225,452,124,88,88,160.4,109.36,0.00043606,Tampere,Helsinki
city:2644688,city:2654675,188,52,192,193,269.78,83.87,0.00043592,Leeds,Bristol
city:2972328,city:2988507,94,24,244,245,694.27,170.03,0.00043586,Toulon,Paris
city:3173529,city:3181928,188,52,70,71,131.89,111.45,0.00043575,Mestre,Bologna
city:2661552,city:3173435,52,14,183,183,212.58,69.698,0.00043309,Bern,Milan
city:2805753,city:2911240,108,30,38,38,66.294,104.67,0.0004295,Wuppertal,Hamm
city:2910831,city:2947416,108,30,108,108,198.86,110.48,0.00042168,Hannover,Bochum
city:2991214,city:2996944,56,16,143,163,292.08,107.51,0.00041963,Mulhouse,Lyon
city:2861650,city:2911298,230,62,260,300,461.64,92.328,0.0004151,Nuremberg,Hamburg
city:2637487,city:2655603,188,52,130,130,178.7,82.477,0.00041153,Southampton,Birmingham
city:2892518,city:2911298,324,90,133,133,250.65,113.08,0.00041015,Kassel,Hamburg
city:2935517,city:2945024,108,30,130,130,226.01,104.31,0.00040623,Dortmund,Braunschweig
city:2856883,city:2947416,216,60,64,65,104.92,96.848,0.00040509,Osnabrück,Bochum
city:2761369,city:2774326,108,30,235,235,234.92,59.98,0.00040416,Vienna,Klagenfurt am Wörthersee
city:2648579,city:2650752,216,60,80,80,104,78.002,0.00040212,Glasgow,Dundee
city:2517117,city:2519240,66,18,88,88,129.18,88.077,0.00040159,Granada,Córdoba
city:2825297,city:2907911,108,30,40,40,78.03,117.05,0.0003981,Stuttgart,Heidelberg
city:2659994,city:2660646,902,250,36,36,51.135,85.225,0.00039765,Lausanne,Geneva
city:2867714,city:2934246,216,60,272,272,486.44,107.3,0.00039657,Munich,Düsseldorf
city:2638077,city:2641673,188,52,122,123,177.1,86.389,0.00039647,Sheffield,Newcastle upon Tyne
city:2759661,city:2934246,122,30,74,75,103.33,82.663,0.00039607,Arnhem,Düsseldorf
city:2990363,city:2996944,28,8,108,108,216.14,120.08,0.00039494,Nîmes,Lyon
city:2657896,city:2761369,80,20,475,475,591.57,74.724,0.00039154,Zürich,Vienna
city:2805615,city:2867714,216,60,118,118,219.05,111.38,0.00039118,Würzburg,Munich
city:2892518,city:2923822,432,120,31,33,85.951,156.27,0.00038966,Kassel,Fulda
city:2633691,city:2639577,188,52,102,103,148.25,86.357,0.00038644,Wolverhampton,Reading
city:2928810,city:2944388,216,60,126,127,217.56,102.78,0.00038337,Essen,Bremen
city:2825297,city:2911298,108,30,298,298,533.26,107.37,0.0003828,Stuttgart,Hamburg
city:633679,city:658225,216,60,112,113,150.17,79.736,0.00038272,Turku,Helsinki
city:2934246,city:2949186,216,60,95,95,150.9,95.308,0.00037946,Düsseldorf,Bielefeld
city:2911240,city:2950159,216,60,163,163,393.04,144.68,0.00037936,Hamm,Berlin
city:2873891,city:2954172,216,60,122,122,216.77,106.61,0.0003788,Mannheim,Augsburg
city:3117735,city:3118514,160,44,124,125,386.55,185.54,0.00037507,Madrid,Lleida
city:2912621,city:2950159,108,30,186,186,427,137.74,0.00037478,Hagen,Berlin
city:2867714,city:2928810,216,60,298,298,493.25,99.313,0.0003737,Munich,Essen
city:2996944,city:3021372,132,36,110,110,174.41,95.135,0.00037163,Lyon,Dijon
city:2867543,city:2935517,216,60,28,28,50.952,109.18,0.00036996,Münster,Dortmund
city:2806654,city:2886242,108,30,188,188,311.84,99.523,0.00036934,Wolfsburg,Köln
city:2673730,city:2711537,216,60,184,185,397.4,128.89,0.00036741,Stockholm,Gothenburg
city:2867714,city:3052009,52,14,300,300,454.34,90.867,0.00036696,Munich,Győr
city:2772400,city:2861650,122,30,182,183,267.07,87.563,0.0003603,Linz,Nuremberg
city:2522258,city:3124132,184,50,32,33,121.59,221.07,0.00035837,Albacete,Cuenca
city:2639577,city:2641598,432,120,72,73,141.01,115.9,0.00035688,Reading,Newport
city:2934691,city:2945024,108,30,165,165,274.46,99.803,0.00035281,Duisburg,Braunschweig
city:2911522,city:2945024,108,30,93,93,132.49,85.474,0.00035204,Halle (Saale),Braunschweig
city:3165524,city:3181928,188,52,116,116,295.25,152.71,0.00034824,Turin,Bologna
city:2756669,city:2759794,428,118,80,80,64.431,48.323,0.0003472,Dordrecht,Amsterdam
city:2934246,stn:demo:S0224,310,86,74,78,181.33,139.49,0.00034447,Düsseldorf,Frankfurt Flughafen Fernbf
city:2825297,city:2873891,432,120,36,38,94.048,148.5,0.00034394,Stuttgart,Mannheim
city:2806654,city:2904789,108,30,43,43,64.16,89.526,0.00033832,Wolfsburg,Hildesheim
city:658225,city:660158,216,60,12,13,16.154,74.555,0.00033804,Helsinki,Espoo
city:3169522,city:3176959,456,126,50,53,113.33,128.29,0.00033741,Reggio nell'Emilia,Florence
city:2904789,city:2945024,108,30,23,23,41.259,107.63,0.00033266,Hildesheim,Braunschweig
city:2910831,city:2934246,216,60,145,145,239.85,99.248,0.00033221,Hannover,Düsseldorf
city:2861650,city:2910831,122,32,180,180,337.68,112.56,0.00033205,Nuremberg,Hannover
city:2633352,city:2655603,188,52,128,128,172.92,81.058,0.00032858,York,Birmingham
city:2910831,city:2923822,324,90,88,88,202.29,137.93,0.00032812,Hannover,Fulda
city:2642465,city:2652221,428,118,26,26,65.573,151.32,0.00032629,Milton Keynes,Coventry
city:2805615,city:2849483,94,26,108,108,178.06,98.922,0.00032545,Würzburg,Regensburg
city:2861650,city:2934691,122,32,226,226,376.25,99.89,0.00032504,Nuremberg,Duisburg
city:2639577,city:2640729,616,170,22,28,38.341,82.159,0.00032168,Reading,Oxford
city:2972315,city:3031582,160,44,118,118,211.97,107.78,0.00032151,Toulouse,Bordeaux
city:3164419,city:3171728,268,74,12,14,30.562,130.98,0.0003177,Vicenza,Padua
city:2638077,city:2653225,216,60,10,10,15.143,90.858,0.00031753,Sheffield,Chesterfield
city:2772400,city:2775220,188,50,178,178,245.22,82.658,0.00031418,Linz,Innsbruck
city:2657896,city:2659994,644,178,121,121,173.58,86.071,0.00031297,Zürich,Lausanne
city:2856883,city:2928810,216,60,76,77,115.36,89.895,0.00031215,Osnabrück,Essen
city:2636432,city:2639577,216,60,142,143,206.35,86.582,0.00031183,Swansea,Reading
city:2524170,city:2525068,28,8,88,88,88.773,60.527,0.00031129,Messina,Catania
city:3109642,city:3119841,94,26,28,28,55.914,119.81,0.00031013,Santiago de Compostela,A Coruña
city:3105976,city:3109642,42,12,73,73,73.465,60.382,0.00031013,Vigo,Santiago de Compostela
city:2934246,city:2944388,216,60,152,153,248.13,97.307,0.00030643,Düsseldorf,Bremen
city:2659994,city:3021372,52,14,122,122,151.6,74.556,0.00030459,Lausanne,Dijon
city:2820256,city:2873891,216,60,82,82,164.63,120.46,0.00030401,Ulm,Mannheim
city:2805753,city:2949186,108,30,73,73,128.84,105.9,0.00030357,Wuppertal,Bielefeld
city:2911240,city:2912621,108,30,21,21,42.966,122.76,0.00030107,Hamm,Hagen
city:2657896,city:2775220,80,20,210,210,214.74,61.355,0.00030057,Zürich,Innsbruck
city:2523083,city:3172394,28,8,508,508,429.08,50.679,0.00029944,Siracusa,Naples
city:2987914,city:2988507,80,22,295,295,685.8,139.48,0.00029851,Perpignan,Paris
city:2879139,city:2945024,108,30,120,120,163.38,81.69,0.00029834,Leipzig,Braunschweig
city:2772400,city:2925533,108,28,310,310,453.78,87.828,0.00029688,Linz,Frankfurt am Main
city:2636841,city:2643123,508,140,38,41,53.131,77.752,0.00029677,Stoke-on-Trent,Manchester
city:3169070,city:3174659,66,18,211,211,256.16,72.841,0.00029669,Rome,Livorno
city:3106672,city:3127461,70,20,48,48,113.76,142.19,0.00029505,Valladolid,Burgos
city:3171168,city:3173435,108,30,245,245,522.05,127.85,0.00029207,Pescara,Milan
city:2761369,city:2849483,94,26,202,203,326.46,96.492,0.00029162,Vienna,Regensburg
city:2972315,city:2995469,66,18,228,228,319.64,84.117,0.0002907,Toulouse,Marseille
city:2873891,city:2907911,108,30,13,13,18.543,85.582,0.00029054,Mannheim,Heidelberg
city:2886242,city:2954172,108,30,216,216,402.31,111.75,0.000289,Köln,Augsburg
city:3104324,city:3118514,160,44,42,43,124.69,173.99,0.00028524,Zaragoza,Lleida
city:2934691,city:2954172,108,30,254,254,450.94,106.52,0.00028513,Duisburg,Augsburg
city:3171728,city:3173529,456,126,12,13,29.549,136.38,0.00028319,Padua,Mestre
city:2886946,city:2935517,108,30,131,131,129.38,59.258,0.0002824,Koblenz,Dortmund
city:2820256,city:2988507,28,8,242,242,563.75,139.77,0.00028181,Ulm,Paris
city:2805615,city:2861650,338,90,52,53,89.492,101.31,0.00028026,Würzburg,Nuremberg
city:2892794,city:2973783,84,24,36,37,67.582,109.59,0.00028014,Karlsruhe,Strasbourg
city:2911298,city:2923822,324,90,168,168,334.19,119.36,0.00027843,Hamburg,Fulda
city:3174659,city:3176219,66,18,147,147,146.22,59.681,0.00027817,Livorno,Genoa
city:2754394,city:2950159,94,26,226,226,449.77,119.41,0.00027669,Hengelo,Berlin
city:2766824,city:2772400,668,182,68,68,108.17,95.446,0.00027452,Salzburg,Linz
city:2892794,city:2950159,108,30,298,298,525.79,105.86,0.00027352,Karlsruhe,Berlin
city:2944388,city:2947416,216,60,114,115,207.67,108.35,0.00027259,Bremen,Bochum
city:2759706,city:2910831,94,26,180,180,256.58,85.527,0.00026782,Apeldoorn,Hannover
city:2892794,city:2954172,136,38,125,125,196.32,94.233,0.00026705,Karlsruhe,Augsburg
city:2993002,city:2998286,52,14,173,173,202.11,70.095,0.00026576,Montauban,Limoges
city:2990919,city:3031582,66,18,205,205,340.55,99.673,0.00026412,Narbonne,Bordeaux
city:3165524,city:3176959,188,52,154,154,317,123.51,0.00026346,Turin,Florence
city:2642465,city:2643123,160,44,100,101,188.54,112,0.0002633,Milton Keynes,Manchester
city:2673730,city:602150,14,2,400,400,513.46,77.019,0.00026269,Stockholm,Umeå
city:2692969,city:2711537,216,60,172,173,242.04,83.945,0.0002626,Malmö,Gothenburg
city:2923822,city:2935022,108,30,188,188,290.85,92.825,0.00026223,Fulda,Dresden
city:2825297,city:2874225,108,30,100,100,148.34,89.006,0.00026113,Stuttgart,Mainz
city:3117735,city:3120304,42,12,280,280,361.49,77.463,0.00025988,Madrid,Irun
city:3106672,city:3128026,28,8,182,182,231.73,76.394,0.00025435,Valladolid,Bilbao
city:3176885,city:3181928,108,30,263,263,480.91,109.71,0.00025409,Foggia,Bologna
city:2912621,city:2949186,108,30,56,56,104.62,112.09,0.0002539,Hagen,Bielefeld
city:2983990,city:3003603,80,22,38,38,140.01,221.07,0.00025251,Rennes,Le Mans
city:2820256,city:2825297,352,98,42,43,73.561,102.64,0.00025213,Ulm,Stuttgart
city:3173435,city:3176885,108,30,330,330,679.39,123.53,0.00025173,Milan,Foggia
city:2873891,city:2892518,324,90,123,125,216,103.68,0.0002509,Mannheim,Kassel
city:2874225,city:2935517,108,30,181,181,179.83,59.613,0.00024881,Mainz,Dortmund
city:2935517,city:2947416,324,90,10,10,17.665,105.99,0.00024826,Dortmund,Bochum
city:2867714,stn:demo:S0224,216,60,192,192,305.32,95.412,0.00024767,Munich,Frankfurt Flughafen Fernbf
city:3169070,city:3173529,188,52,206,206,400.84,116.75,0.00024443,Rome,Mestre
city:632453,city:634963,452,124,80,80,150.16,112.62,0.00024411,Vantaa,Tampere
city:2641673,city:2655603,188,52,188,188,277.72,88.634,0.00024307,Newcastle upon Tyne,Birmingham
city:2879139,city:2923822,216,60,116,116,208.2,107.69,0.00024303,Leipzig,Fulda
city:2775220,city:3165243,42,12,135,135,134.48,59.77,0.0002406,Innsbruck,Trento
city:2633352,city:2638077,188,52,62,63,68.704,65.433,0.00024017,York,Sheffield
city:2873891,city:2996944,14,4,266,266,496.38,111.97,0.00023633,Mannheim,Lyon
city:2775220,city:3181913,42,12,100,100,85.942,51.565,0.0002355,Innsbruck,Bolzano
city:2925533,city:2945024,108,30,158,158,271.39,103.06,0.00023496,Frankfurt am Main,Braunschweig
city:2928810,stn:demo:S0224,216,60,102,102,190.7,112.18,0.00023459,Essen,Frankfurt Flughafen Fernbf
city:2935022,stn:demo:S0224,108,30,255,255,381.52,89.769,0.00023264,Dresden,Frankfurt Flughafen Fernbf
city:2873891,city:2910831,216,60,180,180,332.45,110.82,0.00023185,Mannheim,Hannover
city:2879139,city:2935517,108,30,252,252,340.58,81.091,0.00023034,Leipzig,Dortmund
city:2964574,city:2965140,240,66,154,155,218.98,84.768,0.00022893,Dublin,Cork
city:2661604,city:2945024,108,30,328,328,564.44,103.25,0.00022459,Basel,Braunschweig
city:2886946,city:2934246,108,30,83,83,111.84,80.851,0.00022336,Koblenz,Düsseldorf
city:2639577,city:2640194,228,62,168,168,252.95,90.338,0.00022058,Reading,Plymouth
city:2874225,city:2946447,108,30,83,83,118.59,85.727,0.00022048,Mainz,Bonn
city:2805615,city:2923822,108,30,33,33,86.516,157.3,0.00021549,Würzburg,Fulda
city:3121456,city:3128760,216,60,38,38,86.17,136.06,0.00021473,Girona,Barcelona
city:2874545,city:2934691,108,30,210,210,343.62,98.176,0.00021441,Magdeburg,Duisburg
city:2988507,city:3121456,28,8,350,350,764.84,131.12,0.00021257,Paris,Girona
city:2655095,city:2655603,188,52,170,170,195.81,69.11,0.00020785,Bournemouth,Birmingham
city:2513416,city:2522258,52,14,73,73,128.61,105.7,0.00020781,Murcia,Albacete
city:2759821,city:2806654,94,26,248,248,368.01,89.034,0.00020765,Amersfoort,Wolfsburg
city:2820256,city:2892794,136,38,85,85,134.83,95.173,0.00020638,Ulm,Karlsruhe
city:2991214,city:2995469,56,16,255,273,518.05,113.86,0.00020216,Mulhouse,Marseille
city:726050,city:727011,42,12,470,470,377.64,48.209,0.0002021,Varna,Sofia
city:2639577,city:2649808,228,62,100,100,196.24,117.74,0.0002012,Reading,Exeter
city:3090048,city:3094802,160,44,144,145,157.9,65.336,0.00020009,Opole,Kraków
city:726848,city:727011,42,12,230,230,192.15,50.126,0.00019867,Stara Zagora,Sofia
city:3171728,city:3176959,188,52,94,95,188.05,118.77,0.00019822,Padua,Florence
city:2805615,city:2886242,122,32,133,133,247.71,111.75,0.00019749,Würzburg,Köln
city:3170647,city:3176219,66,18,130,130,139.96,64.599,0.00019673,Pisa,Genoa
city:2873891,city:2991214,14,4,121,121,210.49,104.37,0.0001967,Mannheim,Mulhouse
city:2640194,city:2655603,188,52,238,238,281.45,70.953,0.00019604,Plymouth,Birmingham
city:2759706,city:2950159,94,26,272,273,506.2,111.25,0.00019584,Apeldoorn,Berlin
city:2657896,city:2661552,644,178,56,56,95.478,102.3,0.0001955,Zürich,Bern
city:3169070,city:3171728,188,52,190,190,394.19,124.48,0.00019336,Rome,Padua
city:2633352,city:2646458,432,120,48,48,57.438,71.797,0.00019298,York,Huddersfield
city:2766824,city:3186886,28,8,412,412,313.93,45.718,0.00019257,Salzburg,Zagreb
city:2636882,city:2643123,936,258,8,8,9.516,71.37,0.00019189,Stockport,Manchester
city:2904789,city:2923822,108,30,81,81,178.85,132.48,0.00019178,Hildesheim,Fulda
city:2874225,city:2934246,108,30,133,133,173.98,78.487,0.00019171,Mainz,Düsseldorf
city:3176959,city:3177090,188,52,62,63,121.44,115.66,0.0001904,Florence,Ferrara
city:2911522,city:2934691,108,30,260,260,361.24,83.364,0.00018889,Halle (Saale),Duisburg
city:2523630,stn:demo:S0676,80,22,18,18,12.253,40.845,0.00018831,Reggio Calabria,Villa San Giovanni
city:3173529,city:3177090,188,52,46,46,87.646,114.32,0.00018795,Mestre,Ferrara
city:2649808,city:2655603,188,52,148,148,225.47,91.406,0.00018792,Exeter,Birmingham
city:649360,city:658225,216,60,50,50,98.733,118.48,0.00018592,Lahti,Helsinki
city:3104499,city:3127461,42,12,53,53,101.48,114.89,0.00018555,Gasteiz / Vitoria,Burgos
city:2892794,city:2911298,122,32,292,292,516.89,106.21,0.00018532,Karlsruhe,Hamburg
city:2867714,city:2892518,108,30,198,198,383.67,116.26,0.00018447,Munich,Kassel
city:2934691,stn:demo:S0224,310,86,88,92,199.14,129.87,0.00018444,Duisburg,Frankfurt Flughafen Fernbf
city:2772400,city:3054643,52,14,230,230,365.56,95.362,0.0001834,Linz,Budapest
city:3164527,city:3176959,80,20,93,93,185.58,119.73,0.00018236,Verona,Florence
city:3168673,city:3181928,188,52,242,243,510.04,125.94,0.00018218,Salerno,Bologna
city:2636882,city:2638077,428,118,40,40,45.959,68.939,0.00017883,Stockport,Sheffield
city:2772400,city:2805615,122,30,238,238,356.52,89.879,0.00017861,Linz,Würzburg
city:2945024,city:2949186,108,30,83,83,138.44,100.08,0.00017833,Braunschweig,Bielefeld
city:2874545,city:2945024,108,30,43,43,76.794,107.16,0.00017789,Magdeburg,Braunschweig
city:3127461,city:3128026,28,8,132,132,120.48,54.765,0.00017764,Burgos,Bilbao
city:2987914,city:2996944,28,8,208,208,373.24,107.67,0.00017431,Perpignan,Lyon
city:3104499,city:3106672,42,12,103,103,214.78,125.11,0.0001743,Gasteiz / Vitoria,Valladolid
city:2648579,city:2657832,216,60,150,150,194.33,77.733,0.00017426,Glasgow,Aberdeen
city:3172394,city:3176959,658,180,164,165,409.41,148.88,0.00017416,Naples,Florence
city:2990919,city:2993002,66,18,103,103,161.81,94.261,0.00017397,Narbonne,Montauban
city:2751283,city:2759794,428,118,135,135,178.4,79.288,0.00017255,Maastricht,Amsterdam
city:715126,city:721472,216,60,78,78,114.29,87.918,0.00017223,Szolnok,Debrecen
city:2874545,city:2935517,108,30,175,175,294.36,100.92,0.00017108,Magdeburg,Dortmund
city:2925177,city:2950159,108,30,358,358,639.67,107.21,0.00017056,Freiburg,Berlin
city:2624652,city:2624886,216,60,80,81,100.7,74.595,0.0001692,Århus,Aalborg
city:2923822,city:2945024,108,30,106,106,199.56,112.96,0.00016903,Fulda,Braunschweig
city:2918632,city:2923822,432,120,51,53,110.75,125.38,0.0001663,Göttingen,Fulda
city:2641673,city:2644210,216,60,180,180,195.1,65.034,0.00016482,Newcastle upon Tyne,Liverpool
city:2636389,city:2639577,860,238,28,28,57.191,122.55,0.00016456,Swindon,Reading
city:3165243,city:3181928,108,30,108,108,175.85,97.697,0.00016257,Trento,Bologna
city:2962943,city:2964574,108,30,135,135,175.39,77.951,0.00016255,Limerick,Dublin
city:3173529,city:3176959,188,52,110,111,206.17,111.44,0.00016154,Mestre,Florence
city:3171728,city:3181554,268,74,72,75,131.08,104.86,0.00016133,Padua,Brescia
city:2886946,city:2928810,108,30,108,108,128.92,71.623,0.00016115,Koblenz,Essen
city:3173529,city:3181554,268,74,88,90,158.3,105.53,0.00015966,Mestre,Brescia
city:2874225,city:2928810,108,30,158,158,186.69,70.895,0.0001596,Mainz,Essen
city:3081368,city:3099434,80,22,300,300,377.38,75.477,0.00015935,Wrocław,Gdańsk
city:633679,city:660158,216,60,98,98,134.02,82.053,0.00015683,Turku,Espoo
city:3165524,city:3168673,188,52,360,361,757.24,125.86,0.00015549,Turin,Salerno
city:2996944,city:3121456,28,8,250,250,449.02,107.77,0.00015518,Lyon,Girona
city:2825297,city:2934246,216,60,155,155,320.95,124.24,0.00015485,Stuttgart,Düsseldorf
city:3164527,city:3169070,80,20,190,190,412.8,130.36,0.00015383,Verona,Rome
city:2513076,city:3124132,52,14,93,93,243.1,156.84,0.00015241,Orihuela,Cuenca
city:2806654,city:2856883,94,26,108,108,186.3,103.5,0.00015201,Wolfsburg,Osnabrück
city:2509954,city:3108288,160,44,112,113,229.03,121.61,0.00015179,Valencia,Tarragona
city:2892518,city:2892794,216,60,153,153,268.16,105.16,0.00015055,Kassel,Karlsruhe
city:2523083,city:2524170,28,8,158,158,126.56,48.06,0.00014906,Siracusa,Messina
city:2633691,city:2640729,188,52,78,78,109.91,84.547,0.0001489,Wolverhampton,Oxford
city:2661604,city:2923822,216,60,218,218,366.35,100.83,0.00014854,Basel,Fulda
city:2911522,city:2935517,108,30,225,225,312.41,83.309,0.0001474,Halle (Saale),Dortmund
city:2928810,city:2945024,108,30,153,153,257.54,101,0.00014706,Essen,Braunschweig
city:2661604,city:2892518,216,60,253,253,440.47,104.46,0.00014505,Basel,Kassel
city:3003603,city:3037656,272,76,38,38,81.633,128.89,0.00014414,Le Mans,Angers
city:2820256,city:2886242,108,30,176,176,356.82,121.64,0.00014323,Ulm,Köln
city:2892794,city:2945024,108,30,228,228,391.78,103.1,0.00014156,Karlsruhe,Braunschweig
city:2825297,city:2935517,216,60,205,205,327.38,95.817,0.00014156,Stuttgart,Dortmund
city:2911240,city:2945024,108,30,115,115,196.44,102.49,0.00014129,Hamm,Braunschweig
city:3169070,city:3169522,456,126,141,141,347.14,147.72,0.00014109,Rome,Reggio nell'Emilia
city:2972315,city:2992166,66,18,128,128,195.86,91.809,0.00013934,Toulouse,Montpellier
city:2820256,city:2934691,108,30,214,214,408.79,114.61,0.00013729,Ulm,Duisburg
city:2825297,city:2910831,108,30,218,218,400.92,110.34,0.00013709,Stuttgart,Hannover
city:2805615,city:2892518,108,30,68,68,172.3,152.03,0.00013635,Würzburg,Kassel
city:2825297,city:2928810,216,60,181,181,334.99,111.05,0.00013625,Stuttgart,Essen
city:3096472,city:3099434,80,22,326,326,455.78,83.885,0.00013496,Katowice,Gdańsk
city:3176885,city:3182351,188,52,62,63,116.34,110.8,0.00013483,Foggia,Bari
city:258576,city:734077,80,22,72,73,120.73,99.234,0.00013479,Lárisa,Thessaloníki
city:2766824,city:3196359,28,8,262,262,223.83,51.259,0.00013375,Salzburg,Ljubljana
city:2805615,city:2934691,122,32,171,171,289.32,101.52,0.00013357,Würzburg,Duisburg
city:2772400,city:2849483,94,26,128,128,178.74,83.786,0.00013257,Linz,Regensburg
city:2615876,city:2864475,66,18,171,171,149.26,52.372,0.00013225,Odense,Neumünster
city:2809346,city:2935022,108,30,275,275,402.47,87.811,0.00013151,Wiesbaden,Dresden
city:2686657,city:3143244,42,12,218,218,260.83,71.787,0.00013151,Örebro,Oslo
city:3118532,city:3121424,66,18,108,108,104.31,57.949,0.00013115,León,Gijón
city:2633948,city:2648579,188,52,146,146,278.4,114.41,0.00013106,Wigan,Glasgow
city:2521978,city:2522258,132,36,48,48,139.49,174.36,0.00013058,Alicante,Albacete
city:683506,city:715126,14,2,728,728,550.31,45.355,0.00013035,Bucharest,Szolnok
city:3164419,city:3173529,268,74,28,29,54.716,113.2,0.00012764,Vicenza,Mestre
city:2987914,city:2992166,108,30,72,78,129.01,99.241,0.00012659,Perpignan,Montpellier
city:2892518,city:2945024,108,30,73,73,126.99,104.38,0.00012594,Kassel,Braunschweig
city:2524170,stn:demo:S0676,42,10,58,58,7.887,8.159,0.00012318,Messina,Villa San Giovanni
city:2825297,city:2946447,108,30,185,185,263.55,85.476,0.0001227,Stuttgart,Bonn
city:2873891,city:2945024,108,30,198,198,340.88,103.3,0.00012122,Mannheim,Braunschweig
city:2673730,city:2692969,248,68,270,270,512.79,113.95,0.00011974,Stockholm,Malmö
city:2861650,city:2934246,122,32,212,212,362.88,102.7,0.00011893,Nuremberg,Düsseldorf
city:633679,city:634963,108,30,105,105,142.4,81.373,0.0001184,Turku,Tampere
city:2873891,city:2918632,324,90,143,145,249.91,103.41,0.00011832,Mannheim,Göttingen
city:2972191,city:3031582,160,44,93,105,300.7,171.83,0.00011709,Tours,Bordeaux
city:2640729,city:2643123,188,52,150,150,203.32,81.328,0.00011611,Oxford,Manchester
city:3169070,city:3177090,188,52,158,158,335.41,127.37,0.00011526,Rome,Ferrara
city:2640729,city:2655603,188,52,60,60,92.234,92.234,0.00011475,Oxford,Birmingham
city:2634739,city:2648579,188,52,158,158,295.36,112.16,0.00011467,Warrington,Glasgow
city:2657970,city:2660646,428,118,186,186,243.8,78.645,0.00011466,Winterthur,Geneva
city:2636389,city:2636432,216,60,112,113,149.52,79.393,0.00011401,Swindon,Swansea
city:2861650,city:2928810,108,30,240,240,363.78,90.945,0.00011321,Nuremberg,Essen
city:2987914,city:2990919,108,30,31,32,54.76,102.68,0.00011311,Perpignan,Narbonne
city:2892794,city:2991214,14,4,93,93,160.8,103.74,0.00011309,Karlsruhe,Mulhouse
city:2844988,city:3052009,52,14,262,262,412.35,94.432,0.00011254,Rosenheim,Győr
city:2911298,city:2925177,122,32,350,350,635.67,108.97,0.00011171,Hamburg,Freiburg
city:2706767,city:2711537,216,60,128,128,189.85,88.991,0.00011115,Helsingborg,Gothenburg
city:2867714,city:2918632,108,30,218,218,395.66,108.9,0.00011101,Munich,Göttingen
city:3247449,stn:demo:S0224,66,18,93,93,193.7,124.97,0.00010994,Aachen,Frankfurt Flughafen Fernbf
city:2990969,city:3003603,272,76,70,71,157.93,133.46,0.00010976,Nantes,Le Mans
city:2759794,stn:demo:S0224,94,26,220,220,363.69,99.188,0.00010724,Amsterdam,Frankfurt Flughafen Fernbf
city:3159016,city:3161732,66,18,383,383,280.15,43.888,0.00010711,Drammen,Bergen
city:2644688,city:2646458,432,120,20,22,22.594,61.621,0.00010644,Leeds,Huddersfield
city:2755251,city:2759879,216,60,96,96,131.07,81.919,0.0001058,Groningen,Almere Stad
city:2759794,city:2806654,94,26,282,283,399.67,84.735,0.00010558,Amsterdam,Wolfsburg
city:632453,city:649360,216,60,35,35,83.702,143.49,0.00010541,Vantaa,Lahti
city:2806654,city:2925533,108,30,178,178,295.28,99.534,0.00010513,Wolfsburg,Frankfurt am Main
city:2954172,city:2973783,28,8,176,176,233.59,79.634,0.00010337,Augsburg,Strasbourg
city:2518559,city:2522258,52,14,43,43,129.22,180.31,0.00010238,Elche,Albacete
city:683506,city:686254,14,2,578,578,422.05,43.811,0.00010156,Bucharest,Arad
city:3172394,city:3173529,188,52,278,278,541.29,116.83,9.9663e-05,Naples,Mestre
city:2766824,city:3054643,52,14,302,302,450.32,89.468,9.9565e-05,Salzburg,Budapest
city:2267057,city:2740637,216,60,100,100,176.27,105.76,9.8734e-05,Lisbon,Coimbra
city:670474,city:683506,132,36,40,40,58.005,87.008,9.7788e-05,Ploieşti,Bucharest
city:2895992,city:2910831,108,30,218,218,418.28,115.12,9.7237e-05,Ingolstadt,Hannover
city:264371,city:734077,80,22,254,255,303.21,71.343,9.6588e-05,Athens,Thessaloníki
city:2892794,city:2910831,122,32,210,210,385.27,110.08,9.5486e-05,Karlsruhe,Hannover
city:3094802,city:3099434,108,30,306,306,485.1,95.117,9.4969e-05,Kraków,Gdańsk
city:3181913,city:3181928,108,30,138,138,222.04,96.54,9.3759e-05,Bolzano,Bologna
city:632453,city:658225,668,184,6,6,15.032,150.32,9.3418e-05,Vantaa,Helsinki
city:2879139,city:2949186,108,30,205,205,275.55,80.65,9.2886e-05,Leipzig,Bielefeld
city:2879139,city:2928810,108,30,275,275,371.93,81.148,9.1107e-05,Leipzig,Essen
city:2743477,city:2751792,216,60,56,56,79.092,84.742,9.0853e-05,Zwolle,Leeuwarden
city:2743477,city:2759879,216,60,38,38,61.729,97.467,9.0853e-05,Zwolle,Almere Stad
city:2621951,city:2864475,66,18,138,138,166.53,72.406,8.9281e-05,Fredericia,Neumünster
city:3165524,city:3172394,188,52,320,321,711.49,132.99,8.8926e-05,Turin,Naples
city:258576,city:264371,80,22,180,180,215.09,71.697,8.8743e-05,Lárisa,Athens
city:727011,city:732770,42,12,400,400,339.87,50.98,8.8448e-05,Sofia,Burgas
city:2972191,city:2989317,94,26,60,61,106.15,104.41,8.7943e-05,Tours,Orléans
city:3164419,city:3181554,268,74,58,59,103.8,105.56,8.7649e-05,Vicenza,Brescia
city:2809346,city:2879139,108,30,203,203,322.22,95.237,8.6717e-05,Wiesbaden,Leipzig
city:2990363,city:3121456,56,16,140,140,240.96,103.27,8.5115e-05,Nîmes,Girona
city:2874545,city:2911240,108,30,160,160,266.18,99.816,8.422e-05,Magdeburg,Hamm
city:686254,city:715126,14,2,148,148,139.91,56.721,8.3603e-05,Arad,Szolnok
city:2661604,city:2918632,230,62,273,273,473.68,104.11,8.3211e-05,Basel,Göttingen
city:3137115,city:3159016,52,14,433,433,267.55,37.074,8.2866e-05,Stavanger,Drammen
city:2676176,city:2694762,240,66,68,68,144.67,127.65,8.1549e-05,Södertälje,Linköping
city:2676176,city:2711537,216,60,160,161,368.31,137.26,8.1549e-05,Södertälje,Gothenburg
city:2886242,city:2911522,108,30,300,300,355.56,71.112,8.1124e-05,Köln,Halle (Saale)
city:2892794,city:2918632,230,62,173,175,301.02,103.21,8.0956e-05,Karlsruhe,Göttingen
city:2987914,city:2990363,108,30,98,108,173.38,96.322,8.0075e-05,Perpignan,Nîmes
city:2633691,city:2637487,188,52,148,148,193.41,78.41,8.0029e-05,Wolverhampton,Southampton
city:2983990,city:3030300,94,26,114,115,210.49,109.82,7.9695e-05,Rennes,Brest
city:2934246,city:2945024,108,30,180,180,282.82,94.273,7.9653e-05,Düsseldorf,Braunschweig
city:3106672,city:3110044,42,12,198,198,291.12,88.217,7.9536e-05,Valladolid,Donostia / San Sebastián
city:2993002,city:3031582,160,44,92,93,178.84,115.38,7.7634e-05,Montauban,Bordeaux
city:715126,city:716935,216,60,112,113,142.82,75.832,7.7607e-05,Szolnok,Nyíregyháza
city:2861650,city:2892518,108,30,125,125,235.35,112.97,7.7246e-05,Nuremberg,Kassel
city:2792413,stn:demo:S0224,66,18,121,121,222.64,110.4,7.7082e-05,Liège,Frankfurt Flughafen Fernbf
city:2861650,city:2923822,108,30,90,90,157.9,105.27,7.6743e-05,Nuremberg,Fulda
city:3105976,city:3114965,42,12,108,108,71.567,39.759,7.6499e-05,Vigo,Ourense
city:2874545,city:2949186,108,30,128,128,212,99.373,7.5931e-05,Magdeburg,Bielefeld
city:2895992,city:2911298,108,30,298,298,541.38,109,7.5857e-05,Ingolstadt,Hamburg
city:2636841,city:2640729,188,52,110,110,152.83,83.364,7.5451e-05,Stoke-on-Trent,Oxford
city:2805615,city:2918632,108,30,88,88,193.54,131.96,7.5076e-05,Würzburg,Göttingen
city:2762372,city:2766824,28,8,168,168,145.75,52.055,7.5043e-05,Villach,Salzburg
city:2820256,city:2973783,28,8,134,134,166.79,74.682,7.4842e-05,Ulm,Strasbourg
city:3096472,city:3099424,80,22,350,350,474.76,81.388,7.4823e-05,Katowice,Gdynia
city:2640729,city:2655095,188,52,108,108,122.66,68.145,7.4171e-05,Oxford,Bournemouth
city:2911240,city:2911522,108,30,210,210,288.16,82.331,7.3868e-05,Hamm,Halle (Saale)
city:2759661,stn:demo:S0224,94,26,154,155,283.71,109.82,7.364e-05,Arnhem,Frankfurt Flughafen Fernbf
city:3114965,city:3119841,94,26,68,68,122.95,108.48,7.3366e-05,Ourense,A Coruña
city:2892794,city:2995469,14,4,350,350,676.39,115.95,7.2992e-05,Karlsruhe,Marseille
city:2664454,city:3143244,42,12,268,268,326.69,73.14,7.1588e-05,Västerås,Oslo
city:2867714,city:2923822,108,30,163,163,301.66,111.04,7.1311e-05,Munich,Fulda
city:2523630,city:3172394,80,22,268,268,327.46,73.312,6.9715e-05,Reggio Calabria,Naples
city:3171728,city:3172394,188,52,262,262,542.15,124.16,6.931e-05,Padua,Naples
city:2873891,city:2995469,14,4,378,378,727.91,115.54,6.894e-05,Mannheim,Marseille
city:2524170,city:3168673,28,8,308,308,283.53,55.233,6.8195e-05,Messina,Salerno
city:2806654,city:2949186,108,30,80,80,159.17,119.38,6.7844e-05,Wolfsburg,Bielefeld
city:2661604,city:2806654,108,30,348,348,587.54,101.3,6.7543e-05,Basel,Wolfsburg
city:2661604,city:2904789,108,30,303,303,538.27,106.59,6.7093e-05,Basel,Hildesheim
city:2873891,city:2904789,108,30,173,173,313.77,108.82,6.5385e-05,Mannheim,Hildesheim
city:2523083,stn:demo:S0676,28,8,218,218,130.85,36.013,6.5128e-05,Siracusa,Villa San Giovanni
city:2910831,city:2925177,122,32,268,268,504.49,112.95,6.5039e-05,Hannover,Freiburg
city:3094802,city:3099230,160,44,100,100,93.485,56.091,6.4309e-05,Kraków,Gliwice
city:3044774,city:3186886,14,4,303,303,240.92,47.707,6.3319e-05,Székesfehérvár,Zagreb
city:2825297,city:2886946,108,30,150,150,209.29,83.718,6.3164e-05,Stuttgart,Koblenz
city:3171728,city:3177090,188,52,30,30,66.704,133.41,6.1329e-05,Padua,Ferrara
city:2639577,city:2656173,428,118,58,58,96.855,100.19,6.1311e-05,Reading,Bath
city:2892794,city:2904789,108,30,203,203,365.96,108.17,5.8669e-05,Karlsruhe,Hildesheim
city:2972315,city:2990363,66,18,158,158,235.6,89.47,5.7501e-05,Toulouse,Nîmes
city:2907911,city:2946447,108,30,143,143,186.34,78.184,5.7429e-05,Heidelberg,Bonn
city:2874545,city:2928810,108,30,198,198,326.38,98.904,5.7243e-05,Magdeburg,Essen
city:2990919,city:3121456,56,16,74,74,134.31,108.9,5.7099e-05,Narbonne,Girona
city:2805753,city:2806654,108,30,155,155,281.35,108.91,5.6757e-05,Wuppertal,Wolfsburg
city:728193,city:732770,42,12,248,248,226.9,54.896,5.6728e-05,Plovdiv,Burgas
city:2895992,city:2923822,108,30,128,128,235.15,110.23,5.5865e-05,Ingolstadt,Fulda
city:3165243,city:3176959,66,18,148,148,254.67,103.25,5.5613e-05,Trento,Florence
city:2911522,city:2949186,108,30,178,178,244.97,82.575,5.536e-05,Halle (Saale),Bielefeld
city:2633709,city:2655095,428,118,78,78,113.85,87.575,5.5187e-05,Woking,Bournemouth
city:3165243,city:3169070,66,18,245,245,477.46,116.93,5.4102e-05,Trento,Rome
city:2640354,city:2651123,428,118,51,51,120.94,142.28,5.3381e-05,Peterborough,Doncaster
city:650224,city:658225,108,30,250,250,335.76,80.584,5.2781e-05,Kuopio,Helsinki
city:2923822,city:2925177,216,60,178,178,313.43,105.65,5.2524e-05,Fulda,Freiburg
city:2874545,city:2934246,108,30,225,225,349.42,93.179,5.21e-05,Magdeburg,Düsseldorf
city:632453,city:650224,108,30,235,235,320.74,81.891,5.1227e-05,Vantaa,Kuopio
city:2640354,city:2650225,428,118,215,215,421.57,117.65,5.0945e-05,Peterborough,Edinburgh
city:2911522,city:2928810,108,30,248,248,344.01,83.228,5.0164e-05,Halle (Saale),Essen
city:2954172,stn:demo:S0224,108,30,160,160,252.08,94.532,4.9815e-05,Augsburg,Frankfurt Flughafen Fernbf
city:2972315,city:2998286,52,14,203,203,248.38,73.412,4.9275e-05,Toulouse,Limoges
city:2990969,city:3031582,42,12,250,250,274.66,65.919,4.8111e-05,Nantes,Bordeaux
city:726848,city:732770,42,12,168,168,150.02,53.578,4.7888e-05,Stara Zagora,Burgas
city:2844988,city:3165243,42,12,208,208,212.89,61.411,4.7776e-05,Rosenheim,Trento
city:2911522,city:2934246,108,30,275,275,362.19,79.023,4.7208e-05,Halle (Saale),Düsseldorf
city:2806654,city:2873891,108,30,218,218,364.4,100.29,4.6522e-05,Wolfsburg,Mannheim
city:2693678,city:2706767,216,60,30,30,49.041,98.082,4.6349e-05,Lund,Helsingborg
city:3094802,city:3099424,108,30,330,330,504.74,91.772,4.6306e-05,Kraków,Gdynia
city:2805615,city:2934246,122,32,157,157,274.86,105.04,4.6084e-05,Würzburg,Düsseldorf
city:2844988,city:3181913,42,12,173,173,162.97,56.522,4.582e-05,Rosenheim,Bolzano
city:2513076,city:2522258,52,14,58,58,128.54,132.97,4.4655e-05,Orihuela,Albacete
city:2861650,city:2918632,108,30,145,145,245.08,101.41,4.412e-05,Nuremberg,Göttingen
city:3110044,city:3127461,42,12,148,148,177.5,71.959,4.3676e-05,Donostia / San Sebastián,Burgos
city:2657970,city:2661552,644,178,82,83,114.62,82.856,4.3574e-05,Winterthur,Bern
city:2640194,city:2644688,188,52,342,343,420.03,73.474,4.3556e-05,Plymouth,Leeds
city:2805615,city:2928810,108,30,185,185,277.74,90.077,4.3268e-05,Würzburg,Essen
city:2657896,city:2766824,80,20,330,330,340.43,61.897,4.2995e-05,Zürich,Salzburg
city:2633691,city:2655095,188,52,188,188,208.06,66.401,4.1939e-05,Wolverhampton,Bournemouth
city:2638077,city:2640194,188,52,302,303,381.91,75.625,4.1778e-05,Sheffield,Plymouth
city:2934246,city:2954172,108,30,240,240,433.41,108.35,4.1732e-05,Düsseldorf,Augsburg
city:2657896,city:2772400,80,20,400,400,440.59,66.088,4.1691e-05,Zürich,Linz
city:2935517,city:2954172,108,30,290,290,427.1,88.366,4.0875e-05,Dortmund,Augsburg
city:3169070,city:3181913,66,18,275,275,519.8,113.41,4.0779e-05,Rome,Bolzano
city:2633352,city:2640354,428,118,66,66,163.6,148.73,4.0106e-05,York,Peterborough
city:2806654,city:2912621,108,30,138,138,256.05,111.32,3.9141e-05,Wolfsburg,Hagen
city:2989317,city:2998286,52,14,136,136,235.4,103.85,3.8881e-05,Orléans,Limoges
city:2928810,city:2954172,108,30,266,266,441.58,99.604,3.8539e-05,Essen,Augsburg
city:3169522,city:3172394,456,126,218,223,520.46,140.03,3.8474e-05,Reggio nell'Emilia,Naples
city:2879139,city:2911240,108,30,237,237,317.13,80.286,3.7814e-05,Leipzig,Hamm
city:2844588,city:2935022,94,26,270,270,354.61,78.801,3.7486e-05,Rostock,Dresden
city:2886946,city:2907911,108,30,108,108,131.94,73.303,3.7184e-05,Koblenz,Heidelberg
city:3176959,city:3181913,66,18,178,178,301.59,101.66,3.7016e-05,Florence,Bolzano
city:2519752,city:3108288,160,44,82,83,166.88,120.63,3.6757e-05,Castelló de la Plana,Tarragona
city:683844,city:715126,14,2,568,568,448.08,47.333,3.5884e-05,Braşov,Szolnok
city:3172394,city:3177090,188,52,230,230,492.9,128.58,3.5221e-05,Naples,Ferrara
city:2638077,city:2649808,188,52,212,213,327.56,92.269,3.4761e-05,Sheffield,Exeter
city:2634910,city:2640354,428,118,71,71,148.92,125.85,3.4027e-05,Wakefield,Peterborough
city:2615876,city:2624886,216,60,168,168,185.98,66.421,3.1452e-05,Odense,Aalborg
city:643492,city:658225,132,36,332,333,539.18,97.15,3.0851e-05,Oulu,Helsinki
city:632453,city:643492,132,36,324,325,525.09,96.94,3.0819e-05,Vantaa,Oulu
city:3137115,city:3149318,52,14,193,193,159.99,49.737,2.9234e-05,Stavanger,Kristiansand
city:2644688,city:2649808,188,52,252,253,367.26,87.097,2.8704e-05,Leeds,Exeter
city:2820256,stn:demo:S0224,108,30,120,120,210.94,105.47,2.8543e-05,Ulm,Frankfurt Flughafen Fernbf
city:3149318,city:3159016,52,14,238,238,218.14,54.993,2.7977e-05,Kristiansand,Drammen
city:3171168,city:3176885,108,30,83,83,157.5,113.85,2.7793e-05,Pescara,Foggia
city:2992166,city:3031582,66,18,255,255,380.5,89.529,2.7788e-05,Montpellier,Bordeaux
city:2805615,city:2895992,108,30,93,93,156.51,100.97,2.772e-05,Würzburg,Ingolstadt
city:2754394,city:2806654,94,26,172,173,271.47,94.152,2.6666e-05,Hengelo,Wolfsburg
city:2992166,city:3121456,56,16,114,116,200.3,103.6,2.6108e-05,Montpellier,Girona
city:2640354,city:2641673,428,118,123,123,281.51,137.32,2.6037e-05,Peterborough,Newcastle upon Tyne
city:2636882,city:2640729,188,52,140,140,194.12,83.193,2.5172e-05,Stockport,Oxford
city:683844,city:686254,14,2,418,418,337.07,48.384,2.4271e-05,Braşov,Arad
city:3171168,city:3182351,108,30,148,148,266.47,108.03,2.2424e-05,Pescara,Bari
city:634963,city:643492,132,36,238,238,399.57,100.73,2.1469e-05,Tampere,Oulu
city:2692969,city:2694762,240,66,172,175,349.88,119.96,2.0748e-05,Malmö,Linköping
city:2820256,city:2934246,108,30,200,200,389.52,116.86,2.0668e-05,Ulm,Düsseldorf
city:2820256,city:2935517,108,30,250,250,390.76,93.781,1.9535e-05,Ulm,Dortmund
city:2806654,city:2911240,108,30,115,115,218.68,114.09,1.9381e-05,Wolfsburg,Hamm
city:2820256,city:2928810,108,30,226,226,401.32,106.54,1.8666e-05,Ulm,Essen
city:2790471,city:2960316,108,30,123,123,131.33,64.061,1.852e-05,Namur,Luxembourg
city:2960316,city:2994160,400,110,42,50,54.641,65.57,1.852e-05,Luxembourg,Metz
city:2525068,city:3168673,28,8,398,398,354.76,53.482,1.8208e-05,Catania,Salerno
city:2925177,city:2945024,108,30,288,288,511.56,106.58,1.7939e-05,Freiburg,Braunschweig
city:2657970,city:2659994,428,118,148,148,193,78.241,1.7577e-05,Winterthur,Lausanne
city:2772400,city:3052009,52,14,138,138,258.63,112.45,1.6663e-05,Linz,Győr
city:3169361,city:3171168,108,30,123,123,221.81,108.2,1.5204e-05,Rimini,Pescara
city:2759706,city:2806654,94,26,220,220,327.89,89.426,1.4622e-05,Apeldoorn,Wolfsburg
city:3168673,city:3172394,296,82,38,38,48.398,76.418,1.4605e-05,Salerno,Naples
city:2992166,city:2993002,66,18,153,153,207.35,81.314,1.4155e-05,Montpellier,Montauban
city:2892518,city:2925177,216,60,213,213,387.81,109.24,1.3104e-05,Kassel,Freiburg
city:3168673,city:3176959,188,52,204,205,452.02,132.3,1.1894e-05,Salerno,Florence
city:649360,city:650224,108,30,198,198,237.06,71.835,1.1426e-05,Lahti,Kuopio
city:2523630,city:3168673,80,22,228,228,294.8,77.579,1.1114e-05,Reggio Calabria,Salerno
city:2972315,city:2989317,52,14,341,341,479.27,84.329,1.0906e-05,Toulouse,Orléans
city:2892518,city:2895992,108,30,163,163,315.21,116.03,1.0079e-05,Kassel,Ingolstadt
city:2990363,city:3031582,66,18,285,285,408.24,85.945,9.9309e-06,Nîmes,Bordeaux
city:3169361,city:3182351,108,30,273,273,480.31,105.56,8.5836e-06,Rimini,Bari
city:2806654,city:2892794,108,30,248,248,414.93,100.39,8.5364e-06,Wolfsburg,Karlsruhe
city:2806654,city:2923822,108,30,126,126,221.89,105.66,7.5729e-06,Wolfsburg,Fulda
city:2766824,city:3052009,52,14,210,210,343.5,98.143,7.2512e-06,Salzburg,Győr
city:2918632,city:2925177,230,62,233,233,420.83,108.37,6.8921e-06,Göttingen,Freiburg
city:3169361,city:3176885,108,30,208,208,378.07,109.06,5.9984e-06,Rimini,Foggia
city:2895992,city:2918632,108,30,183,183,325.74,106.8,5.8451e-06,Ingolstadt,Göttingen
city:2523083,city:3168673,28,8,468,468,402.57,51.612,5.788e-06,Siracusa,Salerno
city:2666199,city:602150,14,2,358,358,462.23,77.469,4.5417e-06,Uppsala,Umeå
city:2904789,city:2925177,108,30,263,263,485.62,110.79,4.3665e-06,Hildesheim,Freiburg
city:2806654,city:2925177,108,30,308,308,534.63,104.15,4.3023e-06,Wolfsburg,Freiburg
city:3168673,city:3169522,188,52,258,258,561.81,130.65,2.8838e-06,Salerno,Reggio nell'Emilia
city:3026204,city:3029213,52,14,188,188,263.55,84.113,0,Châteauroux,Cahors
city:3028641,city:3036938,66,18,128,128,191.17,89.611,0,Carcassonne,Arles
city:3017253,city:3037456,80,22,34,35,35.45,60.772,0,Fréjus,Antibes
city:3053163,city:3078610,80,22,152,153,221.42,86.832,0,Esztergom,Brno
city:3047679,city:3197728,14,4,48,48,34.528,43.16,0,Nagykanizsa,Koprivnica
city:3035681,stn:demo:S0656,80,22,30,30,116.74,233.48,0,Avignon,Valence TGV
city:3053163,city:3078773,80,22,118,118,174.57,88.765,0,Esztergom,Břeclav
city:3028641,city:3038634,66,18,108,108,176.91,98.286,0,Carcassonne,Agen
city:3028641,city:3031582,66,18,175,175,295.73,101.39,0,Carcassonne,Bordeaux
city:3026204,city:3029974,52,14,123,123,184.29,89.896,0,Châteauroux,Brive-la-Gaillarde
city:3028641,city:3032833,66,18,45,45,71.415,95.22,0,Carcassonne,Béziers
city:3017253,city:3028808,80,22,22,23,25.932,67.649,0,Fréjus,Cannes
city:3017253,stn:demo:S0354,80,22,12,13,20.879,96.366,0,Fréjus,Les Arcs
city:3035681,stn:demo:S0410,108,30,182,182,568.79,187.51,0,Avignon,Marne-la-Vallee Chessy
city:2633352,city:2654675,188,52,218,218,296.34,81.562,0,York,Bristol
city:3021000,city:3036784,80,22,14,14,22.806,97.739,0,Douai,Arras
city:3021372,city:3027484,132,36,32,33,60.423,109.86,0,Dijon,Chalon-sur-Saône
city:3037854,city:3038789,66,18,33,33,40.286,73.247,0,Amiens,Abbeville
city:3021670,city:3031582,52,14,68,68,131.27,115.83,0,Dax,Bordeaux
city:3037656,stn:demo:S0410,84,24,116,116,292.07,151.07,0,Angers,Marne-la-Vallee Chessy
city:3047679,city:3186886,14,4,158,158,105.56,40.085,0,Nagykanizsa,Zagreb
city:3047679,city:3054643,14,4,200,200,194.09,58.227,0,Nagykanizsa,Budapest
city:3046526,stn:demo:S0569,108,30,108,108,95.023,52.79,0,Pécs,Sarbogard
city:3046526,city:3053590,108,30,53,53,34.131,38.639,0,Pécs,Dombóvár
city:3044082,city:3052009,108,30,43,43,56.79,79.242,0,Tatabánya,Győr
city:3045332,city:3197728,14,4,158,158,124.93,47.441,0,Siófok,Koprivnica
city:3044082,city:3054643,108,30,48,48,50.591,63.239,0,Tatabánya,Budapest
city:2633352,city:2640194,188,52,368,368,449.98,73.367,0,York,Plymouth
city:3045332,city:3186886,14,4,268,268,200.39,44.863,0,Siófok,Zagreb
city:3045332,city:3054643,14,4,90,90,99.371,66.247,0,Siófok,Budapest
city:3021670,city:3032797,52,14,38,38,47.903,75.637,0,Dax,Biarritz
city:3045332,city:3047679,14,4,108,108,95.585,53.103,0,Siófok,Nagykanizsa
city:2633691,city:2636841,188,52,30,30,46.744,93.488,0,Wolverhampton,Stoke-on-Trent
city:3025466,city:3029241,108,30,68,68,104.02,91.784,0,Cherbourg,Caen
city:3021670,city:3120304,52,14,60,60,72.27,72.27,0,Dax,Irun
city:3050434,city:3054543,216,60,22,23,30.746,80.206,0,Kecskemét,Cegléd
city:3035681,stn:demo:S0072,56,16,166,188,383.96,122.54,0,Avignon,Besancon Franche-Comte TGV
city:3021670,city:3034475,52,14,28,28,41.512,88.954,0,Dax,Bayonne
city:2633352,stn:demo:S0405,216,60,94,95,102.43,64.692,0,York,Manchester Airport
city:3050434,city:715429,216,60,68,68,80.591,71.11,0,Kecskemét,Szeged
city:3044774,city:3045332,14,4,33,33,41.506,75.466,0,Székesfehérvár,Siófok
city:3053163,city:3054643,80,22,62,63,39.669,37.78,0,Esztergom,Budapest
city:3053163,city:3060972,80,22,68,68,127.95,112.9,0,Esztergom,Bratislava
city:3053163,city:3067696,80,22,304,305,405.75,79.819,0,Esztergom,Prague
city:3035681,stn:demo:S0060,56,16,186,213,435.73,122.74,0,Avignon,Belfort-Montbeliard TGV
city:3035681,stn:demo:S0011,160,44,20,20,68.379,205.14,0,Avignon,Aix-en-Provence TGV
city:3044774,city:3197728,14,4,193,193,166.02,51.613,0,Székesfehérvár,Koprivnica
city:3044774,city:3047679,14,4,143,143,135.53,56.864,0,Székesfehérvár,Nagykanizsa
city:2624652,stn:demo:S0589,428,118,15,15,22.016,88.062,0,Århus,Skanderborg
city:2633691,city:2636882,188,52,60,60,91.69,91.69,0,Wolverhampton,Stockport
city:3028808,city:3037456,188,52,10,10,9.627,57.76,0,Cannes,Antibes
city:2633709,city:2633858,428,118,33,33,60.003,109.1,0,Woking,Winchester
city:3032797,city:3120304,52,14,20,20,24.504,73.512,0,Biarritz,Irun
city:3032797,city:3034475,52,14,8,8,6.908,51.807,0,Biarritz,Bayonne
city:3031582,stn:demo:S0410,52,14,181,181,515.68,170.94,0,Bordeaux,Marne-la-Vallee Chessy
city:3054543,city:3054643,216,60,44,45,67.701,90.269,0,Cegléd,Budapest
city:2998324,city:3031582,52,14,255,255,698.92,164.45,0,Lille,Bordeaux
city:3031582,stn:demo:S0008,52,14,201,201,520.98,155.52,0,Bordeaux,Aeroport CDG 2 TGV
city:2998324,city:3035681,108,30,256,256,755.02,176.96,0,Lille,Avignon
city:2998324,city:3037656,42,12,190,190,438.92,138.6,0,Lille,Angers
city:2998324,stn:demo:S0008,254,70,52,52,184.53,212.93,0,Lille,Aeroport CDG 2 TGV
city:3031582,city:3038634,160,44,62,63,118.82,113.16,0,Bordeaux,Agen
city:3031582,city:3037598,108,30,37,37,106.71,173.05,0,Bordeaux,Angoulême
city:3032833,city:3036938,66,18,81,81,120.16,89.006,0,Béziers,Arles
city:3037656,stn:demo:S0008,42,12,136,136,287.25,126.73,0,Angers,Aeroport CDG 2 TGV
city:3031582,city:3036938,66,18,305,305,434.61,85.497,0,Bordeaux,Arles
city:3031582,city:3034475,52,14,98,98,165.94,101.6,0,Bordeaux,Bayonne
city:3035681,stn:demo:S0008,108,30,202,202,587.63,174.54,0,Avignon,Aeroport CDG 2 TGV
city:3054543,city:715429,216,60,92,93,105.66,68.168,0,Cegléd,Szeged
city:3054643,city:3068582,80,22,308,308,370.25,72.126,0,Budapest,Pardubice
city:3054643,city:3197728,14,4,250,250,224.28,53.829,0,Budapest,Koprivnica
city:3054643,city:679452,14,2,350,350,344.77,59.103,0,Budapest,Deva
city:3034475,city:3120304,52,14,30,30,30.768,61.537,0,Bayonne,Irun
city:3054643,city:715126,230,62,70,70,94.128,80.682,0,Budapest,Szolnok
city:3032833,city:3121456,28,8,90,90,154.33,102.89,0,Béziers,Girona
city:3032833,city:3122453,28,8,72,72,121.27,101.06,0,Béziers,Figueres
city:3032833,city:3128760,28,8,130,130,233.76,107.89,0,Béziers,Barcelona
city:2633691,city:2644737,188,52,42,43,52.778,73.644,0,Wolverhampton,Royal Leamington Spa
city:3032833,stn:demo:S0656,28,8,118,118,231.22,117.57,0,Béziers,Valence TGV
city:3032833,city:3038634,66,18,155,155,229.17,88.711,0,Béziers,Agen
city:3021372,stn:demo:S0060,80,22,48,49,144.95,177.49,0,Dijon,Belfort-Montbeliard TGV
city:3027422,stn:demo:S0428,42,12,62,62,71.87,69.552,0,Chambéry,Modane
city:3021372,stn:demo:S0072,80,22,26,26,70.902,163.62,0,Dijon,Besancon Franche-Comte TGV
city:3021372,stn:demo:S0226,52,14,72,72,100.59,83.826,0,Dijon,Frasne
city:2998324,stn:demo:S0011,66,18,278,278,816.32,176.18,0,Lille,Aix-en-Provence TGV
city:3027422,city:3173435,42,12,225,225,254.92,67.979,0,Chambéry,Milan
city:3036938,city:3038634,66,18,238,238,326.29,82.258,0,Arles,Agen
city:3027422,city:3165524,42,12,152,152,148.68,58.689,0,Chambéry,Turin
city:2998324,stn:demo:S0410,254,70,72,72,197.14,164.29,0,Lille,Marne-la-Vallee Chessy
city:3037456,stn:demo:S0354,80,22,50,50,53.88,64.656,0,Antibes,Les Arcs
city:3003603,city:3035681,28,8,248,248,574.14,138.91,0,Le Mans,Avignon
city:3003603,stn:demo:S0008,94,26,96,96,207.02,129.38,0,Le Mans,Aeroport CDG 2 TGV
city:3027422,city:3037543,66,18,53,53,41.27,46.72,0,Chambéry,Annecy
city:3003603,stn:demo:S0410,136,38,76,76,213.39,168.47,0,Le Mans,Marne-la-Vallee Chessy
city:2998324,city:3003603,94,26,150,150,358.26,143.3,0,Lille,Le Mans
city:3031582,city:3032797,52,14,108,108,170.17,94.538,0,Bordeaux,Biarritz
city:3053163,city:3068582,80,22,242,243,330.73,81.662,0,Esztergom,Pardubice
city:3006787,city:3031582,42,12,140,140,153.59,65.823,0,La Rochelle,Bordeaux
city:3031133,city:3038789,66,18,53,53,70.669,80.003,0,Boulogne-sur-Mer,Abbeville
city:3053590,city:3054643,108,30,125,125,142.35,68.329,0,Dombóvár,Budapest
city:3031133,city:3037854,66,18,88,88,103.86,70.814,0,Boulogne-sur-Mer,Amiens
city:3053590,stn:demo:S0569,108,30,53,53,67.698,76.639,0,Dombóvár,Sarbogard
city:3016702,stn:demo:S0107,14,2,98,98,57.923,35.463,0,Gap,Briancon
city:2633709,city:2637487,428,118,48,48,74.918,93.647,0,Woking,Southampton
city:3030300,stn:demo:S0262,94,26,54,55,100.14,109.24,0,Brest,Guingamp
city:3029213,city:3029974,66,16,58,63,79.294,75.518,0,Cahors,Brive-la-Gaillarde
city:2998286,city:3026204,52,14,58,58,114.11,118.04,0,Limoges,Châteauroux
city:2998286,city:3029213,52,14,128,128,154.66,72.499,0,Limoges,Cahors
city:3028808,stn:demo:S0354,80,22,38,38,44.308,69.96,0,Cannes,Les Arcs
city:2998286,city:3029974,52,14,63,63,78.26,74.533,0,Limoges,Brive-la-Gaillarde
city:3031582,city:3032833,66,18,222,222,345.86,93.476,0,Bordeaux,Béziers
city:2988507,city:3034475,52,14,230,230,664.51,173.35,0,Paris,Bayonne
city:2988507,city:3032833,80,22,245,245,616.54,150.99,0,Paris,Béziers
city:2988507,city:3032797,52,14,240,240,668.65,167.16,0,Paris,Biarritz
city:2988507,city:3032213,94,26,94,95,159.08,100.47,0,Paris,Blois
city:2988507,city:3031133,66,18,165,165,214.68,78.065,0,Paris,Boulogne-sur-Mer
city:2988507,city:3029974,66,16,265,265,415.43,94.06,0,Paris,Brive-la-Gaillarde
city:2988507,stn:demo:S0011,80,22,212,212,642.19,181.75,0,Paris,Aix-en-Provence TGV
city:2988507,city:3122453,28,8,332,332,733.98,132.65,0,Paris,Figueres
city:2988507,city:3038789,66,18,110,110,144.05,78.572,0,Paris,Abbeville
city:2988507,city:3038634,94,26,194,195,533.81,164.25,0,Paris,Agen
city:2988507,city:3037598,108,30,126,126,392.82,187.06,0,Paris,Angoulême
city:2988507,city:3037543,66,18,225,225,433.56,115.62,0,Paris,Annecy
city:2988507,city:3037456,80,22,342,342,691.56,121.33,0,Paris,Antibes
city:2988507,stn:demo:S0354,80,22,290,290,678.92,140.47,0,Paris,Les Arcs
city:2633352,city:2641731,428,118,36,36,100.62,167.7,0,York,Newark on Trent
city:2988507,stn:demo:S0226,52,14,172,172,360.74,125.84,0,Paris,Frasne
city:2988507,stn:demo:S0145,42,12,45,45,126.5,168.67,0,Paris,Champagne-Ardenne TGV
city:2988507,stn:demo:S0107,14,2,700,700,548.01,46.973,0,Paris,Briancon
city:2988507,stn:demo:S0072,80,22,124,125,318.22,152.75,0,Paris,Besancon Franche-Comte TGV
city:2988507,stn:demo:S0061,108,30,168,168,401.75,143.48,0,Paris,Bellegarde
city:2988507,stn:demo:S0060,80,22,148,148,365.31,148.1,0,Paris,Belfort-Montbeliard TGV
city:2636432,city:2641598,216,60,68,68,65.358,57.669,0,Swansea,Newport
city:2636389,city:2656173,428,118,28,28,45.064,96.567,0,Swindon,Bath
city:2636389,city:2653822,432,120,58,58,97.174,100.53,0,Swindon,Cardiff
city:2636389,city:2653144,428,118,13,13,26.153,120.71,0,Swindon,Chippenham
city:2636389,city:2651269,428,118,13,13,37.677,173.9,0,Swindon,Didcot
city:2636389,city:2641598,432,120,42,43,84.184,117.47,0,Swindon,Newport
city:2636841,city:2644737,188,52,74,75,91.685,73.348,0,Stoke-on-Trent,Royal Leamington Spa
city:2636841,city:2643266,320,88,15,15,28.752,115.01,0,Stoke-on-Trent,Macclesfield
city:2988507,stn:demo:S0262,94,26,148,148,404.9,164.15,0,Paris,Guingamp
city:2990363,city:2992166,296,82,22,25,46.122,110.69,0,Nîmes,Montpellier
city:2990363,city:2990919,174,48,62,78,131.28,100.98,0,Nîmes,Narbonne
city:2989317,city:3032213,94,26,30,31,54.973,106.4,0,Orléans,Blois
city:2989317,city:3029974,52,14,201,201,306.39,91.459,0,Orléans,Brive-la-Gaillarde
city:2989317,city:3029213,52,14,266,266,385.68,86.995,0,Orléans,Cahors
city:2989317,city:3026204,52,14,76,76,122.23,96.501,0,Orléans,Châteauroux
city:2633858,city:2655095,428,118,43,43,54.916,76.627,0,Winchester,Bournemouth
city:2633858,city:2643743,428,118,60,60,96.506,96.506,0,Winchester,London
city:2633858,city:2637487,428,118,13,13,18.897,87.217,0,Winchester,Southampton
city:2633709,city:2656192,428,118,18,18,37.261,124.2,0,Woking,Basingstoke
city:2990363,city:3032833,146,40,58,61,107.34,105.58,0,Nîmes,Béziers
city:2990363,city:3028641,66,18,108,108,176.05,97.806,0,Nîmes,Carcassonne
city:2633948,city:2640416,188,52,66,66,125.1,113.73,0,Wigan,Penrith
city:2633948,city:2639912,188,52,10,11,24.848,135.54,0,Wigan,Preston
city:2988507,city:3035681,188,52,158,158,577.04,219.13,0,Paris,Avignon
city:2633883,city:2652002,160,44,18,18,29.168,97.226,0,Wilmslow,Crewe
city:2633883,city:2643743,160,44,114,115,247.62,129.19,0,Wilmslow,London
city:2633883,city:2643123,160,44,18,18,17.009,56.695,0,Wilmslow,Manchester
city:2633883,city:2642465,160,44,80,81,174.21,129.04,0,Wilmslow,Milton Keynes
city:2633858,city:2656192,428,118,13,13,27.248,125.76,0,Winchester,Basingstoke
city:2988507,city:3029213,66,16,330,330,494.65,89.937,0,Paris,Cahors
city:2988507,city:3028808,94,24,330,330,689.92,125.44,0,Paris,Cannes
city:2988507,city:3027422,108,30,170,170,454.2,160.31,0,Paris,Chambéry
city:2988507,city:3026204,52,14,140,140,232.15,99.492,0,Paris,Châteauroux
city:2988507,city:3025466,108,30,185,185,300.77,97.548,0,Paris,Cherbourg
city:2988507,city:3024297,52,14,135,135,378.95,168.42,0,Paris,Colmar
city:2988507,city:3021670,52,14,200,200,628.66,188.6,0,Paris,Dax
city:2988507,city:3021000,80,22,66,66,176.73,160.66,0,Paris,Douai
city:2988507,city:3036784,80,22,50,50,163.09,195.71,0,Paris,Arras
city:2633948,city:2634739,188,52,10,10,17.144,102.86,0,Wigan,Warrington
city:2983990,stn:demo:S0262,94,26,58,58,120.27,124.42,0,Rennes,Guingamp
city:2634910,city:2648208,428,118,50,50,102.96,123.55,0,Wakefield,Grantham
city:2986495,stn:demo:S0410,52,14,116,116,312.96,161.88,0,Poitiers,Marne-la-Vallee Chessy
city:2986495,stn:demo:S0008,52,14,136,136,316.48,139.62,0,Poitiers,Aeroport CDG 2 TGV
city:2986495,city:3037598,108,30,41,41,104.73,153.27,0,Poitiers,Angoulême
city:2986495,city:3031582,160,44,63,80,206.49,154.87,0,Poitiers,Bordeaux
city:2636177,city:2649808,216,60,20,20,44.013,132.04,0,Taunton,Exeter
city:2636177,city:2643743,216,60,104,105,214.29,122.45,0,Taunton,London
city:2636177,city:2641557,216,60,42,43,64.85,90.488,0,Taunton,Newton Abbot
city:2636177,city:2640377,216,60,212,213,198.71,55.975,0,Taunton,Penzance
city:2636177,city:2640194,216,60,88,88,102.4,69.819,0,Taunton,Plymouth
city:2636177,city:2639577,216,60,78,78,156.31,120.24,0,Taunton,Reading
city:2634910,city:2651123,428,118,18,18,30.053,100.18,0,Wakefield,Doncaster
city:2973783,city:2995469,56,16,310,335,615.58,110.25,0,Strasbourg,Marseille
city:2636841,city:2639577,188,52,134,135,190.95,84.866,0,Stoke-on-Trent,Reading
city:2972811,city:2988507,80,22,102,102,283.09,166.52,0,Thionville,Paris
city:2972328,stn:demo:S0354,80,22,42,43,57.912,80.808,0,Toulon,Les Arcs
city:2972328,city:3037456,188,52,85,85,109.27,77.13,0,Toulon,Antibes
city:2972328,city:3028808,202,54,73,73,99.722,81.964,0,Toulon,Cannes
city:2972328,city:3017253,80,22,58,58,73.818,76.363,0,Toulon,Fréjus
city:2973783,stn:demo:S0384,42,12,33,33,122.37,222.5,0,Strasbourg,Lorraine TGV
city:2973783,stn:demo:S0145,42,12,73,73,282.95,232.56,0,Strasbourg,Champagne-Ardenne TGV
city:2973783,stn:demo:S0072,56,16,103,110,194.8,106.25,0,Strasbourg,Besancon Franche-Comte TGV
city:2973783,stn:demo:S0060,56,16,83,85,127.54,90.028,0,Strasbourg,Belfort-Montbeliard TGV
city:2973783,stn:demo:S0011,14,4,293,293,600.22,122.91,0,Strasbourg,Aix-en-Provence TGV
city:2973783,city:3035681,56,16,271,300,562.61,112.52,0,Strasbourg,Avignon
city:2973783,city:3024297,268,74,27,30,62.927,125.86,0,Strasbourg,Colmar
city:2973783,city:2996944,56,16,198,225,383.8,102.35,0,Strasbourg,Lyon
city:2981280,city:2983990,94,26,40,40,92.544,138.81,0,Saint-Brieuc,Rennes
city:2972811,city:2994160,400,110,16,20,26.794,80.382,0,Thionville,Metz
city:2636841,city:2637487,188,52,180,180,239.58,79.861,0,Stoke-on-Trent,Southampton
city:2636841,city:2636882,508,140,28,31,45.143,87.374,0,Stoke-on-Trent,Stockport
city:2636432,city:2653822,216,60,52,53,55.046,62.316,0,Swansea,Cardiff
city:2988507,city:2990474,108,30,118,118,215.86,109.76,0,Paris,Nevers
city:2987914,stn:demo:S0656,28,8,168,168,304.86,108.88,0,Perpignan,Valence TGV
city:2987914,city:3122453,56,16,22,22,48.253,131.6,0,Perpignan,Figueres
city:2987914,city:3121456,56,16,40,40,79.663,119.5,0,Perpignan,Girona
city:2987914,city:3032833,80,22,48,48,76.106,95.133,0,Perpignan,Béziers
city:2636841,city:2655095,188,52,220,220,254.8,69.491,0,Stoke-on-Trent,Bournemouth
city:2988507,city:3017253,80,22,304,305,690.7,135.88,0,Paris,Fréjus
city:2988507,city:3016702,14,2,600,600,555.67,55.567,0,Paris,Gap
city:2988507,city:3006787,66,18,165,165,398.21,144.8,0,Paris,La Rochelle
city:2988507,city:2997577,80,22,180,180,440.51,146.84,0,Paris,Lorient
city:2988507,city:2993002,160,42,224,225,543.08,144.82,0,Paris,Montauban
city:2983990,stn:demo:S0410,52,14,116,116,339.06,175.38,0,Rennes,Marne-la-Vallee Chessy
city:2988507,city:2991481,108,30,150,150,264.93,105.97,0,Paris,Moulins
city:2988507,city:2990919,80,22,262,262,632.42,144.83,0,Paris,Narbonne
city:2983990,stn:demo:S0008,52,14,136,136,327.78,144.61,0,Rennes,Aeroport CDG 2 TGV
city:2983990,city:3035681,28,8,310,310,681.3,131.86,0,Rennes,Avignon
city:2983990,city:2998324,52,14,190,190,442.51,139.74,0,Rennes,Lille
city:2983990,city:2997577,80,22,90,90,132.75,88.499,0,Rennes,Lorient
city:2983990,city:2996944,28,8,240,240,560.33,140.08,0,Rennes,Lyon
city:2983990,city:2995469,28,8,344,344,765.38,133.5,0,Rennes,Marseille
city:2986495,city:3006787,66,18,73,73,123.87,101.81,0,Poitiers,La Rochelle
city:2986495,city:2998324,52,14,190,190,492.54,155.54,0,Poitiers,Lille
city:2986495,city:2995206,52,14,86,86,279.18,194.78,0,Poitiers,Massy
city:2986495,city:2988507,174,48,83,83,293.68,212.3,0,Poitiers,Paris
city:2984701,city:2997577,80,22,32,33,60.77,110.49,0,Quimper,Lorient
city:2984701,city:2988507,80,22,214,215,485,135.35,0,Quimper,Paris
city:2988507,city:2991772,94,26,178,178,454.07,153.06,0,Paris,Morlaix
city:2996944,city:3122453,28,8,232,232,415.56,107.47,0,Lyon,Figueres
city:2993002,city:3026204,52,14,233,233,311.9,80.319,0,Montauban,Châteauroux
city:2993002,city:2995469,66,18,253,253,333.68,79.133,0,Montauban,Marseille
city:2992166,stn:demo:S0656,150,42,68,68,176.77,155.98,0,Montpellier,Valence TGV
city:2992166,city:3122453,56,16,98,98,167.01,102.25,0,Montpellier,Figueres
city:2992166,city:3038634,66,18,188,188,268.96,85.84,0,Montpellier,Agen
city:2992166,city:3036938,66,18,48,48,61.108,76.385,0,Montpellier,Arles
city:2993458,city:2994497,216,60,10,10,7.965,47.788,0,Monaco,Menton
city:2993002,city:3038634,160,44,28,28,62.059,132.98,0,Montauban,Agen
city:2993002,city:3036938,66,18,203,203,265.42,78.449,0,Montauban,Arles
city:2993002,city:3032833,66,18,120,120,167.4,83.701,0,Montauban,Béziers
city:2993002,city:3029974,66,16,108,108,127.7,70.943,0,Montauban,Brive-la-Gaillarde
city:2993002,city:3029213,66,16,43,43,48.429,67.576,0,Montauban,Cahors
city:2993002,city:3028641,66,18,73,73,119.76,98.435,0,Montauban,Carcassonne
city:2990363,city:2993002,66,18,183,183,241.38,79.14,0,Nîmes,Montauban
city:2995206,city:3031582,52,14,151,151,483.87,192.27,0,Massy,Bordeaux
city:2995206,city:3003603,164,46,46,46,173.54,226.36,0,Massy,Le Mans
city:2995206,city:2998324,146,40,102,102,219.2,128.94,0,Massy,Lille
city:2995206,city:2996944,70,20,122,143,383.53,160.92,0,Massy,Lyon
city:2995206,city:2995469,28,8,228,228,649.32,170.87,0,Massy,Marseille
city:2994497,city:3164582,216,60,16,16,8.504,31.889,0,Menton,Ventimiglia
city:2993458,city:3164582,216,60,28,28,16.127,34.558,0,Monaco,Ventimiglia
city:2995469,city:3028808,202,54,125,125,134.77,64.691,0,Marseille,Cannes
city:2995469,city:3028641,66,18,178,178,245.72,82.828,0,Marseille,Carcassonne
city:2995469,city:3017253,80,22,102,103,110.54,64.39,0,Marseille,Fréjus
city:2995469,city:3003603,28,8,282,282,659.79,140.38,0,Marseille,Le Mans
city:2995469,city:2998324,108,30,292,292,834.59,171.49,0,Marseille,Lille
city:2995206,stn:demo:S0410,188,52,28,28,39.902,85.504,0,Massy,Marne-la-Vallee Chessy
city:2995206,stn:demo:S0008,146,40,48,48,37.323,46.654,0,Massy,Aeroport CDG 2 TGV
city:2995206,city:3035681,28,8,192,192,565.55,176.73,0,Massy,Avignon
city:3021372,stn:demo:S0660,52,14,88,88,123.22,84.014,0,Dijon,Vallorbe
city:2995469,stn:demo:S0011,160,44,12,12,18.347,91.733,0,Marseille,Aix-en-Provence TGV
city:2995469,stn:demo:S0008,108,30,238,238,670.37,169,0,Marseille,Aeroport CDG 2 TGV
city:2995469,city:3038634,66,18,288,288,395.34,82.362,0,Marseille,Agen
city:2995469,city:3037456,188,52,137,137,144.3,63.195,0,Marseille,Antibes
city:2995469,city:3036938,66,18,48,48,73.841,92.301,0,Marseille,Arles
city:2995469,city:3035681,380,106,28,33,85.833,156.06,0,Marseille,Avignon
city:2995469,city:3032833,66,18,131,131,175.38,80.325,0,Marseille,Béziers
city:2995469,city:3031582,66,18,355,355,506.15,85.546,0,Marseille,Bordeaux
city:2996882,city:3027484,132,36,28,28,51.97,111.36,0,Mâcon,Chalon-sur-Saône
city:2996882,city:3021372,132,36,62,63,112.02,106.69,0,Mâcon,Dijon
city:2996882,city:2996944,132,36,44,45,62.845,83.793,0,Mâcon,Lyon
city:2995469,stn:demo:S0656,80,22,66,66,191.11,173.74,0,Marseille,Valence TGV
city:2995469,stn:demo:S0410,108,30,218,218,651.15,179.22,0,Marseille,Marne-la-Vallee Chessy
city:2996944,stn:demo:S0008,108,30,132,132,400.44,182.02,0,Lyon,Aeroport CDG 2 TGV
city:2995469,stn:demo:S0072,56,16,205,223,448.18,120.58,0,Marseille,Besancon Franche-Comte TGV
city:2995469,stn:demo:S0060,56,16,225,248,491.38,118.88,0,Marseille,Belfort-Montbeliard TGV
city:2996944,city:3037656,42,12,245,245,454.64,111.34,0,Lyon,Angers
city:2996944,city:3035681,272,76,68,71,200.25,169.23,0,Lyon,Avignon
city:2996944,city:3027484,132,36,74,75,114.76,91.809,0,Lyon,Chalon-sur-Saône
city:2996944,city:3027422,42,12,80,80,85.825,64.369,0,Lyon,Chambéry
city:2996944,city:3003603,70,20,178,203,432.82,127.93,0,Lyon,Le Mans
city:2996944,city:2998324,108,30,186,186,559.15,180.37,0,Lyon,Lille
city:2996944,stn:demo:S0656,80,22,40,40,84.887,127.33,0,Lyon,Valence TGV
city:2996944,stn:demo:S0428,42,12,144,144,155.07,64.611,0,Lyon,Modane
city:2996944,stn:demo:S0410,150,42,112,113,380.29,201.93,0,Lyon,Marne-la-Vallee Chessy
city:2996944,stn:demo:S0072,56,16,93,113,192.83,102.39,0,Lyon,Besancon Franche-Comte TGV
city:2996944,stn:demo:S0060,56,16,113,138,257.31,111.87,0,Lyon,Belfort-Montbeliard TGV
city:2996944,stn:demo:S0011,160,44,90,93,257.75,166.29,0,Lyon,Aix-en-Provence TGV
city:2995469,stn:demo:S0354,80,22,88,88,90.503,61.707,0,Marseille,Les Arcs
city:2633948,city:2644972,188,52,26,26,57.002,131.54,0,Wigan,Lancaster
city:2634910,city:2636940,428,118,96,96,216.34,135.21,0,Wakefield,Stevenage
city:2634739,city:2653775,188,52,92,93,168.7,108.84,0,Warrington,Carlisle
city:2634739,city:2645826,188,52,52,53,104.46,118.26,0,Warrington,Kendal
city:2634739,city:2644972,188,52,38,38,74.138,117.06,0,Warrington,Lancaster
city:2634739,city:2640416,188,52,78,78,142.05,109.27,0,Warrington,Penrith
city:2634739,city:2639912,188,52,22,23,41.983,109.52,0,Warrington,Preston
city:2633954,city:2652002,216,60,18,18,35.217,117.39,0,Widnes,Crewe
city:2990440,city:2994497,216,60,32,32,20.808,39.014,0,Nice,Menton
city:2990440,city:2993458,216,60,20,20,13.047,39.142,0,Nice,Monaco
city:2990363,stn:demo:S0656,150,42,41,41,137.52,201.25,0,Nîmes,Valence TGV
city:2990363,city:3122453,56,16,122,124,208.21,100.75,0,Nîmes,Figueres
city:2990363,city:3038634,66,18,218,218,301.56,82.999,0,Nîmes,Agen
city:2990363,city:3036938,66,18,18,18,28.189,93.964,0,Nîmes,Arles
city:2995206,city:3037656,84,24,86,86,252.58,176.22,0,Massy,Angers
city:2990474,city:3024635,108,30,90,90,134.65,89.764,0,Nevers,Clermont-Ferrand
city:2990474,city:2991481,108,30,30,30,49.065,98.131,0,Nevers,Moulins
city:2990440,stn:demo:S0354,80,22,66,66,69.055,62.777,0,Nice,Les Arcs
city:2990440,city:3037456,188,52,14,16,17.684,66.315,0,Nice,Antibes
city:2990440,city:3028808,202,54,26,28,26.469,56.719,0,Nice,Cannes
city:2990440,city:3017253,80,22,50,51,52.226,61.442,0,Nice,Fréjus
city:2989317,city:2993002,52,14,311,311,434.06,83.742,0,Orléans,Montauban
city:2988507,stn:demo:S0660,52,14,188,188,383.8,122.49,0,Paris,Vallorbe
city:2988507,stn:demo:S0656,230,64,132,132,473.55,215.25,0,Paris,Valence TGV
city:2988507,stn:demo:S0574,80,22,182,183,420.31,137.81,0,Paris,Schiphol Airport
city:2988507,stn:demo:S0428,42,12,262,262,522.41,119.64,0,Paris,Modane
city:2988507,stn:demo:S0419,42,12,65,65,214.04,197.58,0,Paris,Meuse TGV
city:2988507,stn:demo:S0396,108,30,100,100,339.07,203.44,0,Paris,Macon-Loche TGV
city:2988507,stn:demo:S0384,42,12,85,85,279.46,197.27,0,Paris,Lorraine TGV
city:2990919,city:2992166,174,48,38,48,85.153,106.44,0,Narbonne,Montpellier
city:2990919,city:3122453,56,16,58,58,102.07,105.59,0,Narbonne,Figueres
city:2990919,city:3038634,66,18,138,138,222.37,96.684,0,Narbonne,Agen
city:2990919,city:3036938,66,18,98,98,142.49,87.24,0,Narbonne,Arles
city:2990919,city:3032833,146,40,12,15,24.539,98.156,0,Narbonne,Béziers
city:2990919,city:3028641,66,18,28,28,53.036,113.65,0,Narbonne,Carcassonne
city:2990919,city:2995469,66,18,148,148,193.16,78.31,0,Narbonne,Marseille
city:2990969,city:3037656,272,76,30,31,80.57,155.94,0,Nantes,Angers
city:2990969,city:3006787,42,12,108,108,121.14,67.303,0,Nantes,La Rochelle
city:2990969,city:2998324,42,12,225,225,507.44,135.32,0,Nantes,Lille
city:2990969,city:2996944,42,12,285,285,516.41,108.72,0,Nantes,Lyon
city:2990969,city:2995206,84,24,121,121,331.22,164.24,0,Nantes,Massy
city:2990919,stn:demo:S0656,28,8,132,132,255.56,116.16,0,Narbonne,Valence TGV
city:2991214,stn:demo:S0060,136,38,22,22,37.095,101.17,0,Mulhouse,Belfort-Montbeliard TGV
city:2991214,stn:demo:S0011,14,4,238,238,502.7,126.73,0,Mulhouse,Aix-en-Provence TGV
city:2633948,city:2645826,188,52,40,41,87.46,127.99,0,Wigan,Kendal
city:2991214,city:3024297,216,60,22,23,36.609,95.502,0,Mulhouse,Colmar
city:2990969,stn:demo:S0410,84,24,151,151,370.96,147.4,0,Nantes,Marne-la-Vallee Chessy
city:2990969,stn:demo:S0008,42,12,171,171,364.94,128.05,0,Nantes,Aeroport CDG 2 TGV
city:2992166,city:3032833,146,40,28,31,61.283,118.61,0,Montpellier,Béziers
city:2992166,city:3028641,66,18,78,78,130.96,100.74,0,Montpellier,Carcassonne
city:2991772,stn:demo:S0262,94,26,28,28,49.696,106.49,0,Morlaix,Guingamp
city:2991772,city:3030300,94,26,24,25,52.815,126.75,0,Morlaix,Brest
city:2991481,city:3024635,108,30,58,58,89.302,92.382,0,Moulins,Clermont-Ferrand
city:2991214,stn:demo:S0072,136,38,44,46,114.42,149.25,0,Mulhouse,Besancon Franche-Comte TGV
city:2633954,city:2644210,216,60,18,18,17.059,56.864,0,Widnes,Liverpool
city:2633954,city:2643743,216,60,114,115,271.5,141.65,0,Widnes,London
city:2633954,city:2642465,216,60,80,81,198.26,146.86,0,Widnes,Milton Keynes
city:2633954,city:2637142,216,60,32,33,74.38,135.24,0,Widnes,Stafford
city:2633948,city:2653775,188,52,80,81,151.62,112.31,0,Wigan,Carlisle
city:2991214,city:3035681,56,16,216,238,465.74,117.41,0,Mulhouse,Avignon
city:3169070,city:6534232,80,22,240,240,457.57,114.39,0,Rome,Lamezia Terme
city:3169070,stn:demo:S0676,122,32,320,320,487.33,91.374,0,Rome,Villa San Giovanni
city:3169361,city:3171173,108,30,16,16,32.577,122.17,0,Rimini,Pesaro
city:3169361,city:3174953,108,30,363,363,618.45,102.22,0,Rimini,Lecce
city:3171173,city:3183089,108,30,25,25,58.335,140,0,Pesaro,Ancona
city:3171366,city:3173435,132,36,24,25,30.362,72.87,0,Pavia,Milan
city:3171366,city:3176219,132,36,68,68,89.166,78.676,0,Pavia,Genoa
city:3171728,city:3177610,188,52,56,56,105.58,113.12,0,Padua,Desenzano del Garda
city:3081368,city:3093524,132,36,70,70,87.854,75.303,0,Wrocław,Leszno
city:3171168,city:3183089,108,30,78,78,139.59,107.38,0,Pescara,Ancona
city:3171173,city:3173435,108,30,138,138,341.57,148.51,0,Pesaro,Milan
city:3171173,city:3174953,108,30,345,345,586.34,101.97,0,Pesaro,Lecce
city:3171173,city:3176885,108,30,190,190,347.33,109.69,0,Pesaro,Foggia
city:3171173,city:3181928,108,30,71,71,141.56,119.63,0,Pesaro,Bologna
city:3171173,city:3182351,108,30,255,255,448.38,105.5,0,Pesaro,Bari
city:2524170,city:3169070,42,10,480,480,485.83,60.729,0,Messina,Rome
city:2524170,city:3173435,14,2,990,990,964.42,58.45,0,Messina,Milan
city:2525068,stn:demo:S0676,28,8,148,148,94.895,38.471,0,Catania,Villa San Giovanni
city:3165524,city:3181554,80,22,90,91,204.35,134.74,0,Turin,Brescia
city:3165524,city:3182714,108,30,35,35,45.05,77.229,0,Turin,Asti
city:3165524,city:3183299,108,30,60,60,74.786,74.786,0,Turin,Alessandria
city:3165524,stn:demo:S0428,42,12,88,88,80.824,55.107,0,Turin,Modane
city:3167022,city:3167777,52,14,63,63,78.22,74.495,0,Savona,Sanremo
city:3167022,city:3173435,52,14,135,135,140.18,62.301,0,Savona,Milan
city:2523083,city:2525068,28,8,68,68,50.14,44.241,0,Siracusa,Catania
city:2523083,city:3169070,28,8,640,640,586.06,54.943,0,Siracusa,Rome
city:3169070,city:3182179,80,22,104,105,206.85,118.2,0,Rome,Benevento
city:3170647,city:3177400,216,60,32,33,43.734,79.516,0,Pisa,Empoli
city:3170647,city:3178587,66,18,158,158,212.45,80.676,0,Pisa,Civitavecchia
city:3171168,city:3171173,108,30,105,105,192.1,109.77,0,Pescara,Pesaro
city:3171168,city:3174953,108,30,238,238,405.29,102.17,0,Pescara,Lecce
city:3169361,city:3183089,108,30,43,43,90.851,126.77,0,Rimini,Ancona
city:3170647,city:3175081,66,18,53,53,63.89,72.328,0,Pisa,La Spezia
city:3170647,city:3175786,66,18,93,93,119.68,77.215,0,Pisa,Grosseto
city:3169070,city:3179866,80,22,64,65,176.94,163.33,0,Rome,Caserta
city:2523630,city:6534232,80,22,98,98,110.25,67.498,0,Reggio Calabria,Lamezia Terme
city:3174659,city:3175081,66,18,70,70,74.056,63.477,0,Livorno,La Spezia
city:3173435,city:3177532,94,26,78,88,100.45,68.488,0,Milan,Domodossola
city:3173435,city:3177610,188,52,54,55,104.97,114.52,0,Milan,Desenzano del Garda
city:3173435,city:3178229,122,34,46,46,39.125,51.033,0,Milan,Como
city:3173435,city:3183089,108,30,165,165,399.83,145.39,0,Milan,Ancona
city:3173435,stn:demo:S0039,122,34,158,158,183.03,69.507,0,Milan,Arth-Goldau
city:3173435,stn:demo:S0108,94,26,108,118,132.96,67.608,0,Milan,Brig
city:3173435,stn:demo:S0428,42,12,161,161,199.19,74.232,0,Milan,Modane
city:2524170,city:3176959,14,2,768,768,718.33,56.12,0,Messina,Florence
city:3172394,city:6534232,80,22,168,168,272.86,97.451,0,Naples,Lamezia Terme
city:3172394,stn:demo:S0676,122,32,248,248,315.44,76.316,0,Naples,Villa San Giovanni
city:3173435,city:3174953,108,30,485,485,925.33,114.47,0,Milan,Lecce
city:3181913,stn:demo:S0104,42,12,58,58,58.29,60.3,0,Bolzano,Brennero
city:3181913,stn:demo:S0328,42,12,153,153,136.7,53.609,0,Bolzano,Kufstein
city:3181928,city:3183089,108,30,98,98,199.59,122.2,0,Bologna,Ancona
city:3181928,stn:demo:S0104,42,12,248,248,279.24,67.559,0,Bologna,Brennero
city:3181928,stn:demo:S0328,42,12,343,343,349.43,61.124,0,Bologna,Kufstein
city:3173435,stn:demo:S0596,52,14,158,158,178.92,67.943,0,Milan,Spiez
city:2524170,city:3181928,14,2,868,868,783.6,54.166,0,Messina,Bologna
city:2525068,city:3169070,28,8,570,570,535.92,56.413,0,Catania,Rome
city:2523920,city:3169070,14,2,828,828,426.02,30.871,0,Palermo,Rome
city:2523920,city:3172394,14,2,688,688,313.92,27.377,0,Palermo,Naples
city:2523920,city:3173435,14,2,1230,1230,886.96,43.266,0,Palermo,Milan
city:2523920,city:3176959,14,2,1008,1008,654.22,38.942,0,Palermo,Florence
city:2523920,city:3181928,14,2,1108,1108,728.94,39.473,0,Palermo,Bologna
city:2523920,stn:demo:S0676,14,2,328,328,199.07,36.415,0,Palermo,Villa San Giovanni
city:3173529,city:3177610,188,52,70,71,133.32,112.66,0,Mestre,Desenzano del Garda
city:3174659,city:3178587,66,18,141,141,201.04,85.548,0,Livorno,Civitavecchia
city:3174953,city:3176885,108,30,153,153,252.1,98.861,0,Lecce,Foggia
city:3174953,city:3181928,108,30,418,418,725.12,104.08,0,Lecce,Bologna
city:3174953,city:3182351,108,30,88,88,138.91,94.712,0,Lecce,Bari
city:3174953,city:3183089,108,30,318,318,528.32,99.683,0,Lecce,Ancona
city:3175081,city:3175786,66,18,148,148,181.6,73.621,0,La Spezia,Grosseto
city:3173435,stn:demo:S0676,14,2,900,900,965.86,64.391,0,Milan,Villa San Giovanni
city:3173435,stn:demo:S0679,42,12,118,118,136.95,69.637,0,Milan,Visp
city:3174659,city:3175786,66,18,76,76,107.63,84.972,0,Livorno,Grosseto
city:2615006,city:2615876,216,60,112,113,120.41,63.934,0,Randers,Odense
city:2615006,city:2618425,216,60,190,190,179.59,56.712,0,Randers,Copenhagen
city:2615006,city:2621951,216,60,82,83,101.07,73.065,0,Randers,Fredericia
city:2615006,city:2624652,216,60,26,26,35.469,81.851,0,Randers,Århus
city:2614481,city:2618425,710,196,22,22,30.674,83.656,0,Roskilde,Copenhagen
city:2614481,city:2618528,282,78,86,86,164.84,115.01,0,Roskilde,Kolding
city:2614481,city:2619771,428,118,111,111,141.66,76.572,0,Roskilde,Horsens
city:2614481,city:2621951,494,136,81,81,146.46,108.49,0,Roskilde,Fredericia
city:3168673,city:3173435,188,52,308,308,700.17,136.4,0,Salerno,Milan
city:2614481,city:2624652,428,118,141,141,129.87,55.262,0,Roskilde,Århus
city:2614481,city:2848245,66,18,193,193,214.04,66.541,0,Roskilde,Rendsburg
city:2614481,city:2864475,66,18,221,221,219.92,59.707,0,Roskilde,Neumünster
city:3165243,stn:demo:S0104,42,12,93,93,108,69.678,0,Trento,Brennero
city:3165243,stn:demo:S0328,42,12,188,188,186.34,59.47,0,Trento,Kufstein
city:3165524,city:3169070,188,52,248,248,525.6,127.16,0,Turin,Rome
city:3165524,city:3169522,188,52,100,101,235.63,139.98,0,Turin,Reggio nell'Emilia
city:3165524,city:3171728,80,22,166,166,330.87,119.59,0,Turin,Padua
city:2614481,city:2622447,216,60,140,141,228.97,97.434,0,Roskilde,Esbjerg
city:3159016,stn:demo:S0285,66,18,58,58,47.252,48.881,0,Drammen,Honefoss
city:3159016,stn:demo:S0444,66,18,253,253,202.68,48.067,0,Drammen,Myrdal
city:3159016,stn:demo:S0682,66,18,308,308,231.42,45.082,0,Drammen,Voss
city:3164527,city:3164603,268,74,64,65,104.46,96.425,0,Verona,Venice
city:3164527,city:3165524,80,22,126,126,262.06,124.79,0,Verona,Turin
city:3164527,city:3168854,42,12,56,56,50.376,53.974,0,Verona,Rovereto
city:3164527,city:3177610,188,52,16,16,35.925,134.72,0,Verona,Desenzano del Garda
city:3164527,stn:demo:S0104,42,12,168,168,178.3,63.678,0,Verona,Brennero
city:2614481,stn:demo:S0589,428,118,124,124,141.08,68.265,0,Roskilde,Skanderborg
city:2615876,city:2616933,644,178,18,18,43.244,144.15,0,Odense,Middelfart
city:3163995,city:3176219,132,36,48,48,65.458,81.823,0,Voghera,Genoa
city:3164419,city:3164603,268,74,40,41,62.403,91.321,0,Vicenza,Venice
city:3164419,city:3165524,80,22,150,151,306.49,121.78,0,Vicenza,Turin
city:3164419,city:3177610,188,52,40,40,79.298,118.95,0,Vicenza,Desenzano del Garda
city:2614481,city:2911298,66,18,265,265,268.54,60.802,0,Roskilde,Hamburg
city:2614481,city:2926271,66,18,158,158,192.65,73.157,0,Roskilde,Flensburg
city:2614481,stn:demo:S0490,66,18,143,143,194.8,81.733,0,Roskilde,Padborg
city:2615006,city:2624886,216,60,52,53,65.698,74.375,0,Randers,Aalborg
city:3164603,city:3171728,456,126,24,25,35.02,84.048,0,Venice,Padua
city:3164603,city:3172394,188,52,292,292,533.41,109.61,0,Venice,Naples
city:3164603,city:3173435,268,74,138,140,245.19,105.08,0,Venice,Milan
city:3169070,city:3175081,66,18,283,283,328.93,69.738,0,Rome,La Spezia
city:3169070,city:3175786,66,18,133,133,150.54,67.912,0,Rome,Grosseto
city:3169070,city:3176219,66,18,360,360,402.18,67.03,0,Rome,Genoa
city:3169070,city:3178587,66,18,68,68,63.156,55.726,0,Rome,Civitavecchia
city:3168673,city:6534232,80,22,128,128,230.3,107.95,0,Salerno,Lamezia Terme
city:3165524,city:3173529,80,22,180,181,359.67,119.23,0,Turin,Mestre
city:3168854,city:3181913,42,12,50,50,70.611,84.733,0,Rovereto,Bolzano
city:3168854,city:3181928,42,12,136,136,157.04,69.283,0,Rovereto,Bologna
city:3168854,stn:demo:S0104,42,12,110,110,128.68,70.191,0,Rovereto,Brennero
city:3168854,stn:demo:S0328,42,12,205,205,206.88,60.55,0,Rovereto,Kufstein
city:3169070,city:3170647,66,18,228,228,265.26,69.806,0,Rome,Pisa
city:3167022,city:3176219,52,14,38,38,38.643,61.015,0,Savona,Genoa
city:3167777,city:3173435,52,14,200,200,214.53,64.359,0,Sanremo,Milan
city:3167777,city:3176219,52,14,103,103,113.8,66.293,0,Sanremo,Genoa
city:3168673,stn:demo:S0676,108,30,208,208,282.58,81.515,0,Salerno,Villa San Giovanni
city:3165072,city:3176959,14,2,318,318,298.99,56.414,0,Udine,Florence
city:3165072,city:3181928,14,2,238,238,229.66,57.898,0,Udine,Bologna
city:3165201,city:3173529,108,30,20,20,19.468,58.404,0,Treviso,Mestre
city:3165243,city:3168854,42,12,15,15,20.692,82.768,0,Trento,Rovereto
city:3165243,city:3181913,108,30,28,28,49.928,106.99,0,Trento,Bolzano
city:3164603,city:3173529,456,126,10,10,9.116,54.695,0,Venice,Mestre
city:3164603,city:3176959,188,52,124,125,203.42,97.64,0,Venice,Florence
city:3164603,city:3177090,188,52,60,60,86.932,86.932,0,Venice,Ferrara
city:3164603,city:3169070,188,52,220,220,394.47,107.58,0,Venice,Rome
city:3164603,city:3181554,268,74,100,102,165.46,97.332,0,Venice,Brescia
city:3164603,city:3181928,188,52,84,85,130.83,92.35,0,Venice,Bologna
city:3165072,city:3165201,108,30,68,68,89.136,78.65,0,Udine,Treviso
city:3165072,city:3169070,14,2,438,438,468.11,64.125,0,Udine,Rome
city:3164527,stn:demo:S0328,42,12,263,263,254.81,58.132,0,Verona,Kufstein
city:3164582,city:3167022,52,14,83,83,90.298,65.276,0,Ventimiglia,Savona
city:3164582,city:3167777,52,14,18,18,13.867,46.223,0,Ventimiglia,Sanremo
city:3164603,city:3165524,80,22,192,193,365.89,113.75,0,Venice,Turin
city:3164603,city:3177610,188,52,82,83,140.22,101.36,0,Venice,Desenzano del Garda
city:651943,city:658225,132,36,248,248,418.66,101.29,0,Kokkola,Helsinki
city:6534232,stn:demo:S0676,80,22,78,78,101.25,77.881,0,Lamezia Terme,Villa San Giovanni
city:658225,city:659180,320,88,53,53,95.429,108.03,0,Helsinki,Hämeenlinna
city:728203,city:731233,42,12,78,78,93.579,71.984,0,Pleven,Gorna Oryahovitsa
city:756135,city:760924,132,36,90,90,111.84,74.56,0,Warsaw,Puławy
city:757026,city:759734,108,30,58,58,72.357,74.852,0,Tarnów,Rzeszów
city:757026,city:761168,108,30,123,123,130.02,63.426,0,Tarnów,Przemyśl
city:759734,city:761168,108,30,63,63,61.957,59.006,0,Rzeszów,Przemyśl
city:3181928,stn:demo:S0676,14,2,778,778,784.27,60.483,0,Bologna,Villa San Giovanni
city:726050,city:731233,42,12,208,208,179.38,51.745,0,Varna,Gorna Oryahovitsa
city:726848,city:728193,42,12,78,78,79.669,61.284,0,Stara Zagora,Plovdiv
city:727011,city:728203,42,12,180,180,132.07,44.025,0,Sofia,Pleven
city:727011,city:731233,42,12,260,260,199.44,46.024,0,Sofia,Gorna Oryahovitsa
city:2517117,stn:demo:S0028,66,18,58,58,89.432,92.516,0,Granada,Antequera-Santa Ana
city:2519240,city:2519402,240,66,52,53,142.18,160.96,0,Córdoba,Ciudad Real
city:2519240,stn:demo:S0028,226,62,28,28,95.936,205.58,0,Córdoba,Antequera-Santa Ana
city:2519402,city:3117735,240,66,50,50,160.21,192.25,0,Ciudad Real,Madrid
city:726050,city:728203,42,12,288,288,267.35,55.698,0,Varna,Pleven
city:717582,city:724443,42,12,75,75,76.635,61.308,0,Miskolc,Košice
city:723526,city:723846,132,36,18,18,23.201,77.336,0,Spišská Nová Ves,Poprad
city:723526,city:724443,132,36,42,43,57.049,79.604,0,Spišská Nová Ves,Košice
city:723846,city:724443,132,36,62,63,80.1,76.285,0,Poprad,Košice
city:2512177,city:2519240,240,66,38,38,105.82,167.09,0,Puertollano,Córdoba
city:2512177,city:2519402,240,66,12,13,36.672,169.25,0,Puertollano,Ciudad Real
city:2512177,city:3117735,240,66,64,65,195.4,180.37,0,Puertollano,Madrid
city:683844,city:722437,14,2,478,478,365.53,45.883,0,Braşov,Békéscsaba
city:650859,city:658225,216,60,80,80,123.82,92.867,0,Kouvola,Helsinki
city:715126,city:722437,14,2,88,88,88.007,60.005,0,Szolnok,Békéscsaba
city:679452,city:683506,14,2,458,458,298.69,39.13,0,Deva,Bucharest
city:679452,city:683844,14,2,298,298,211.52,42.587,0,Deva,Braşov
city:679452,city:686254,14,2,118,118,126.69,64.421,0,Deva,Arad
city:679452,city:715126,14,2,268,268,252.01,56.42,0,Deva,Szolnok
city:679452,city:722437,14,2,178,178,164.45,55.433,0,Deva,Békéscsaba
city:683506,city:722437,14,2,638,638,463.09,43.551,0,Bucharest,Békéscsaba
city:650224,city:650859,108,30,168,168,230.99,82.496,0,Kuopio,Kouvola
city:686254,city:722437,14,2,58,58,58.024,60.025,0,Arad,Békéscsaba
stn:demo:S0437,stn:demo:S0605,28,8,208,208,217.67,62.79,0,Mosjoen,Steinkjer
stn:demo:S0444,stn:demo:S0682,66,18,53,53,40.307,45.631,0,Myrdal,Voss
stn:demo:S0018,stn:demo:S0313,80,22,104,105,183.79,105.02,0,Alvesta,Kobenhavns Lufthavn
stn:demo:S0040,stn:demo:S0321,42,12,48,48,67.922,84.903,0,Arvika,Kongsvinger
stn:demo:S0060,stn:demo:S0072,136,38,18,22,77.505,211.38,0,Belfort-Montbeliard TGV,Besancon Franche-Comte TGV
stn:demo:S0061,stn:demo:S0396,108,30,66,66,82.877,75.343,0,Bellegarde,Macon-Loche TGV
stn:demo:S0082,stn:demo:S0298,28,8,158,158,126.84,48.166,0,Bischofshofen,Jesenice
stn:demo:S0293,stn:demo:S0596,216,60,20,21,14.425,41.214,0,Interlaken Ost,Spiez
city:2513076,city:2513416,52,14,13,13,19.588,90.405,0,Orihuela,Murcia
stn:demo:S0336,stn:demo:S0570,66,18,100,100,85.725,51.435,0,Landeck-Zams,Sargans
stn:demo:S0008,stn:demo:S0011,66,18,224,224,652.03,174.65,0,Aeroport CDG 2 TGV,Aix-en-Provence TGV
stn:demo:S0008,stn:demo:S0410,254,70,18,18,21.502,71.674,0,Aeroport CDG 2 TGV,Marne-la-Vallee Chessy
stn:demo:S0010,stn:demo:S0108,216,60,62,63,78.596,74.853,0,Aigle,Brig
stn:demo:S0010,stn:demo:S0679,216,60,54,55,70.522,76.933,0,Aigle,Visp
stn:demo:S0011,stn:demo:S0060,14,4,208,208,475.53,137.17,0,Aix-en-Provence TGV,Belfort-Montbeliard TGV
stn:demo:S0011,stn:demo:S0072,14,4,188,188,431.2,137.62,0,Aix-en-Provence TGV,Besancon Franche-Comte TGV
stn:demo:S0011,stn:demo:S0410,66,18,204,204,632.81,186.12,0,Aix-en-Provence TGV,Marne-la-Vallee Chessy
stn:demo:S0298,stn:demo:S0576,28,8,142,142,120.72,51.006,0,Jesenice,Schwarzach-St. Veit
city:2513076,city:2518559,52,14,13,13,28.981,133.76,0,Orihuela,Elche
city:2513416,city:2518559,52,14,28,28,48.415,103.75,0,Murcia,Elche
city:2514256,stn:demo:S0028,160,44,24,25,38.917,93.401,0,Málaga,Antequera-Santa Ana
city:2268575,city:2740637,216,60,42,43,82.402,114.98,0,Entroncamento,Coimbra
stn:demo:S0476,stn:demo:S0480,66,18,265,265,277.36,62.8,0,Oppdal,Oslo Lufthavn
stn:demo:S0476,stn:demo:S0484,66,18,98,98,91.746,56.171,0,Oppdal,Otta
stn:demo:S0476,stn:demo:S0611,66,18,58,58,57.403,59.382,0,Oppdal,Storen
stn:demo:S0480,stn:demo:S0484,66,18,165,165,194.76,70.822,0,Oslo Lufthavn,Otta
stn:demo:S0403,stn:demo:S0631,240,66,38,38,83.063,131.15,0,Mallow,Thurles
stn:demo:S0484,stn:demo:S0611,66,18,158,158,145.47,55.24,0,Otta,Storen
stn:demo:S0570,stn:demo:S0701,66,18,185,185,203.44,65.981,0,Sargans,Worgl
city:2268575,city:2735943,216,60,108,108,187.41,104.12,0,Entroncamento,Porto
stn:demo:S0336,stn:demo:S0701,66,18,83,83,119.02,86.037,0,Landeck-Zams,Worgl
stn:demo:S0337,stn:demo:S0570,216,60,10,11,13.976,76.234,0,Landquart,Sargans
stn:demo:S0363,stn:demo:S0403,240,66,18,18,50.388,167.96,0,Limerick Junction,Mallow
stn:demo:S0363,stn:demo:S0631,240,66,18,18,33.568,111.89,0,Limerick Junction,Thurles
stn:demo:S0384,stn:demo:S0419,42,12,18,18,65.623,218.74,0,Lorraine TGV,Meuse TGV
stn:demo:S0480,stn:demo:S0611,66,18,325,325,318.93,58.88,0,Oslo Lufthavn,Storen
city:3176219,city:3182714,108,30,73,73,80.309,66.007,0,Genoa,Asti
city:3176219,city:3183299,108,30,48,48,62.014,77.517,0,Genoa,Alessandria
city:3176885,city:3179866,80,22,112,113,110.59,58.722,0,Foggia,Caserta
city:632453,city:646005,108,30,125,125,196.24,94.194,0,Vantaa,Mikkeli
city:632453,city:648900,108,30,110,110,191.31,104.35,0,Vantaa,Lappeenranta
city:632453,city:650859,216,60,65,65,110.74,102.22,0,Vantaa,Kouvola
city:632453,city:651943,132,36,240,240,406.43,101.61,0,Vantaa,Kokkola
city:3345300,stn:demo:S0311,28,8,238,238,169.23,42.663,0,Karlovac,Knin
city:716935,city:721472,216,60,32,33,47.618,86.578,0,Nyíregyháza,Debrecen
city:602150,city:606531,14,2,398,398,232.07,34.986,0,Umeå,Boden
city:604490,city:606531,14,2,38,38,34.247,54.074,0,Luleå,Boden
city:632453,city:637219,132,36,154,155,301.69,116.78,0,Vantaa,Seinäjoki
city:632453,city:641869,108,30,155,155,249.44,96.556,0,Vantaa,Pieksämäki
city:3190261,stn:demo:S0311,28,8,88,88,62.249,42.442,0,Split,Knin
city:3194360,city:792680,428,118,36,36,70.107,116.84,0,Novi Sad,Belgrade
city:3195506,city:3196359,188,52,112,115,104.06,54.295,0,Maribor,Ljubljana
city:3195506,city:3202781,188,52,48,48,46.683,58.353,0,Maribor,Celje
city:602150,city:604490,14,2,438,438,214.96,29.447,0,Umeå,Luleå
city:3182179,city:3182351,80,22,138,138,175.2,76.172,0,Benevento,Bari
city:3182351,city:3183089,108,30,228,228,390.61,102.79,0,Bari,Ancona
city:3177532,stn:demo:S0108,94,26,28,28,32.529,69.705,0,Domodossola,Brig
city:3177532,stn:demo:S0596,52,14,68,68,78.87,69.591,0,Domodossola,Spiez
city:3177532,stn:demo:S0679,42,12,38,38,37.29,58.879,0,Domodossola,Visp
city:3177610,city:3181554,188,52,16,17,26.009,91.795,0,Desenzano del Garda,Brescia
city:3178229,stn:demo:S0039,122,34,110,110,143.99,78.539,0,Como,Arth-Goldau
city:3179866,city:3182179,80,22,38,38,37.912,59.861,0,Caserta,Benevento
city:3176219,city:3178587,66,18,290,290,345.55,71.493,0,Genoa,Civitavecchia
city:3176885,city:3182179,80,22,72,73,74.205,60.99,0,Foggia,Benevento
city:3176885,city:3183089,108,30,163,163,291.65,107.35,0,Foggia,Ancona
city:3176959,city:3177400,216,60,24,25,24.941,59.858,0,Florence,Empoli
city:3176959,stn:demo:S0676,14,2,678,678,719.49,63.671,0,Florence,Villa San Giovanni
city:3175081,city:3176219,66,18,75,75,77.659,62.127,0,La Spezia,Genoa
city:3175081,city:3178587,66,18,213,213,274.94,77.448,0,La Spezia,Civitavecchia
city:3175786,city:3176219,66,18,225,225,252.45,67.319,0,Grosseto,Genoa
city:3175786,city:3178587,66,18,63,63,93.423,88.974,0,Grosseto,Civitavecchia
city:3179866,city:3182351,80,22,178,178,212.69,71.695,0,Caserta,Bari
city:641869,city:650224,108,30,78,78,71.505,55.004,0,Pieksämäki,Kuopio
city:641869,city:650859,108,30,88,88,161.02,109.79,0,Pieksämäki,Kouvola
city:641869,city:658225,108,30,170,170,264.45,93.335,0,Pieksämäki,Helsinki
city:643492,city:651943,132,36,82,83,172.1,124.41,0,Oulu,Kokkola
city:646005,city:649360,108,30,88,88,116.37,79.34,0,Mikkeli,Lahti
city:646005,city:650224,108,30,108,108,135.48,75.268,0,Mikkeli,Kuopio
city:634963,city:659180,320,88,33,33,66.65,121.18,0,Tampere,Hämeenlinna
city:637219,city:643492,132,36,168,168,278.32,99.402,0,Seinäjoki,Oulu
city:3196359,city:3202781,188,52,58,65,61.533,56.8,0,Ljubljana,Celje
city:637219,city:658225,132,36,162,163,312.54,115.05,0,Seinäjoki,Helsinki
city:637948,city:658225,216,60,72,73,102.16,83.964,0,Salo,Helsinki
city:637948,city:660158,216,60,58,58,86.003,88.969,0,Salo,Espoo
city:641869,city:646005,108,30,28,28,68.374,146.52,0,Pieksämäki,Mikkeli
city:632453,city:659180,320,88,45,45,84.131,112.17,0,Vantaa,Hämeenlinna
city:633679,city:637948,216,60,38,38,48.065,75.892,0,Turku,Salo
city:634963,city:637219,132,36,68,68,152.4,134.47,0,Tampere,Seinäjoki
city:634963,city:651943,132,36,152,153,262.27,102.85,0,Tampere,Kokkola
city:637219,city:651943,132,36,82,83,117.07,84.626,0,Seinäjoki,Kokkola
city:3196359,stn:demo:S0082,28,8,218,218,180.76,49.75,0,Ljubljana,Bischofshofen
city:3196359,stn:demo:S0298,28,8,58,58,54.383,56.258,0,Ljubljana,Jesenice
city:3196359,stn:demo:S0576,28,8,202,202,174.99,51.978,0,Ljubljana,Schwarzach-St. Veit
city:3182714,city:3183299,108,30,23,23,31.715,82.736,0,Asti,Alessandria
city:3186886,city:3197728,14,4,108,108,76.404,42.447,0,Zagreb,Koprivnica
city:3186886,city:3345300,28,8,50,50,48.935,58.722,0,Zagreb,Karlovac
city:3186886,stn:demo:S0082,28,8,368,368,275.94,44.99,0,Zagreb,Bischofshofen
city:3186886,stn:demo:S0298,28,8,208,208,162.84,46.973,0,Zagreb,Jesenice
city:641869,city:649360,108,30,118,118,165.82,84.315,0,Pieksämäki,Lahti
city:3186886,stn:demo:S0576,28,8,352,352,273.41,46.605,0,Zagreb,Schwarzach-St. Veit
city:3190261,city:3345300,28,8,328,328,231.47,42.342,0,Split,Karlovac
city:646005,city:650859,108,30,58,58,96.371,99.694,0,Mikkeli,Kouvola
city:646005,city:658225,108,30,140,140,210.85,90.366,0,Mikkeli,Helsinki
city:648900,city:649360,108,30,73,73,136.4,112.11,0,Lappeenranta,Lahti
city:648900,city:650859,108,30,43,43,83.135,116,0,Lappeenranta,Kouvola
city:648900,city:658225,108,30,125,125,203.15,97.513,0,Lappeenranta,Helsinki
city:649360,city:650859,216,60,28,28,57.579,123.38,0,Lahti,Kouvola
city:3186886,stn:demo:S0311,28,8,290,290,197.99,40.963,0,Zagreb,Knin
city:2618528,city:2622447,216,60,52,53,64.33,72.826,0,Kolding,Esbjerg
city:2618528,city:2848245,66,18,98,98,132.78,81.293,0,Kolding,Rendsburg
city:2618528,city:2864475,66,18,126,126,160.89,76.613,0,Kolding,Neumünster
city:2618528,city:2911298,66,18,170,170,218.28,77.041,0,Kolding,Hamburg
city:2618528,city:2926271,66,18,63,63,78.129,74.409,0,Kolding,Flensburg
city:2618528,stn:demo:S0490,66,18,48,48,74.215,92.768,0,Kolding,Padborg
city:2615876,city:2621951,710,196,28,28,44.283,94.892,0,Odense,Fredericia
city:2615876,city:2622447,216,60,88,88,122.44,83.484,0,Odense,Esbjerg
city:3159016,stn:demo:S0250,66,18,143,143,127.19,53.369,0,Drammen,Gol
city:2615876,city:2848245,66,18,143,143,130.02,54.554,0,Odense,Rendsburg
city:2615876,city:2926271,66,18,108,108,90.727,50.404,0,Odense,Flensburg
city:2615876,stn:demo:S0490,66,18,93,93,91.023,58.725,0,Odense,Padborg
city:3097902,city:3099424,108,30,105,105,122.91,70.236,0,Iława,Gdynia
city:3097902,city:3099434,108,30,81,81,103.38,76.574,0,Iława,Gdańsk
city:3097902,city:756135,108,30,83,83,180.12,130.21,0,Iława,Warsaw
city:3104324,city:3107418,42,12,38,38,75.238,118.8,0,Zaragoza,Tudela
city:2615876,city:2618528,282,78,32,33,58.73,106.78,0,Odense,Kolding
city:2615876,city:2624652,644,178,84,88,85.323,58.175,0,Odense,Århus
city:3088171,city:3094170,212,58,82,83,166.6,120.43,0,Poznań,Kutno
city:3088171,city:3095321,160,44,48,48,92.103,115.13,0,Poznań,Konin
city:2974733,city:3032833,52,14,18,18,39.299,131,0,Sète,Béziers
city:3083829,city:3084840,160,44,18,18,34.514,115.05,0,Szczecin,Stargard
city:3083829,city:3093524,52,14,178,178,223.19,75.232,0,Szczecin,Leszno
city:3084840,city:3088171,160,44,118,120,163.12,81.56,0,Stargard,Poznań
city:3084840,city:3093524,52,14,158,158,195.69,74.314,0,Stargard,Leszno
city:3085151,city:3092472,108,30,43,43,54.371,75.867,0,Sopot,Malbork
city:2618528,city:2621951,66,18,10,10,19.533,117.2,0,Kolding,Fredericia
city:2619771,city:2621951,428,118,28,28,33.367,71.501,0,Horsens,Fredericia
city:2619771,city:2624652,428,118,28,28,39.823,85.336,0,Horsens,Århus
city:2619771,stn:demo:S0589,428,118,11,11,19.967,108.91,0,Horsens,Skanderborg
city:2621951,city:2848245,66,18,110,110,140.63,76.707,0,Fredericia,Rendsburg
city:2621951,city:2926271,66,18,75,75,88.757,71.005,0,Fredericia,Flensburg
city:2621951,stn:demo:S0490,66,18,60,60,85.921,85.921,0,Fredericia,Padborg
city:2621951,stn:demo:S0589,428,118,41,41,53.303,78.004,0,Fredericia,Skanderborg
city:2618425,stn:demo:S0589,428,118,148,148,169.13,68.566,0,Copenhagen,Skanderborg
city:3085151,city:3094802,108,30,318,318,495.98,93.581,0,Sopot,Kraków
city:2618425,city:2690170,80,22,160,160,255.5,95.811,0,Copenhagen,Nässjö
city:3104324,city:3127047,202,56,22,23,72.103,188.09,0,Zaragoza,Calatayud
city:3104324,stn:demo:S0131,160,44,68,68,186.42,164.49,0,Zaragoza,Camp de Tarragona
city:3104324,stn:demo:S0261,202,56,52,53,221.3,250.52,0,Zaragoza,Guadalajara-Yebes
city:3104342,city:3109642,94,26,92,93,276.74,178.54,0,Zamora,Santiago de Compostela
city:3104342,city:3114965,94,26,52,53,198.17,224.35,0,Zamora,Ourense
city:3104342,city:3117735,94,26,84,85,209.96,148.2,0,Zamora,Madrid
city:2618425,city:2618528,282,78,110,110,195.49,106.63,0,Copenhagen,Kolding
city:2615876,city:2619771,428,118,58,58,61.731,63.86,0,Odense,Horsens
city:2618425,city:2621951,710,196,104,105,177.03,101.16,0,Copenhagen,Fredericia
city:2618425,city:2622447,216,60,164,165,259.57,94.391,0,Copenhagen,Esbjerg
city:2618425,city:2664996,216,60,150,150,160.14,64.057,0,Copenhagen,Varberg
city:2618425,city:2673730,88,24,314,315,522.26,99.478,0,Copenhagen,Stockholm
city:2618425,city:2676176,80,22,284,285,494.56,104.12,0,Copenhagen,Södertälje
city:2618425,city:2688368,88,24,234,235,390.94,99.816,0,Copenhagen,Norrköping
city:2615876,stn:demo:S0589,428,118,71,71,76.53,64.673,0,Odense,Skanderborg
city:2616933,city:2618425,644,178,94,95,179.13,113.13,0,Middelfart,Copenhagen
city:2618425,city:2619771,428,118,135,135,171.07,76.029,0,Copenhagen,Horsens
city:3094170,city:3095321,160,44,32,33,75.803,137.82,0,Kutno,Konin
city:3094170,city:756135,212,58,48,75,112.22,89.772,0,Kutno,Warsaw
city:3094802,city:3097902,108,30,223,223,393.84,105.97,0,Kraków,Iława
city:3094802,city:761168,108,30,185,185,204.95,66.471,0,Kraków,Przemyśl
city:3095321,city:756135,160,44,110,110,188.02,102.55,0,Konin,Warsaw
city:3090048,city:3099230,160,44,42,43,67.419,94.074,0,Opole,Gliwice
city:3092472,city:3094802,108,30,273,273,446.29,98.086,0,Malbork,Kraków
city:3092472,city:3097902,108,30,48,48,60.482,75.603,0,Malbork,Iława
city:3105976,city:3113209,42,12,23,23,22.957,59.888,0,Vigo,Pontevedra
city:3092472,city:3099434,108,30,31,31,42.901,83.034,0,Malbork,Gdańsk
city:3092472,city:756135,108,30,133,133,240.55,108.52,0,Malbork,Warsaw
city:3093524,city:3099434,80,22,228,228,311.73,82.034,0,Leszno,Gdańsk
city:3093524,city:3102014,80,22,118,118,172.53,87.729,0,Leszno,Bydgoszcz
city:3104342,city:3119841,94,26,122,123,300.55,146.61,0,Zamora,A Coruña
city:3104342,stn:demo:S0565,94,26,28,28,96.895,207.63,0,Zamora,Sanabria AV
city:3104499,city:3110044,42,12,93,93,76.547,49.385,0,Gasteiz / Vitoria,Donostia / San Sebastián
city:3104499,city:3116689,42,12,23,23,28.839,75.232,0,Gasteiz / Vitoria,Miranda de Ebro
city:3092472,city:3099424,108,30,55,55,62.576,68.265,0,Malbork,Gdynia
city:3064379,city:3067696,108,30,85,85,76.816,54.223,0,Tábor,Prague
city:3057124,city:3057140,132,36,42,43,66.606,92.939,0,Trnava,Trenčín
city:3057124,city:3060972,132,36,30,30,43.708,87.416,0,Trnava,Bratislava
city:3057124,city:723526,132,36,198,198,227.43,68.918,0,Trnava,Spišská Nová Ves
city:3057124,city:723846,132,36,178,178,212.97,71.786,0,Trnava,Poprad
city:3057124,city:724443,132,36,242,243,272.86,67.373,0,Trnava,Košice
city:3057140,city:3060972,132,36,74,75,107.96,86.37,0,Trenčín,Bratislava
city:3057140,city:723526,132,36,152,153,184,72.157,0,Trenčín,Spišská Nová Ves
city:3088171,city:3093524,132,36,38,38,67.501,106.58,0,Poznań,Leszno
city:3054643,city:722437,14,2,170,170,180.34,63.648,0,Budapest,Békéscsaba
city:3054643,stn:demo:S0569,108,30,70,70,75.031,64.312,0,Budapest,Sarbogard
city:3056508,city:3057124,132,36,92,93,126.38,81.538,0,Žilina,Trnava
city:3056508,city:3057140,132,36,48,48,62.451,78.064,0,Žilina,Trenčín
city:3056508,city:3060972,132,36,124,125,169.26,81.247,0,Žilina,Bratislava
city:3056508,city:723526,132,36,102,103,136.26,79.376,0,Žilina,Spišská Nová Ves
city:3056508,city:723846,132,36,82,83,114.79,82.979,0,Žilina,Poprad
city:3056508,city:724443,132,36,148,148,192.34,77.977,0,Žilina,Košice
city:3057140,city:723846,132,36,132,133,165.51,74.668,0,Trenčín,Poprad
city:2633352,city:2649808,188,52,278,278,396.05,85.479,0,York,Exeter
city:2633352,city:2650628,832,230,40,40,96.518,144.78,0,York,Durham
city:2633352,city:2651513,832,230,23,23,69.955,182.49,0,York,Darlington
city:3064379,city:3077916,108,30,58,58,50.703,52.451,0,Tábor,České Budějovice
city:3065281,city:3067696,42,12,198,198,280.45,84.986,0,Starý Bohumín,Prague
city:3065281,city:3068582,42,12,138,138,183.54,79.798,0,Starý Bohumín,Pardubice
city:3065281,city:3068799,70,20,8,8,9.935,74.512,0,Starý Bohumín,Ostrava
city:3065281,city:3069011,42,12,68,68,85.707,75.624,0,Starý Bohumín,Olomouc
city:3063548,stn:demo:S0049,80,22,30,30,30.01,60.019,0,Ústí nad Labem,Bad Schandau
city:3065281,city:3096472,70,20,65,65,62.008,57.238,0,Starý Bohumín,Katowice
city:3065281,city:756135,28,8,234,234,317.89,81.511,0,Starý Bohumín,Warsaw
city:3057140,city:724443,132,36,198,198,236.19,71.573,0,Trenčín,Košice
city:3060972,city:3068582,80,22,172,173,231.65,80.342,0,Bratislava,Pardubice
city:3060972,city:723526,132,36,230,230,269.27,70.243,0,Bratislava,Spišská Nová Ves
city:3060972,city:723846,132,36,210,210,255.65,73.043,0,Bratislava,Poprad
city:3063548,city:3067696,80,22,70,71,69.381,58.632,0,Ústí nad Labem,Prague
city:3063548,city:3077244,80,22,14,15,18.64,74.56,0,Ústí nad Labem,Děčín
city:3065281,city:3078773,28,8,112,112,166.36,89.123,0,Starý Bohumín,Břeclav
city:3068582,city:3069011,362,100,68,73,116.84,96.032,0,Pardubice,Olomouc
city:3068582,city:3073371,108,30,18,18,41.221,137.4,0,Pardubice,Kolín
city:3068582,city:3077920,108,30,33,33,50.09,91.073,0,Pardubice,Česká Třebová
city:3068582,city:3078610,296,82,88,93,111.47,71.918,0,Pardubice,Brno
city:3068582,city:3078773,188,52,122,130,163.44,75.432,0,Pardubice,Břeclav
city:3067696,city:3068582,658,182,53,60,96.919,96.919,0,Prague,Pardubice
city:3067696,city:3069011,362,100,128,135,210.25,93.445,0,Prague,Olomouc
city:3067696,city:3073371,108,30,40,40,56.013,84.019,0,Prague,Kolín
city:2618425,city:2694762,80,22,210,210,355.81,101.66,0,Copenhagen,Linköping
city:3067696,city:3077916,108,30,145,145,123.88,51.262,0,Prague,České Budějovice
city:3067696,city:3077920,108,30,95,95,146.06,92.25,0,Prague,Česká Třebová
city:3067696,city:3078773,188,52,184,185,231.35,75.032,0,Prague,Břeclav
city:3067696,stn:demo:S0049,80,22,102,103,94.277,54.918,0,Prague,Bad Schandau
city:3085151,city:3097902,108,30,93,93,114.83,74.081,0,Sopot,Iława
city:3085151,city:3099424,108,30,10,10,8.763,52.577,0,Sopot,Gdynia
city:3085151,city:3099434,108,30,10,10,11.505,69.031,0,Sopot,Gdańsk
city:3085151,city:756135,108,30,178,178,294.92,99.41,0,Sopot,Warsaw
city:3067696,city:3077244,80,22,88,88,78.548,53.556,0,Prague,Děčín
city:2618425,city:2707399,80,22,74,75,92.112,73.689,0,Copenhagen,Hässleholm
city:2618425,city:2708365,216,60,124,125,112.48,53.992,0,Copenhagen,Halmstad
city:2618425,city:2848245,66,18,218,218,239.61,65.947,0,Copenhagen,Rendsburg
city:2618425,city:2926271,66,18,183,183,221.55,72.639,0,Copenhagen,Flensburg
city:2618425,stn:demo:S0018,80,22,120,120,183.26,91.631,0,Copenhagen,Alvesta
city:2618425,stn:demo:S0313,940,260,12,13,7.316,33.764,0,Copenhagen,Kobenhavns Lufthavn
city:2618425,stn:demo:S0490,66,18,168,168,223.99,79.995,0,Copenhagen,Padborg
city:3068582,city:3096472,42,12,205,205,232.48,68.043,0,Pardubice,Katowice
city:3068582,city:3068799,362,100,128,128,180.76,84.73,0,Pardubice,Ostrava
city:3069011,city:3096472,42,12,135,135,146.65,65.177,0,Olomouc,Katowice
city:3073371,city:3077920,108,30,53,53,90.056,101.95,0,Kolín,Česká Třebová
city:3073371,city:3078610,108,30,113,113,137.36,72.937,0,Kolín,Brno
city:3077244,stn:demo:S0049,80,22,12,13,15.767,72.769,0,Děčín,Bad Schandau
city:3077920,city:3078610,108,30,58,58,79.734,82.483,0,Česká Třebová,Brno
city:3081368,city:3084840,52,14,230,230,282.63,73.73,0,Wrocław,Stargard
city:3067696,stn:demo:S0232,80,22,162,163,142.47,52.443,0,Prague,Furth im Wald
city:3068160,stn:demo:S0232,80,22,72,73,61.952,50.919,0,Pilsen,Furth im Wald
city:3068799,city:3069011,362,100,53,53,78.702,89.097,0,Ostrava,Olomouc
city:3154084,stn:demo:S0476,66,18,213,213,212.93,59.981,0,Hamar,Oppdal
city:3154084,stn:demo:S0480,66,18,50,50,66.904,80.285,0,Hamar,Oslo Lufthavn
city:3154084,stn:demo:S0484,66,18,113,113,136.05,72.238,0,Hamar,Otta
city:3154084,stn:demo:S0611,66,18,273,273,252.49,55.493,0,Hamar,Storen
city:3154209,city:3156529,52,14,28,28,28.072,60.155,0,Halden,Fredrikstad
city:3147474,stn:demo:S0182,66,18,103,103,128,74.566,0,Lillehammer,Dombas
city:3147474,stn:demo:S0476,66,18,168,168,169.49,60.531,0,Lillehammer,Oppdal
city:3147474,stn:demo:S0480,66,18,95,95,108.16,68.312,0,Lillehammer,Oslo Lufthavn
city:2616933,city:2618528,216,60,12,13,16.365,75.531,0,Middelfart,Kolding
city:3147474,stn:demo:S0611,66,18,228,228,213.69,56.235,0,Lillehammer,Storen
city:3149318,city:3149563,52,14,193,193,194.06,60.329,0,Kristiansand,Kongsberg
city:3149318,stn:demo:S0202,52,14,113,113,121.44,64.48,0,Kristiansand,Egersund
city:3145375,city:3154209,52,14,53,53,53.862,60.976,0,Moss,Halden
city:3145375,city:3156529,52,14,23,23,28.543,74.461,0,Moss,Fredrikstad
city:3145614,city:3160881,28,8,178,178,108.33,36.514,0,Mo i Rana,Bodø
city:3145614,stn:demo:S0437,28,8,88,88,68.218,46.512,0,Mo i Rana,Mosjoen
city:3145614,stn:demo:S0605,28,8,298,298,283.8,57.142,0,Mo i Rana,Steinkjer
city:3147474,stn:demo:S0484,66,18,68,68,88.204,77.827,0,Lillehammer,Otta
city:3143244,city:3154084,66,18,75,75,99.634,79.707,0,Oslo,Hamar
city:3133880,stn:demo:S0484,66,18,208,208,189.43,54.645,0,Trondheim,Otta
city:3133880,stn:demo:S0605,28,8,120,120,84.593,42.296,0,Trondheim,Steinkjer
city:3133880,stn:demo:S0611,66,18,48,48,44.333,55.416,0,Trondheim,Storen
city:3137115,city:3149563,52,14,388,388,235.37,36.398,0,Stavanger,Kongsberg
city:3137115,stn:demo:S0202,52,14,78,78,59.695,45.919,0,Stavanger,Egersund
city:3140084,city:3143244,52,14,63,63,72.852,69.383,0,Sarpsborg,Oslo
city:3133880,city:3145614,28,8,420,420,365.96,52.28,0,Trondheim,Mo i Rana
city:3154084,stn:demo:S0182,66,18,148,148,175.75,71.249,0,Hamar,Dombas
city:3133880,city:3154084,66,18,323,323,295.19,54.833,0,Trondheim,Hamar
city:3133880,city:3160881,28,8,600,600,466.18,46.618,0,Trondheim,Bodø
city:3133880,stn:demo:S0182,66,18,173,173,164.06,56.9,0,Trondheim,Dombas
city:3133880,stn:demo:S0437,28,8,330,330,298.73,54.315,0,Trondheim,Mosjoen
city:3133880,stn:demo:S0476,66,18,108,108,99.444,55.247,0,Trondheim,Oppdal
city:3133880,stn:demo:S0480,66,18,375,375,361.88,57.9,0,Trondheim,Oslo Lufthavn
city:3149563,city:3159016,52,14,43,43,32.2,44.93,0,Kongsberg,Drammen
city:3149563,stn:demo:S0202,52,14,308,308,248.69,48.447,0,Kongsberg,Egersund
city:3133880,city:3147474,66,18,278,278,257.48,55.572,0,Trondheim,Lillehammer
city:3163995,city:3171366,132,36,18,18,25.123,83.744,0,Voghera,Pavia
city:3163995,city:3173435,132,36,44,45,54.381,72.507,0,Voghera,Milan
city:2610613,city:2614481,428,118,94,94,159.72,101.95,0,Vejle,Roskilde
city:2610613,city:2615006,216,60,70,70,89.142,76.408,0,Vejle,Randers
city:2610613,city:2615876,644,178,40,41,63.95,93.586,0,Vejle,Odense
city:2610613,city:2616933,428,118,21,21,25.712,73.462,0,Vejle,Middelfart
city:3160881,stn:demo:S0437,28,8,268,268,169.17,37.874,0,Bodø,Mosjoen
city:3160881,stn:demo:S0605,28,8,478,478,386.51,48.516,0,Bodø,Steinkjer
city:3147465,stn:demo:S0040,42,12,88,88,92.174,62.846,0,Lillestrøm,Arvika
city:3161732,stn:demo:S0239,66,18,203,203,158.74,46.917,0,Bergen,Geilo
city:3161732,stn:demo:S0250,66,18,238,238,200.96,50.661,0,Bergen,Gol
city:3161732,stn:demo:S0285,66,18,323,323,272.98,50.708,0,Bergen,Honefoss
city:3161732,stn:demo:S0444,66,18,128,128,105.37,49.394,0,Bergen,Myrdal
city:3161732,stn:demo:S0682,66,18,73,73,65.194,53.584,0,Bergen,Voss
city:3159016,stn:demo:S0202,52,14,353,353,279.78,47.554,0,Drammen,Egersund
city:3159016,stn:demo:S0219,66,18,223,223,177.21,47.68,0,Drammen,Finse
city:3159016,stn:demo:S0239,66,18,178,178,141.27,47.62,0,Drammen,Geilo
city:3161732,stn:demo:S0219,66,18,158,158,121.6,46.178,0,Bergen,Finse
city:3147465,stn:demo:S0321,42,12,38,38,58.726,92.726,0,Lillestrøm,Kongsvinger
city:3147474,city:3154084,66,18,43,43,48.231,67.3,0,Lillehammer,Hamar
city:3143244,stn:demo:S0285,66,18,95,95,39.308,24.826,0,Oslo,Honefoss
city:3143244,stn:demo:S0321,42,12,53,53,76.033,86.075,0,Oslo,Kongsvinger
city:3143244,stn:demo:S0444,66,18,290,290,219.43,45.399,0,Oslo,Myrdal
city:3143244,stn:demo:S0476,66,18,290,290,303.52,62.798,0,Oslo,Oppdal
city:3143244,stn:demo:S0480,66,18,23,23,36.781,95.949,0,Oslo,Oslo Lufthavn
city:3143244,stn:demo:S0484,66,18,190,190,216.93,68.505,0,Oslo,Otta
city:2614481,city:2616933,644,178,70,71,148.48,125.47,0,Roskilde,Middelfart
city:3143244,stn:demo:S0682,66,18,345,345,251.7,43.774,0,Oslo,Voss
city:2610613,city:2618425,644,178,118,118,189.91,96.564,0,Vejle,Copenhagen
city:2610613,city:2619771,428,118,15,15,25.892,103.57,0,Vejle,Horsens
city:2610613,city:2621951,644,178,10,11,20.981,114.44,0,Vejle,Fredericia
city:2610613,city:2624652,644,178,42,45,65.143,86.857,0,Vejle,Århus
city:2610613,city:2624886,216,60,124,125,150.72,72.344,0,Vejle,Aalborg
city:2610613,stn:demo:S0589,428,118,28,28,43.784,93.824,0,Vejle,Skanderborg
city:2614481,city:2615876,710,196,48,51,109.96,129.36,0,Roskilde,Odense
city:3143244,stn:demo:S0611,66,18,350,350,348.05,59.665,0,Oslo,Storen
city:3113209,city:3114965,42,12,83,83,64.939,46.944,0,Pontevedra,Ourense
city:3107418,city:3117735,42,12,125,125,253.44,121.65,0,Tudela,Madrid
city:3107418,city:3127047,42,12,68,68,78.806,69.535,0,Tudela,Calatayud
city:3107418,stn:demo:S0261,42,12,98,98,206.13,126.2,0,Tudela,Guadalajara-Yebes
city:3109256,city:3114531,66,18,50,50,122.77,147.33,0,Segovia,Palencia
city:3109256,city:3114711,66,18,175,175,303.62,104.1,0,Segovia,Oviedo
city:3109256,city:3117735,282,78,28,28,68.727,147.27,0,Segovia,Madrid
city:3109256,city:3118532,66,18,95,95,219.62,138.71,0,Segovia,León
city:3143244,city:3149563,52,14,80,80,67.056,50.292,0,Oslo,Kongsberg
city:3106672,city:3109256,282,78,28,28,93.495,200.35,0,Valladolid,Segovia
city:3106672,city:3114531,66,18,18,18,42.706,142.35,0,Valladolid,Palencia
city:3106672,city:3116689,70,20,78,78,185.95,143.04,0,Valladolid,Miranda de Ebro
city:3107418,city:3114472,42,12,48,48,84.036,105.05,0,Tudela,Pamplona
city:3124132,stn:demo:S0541,240,66,28,28,104.93,224.86,0,Cuenca,Requena-Utiel
city:3127047,city:3128760,160,44,122,123,317.27,154.77,0,Calatayud,Barcelona
city:3127047,stn:demo:S0131,160,44,92,93,244.2,157.55,0,Calatayud,Camp de Tarragona
city:3127047,stn:demo:S0261,202,56,28,28,149.45,320.25,0,Calatayud,Guadalajara-Yebes
city:3109256,city:3121424,66,18,205,205,314.51,92.052,0,Segovia,Gijón
city:2616933,city:2619771,428,118,38,38,40.155,63.403,0,Middelfart,Horsens
city:2616933,city:2621951,428,118,8,8,6.789,50.919,0,Middelfart,Fredericia
city:2616933,city:2622447,216,60,68,68,80.653,71.165,0,Middelfart,Esbjerg
city:2616933,city:2624652,428,118,68,68,78.337,69.12,0,Middelfart,Århus
city:2616933,stn:demo:S0589,428,118,51,51,60.092,70.696,0,Middelfart,Skanderborg
city:3113209,city:3117735,42,12,230,230,468.88,122.32,0,Pontevedra,Madrid
city:3114472,city:3127047,42,12,118,118,162.72,82.737,0,Pamplona,Calatayud
city:3114472,stn:demo:S0261,42,12,148,148,275.66,111.75,0,Pamplona,Guadalajara-Yebes
city:3110044,city:3116689,42,12,118,118,105.35,53.566,0,Donostia / San Sebastián,Miranda de Ebro
city:3114531,city:3117735,66,18,80,80,190,142.5,0,Palencia,Madrid
city:3114531,city:3118532,66,18,43,43,108.23,151.02,0,Palencia,León
city:3114531,city:3121424,66,18,153,153,193.44,75.857,0,Palencia,Gijón
city:3114711,city:3118532,66,18,78,78,87.435,67.258,0,Oviedo,León
city:3109642,city:3113209,42,12,48,48,50.631,63.289,0,Santiago de Compostela,Pontevedra
city:3109642,city:3114965,136,38,33,38,82.27,129.9,0,Santiago de Compostela,Ourense
city:3109642,city:3117735,136,38,180,180,486.7,162.23,0,Santiago de Compostela,Madrid
city:3109642,stn:demo:S0565,94,26,62,63,180.23,171.65,0,Santiago de Compostela,Sanabria AV
city:3114531,city:3114711,66,18,123,123,184.96,90.225,0,Palencia,Oviedo
city:3116689,city:3117735,70,20,140,140,260.12,111.48,0,Miranda de Ebro,Madrid
city:3116689,city:3127461,70,20,28,28,72.826,156.06,0,Miranda de Ebro,Burgos
city:3117735,city:3124132,424,116,54,55,138.75,151.37,0,Madrid,Cuenca
city:3143244,city:3154209,52,14,83,83,94.791,68.524,0,Oslo,Halden
city:3143244,city:3156529,52,14,53,53,77.929,88.222,0,Oslo,Fredrikstad
city:3143244,stn:demo:S0040,42,12,103,103,106.82,62.225,0,Oslo,Arvika
city:3143244,stn:demo:S0182,66,18,225,225,255.67,68.178,0,Oslo,Dombas
city:3143244,stn:demo:S0202,52,14,390,390,315.35,48.516,0,Oslo,Egersund
city:3128760,stn:demo:S0131,160,44,28,28,77.369,165.79,0,Barcelona,Camp de Tarragona
city:3143244,stn:demo:S0239,66,18,215,215,156.34,43.631,0,Oslo,Geilo
city:3143244,stn:demo:S0250,66,18,180,180,132.4,44.135,0,Oslo,Gol
city:3140084,city:3145375,52,14,33,33,30.57,55.582,0,Sarpsborg,Moss
city:3140084,city:3154209,52,14,18,18,23.737,79.122,0,Sarpsborg,Halden
city:3140084,city:3156529,52,14,8,8,12.572,94.291,0,Sarpsborg,Fredrikstad
city:3143244,city:3145375,52,14,28,28,53.46,114.56,0,Oslo,Moss
city:3143244,city:3147465,42,12,13,13,17.556,81.026,0,Oslo,Lillestrøm
city:3143244,city:3147474,66,18,120,120,134.58,67.288,0,Oslo,Lillehammer
city:3143244,stn:demo:S0219,66,18,260,260,194.55,44.897,0,Oslo,Finse
city:3128760,stn:demo:S0261,160,44,152,153,451.01,176.87,0,Barcelona,Guadalajara-Yebes
city:3128760,stn:demo:S0656,28,8,250,250,461.13,110.67,0,Barcelona,Valence TGV
city:3118514,stn:demo:S0261,160,44,98,98,332.82,203.77,0,Lleida,Guadalajara-Yebes
city:3119841,stn:demo:S0565,94,26,92,93,204.42,131.88,0,A Coruña,Sanabria AV
city:3121456,city:3122453,216,60,14,15,33.462,133.85,0,Girona,Figueres
city:3121456,stn:demo:S0656,28,8,210,210,376.88,107.68,0,Girona,Valence TGV
city:3122453,city:3128760,216,60,54,55,118.1,128.83,0,Figueres,Barcelona
city:3122453,stn:demo:S0656,28,8,192,192,343.7,107.41,0,Figueres,Valence TGV
city:3114965,stn:demo:S0565,94,26,22,23,104.17,271.76,0,Ourense,Sanabria AV
city:3117735,stn:demo:S0028,226,62,134,135,383.39,170.4,0,Madrid,Antequera-Santa Ana
city:3117735,stn:demo:S0131,160,44,150,150,427.33,170.93,0,Madrid,Camp de Tarragona
city:3117735,stn:demo:S0261,202,56,24,25,53.728,128.95,0,Madrid,Guadalajara-Yebes
city:3117735,stn:demo:S0541,240,66,84,85,240.57,169.82,0,Madrid,Requena-Utiel
city:3117735,stn:demo:S0565,94,26,114,115,306.69,160.01,0,Madrid,Sanabria AV
city:3118514,city:3127047,160,44,68,68,190.95,168.49,0,Lleida,Calatayud
city:3118514,stn:demo:S0131,160,44,22,23,71.869,187.48,0,Lleida,Camp de Tarragona
city:3114711,city:3121424,66,18,28,28,24.482,52.462,0,Oviedo,Gijón
city:3117735,city:3127047,202,56,54,55,202.05,220.42,0,Madrid,Calatayud
city:2756669,city:2757345,428,118,25,25,30.891,74.138,0,Dordrecht,Delft
city:2754394,city:2756987,522,144,32,33,42.838,77.887,0,Hengelo,Deventer
city:2754394,city:2759706,522,144,44,45,56.426,75.235,0,Hengelo,Apeldoorn
city:2754394,city:2759794,522,144,108,110,129.92,70.867,0,Hengelo,Amsterdam
city:2754394,city:2759821,522,144,72,73,96.558,79.363,0,Hengelo,Amersfoort
city:2754394,city:2759887,522,144,8,8,13.446,100.85,0,Hengelo,Almelo
city:2754394,city:2847645,94,26,38,38,44.105,69.639,0,Hengelo,Rheine
city:2931574,city:2950159,108,30,135,135,273.57,121.59,0,Eisenach,Berlin
city:2751738,city:2755251,216,60,80,81,107.78,79.841,0,Lelystad,Groningen
city:2751738,city:2759633,216,60,62,63,91.133,86.793,0,Lelystad,Assen
city:2751738,city:2759794,216,60,34,35,42.391,72.67,0,Lelystad,Amsterdam
city:2751738,city:2759879,216,60,12,13,23.419,108.08,0,Lelystad,Almere Stad
city:2751773,city:2756669,428,118,46,46,40.658,53.032,0,Leiden,Dordrecht
city:2751773,city:2757345,428,118,19,19,19.305,60.962,0,Leiden,Delft
city:2751773,stn:demo:S0574,428,118,15,15,24.857,99.428,0,Leiden,Schiphol Airport
city:2747891,city:3067696,6,2,908,908,724.23,47.857,0,Rotterdam,Prague
city:2751283,stn:demo:S0574,428,118,145,145,174.63,72.259,0,Maastricht,Schiphol Airport
city:2747203,city:2759794,428,118,120,120,167.21,83.607,0,Sittard,Amsterdam
city:2747203,stn:demo:S0574,428,118,130,130,164.58,75.961,0,Sittard,Schiphol Airport
city:2747351,city:2748000,428,118,53,53,73.455,83.157,0,'s-Hertogenbosch,Roermond
city:2745912,city:2759633,216,60,92,92,140.11,91.375,0,Utrecht,Assen
city:2745912,city:2759794,1406,384,20,27,35.248,78.329,0,Utrecht,Amsterdam
city:2745912,city:2761369,14,2,840,840,909.05,64.932,0,Utrecht,Vienna
city:2745912,city:2772400,14,2,738,738,775.36,63.038,0,Utrecht,Linz
city:2756253,stn:demo:S0574,428,118,82,82,108.36,79.286,0,Eindhoven,Schiphol Airport
city:2745912,city:2855328,14,2,668,668,707.47,63.545,0,Utrecht,Passau
city:2745912,city:2861650,14,2,508,508,510.94,60.348,0,Utrecht,Nuremberg
city:2745912,stn:demo:S0574,428,118,30,30,34.54,69.081,0,Utrecht,Schiphol Airport
city:2754394,city:2953552,94,26,22,23,25.1,65.479,0,Hengelo,Bad Bentheim
city:2755251,city:2759633,432,120,16,16,24.742,92.784,0,Groningen,Assen
city:2756071,city:2756987,428,118,43,43,50.008,69.779,0,Enschede,Deventer
city:2756071,city:2759706,428,118,55,55,63.122,68.86,0,Enschede,Apeldoorn
city:2756071,city:2759887,428,118,18,18,22.102,73.674,0,Enschede,Almelo
city:2745912,city:2805615,14,2,418,418,423.77,60.828,0,Utrecht,Würzburg
city:2756987,city:2806654,94,26,208,208,314.22,90.641,0,Deventer,Wolfsburg
city:2756987,city:2847645,94,26,72,73,86.933,71.452,0,Deventer,Rheine
city:2756987,city:2856883,94,26,98,98,128.36,78.585,0,Deventer,Osnabrück
city:2756987,city:2910831,94,26,168,168,242.96,86.77,0,Deventer,Hannover
city:2756987,city:2935022,6,2,638,638,539.14,50.703,0,Deventer,Dresden
city:2756987,city:2950159,100,28,260,261,492.47,113.21,0,Deventer,Berlin
city:2756987,city:2953552,94,26,58,58,67.797,70.135,0,Deventer,Bad Bentheim
city:2747891,stn:demo:S0574,1152,318,24,33,47.16,85.745,0,Rotterdam,Schiphol Airport
city:2756669,stn:demo:S0574,428,118,63,63,55.859,53.199,0,Dordrecht,Schiphol Airport
city:2756987,city:2759706,522,144,10,10,14.156,84.938,0,Deventer,Apeldoorn
city:2756987,city:2759794,528,146,68,75,87.62,70.096,0,Deventer,Amsterdam
city:2756987,city:2759821,528,146,33,38,54.062,85.362,0,Deventer,Amersfoort
city:2756987,city:2759887,522,144,20,23,35.736,93.224,0,Deventer,Almelo
city:2756987,city:2800866,6,2,240,240,200.34,50.085,0,Deventer,Brussels
city:2756987,city:2803138,6,2,198,198,167.27,50.687,0,Deventer,Antwerp
city:2759661,city:2772400,14,2,698,698,722.52,62.108,0,Arnhem,Linz
city:2756987,city:3067696,6,2,758,758,623.59,49.361,0,Deventer,Prague
city:2748000,city:2751283,428,118,28,28,43.762,93.775,0,Roermond,Maastricht
city:2748000,city:2756253,428,118,31,31,44.801,86.711,0,Roermond,Eindhoven
city:2748000,city:2759794,428,118,105,105,151.37,86.498,0,Roermond,Amsterdam
city:2748000,stn:demo:S0574,428,118,115,115,149.97,78.247,0,Roermond,Schiphol Airport
city:2750053,city:2759794,428,118,80,80,88.425,66.319,0,Nijmegen,Amsterdam
city:2657970,city:2660718,428,118,103,103,142.33,82.913,0,Winterthur,Fribourg
city:2657970,city:2781503,80,22,62,63,76.841,73.182,0,Winterthur,Bregenz
city:2657970,city:2871992,80,22,128,128,121.5,56.951,0,Winterthur,Memmingen
city:2657970,city:2658822,508,140,32,33,49.747,90.45,0,Winterthur,Sankt Gallen
city:2657970,stn:demo:S0241,428,118,195,195,243.97,75.069,0,Winterthur,Geneve-Aeroport
city:2657970,stn:demo:S0712,644,178,12,13,13.612,62.824,0,Winterthur,Zurich Flughafen
city:2658145,city:2658576,216,60,48,48,47.241,59.051,0,Vevey,Sitten
city:2757345,city:2759794,428,118,53,53,54.72,61.947,0,Delft,Amsterdam
city:2757345,stn:demo:S0574,428,118,36,36,43.615,72.691,0,Delft,Schiphol Airport
city:2657941,city:2659994,216,60,20,20,29.198,87.594,0,Yverdon-les-Bains,Lausanne
city:2657941,city:2660646,216,60,62,62,74.465,72.063,0,Yverdon-les-Bains,Geneva
city:2657941,city:2661513,216,60,30,31,60.81,117.7,0,Yverdon-les-Bains,Biel/Bienne
city:2657970,city:2877550,80,22,78,78,72.235,55.566,0,Winterthur,Lindau
city:2658822,city:2867714,80,22,170,170,182.57,64.436,0,Sankt Gallen,Munich
city:2658822,city:2871992,80,22,92,93,86.908,56.07,0,Sankt Gallen,Memmingen
city:2658822,city:2877550,80,22,42,43,26.939,37.589,0,Sankt Gallen,Lindau
city:2744911,stn:demo:S0574,428,118,102,102,134.38,79.045,0,Weert,Schiphol Airport
city:2745912,city:2747203,428,118,98,98,132.01,80.823,0,Utrecht,Sittard
city:2745912,city:2748000,428,118,83,83,116.21,84.009,0,Utrecht,Roermond
city:2745912,city:2755420,644,178,16,18,29.477,98.257,0,Utrecht,Gouda
city:2747203,city:2756253,428,118,46,46,56.259,73.381,0,Sittard,Eindhoven
city:2658761,city:2831948,108,30,113,113,115.03,61.076,0,Schaffhausen,Sindelfingen
city:2658761,city:2843636,108,30,53,53,52.322,59.232,0,Schaffhausen,Rottweil
city:2658761,city:2899101,108,30,83,83,83.158,60.114,0,Schaffhausen,Horb am Neckar
city:2658822,city:2659994,428,118,183,183,231.23,75.814,0,Sankt Gallen,Lausanne
city:2658822,city:2660646,428,118,221,221,280.75,76.221,0,Sankt Gallen,Geneva
city:2658822,city:2660718,428,118,138,138,181.89,79.084,0,Sankt Gallen,Fribourg
city:2658822,city:2661552,428,118,118,118,154.96,78.791,0,Sankt Gallen,Bern
city:2658606,city:2659748,216,60,22,23,41.389,107.97,0,Sierre,Martigny-Ville
city:2658761,city:2831924,108,30,13,13,16.838,77.715,0,Schaffhausen,Singen
city:2711537,stn:demo:S0282,216,60,28,28,74.954,160.62,0,Gothenburg,Herrljunga
city:2711537,stn:demo:S0313,216,60,194,195,234.7,72.215,0,Gothenburg,Kobenhavns Lufthavn
city:2726756,stn:demo:S0267,216,60,72,73,195.73,160.87,0,Alingsås,Hallsberg
city:2726756,stn:demo:S0282,216,60,12,13,33.342,153.88,0,Alingsås,Herrljunga
city:2732773,city:2735943,28,8,74,74,63.334,51.352,0,Viana do Castelo,Porto
city:2732773,city:3105976,28,8,62,62,60.688,58.73,0,Viana do Castelo,Vigo
city:2735943,city:2742611,216,60,34,35,55.983,95.97,0,Porto,Aveiro
city:2658822,city:2781503,80,22,28,28,29.342,62.877,0,Sankt Gallen,Bregenz
city:2708365,city:2711537,216,60,82,83,126.73,91.613,0,Halmstad,Gothenburg
city:2708365,stn:demo:S0313,216,60,110,110,116.85,63.736,0,Halmstad,Kobenhavns Lufthavn
city:2711537,city:2726756,216,60,12,13,41.737,192.63,0,Gothenburg,Alingsås
city:2711537,city:3140084,52,14,170,170,182.26,64.327,0,Gothenburg,Sarpsborg
city:2711537,city:3145375,52,14,205,205,206.47,60.429,0,Gothenburg,Moss
city:2711537,city:3154209,52,14,150,150,161.2,64.48,0,Gothenburg,Halden
city:2711537,city:3156529,52,14,180,180,178.5,59.5,0,Gothenburg,Fredrikstad
city:2711537,stn:demo:S0267,216,60,88,88,237.34,161.82,0,Gothenburg,Hallsberg
city:2740637,city:2742611,216,60,26,26,52.432,121,0,Coimbra,Aveiro
city:2747891,city:2759794,1210,334,41,63,57.493,54.755,0,Rotterdam,Amsterdam
city:2747891,city:2759821,6,2,113,113,67.293,35.731,0,Rotterdam,Amersfoort
city:2747891,city:2935022,6,2,788,788,647.94,49.335,0,Rotterdam,Dresden
city:2747891,city:2950159,6,2,628,628,611.64,58.437,0,Rotterdam,Berlin
city:2747351,city:2751283,428,118,83,83,98.321,71.076,0,'s-Hertogenbosch,Maastricht
city:2747351,city:2759794,856,236,50,50,80.218,96.262,0,'s-Hertogenbosch,Amsterdam
city:2747351,stn:demo:S0574,428,118,60,60,77.337,77.337,0,'s-Hertogenbosch,Schiphol Airport
city:2658606,city:2659994,216,60,72,72,73.569,61.307,0,Sierre,Lausanne
city:2747373,city:2755420,216,60,20,20,28.803,86.409,0,The Hague,Gouda
city:2747373,city:2756669,428,118,33,33,39.242,71.35,0,The Hague,Dordrecht
city:2747373,city:2757345,428,118,6,6,8.704,87.038,0,The Hague,Delft
city:2747373,city:2758401,216,60,50,50,63.607,76.329,0,The Hague,Breda
city:2746301,city:2747373,216,60,64,65,79.543,73.425,0,Tilburg,The Hague
city:2747203,city:2747351,428,118,68,68,87.259,76.993,0,Sittard,'s-Hertogenbosch
city:2747203,city:2748000,428,118,13,13,23.285,107.47,0,Sittard,Roermond
city:2747203,city:2751283,428,118,13,13,20.937,96.632,0,Sittard,Maastricht
city:2747373,city:2751773,856,236,11,11,16.085,87.736,0,The Hague,Leiden
city:2658606,city:2660646,216,60,110,110,107.34,58.55,0,Sierre,Geneva
city:2658606,stn:demo:S0010,216,60,40,40,43.96,65.94,0,Sierre,Aigle
city:2658606,stn:demo:S0108,216,60,20,21,34.882,99.663,0,Sierre,Brig
city:2658606,stn:demo:S0679,216,60,12,13,26.617,122.85,0,Sierre,Visp
city:2658761,city:2820693,108,30,38,38,34.739,54.851,0,Schaffhausen,Tuttlingen
city:2658761,city:2825297,108,30,135,135,127.15,56.511,0,Schaffhausen,Stuttgart
city:2658576,city:2659994,258,72,58,62,64.069,62.002,0,Sitten,Lausanne
city:2658576,city:2660646,258,72,100,100,93.133,55.88,0,Sitten,Geneva
city:2747891,city:2757345,428,118,10,10,12.622,75.733,0,Rotterdam,Delft
city:2658576,city:3177532,42,12,63,63,73.238,69.75,0,Sitten,Domodossola
city:2658576,stn:demo:S0010,216,60,30,30,31.702,63.403,0,Sitten,Aigle
city:2658576,stn:demo:S0108,258,72,30,31,49.663,96.122,0,Sitten,Brig
city:2658576,stn:demo:S0679,258,72,22,23,41.141,107.33,0,Sitten,Visp
city:2658606,city:2659601,216,60,50,51,50.399,59.293,0,Sierre,Montreux
city:2747373,stn:demo:S0574,428,118,28,28,40.839,87.511,0,The Hague,Schiphol Airport
city:2747891,city:2755420,428,118,18,18,18.87,62.901,0,Rotterdam,Gouda
city:2747891,city:2756987,6,2,148,148,120.89,49.011,0,Rotterdam,Deventer
city:2658576,city:3173435,42,12,143,143,165.46,69.423,0,Sitten,Milan
city:2761369,stn:demo:S0570,80,20,415,415,534.72,77.309,0,Vienna,Sargans
city:2761369,stn:demo:S0701,66,18,228,228,331.39,87.209,0,Vienna,Worgl
city:2762372,city:3169070,14,2,538,538,535.45,59.716,0,Villach,Rome
city:2762372,city:3176959,14,2,418,418,375.33,53.875,0,Villach,Florence
city:2762372,stn:demo:S0082,28,8,122,122,101.87,50.1,0,Villach,Bischofshofen
city:2761369,city:3068582,108,30,190,190,208.29,65.777,0,Vienna,Pardubice
city:2761369,city:3078773,136,38,58,58,71.829,74.305,0,Vienna,Břeclav
city:2759661,city:2805615,14,2,378,378,373.27,59.25,0,Arnhem,Würzburg
city:2761369,city:3176959,14,2,720,720,631.65,52.637,0,Vienna,Florence
city:2761369,city:3181928,14,2,640,640,565.31,52.998,0,Vienna,Bologna
city:2761369,city:3195506,28,8,214,214,191.72,53.755,0,Vienna,Maribor
city:2761369,city:3202781,28,8,270,270,235.37,52.305,0,Vienna,Celje
city:2761369,stn:demo:S0114,324,90,110,110,120.28,65.606,0,Vienna,Bruck an der Mur
city:2657908,city:2661567,338,94,78,79,115.41,87.649,0,Zug,Bellinzona
city:2657908,city:3173435,122,34,174,174,196.82,67.87,0,Zug,Milan
city:2657908,city:3178229,122,34,126,126,157.76,75.122,0,Zug,Como
city:2761369,city:3169070,14,2,840,840,764.8,54.629,0,Vienna,Rome
city:2657896,city:2899101,108,30,123,123,120.28,58.674,0,Zürich,Horb am Neckar
city:2761369,city:2781680,66,18,371,371,503.94,81.5,0,Vienna,Bludenz
city:2761369,city:2844988,104,28,187,187,318.36,102.15,0,Vienna,Rosenheim
city:2761369,city:2855328,122,30,138,138,220.77,95.986,0,Vienna,Passau
city:2761369,city:2886242,14,2,680,680,743.22,65.579,0,Vienna,Köln
city:2761369,city:2910831,14,2,690,690,660.27,57.415,0,Vienna,Hannover
city:2761369,city:2911298,14,2,810,810,743.13,55.047,0,Vienna,Hamburg
city:2761369,stn:demo:S0336,66,18,313,313,450.29,86.318,0,Vienna,Landeck-Zams
city:2761353,city:2762372,108,30,227,227,223.28,59.017,0,Wiener Neustadt,Villach
city:2761353,city:2774326,108,30,200,200,195.94,58.782,0,Wiener Neustadt,Klagenfurt am Wörthersee
city:2761353,city:2778067,216,60,120,120,101.27,50.635,0,Wiener Neustadt,Graz
city:2761353,stn:demo:S0114,324,90,74,75,83.62,66.896,0,Wiener Neustadt,Bruck an der Mur
city:2761369,city:2762372,122,32,262,262,259.66,59.464,0,Vienna,Villach
city:2761369,city:2766429,748,206,18,28,54.453,116.69,0,Vienna,Sankt Pölten
city:2761369,city:2779674,80,20,385,385,517.99,80.725,0,Vienna,Feldkirch
city:2761369,stn:demo:S0119,80,20,398,398,528.58,79.685,0,Vienna,Buchs SG
city:2761369,city:2934246,14,2,710,710,766.05,64.736,0,Vienna,Düsseldorf
city:2766429,stn:demo:S0570,66,18,385,385,481.5,75.039,0,Sankt Pölten,Sargans
city:2766429,stn:demo:S0701,66,18,198,198,278.49,84.391,0,Sankt Pölten,Worgl
city:2766824,city:2779674,80,20,240,240,266.27,66.567,0,Salzburg,Feldkirch
city:2766824,city:2781680,66,18,226,226,252.47,67.029,0,Salzburg,Bludenz
city:2766824,city:2844988,104,28,50,50,69.084,82.901,0,Salzburg,Rosenheim
city:2766429,city:2844988,104,28,167,167,264.23,94.933,0,Sankt Pölten,Rosenheim
city:2766429,city:2849483,94,26,172,173,274.97,95.366,0,Sankt Pölten,Regensburg
city:2657908,stn:demo:S0039,338,94,14,14,13.86,59.401,0,Zug,Arth-Goldau
city:2766429,city:2861650,94,26,228,228,361.33,95.086,0,Sankt Pölten,Nuremberg
city:2766429,city:2867714,104,28,205,205,301.26,88.175,0,Sankt Pölten,Munich
city:2766429,city:2925533,94,26,354,355,548.02,92.623,0,Sankt Pölten,Frankfurt am Main
city:2766429,city:3052009,52,14,93,93,159.81,103.11,0,Sankt Pölten,Győr
city:2766429,city:3054643,52,14,185,185,265.87,86.229,0,Sankt Pölten,Budapest
city:2762372,stn:demo:S0298,28,8,32,32,25.315,47.465,0,Villach,Jesenice
city:2762372,stn:demo:S0576,28,8,108,108,95.475,53.041,0,Villach,Schwarzach-St. Veit
city:2766429,city:2766824,654,180,112,115,198.19,103.41,0,Sankt Pölten,Salzburg
city:2766429,city:2855328,94,26,108,108,167.71,93.173,0,Sankt Pölten,Passau
city:2657941,city:2658564,216,60,46,46,83.051,108.33,0,Yverdon-les-Bains,Solothurn
city:2657941,city:2659297,216,60,70,71,114.79,97.005,0,Yverdon-les-Bains,Olten
city:2657941,city:2659496,216,60,14,14,32.367,138.72,0,Yverdon-les-Bains,Neuchâtel
city:2761369,city:3065281,28,8,182,182,237.82,78.401,0,Vienna,Starý Bohumín
city:2657896,stn:demo:S0119,80,20,75,75,73.495,58.796,0,Zürich,Buchs SG
city:2657896,stn:demo:S0241,428,118,168,168,224.48,80.173,0,Zürich,Geneve-Aeroport
city:2657896,stn:demo:S0336,66,18,160,160,154.55,57.957,0,Zürich,Landeck-Zams
city:2657896,stn:demo:S0337,216,60,76,76,89.752,70.857,0,Zürich,Landquart
city:2766429,stn:demo:S0336,66,18,283,283,397.5,84.276,0,Sankt Pölten,Landeck-Zams
city:2657896,stn:demo:S0701,66,18,245,245,264.5,64.775,0,Zürich,Worgl
city:2657896,stn:demo:S0712,644,178,10,10,9.358,56.147,0,Zürich,Zurich Flughafen
city:2657908,city:2659836,338,94,96,96,133.6,83.498,0,Zug,Lugano
city:2766824,stn:demo:S0082,28,8,42,42,44.5,63.572,0,Salzburg,Bischofshofen
city:2766824,stn:demo:S0119,80,20,253,253,276.91,65.671,0,Salzburg,Buchs SG
city:2766824,stn:demo:S0298,28,8,202,202,170.42,50.619,0,Salzburg,Jesenice
city:2766824,stn:demo:S0336,66,18,168,168,199.94,71.407,0,Salzburg,Landeck-Zams
city:2766429,stn:demo:S0119,66,18,368,368,475.09,77.461,0,Sankt Pölten,Buchs SG
city:2657896,stn:demo:S0570,296,80,58,63,76.555,72.909,0,Zürich,Sargans
city:2658564,city:2659496,216,60,30,30,51.793,103.59,0,Solothurn,Neuchâtel
city:2658564,city:2659994,216,60,68,68,103.18,91.042,0,Solothurn,Lausanne
city:2658145,city:2658606,216,60,58,58,56.401,58.346,0,Vevey,Sierre
city:2658145,city:2659601,216,60,4,5,6.184,74.205,0,Vevey,Montreux
city:2658145,city:2659748,216,60,32,33,43.751,79.547,0,Vevey,Martigny-Ville
city:2658145,city:2659994,216,60,12,12,17.169,85.843,0,Vevey,Lausanne
city:2658145,city:2660646,216,60,50,50,60.915,73.099,0,Vevey,Geneva
city:2657896,city:2892794,14,2,180,180,182.98,60.993,0,Zürich,Karlsruhe
city:2658145,stn:demo:S0108,216,60,80,81,89.229,66.095,0,Vevey,Brig
city:2658145,stn:demo:S0679,216,60,72,73,81.855,67.278,0,Vevey,Visp
city:2759821,city:3067696,6,2,793,793,670.5,50.731,0,Amersfoort,Prague
city:2759887,city:2806654,94,26,184,185,279.58,90.674,0,Almelo,Wolfsburg
city:2759887,city:2847645,94,26,50,50,53.477,64.172,0,Almelo,Rheine
city:2759887,city:2856883,94,26,74,75,94.764,75.811,0,Almelo,Osnabrück
city:2759887,city:2910831,94,26,144,145,208.5,86.274,0,Almelo,Hannover
city:2759887,city:2950159,94,26,238,238,457.61,115.36,0,Almelo,Berlin
city:2658145,stn:demo:S0010,216,60,16,16,18.597,69.74,0,Vevey,Aigle
city:2759661,city:2855328,14,2,628,628,654.98,62.578,0,Arnhem,Passau
city:2759661,city:2861650,14,2,468,468,459.36,58.892,0,Arnhem,Nuremberg
city:2759706,city:2759887,522,144,32,35,49.886,85.519,0,Apeldoorn,Almelo
city:2658564,city:2660646,216,60,110,110,154.15,84.08,0,Solothurn,Geneva
city:2758401,city:2759794,216,60,88,88,87.909,59.938,0,Breda,Amsterdam
city:2758401,stn:demo:S0574,216,60,58,58,80.382,83.154,0,Breda,Schiphol Airport
city:2759633,city:2759794,216,60,100,100,132.31,79.386,0,Assen,Amsterdam
city:2658564,city:2659297,216,60,22,23,31.821,83.01,0,Solothurn,Olten
city:2759633,city:2759879,216,60,78,78,114.51,88.084,0,Assen,Almere Stad
city:2759661,city:2759794,550,148,62,63,82.282,78.364,0,Arnhem,Amsterdam
city:2759661,city:2761369,14,2,800,800,854.84,64.113,0,Arnhem,Vienna
city:2658377,city:2659297,216,60,48,48,69.92,87.4,0,Thun,Olten
city:2658377,city:2661552,216,60,18,18,25.592,85.306,0,Thun,Bern
city:2658377,city:2661604,216,60,74,75,89.832,71.866,0,Thun,Basel
city:2658377,stn:demo:S0293,216,60,30,31,20.026,38.759,0,Thun,Interlaken Ost
city:2658377,stn:demo:S0596,216,60,8,8,8.503,63.776,0,Thun,Spiez
city:2759633,city:2759821,216,60,74,75,122.73,98.184,0,Assen,Amersfoort
city:2759794,city:2772400,14,2,768,768,804.77,62.873,0,Amsterdam,Linz
city:2759794,city:2805615,14,2,448,448,455.13,60.954,0,Amsterdam,Würzburg
city:2657896,city:2910831,14,2,600,600,562.81,56.281,0,Zürich,Hannover
city:2657896,city:2911298,14,2,720,720,695.14,57.929,0,Zürich,Hamburg
city:2657896,city:2918632,14,2,540,540,474.06,52.673,0,Zürich,Göttingen
city:2657896,city:2925177,14,2,110,110,87.316,47.627,0,Zürich,Freiburg
city:2657896,city:2934246,14,2,510,510,447.6,52.659,0,Zürich,Düsseldorf
city:2759887,city:2953552,94,26,34,35,34.218,58.659,0,Almelo,Bad Bentheim
city:2657896,city:3178229,122,34,150,150,178.02,71.208,0,Zürich,Como
city:2657896,stn:demo:S0039,338,94,38,38,35.257,55.669,0,Zürich,Arth-Goldau
city:2761369,city:2934691,14,2,725,725,776.03,64.223,0,Vienna,Duisburg
city:2761369,city:3044082,108,30,110,110,164.67,89.822,0,Vienna,Tatabánya
city:2657896,city:2843636,108,30,93,93,89.272,57.595,0,Zürich,Rottweil
city:2657896,city:2871992,80,22,142,143,140.34,58.886,0,Zürich,Memmingen
city:2657896,city:2877550,80,22,92,93,87.585,56.507,0,Zürich,Lindau
city:2657896,city:2886242,14,2,480,480,413.29,51.661,0,Zürich,Köln
city:2657896,city:2991214,80,22,72,72,101.17,84.307,0,Zürich,Mulhouse
city:2761353,city:2761369,324,90,32,33,46.077,83.777,0,Wiener Neustadt,Vienna
city:2759794,stn:demo:S0574,1580,436,8,15,11.26,45.038,0,Amsterdam,Schiphol Airport
city:2759821,city:2759887,522,144,60,63,89.634,85.366,0,Amersfoort,Almelo
city:2759821,city:2800866,6,2,205,205,161.9,47.384,0,Amersfoort,Brussels
city:2759821,city:2803138,6,2,163,163,124.21,45.723,0,Amersfoort,Antwerp
city:2759821,city:2847645,94,26,112,113,140.6,74.654,0,Amersfoort,Rheine
city:2759821,city:2935022,6,2,673,673,589.31,52.539,0,Amersfoort,Dresden
city:2759821,city:2953552,94,26,98,98,121.64,74.475,0,Amersfoort,Bad Bentheim
city:2759794,city:2761369,14,2,870,870,936.51,64.587,0,Amsterdam,Vienna
city:2759794,city:2855328,14,2,698,698,737.26,63.375,0,Amsterdam,Passau
city:2759794,city:2861650,14,2,538,538,541.54,60.395,0,Amsterdam,Nuremberg
city:2759794,city:2935022,6,2,708,708,626.71,53.111,0,Amsterdam,Dresden
city:2759794,city:2953552,94,26,132,133,154.3,69.607,0,Amsterdam,Bad Bentheim
city:2759794,city:3067696,6,2,828,828,709.98,51.448,0,Amsterdam,Prague
city:2759706,city:2847645,94,26,84,85,100.5,70.94,0,Apeldoorn,Rheine
city:2759706,city:2953552,94,26,70,70,81.502,69.859,0,Apeldoorn,Bad Bentheim
city:2759794,city:2759887,522,144,96,100,120.38,72.23,0,Amsterdam,Almelo
city:2759794,city:2847645,94,26,148,148,173.61,70.383,0,Amsterdam,Rheine
city:2659836,city:3178229,122,34,28,28,24.388,52.26,0,Lugano,Como
city:2659836,stn:demo:S0039,554,154,80,80,119.8,89.847,0,Lugano,Arth-Goldau
city:2659994,city:2660718,428,118,43,43,50.789,70.869,0,Lausanne,Fribourg
city:2659297,city:2659994,216,60,92,93,133.81,86.328,0,Olten,Lausanne
city:2659297,city:2660646,216,60,134,135,184.93,82.192,0,Olten,Geneva
city:2659297,city:2661513,216,60,38,38,54.968,86.792,0,Olten,Biel/Bienne
city:2659297,city:2661552,432,120,28,28,56.44,120.94,0,Olten,Bern
city:2744911,city:2747351,428,118,40,40,57.045,85.568,0,Weert,'s-Hertogenbosch
city:2659297,city:2661604,648,180,24,25,33.951,81.483,0,Olten,Basel
city:2659297,stn:demo:S0039,216,60,58,58,59.104,61.142,0,Olten,Arth-Goldau
city:2659297,stn:demo:S0108,216,60,90,91,114.82,75.707,0,Olten,Brig
city:2661604,city:2759794,14,2,608,608,568.73,56.125,0,Basel,Amsterdam
city:2661604,city:2886242,14,2,418,418,377.99,54.257,0,Basel,Köln
city:2658822,stn:demo:S0241,428,118,230,230,281.46,73.425,0,Sankt Gallen,Geneve-Aeroport
city:2658822,stn:demo:S0712,428,118,48,48,61.163,76.454,0,Sankt Gallen,Zurich Flughafen
city:2659297,city:2659496,216,60,54,55,83.595,91.195,0,Olten,Neuchâtel
city:2659297,city:2661567,216,60,122,123,154.11,75.177,0,Olten,Bellinzona
city:2660646,city:2660718,428,118,81,81,101.87,75.457,0,Geneva,Fribourg
city:2660646,city:2661513,216,60,94,95,133.63,84.396,0,Geneva,Biel/Bienne
city:2660646,city:3177532,42,12,165,165,165.66,60.242,0,Geneva,Domodossola
city:2660646,stn:demo:S0010,216,60,68,68,64.259,56.699,0,Geneva,Aigle
city:2660646,stn:demo:S0061,108,30,22,22,26.76,72.983,0,Geneva,Bellegarde
city:2660646,stn:demo:S0108,258,72,132,133,142.22,64.161,0,Geneva,Brig
city:2659994,city:2661513,216,60,52,53,83.349,94.357,0,Lausanne,Biel/Bienne
city:2659836,city:3173435,122,34,76,76,63.25,49.934,0,Lugano,Milan
city:2659994,stn:demo:S0010,216,60,30,30,33.63,67.261,0,Lausanne,Aigle
city:2659994,stn:demo:S0108,258,72,93,95,106.17,67.053,0,Lausanne,Brig
city:2659994,stn:demo:S0226,52,14,48,48,52.278,65.347,0,Lausanne,Frasne
city:2659994,stn:demo:S0241,428,118,45,45,51.018,68.024,0,Lausanne,Geneve-Aeroport
city:2659994,stn:demo:S0660,52,14,32,32,29.169,54.692,0,Lausanne,Vallorbe
city:2659811,stn:demo:S0039,216,60,22,23,18.362,47.9,0,Luzern,Arth-Goldau
city:2659836,city:2661567,554,154,14,15,20.785,83.14,0,Lugano,Bellinzona
city:2659836,city:2661604,216,60,166,167,201.96,72.559,0,Lugano,Basel
city:2659994,city:3177532,42,12,123,123,135.03,65.866,0,Lausanne,Domodossola
city:2661604,city:3177532,52,14,150,150,169.42,67.769,0,Basel,Domodossola
city:2661604,stn:demo:S0039,216,60,84,85,92.79,65.499,0,Basel,Arth-Goldau
city:2661604,stn:demo:S0108,268,74,118,118,141.37,71.88,0,Basel,Brig
city:2661604,stn:demo:S0293,216,60,108,108,99.065,55.036,0,Basel,Interlaken Ost
city:2661604,stn:demo:S0337,216,60,132,133,164.95,74.414,0,Basel,Landquart
city:2659748,stn:demo:S0010,216,60,14,15,25.343,101.37,0,Martigny-Ville,Aigle
city:2659748,stn:demo:S0108,216,60,46,46,74.439,97.095,0,Martigny-Ville,Brig
city:2659297,city:2659811,216,60,32,33,45.127,82.049,0,Olten,Luzern
city:2661604,city:2934246,14,2,448,448,411.53,55.116,0,Basel,Düsseldorf
city:2659601,city:2660646,258,72,56,57,64.163,67.539,0,Montreux,Geneva
city:2659601,city:3173435,42,12,183,183,206.44,67.687,0,Montreux,Milan
city:2659601,city:3177532,42,12,103,103,111.87,65.169,0,Montreux,Domodossola
city:2659601,stn:demo:S0010,216,60,8,9,13.412,89.413,0,Montreux,Aigle
city:2659601,stn:demo:S0108,258,72,73,74,83.557,67.749,0,Montreux,Brig
city:2659601,stn:demo:S0679,258,72,63,66,76.062,69.147,0,Montreux,Visp
city:2659748,city:2659994,216,60,46,47,57.023,72.796,0,Martigny-Ville,Lausanne
city:2659748,stn:demo:S0679,216,60,38,38,65.836,103.95,0,Martigny-Ville,Visp
city:2659297,city:2659836,216,60,140,140,169.4,72.6,0,Olten,Lugano
city:2661552,stn:demo:S0679,216,60,52,53,79.945,90.504,0,Bern,Visp
city:2661552,stn:demo:S0712,644,178,68,68,101.08,89.185,0,Bern,Zurich Flughafen
city:2661567,city:2661604,216,60,150,150,187.35,74.938,0,Bellinzona,Basel
city:2661567,city:3173435,122,34,93,93,82.102,52.969,0,Bellinzona,Milan
city:2661567,city:3178229,122,34,45,45,43.069,57.425,0,Bellinzona,Como
city:2661567,stn:demo:S0039,554,154,62,63,101.77,96.92,0,Bellinzona,Arth-Goldau
city:2661604,city:2745912,14,2,578,578,533.69,55.401,0,Basel,Utrecht
city:2661604,city:3024297,216,60,48,48,60.313,75.391,0,Basel,Colmar
city:2661169,stn:demo:S0337,216,60,10,10,11.427,68.564,0,Chur,Landquart
city:2661169,stn:demo:S0570,216,60,22,23,22.678,59.161,0,Chur,Sargans
city:2661552,city:3177532,52,14,93,93,112.85,72.807,0,Bern,Domodossola
city:2661552,stn:demo:S0108,268,74,60,61,81.22,79.888,0,Bern,Brig
city:2661552,stn:demo:S0241,428,118,110,110,129.52,70.649,0,Bern,Geneve-Aeroport
city:2661552,stn:demo:S0293,216,60,50,51,43.004,50.593,0,Bern,Interlaken Ost
city:2661552,stn:demo:S0596,484,134,22,23,34.095,88.944,0,Bern,Spiez
city:2661604,city:2988507,80,22,196,196,412.97,126.42,0,Basel,Paris
city:2661604,city:2759661,14,2,538,538,505.91,56.421,0,Basel,Arnhem
city:760924,city:765876,132,36,32,33,45.631,82.965,0,Puławy,Lublin
stn:demo:S0182,stn:demo:S0480,66,18,200,200,234.37,70.312,0,Dombas,Oslo Lufthavn
stn:demo:S0596,stn:demo:S0679,216,60,28,28,46.25,99.108,0,Spiez,Visp
city:2263480,city:2267057,216,60,40,40,69.323,103.98,0,Santarém,Lisbon
city:2263480,city:2268575,216,60,12,13,32.043,147.89,0,Santarém,Entroncamento
city:2263480,city:2735943,216,60,122,123,213,103.9,0,Santarém,Porto
city:2263480,city:2740637,216,60,58,58,110.57,114.38,0,Santarém,Coimbra
city:2659994,stn:demo:S0712,428,118,133,133,179.5,80.977,0,Lausanne,Zurich Flughafen
city:2267057,city:2268339,66,18,190,190,217.98,68.837,0,Lisbon,Faro
city:2267057,city:2268575,216,60,54,55,101.36,110.58,0,Lisbon,Entroncamento
stn:demo:S0250,stn:demo:S0682,66,18,163,163,138.12,50.843,0,Gol,Voss
stn:demo:S0267,stn:demo:S0282,216,60,58,58,163.21,168.84,0,Hallsberg,Herrljunga
stn:demo:S0285,stn:demo:S0444,66,18,193,193,183.06,56.908,0,Honefoss,Myrdal
stn:demo:S0285,stn:demo:S0682,66,18,248,248,217.11,52.526,0,Honefoss,Voss
city:2659811,city:2659836,216,60,104,105,126.03,72.018,0,Luzern,Lugano
city:2659811,city:2661552,216,60,60,60,66.123,66.123,0,Luzern,Bern
city:2263480,city:2742611,216,60,86,86,157.04,109.56,0,Santarém,Aveiro
city:2509463,city:2513416,52,14,48,48,75.895,94.869,0,Villena,Murcia
city:2509463,city:2518559,52,14,18,18,44.106,147.02,0,Villena,Elche
city:2509463,city:2521978,132,36,22,23,46.618,121.61,0,Villena,Alicante
city:2509463,city:2522258,184,50,22,23,94.569,246.7,0,Villena,Albacete
city:2509463,city:3117735,184,50,114,115,313.56,163.6,0,Villena,Madrid
city:2509463,city:3124132,184,50,58,58,192.72,199.36,0,Villena,Cuenca
city:2509954,stn:demo:S0541,240,66,22,23,64.99,169.54,0,Valencia,Requena-Utiel
stn:demo:S0011,stn:demo:S0656,80,22,52,52,172.9,199.5,0,Aix-en-Provence TGV,Valence TGV
city:2510911,city:2512177,240,66,82,83,218.48,157.94,0,Sevilla,Puertollano
city:2510911,city:2519402,240,66,98,98,252.39,154.52,0,Sevilla,Ciudad Real
stn:demo:S0082,stn:demo:S0576,28,8,12,12,11.707,58.534,0,Bischofshofen,Schwarzach-St. Veit
stn:demo:S0104,stn:demo:S0328,42,12,93,93,81.589,52.638,0,Brennero,Kufstein
stn:demo:S0108,stn:demo:S0596,268,74,36,36,47.128,78.547,0,Brig,Spiez
stn:demo:S0108,stn:demo:S0679,474,132,6,6,8.604,86.037,0,Brig,Visp
city:2516326,city:2520600,132,36,32,33,22.407,40.74,0,Jerez de la Frontera,Cadiz
city:2659811,city:2661604,216,60,60,60,79.025,79.025,0,Luzern,Basel
city:2510409,city:3117735,188,52,32,33,67.791,123.26,0,Toledo,Madrid
stn:demo:S0119,stn:demo:S0570,80,20,15,15,13.903,55.613,0,Buchs SG,Sargans
stn:demo:S0119,stn:demo:S0701,66,18,168,168,197.89,70.675,0,Buchs SG,Worgl
stn:demo:S0131,stn:demo:S0261,160,44,122,123,374.26,182.56,0,Camp de Tarragona,Guadalajara-Yebes
stn:demo:S0145,stn:demo:S0384,42,12,38,38,161.15,254.44,0,Champagne-Ardenne TGV,Lorraine TGV
stn:demo:S0145,stn:demo:S0419,42,12,18,18,96.627,322.09,0,Champagne-Ardenne TGV,Meuse TGV
stn:demo:S0182,stn:demo:S0476,66,18,63,63,64.862,61.773,0,Dombas,Oppdal
city:2267057,city:2742611,216,60,128,128,217.87,102.12,0,Lisbon,Aveiro
city:2659811,city:2661567,216,60,88,88,109.73,74.818,0,Luzern,Bellinzona
city:2660646,stn:demo:S0396,108,30,90,90,105.48,70.317,0,Geneva,Macon-Loche TGV
city:2660646,stn:demo:S0679,258,72,124,125,133.9,64.273,0,Geneva,Visp
city:2660646,stn:demo:S0712,428,118,171,171,230.36,80.827,0,Geneva,Zurich Flughafen
city:2660718,city:2661552,428,118,18,18,27.737,92.455,0,Fribourg,Bern
city:2660718,stn:demo:S0241,428,118,90,90,101.8,67.869,0,Fribourg,Geneve-Aeroport
city:2660718,stn:demo:S0712,428,118,88,88,128.8,87.821,0,Fribourg,Zurich Flughafen
city:2661169,city:2661604,216,60,144,145,167.69,69.389,0,Chur,Basel
city:2659994,stn:demo:S0679,258,72,83,87,98.91,68.214,0,Lausanne,Visp
city:2660646,stn:demo:S0241,428,118,7,7,4.304,36.894,0,Geneva,Geneve-Aeroport
city:2268575,city:2742611,216,60,70,71,132,111.55,0,Entroncamento,Aveiro
stn:demo:S0226,stn:demo:S0660,52,14,14,14,23.14,99.173,0,Frasne,Vallorbe
stn:demo:S0239,stn:demo:S0250,66,18,33,33,44.483,80.879,0,Geilo,Gol
stn:demo:S0239,stn:demo:S0285,66,18,118,118,119.9,60.966,0,Geilo,Honefoss
stn:demo:S0239,stn:demo:S0444,66,18,73,73,63.188,51.935,0,Geilo,Myrdal
stn:demo:S0239,stn:demo:S0682,66,18,128,128,98.396,46.123,0,Geilo,Voss
stn:demo:S0241,stn:demo:S0712,428,118,180,180,230.49,76.831,0,Geneve-Aeroport,Zurich Flughafen
stn:demo:S0250,stn:demo:S0285,66,18,83,83,93.242,67.404,0,Gol,Honefoss
stn:demo:S0119,stn:demo:S0336,66,18,83,83,82.562,59.684,0,Buchs SG,Landeck-Zams
stn:demo:S0182,stn:demo:S0484,66,18,33,33,39.813,72.388,0,Dombas,Otta
stn:demo:S0182,stn:demo:S0611,66,18,123,123,122.18,59.599,0,Dombas,Storen
stn:demo:S0219,stn:demo:S0239,66,18,43,43,39.095,54.552,0,Finse,Geilo
stn:demo:S0219,stn:demo:S0250,66,18,78,78,79.367,61.052,0,Finse,Gol
stn:demo:S0219,stn:demo:S0285,66,18,163,163,158.74,58.433,0,Finse,Honefoss
stn:demo:S0219,stn:demo:S0444,66,18,28,28,25.534,54.715,0,Finse,Myrdal
stn:demo:S0219,stn:demo:S0682,66,18,83,83,59.504,43.015,0,Finse,Voss
stn:demo:S0224,stn:demo:S0431,216,60,14,15,68.562,274.25,0,Frankfurt Flughafen Fernbf,Montabaur
stn:demo:S0250,stn:demo:S0444,66,18,108,108,99.248,55.138,0,Gol,Myrdal
city:2677234,stn:demo:S0282,216,60,28,28,59.268,127,0,Skövde,Herrljunga
city:2686657,city:2701680,42,12,68,68,97.308,85.86,0,Örebro,Karlstad
city:2686657,city:3147465,42,12,203,203,245.76,72.639,0,Örebro,Lillestrøm
city:2676176,city:2701223,216,60,36,36,83.971,139.95,0,Södertälje,Katrineholm
city:2676176,city:2707399,240,66,202,203,408.07,120.61,0,Södertälje,Hässleholm
city:2676176,city:2726756,216,60,146,146,326.99,134.38,0,Södertälje,Alingsås
city:2676176,stn:demo:S0018,240,66,158,158,312.69,118.74,0,Södertälje,Alvesta
city:2659748,city:2660646,216,60,84,85,72.239,50.992,0,Martigny-Ville,Geneva
city:2676176,stn:demo:S0282,216,60,130,131,293.67,134.5,0,Södertälje,Herrljunga
city:2676176,stn:demo:S0313,80,22,270,270,495.71,110.16,0,Södertälje,Kobenhavns Lufthavn
city:2701680,stn:demo:S0040,42,12,43,43,60.21,84.014,0,Karlstad,Arvika
city:2701680,stn:demo:S0321,42,12,93,93,123.43,79.633,0,Karlstad,Kongsvinger
city:2704613,city:2712414,108,30,68,68,117.1,103.32,0,Hudiksvall,Gävle
city:2706767,city:2708365,216,60,42,43,70.514,98.391,0,Helsingborg,Halmstad
city:2706767,stn:demo:S0313,216,60,64,65,46.425,42.854,0,Helsingborg,Kobenhavns Lufthavn
city:2707399,stn:demo:S0018,240,66,42,43,95.49,133.24,0,Hässleholm,Alvesta
city:2676176,stn:demo:S0267,216,60,70,71,144.24,121.89,0,Södertälje,Hallsberg
city:2690170,city:2693678,240,66,110,111,235.18,127.12,0,Nässjö,Lund
city:2690170,city:2694762,240,66,48,48,100.32,125.4,0,Nässjö,Linköping
city:2690170,city:2707399,240,66,82,83,175.46,126.84,0,Nässjö,Hässleholm
city:2690170,stn:demo:S0018,240,66,38,38,84.238,133.01,0,Nässjö,Alvesta
city:2690170,stn:demo:S0313,80,22,144,145,257.43,106.52,0,Nässjö,Kobenhavns Lufthavn
city:2686657,stn:demo:S0040,42,12,113,113,154.03,81.786,0,Örebro,Arvika
city:2686657,stn:demo:S0321,42,12,163,163,206.68,76.077,0,Örebro,Kongsvinger
city:2677234,stn:demo:S0267,216,60,28,28,104.58,224.1,0,Skövde,Hallsberg
city:2688368,city:2692969,248,68,198,200,383.76,115.13,0,Norrköping,Malmö
city:2688368,city:2693678,240,66,184,186,368.24,118.79,0,Norrköping,Lund
city:2688368,city:2694762,240,66,22,23,38.443,100.29,0,Norrköping,Linköping
city:2688368,city:2707399,240,66,158,158,307.04,116.6,0,Norrköping,Hässleholm
city:2688368,city:2911298,8,2,668,668,679.15,61.002,0,Norrköping,Hamburg
city:2677234,city:2701223,216,60,62,63,152.13,144.89,0,Skövde,Katrineholm
city:2677234,city:2711537,216,60,58,58,134.16,138.78,0,Skövde,Gothenburg
city:2677234,city:2726756,216,60,42,43,92.439,128.99,0,Skövde,Alingsås
city:2688368,city:2690170,240,66,72,73,136.24,111.98,0,Norrköping,Nässjö
city:2692969,city:2708365,216,60,88,88,119.16,81.243,0,Malmö,Halmstad
city:2692969,city:2911298,8,2,448,448,299.6,40.125,0,Malmö,Hamburg
city:2692969,stn:demo:S0018,240,66,82,85,172.94,122.08,0,Malmö,Alvesta
city:2744911,city:2748000,428,118,11,11,20.558,112.13,0,Weert,Roermond
city:2744911,city:2751283,428,118,41,41,44.867,65.659,0,Weert,Maastricht
city:2744911,city:2756253,428,118,18,18,26.377,87.923,0,Weert,Eindhoven
city:2744911,city:2759794,428,118,92,92,136.86,89.257,0,Weert,Amsterdam
city:2707399,stn:demo:S0313,80,22,60,60,91.181,91.181,0,Hässleholm,Kobenhavns Lufthavn
city:2658576,city:2658606,216,60,8,8,15.588,116.91,0,Sitten,Sierre
city:2658576,city:2659601,258,72,38,41,41.058,60.085,0,Sitten,Montreux
city:2658576,city:2659748,216,60,12,13,25.836,119.24,0,Sitten,Martigny-Ville
city:2743477,city:2751738,216,60,22,23,41.923,109.36,0,Zwolle,Lelystad
city:2743477,city:2755251,432,120,56,56,84.731,90.783,0,Zwolle,Groningen
city:2743477,city:2759633,432,120,38,38,62.375,98.487,0,Zwolle,Assen
city:2744911,city:2745912,428,118,70,70,101.65,87.128,0,Weert,Utrecht
city:2744911,city:2747203,428,118,26,26,30.367,70.078,0,Weert,Sittard
city:2658564,city:2661513,216,60,12,13,23.366,107.84,0,Solothurn,Biel/Bienne
city:2694762,stn:demo:S0018,240,66,88,88,179.63,122.48,0,Linköping,Alvesta
city:2694762,stn:demo:S0313,80,22,194,195,357.68,110.05,0,Linköping,Kobenhavns Lufthavn
city:2701223,city:2711537,216,60,122,123,285.83,139.43,0,Katrineholm,Gothenburg
city:2701223,city:2726756,216,60,108,108,244.27,135.71,0,Katrineholm,Alingsås
city:2701223,stn:demo:S0267,216,60,32,33,63.249,115,0,Katrineholm,Hallsberg
city:2701223,stn:demo:S0282,216,60,92,93,210.94,136.09,0,Katrineholm,Herrljunga
city:2701680,city:3143244,42,12,148,148,165.9,67.255,0,Karlstad,Oslo
city:2701680,city:3147465,42,12,133,133,152,68.572,0,Karlstad,Lillestrøm
city:2692969,city:2707399,240,66,38,40,77.87,116.81,0,Malmö,Hässleholm
city:2693678,city:2707399,240,66,24,26,61.759,142.52,0,Lund,Hässleholm
city:2693678,city:2708365,216,60,74,75,109.7,87.759,0,Lund,Halmstad
city:2693678,city:2711537,216,60,160,160,234.78,88.043,0,Lund,Gothenburg
city:2693678,stn:demo:S0018,240,66,70,71,157.08,132.74,0,Lund,Alvesta
city:2693678,stn:demo:S0313,940,260,32,32,35.155,65.916,0,Lund,Kobenhavns Lufthavn
city:2694762,city:2707399,240,66,132,133,274.06,123.64,0,Linköping,Hässleholm
city:2692969,city:2693678,1100,304,10,10,16.412,98.474,0,Malmö,Lund
city:2692969,city:2706767,216,60,42,43,52.623,73.428,0,Malmö,Helsingborg
city:2692969,stn:demo:S0313,940,260,20,20,22.248,66.745,0,Malmö,Kobenhavns Lufthavn
city:2666199,city:2712414,108,30,40,40,94.754,142.13,0,Uppsala,Gävle
city:2666199,city:604490,14,2,798,798,676.53,50.867,0,Uppsala,Luleå
city:2666199,city:606531,14,2,758,758,694.19,54.949,0,Uppsala,Boden
city:2666199,stn:demo:S0034,428,118,18,18,28.432,94.773,0,Uppsala,Arlanda C
city:2667303,city:2711537,52,14,40,40,66.85,100.28,0,Trollhättan,Gothenburg
city:2667303,city:3140084,52,14,128,128,130.33,61.093,0,Trollhättan,Sarpsborg
city:2664454,stn:demo:S0321,42,12,213,213,261.83,73.756,0,Västerås,Kongsvinger
city:2690170,city:2692969,240,66,122,125,250.14,120.07,0,Nässjö,Malmö
city:2664996,city:2693678,216,60,100,100,166.09,99.653,0,Varberg,Lund
city:2664996,city:2706767,216,60,68,68,120.83,106.62,0,Varberg,Helsingborg
city:2664996,city:2708365,216,60,22,23,60.438,157.66,0,Varberg,Halmstad
city:2664996,city:2711537,216,60,58,58,69.023,71.403,0,Varberg,Gothenburg
city:2664996,stn:demo:S0313,216,60,134,135,165.9,73.733,0,Varberg,Kobenhavns Lufthavn
city:2666199,city:2670781,122,32,165,165,282.16,102.61,0,Uppsala,Sundsvall
city:2661604,stn:demo:S0570,216,60,120,120,152.31,76.156,0,Basel,Sargans
city:2661604,stn:demo:S0596,484,134,80,80,97.341,73.006,0,Basel,Spiez
city:2664996,city:2692969,216,60,112,113,173.04,91.879,0,Varberg,Malmö
city:2659297,stn:demo:S0293,216,60,80,81,73.378,54.354,0,Olten,Interlaken Ost
city:2659297,stn:demo:S0596,432,120,52,54,75.748,84.164,0,Olten,Spiez
city:2659297,stn:demo:S0679,216,60,82,83,117.43,84.891,0,Olten,Visp
city:2659496,city:2659994,216,60,36,36,57.576,95.96,0,Neuchâtel,Lausanne
city:2659496,city:2660646,216,60,78,78,106.34,81.8,0,Neuchâtel,Geneva
city:2659496,city:2661513,216,60,14,15,28.822,115.29,0,Neuchâtel,Biel/Bienne
city:2659601,city:2659748,216,60,26,26,38.752,89.428,0,Montreux,Martigny-Ville
city:2666199,city:2704613,108,30,110,110,209.78,114.43,0,Uppsala,Hudiksvall
city:2667303,city:3143244,52,14,193,193,201.42,62.616,0,Trollhättan,Oslo
city:2667303,city:3145375,52,14,163,163,158.6,58.382,0,Trollhättan,Moss
city:2667303,city:3154209,52,14,108,108,107.03,59.463,0,Trollhättan,Halden
city:2667303,city:3156529,52,14,138,138,130.15,56.587,0,Trollhättan,Fredrikstad
city:2670781,city:2673730,122,32,205,205,342.96,100.38,0,Sundsvall,Stockholm
city:2670781,city:2704613,108,30,53,53,74.554,84.401,0,Sundsvall,Hudiksvall
city:2670781,city:2712414,108,30,123,123,191.09,93.217,0,Sundsvall,Gävle
city:2670781,city:602150,14,2,168,168,218.13,77.903,0,Sundsvall,Umeå
city:2659601,city:2659994,258,72,18,19,23.245,73.407,0,Montreux,Lausanne
city:2673730,city:2701680,42,12,175,175,258.76,88.717,0,Stockholm,Karlstad
city:2673730,city:2704613,108,30,150,150,271.8,108.72,0,Stockholm,Hudiksvall
city:2673730,city:2707399,240,66,228,228,435.08,114.5,0,Stockholm,Hässleholm
city:2673730,city:2712414,108,30,80,80,158.2,118.65,0,Stockholm,Gävle
city:2673730,city:2726756,216,60,170,170,356.03,125.66,0,Stockholm,Alingsås
city:2673730,city:2911298,8,2,780,780,810.79,62.369,0,Stockholm,Hamburg
city:2673730,city:3147465,42,12,310,310,400.38,77.493,0,Stockholm,Lillestrøm
city:2661604,stn:demo:S0679,216,60,110,110,142.53,77.746,0,Basel,Visp
city:2670781,city:606531,14,2,568,568,436.89,46.15,0,Sundsvall,Boden
city:2673730,city:2676176,456,126,22,22,29.269,79.824,0,Stockholm,Södertälje
city:2673730,city:2677234,216,60,124,125,264.27,126.85,0,Stockholm,Skövde
city:2673730,city:2688368,248,68,68,68,135.55,119.61,0,Stockholm,Norrköping
city:2673730,city:2690170,240,66,142,143,270.39,113.45,0,Stockholm,Nässjö
city:2673730,city:2701223,216,60,60,60,112.39,112.39,0,Stockholm,Katrineholm
city:2688368,stn:demo:S0018,240,66,112,113,211.74,112.43,0,Norrköping,Alvesta
city:2688368,stn:demo:S0313,80,22,220,220,392.51,107.05,0,Norrköping,Kobenhavns Lufthavn
city:2670781,city:604490,14,2,608,608,426.29,42.068,0,Sundsvall,Luleå
city:2664454,city:2686657,202,56,48,53,85.069,96.304,0,Västerås,Örebro
city:2664454,city:2701680,42,12,118,118,174.08,88.517,0,Västerås,Karlstad
city:2664454,city:3147465,42,12,253,253,310.18,73.56,0,Västerås,Lillestrøm
city:2664454,stn:demo:S0040,42,12,163,163,223.02,82.094,0,Västerås,Arvika
city:2673730,stn:demo:S0313,80,22,300,300,523.27,104.65,0,Stockholm,Kobenhavns Lufthavn
city:2673730,stn:demo:S0321,42,12,270,270,353.06,78.458,0,Stockholm,Kongsvinger
city:2676176,city:2677234,216,60,100,101,235.4,139.84,0,Södertälje,Skövde
city:2676176,city:2688368,240,66,42,43,106.48,148.58,0,Södertälje,Norrköping
city:2673730,stn:demo:S0282,216,60,154,155,322.7,124.92,0,Stockholm,Herrljunga
city:2676176,city:2692969,240,66,244,245,485.63,118.93,0,Södertälje,Malmö
city:2676176,city:2693678,240,66,230,231,469.76,122.02,0,Södertälje,Lund
city:2673730,city:604490,14,2,840,840,726.17,51.869,0,Stockholm,Luleå
city:2673730,city:606531,14,2,800,800,745.4,55.905,0,Stockholm,Boden
city:2673730,stn:demo:S0018,240,66,182,183,339.89,111.44,0,Stockholm,Alvesta
city:2673730,stn:demo:S0034,428,118,18,18,36.405,121.35,0,Stockholm,Arlanda C
city:2673730,stn:demo:S0040,42,12,220,220,311.56,84.971,0,Stockholm,Arvika
city:2673730,stn:demo:S0267,216,60,94,95,171.01,108.01,0,Stockholm,Hallsberg
city:2676176,city:2690170,240,66,118,118,241.81,122.95,0,Södertälje,Nässjö
city:2907911,city:2938913,108,30,31,31,51.676,100.02,0,Heidelberg,Darmstadt
city:2640354,city:2641731,428,118,28,28,66.835,143.22,0,Peterborough,Newark on Trent
city:2640354,city:2648208,428,118,19,19,45.989,145.23,0,Peterborough,Grantham
city:2640354,city:2650628,428,118,108,108,260.11,144.5,0,Peterborough,Durham
city:2640354,city:2651513,428,118,91,91,233.34,153.85,0,Peterborough,Darlington
city:2640358,city:2643743,12,2,560,560,584.68,62.644,0,Perth,London
city:2640194,city:2641557,216,60,42,43,41.467,57.86,0,Plymouth,Newton Abbot
city:2766429,city:2772400,748,206,42,43,100.63,140.41,0,Sankt Pölten,Linz
city:2640194,city:2649808,416,114,66,66,58.516,53.197,0,Plymouth,Exeter
city:2640194,city:2650225,188,52,520,520,623.71,71.967,0,Plymouth,Edinburgh
city:2640194,city:2650628,188,52,412,413,519.57,75.482,0,Plymouth,Durham
city:2640194,city:2651513,188,52,396,396,493.98,74.845,0,Plymouth,Darlington
city:2639912,city:2645826,188,52,28,28,62.776,134.52,0,Preston,Kendal
city:2639912,city:2653775,188,52,68,68,126.81,111.89,0,Preston,Carlisle
city:2640085,city:2641581,160,44,18,18,28.071,93.569,0,Portadown,Newry
city:2640085,city:2655984,160,44,28,28,38.674,82.874,0,Portadown,Belfast
city:2640194,city:2641673,188,52,428,428,539.27,75.598,0,Plymouth,Newcastle upon Tyne
city:2640416,city:2653775,188,52,12,13,28.006,129.26,0,Penrith,Carlisle
city:2639912,city:2644972,188,52,12,13,32.155,148.41,0,Preston,Lancaster
city:2892794,city:3035681,14,4,311,311,626.32,120.83,0,Karlsruhe,Avignon
city:2892794,stn:demo:S0011,14,4,333,333,661.51,119.19,0,Karlsruhe,Aix-en-Provence TGV
city:2892794,stn:demo:S0060,14,4,123,123,193.51,94.398,0,Karlsruhe,Belfort-Montbeliard TGV
city:2892794,stn:demo:S0072,14,4,143,143,262.37,110.08,0,Karlsruhe,Besancon Franche-Comte TGV
city:2894003,city:2925533,66,18,78,78,99.425,76.481,0,Kaiserslautern,Frankfurt am Main
city:2907911,city:2935517,108,30,241,241,249.83,62.199,0,Heidelberg,Dortmund
city:2892794,city:2923822,216,60,120,120,194.25,97.122,0,Karlsruhe,Fulda
city:2892518,city:2904789,108,30,48,48,97.812,122.27,0,Kassel,Hildesheim
city:2892518,city:2918632,432,120,18,18,38.53,128.44,0,Kassel,Göttingen
city:2892518,city:2950159,108,30,143,143,299.87,125.82,0,Kassel,Berlin
city:2640358,city:2646088,120,32,128,143,129.75,54.443,0,Perth,Inverness
city:2907911,city:2928810,108,30,218,218,256.96,70.724,0,Heidelberg,Essen
city:2907911,city:2934246,108,30,193,193,243.24,75.619,0,Heidelberg,Düsseldorf
city:2907911,city:2934691,108,30,206,206,263.23,76.67,0,Heidelberg,Duisburg
city:2894003,city:2988507,66,18,145,145,399.74,165.41,0,Kaiserslautern,Paris
city:2911007,city:2923822,108,30,30,30,71.206,142.41,0,Hanau am Main,Fulda
city:2911007,city:2925533,108,30,16,16,16.529,61.982,0,Hanau am Main,Frankfurt am Main
city:2911007,city:2929670,108,30,105,105,176.75,101,0,Hanau am Main,Erfurt
city:2918632,city:2950159,108,30,123,123,262.15,127.88,0,Göttingen,Berlin
city:2923822,city:2925533,540,150,48,50,85.434,102.52,0,Fulda,Frankfurt am Main
city:2923822,city:2931574,216,60,41,41,65.594,95.991,0,Fulda,Eisenach
city:2923822,city:2950159,216,60,176,176,338.84,115.51,0,Fulda,Berlin
city:2640085,city:2964540,160,44,32,33,47.072,85.586,0,Portadown,Dundalk
city:2918632,city:2945024,108,30,53,53,90.992,103.01,0,Göttingen,Braunschweig
city:2639577,city:2643123,188,52,174,175,240.91,82.599,0,Reading,Manchester
city:2639577,city:2644737,188,52,58,58,99.58,103.01,0,Reading,Royal Leamington Spa
city:2639577,city:2651269,428,118,13,13,25.317,116.85,0,Reading,Didcot
city:2639577,city:2653144,428,118,43,43,79.926,111.52,0,Reading,Chippenham
city:2639912,city:2640416,188,52,52,53,100.47,113.73,0,Preston,Penrith
city:2638077,city:2650628,188,52,108,108,155.15,86.193,0,Sheffield,Durham
city:2638077,city:2651513,188,52,90,91,127.03,83.756,0,Sheffield,Darlington
city:2923822,stn:demo:S0224,108,30,65,65,96.082,88.691,0,Fulda,Frankfurt Flughafen Fernbf
city:2640085,city:2964574,160,44,90,90,121.87,81.249,0,Portadown,Dublin
city:2640085,city:2964661,160,44,58,58,78.549,81.257,0,Portadown,Drogheda
city:2640194,city:2640377,228,62,122,123,103.04,50.266,0,Plymouth,Penzance
city:2911298,stn:demo:S0049,80,22,252,253,407.31,96.594,0,Hamburg,Bad Schandau
city:2911298,stn:demo:S0490,66,18,120,120,147.64,73.822,0,Hamburg,Padborg
city:2637487,city:2656192,428,118,28,28,45.611,97.738,0,Southampton,Basingstoke
city:2911240,city:2949186,324,90,30,30,62.727,125.45,0,Hamm,Bielefeld
city:2911298,city:2926271,66,18,105,105,142.26,81.291,0,Hamburg,Flensburg
city:2910831,city:2953552,94,26,108,108,175.16,97.311,0,Hannover,Bad Bentheim
city:2911298,city:3063548,80,22,284,285,423.39,89.134,0,Hamburg,Ústí nad Labem
city:2911298,city:3077244,80,22,268,268,421.38,94.339,0,Hamburg,Děčín
city:2911007,city:2931574,108,30,75,75,136.58,109.26,0,Hanau am Main,Eisenach
city:2911007,city:2950159,108,30,212,212,410.02,116.05,0,Hanau am Main,Berlin
city:2911240,city:2928810,216,60,36,36,61.176,101.96,0,Hamm,Essen
city:2911240,city:2934246,216,60,63,63,88.279,84.076,0,Hamm,Düsseldorf
city:2911240,city:2947416,108,30,26,26,47.246,109.03,0,Hamm,Bochum
city:2910831,city:2930596,108,30,145,145,202.39,83.749,0,Hannover,Emden
city:2911298,city:2929670,108,30,230,230,294.8,76.905,0,Hamburg,Erfurt
city:2642465,stn:demo:S0080,428,118,36,36,80.175,133.62,0,Milton Keynes,Birmingham International
city:2643123,city:2643266,320,88,24,24,25.639,64.098,0,Manchester,Macclesfield
city:2643123,city:2644737,188,52,114,115,141.41,73.777,0,Manchester,Royal Leamington Spa
city:2643123,city:2650628,216,60,122,122,150.4,73.967,0,Manchester,Durham
city:2643123,city:2651513,216,60,104,105,124.4,71.085,0,Manchester,Darlington
city:2643123,city:2652002,160,44,38,38,44.706,70.589,0,Manchester,Crewe
city:2641673,city:2651513,832,230,30,30,50.092,100.18,0,Newcastle upon Tyne,Darlington
city:2640416,city:2648579,188,52,78,78,163.75,125.96,0,Penrith,Glasgow
city:2641731,city:2643743,428,118,75,75,179.52,143.61,0,Newark on Trent,London
city:2641731,city:2650225,428,118,185,185,355.68,115.35,0,Newark on Trent,Edinburgh
city:2641731,city:2650628,428,118,78,78,196.54,151.18,0,Newark on Trent,Durham
city:2641731,city:2651513,428,118,61,61,169.09,166.32,0,Newark on Trent,Darlington
city:2881485,city:3068160,80,22,192,193,161.74,50.282,0,Landshut,Pilsen
city:2881485,stn:demo:S0232,80,22,118,118,100.12,50.91,0,Landshut,Furth im Wald
city:2886242,city:2907911,108,30,168,168,210.11,75.038,0,Köln,Heidelberg
city:2640358,city:2648579,324,90,60,60,78.074,78.074,0,Perth,Glasgow
city:2641673,city:2654675,188,52,278,278,396.61,85.6,0,Newcastle upon Tyne,Bristol
city:2867714,city:3176959,14,2,570,570,485.27,51.082,0,Munich,Florence
city:2867714,stn:demo:S0082,28,8,134,134,146.62,65.652,0,Munich,Bischofshofen
city:2867714,stn:demo:S0104,42,12,150,150,126.32,50.527,0,Munich,Brennero
city:2867714,stn:demo:S0232,80,22,170,170,160.26,56.562,0,Munich,Furth im Wald
city:2867714,stn:demo:S0298,28,8,294,294,266.68,54.424,0,Munich,Jesenice
city:2867714,stn:demo:S0328,42,12,55,55,75.772,82.66,0,Munich,Kufstein
city:2867714,city:2935517,108,30,322,322,477.28,88.934,0,Munich,Dortmund
city:2642465,city:2652002,376,104,60,61,163.61,160.93,0,Milton Keynes,Crewe
city:2873891,stn:demo:S0224,108,30,35,35,63.141,108.24,0,Mannheim,Frankfurt Flughafen Fernbf
city:2874225,city:2886946,108,30,48,48,64.831,81.039,0,Mainz,Koblenz
city:2874225,city:2907911,108,30,58,58,70.348,72.774,0,Mainz,Heidelberg
city:2643123,city:2655095,188,52,260,260,307.92,71.059,0,Manchester,Bournemouth
city:2873891,city:3035681,14,4,339,339,676.07,119.66,0,Mannheim,Avignon
city:2873891,stn:demo:S0011,14,4,361,361,712.8,118.47,0,Mannheim,Aix-en-Provence TGV
city:2873891,stn:demo:S0060,14,4,151,151,241.04,95.778,0,Mannheim,Belfort-Montbeliard TGV
city:2873891,stn:demo:S0072,14,4,171,171,305.36,107.14,0,Mannheim,Besancon Franche-Comte TGV
city:2867714,city:3168854,42,12,262,262,253.13,57.968,0,Munich,Rovereto
city:2641581,city:2964574,160,44,70,70,94.179,80.725,0,Newry,Dublin
city:2641581,city:2964661,160,44,38,38,51.101,80.686,0,Newry,Drogheda
city:2641598,city:2653822,432,120,12,13,17.361,80.126,0,Newport,Cardiff
city:2641673,city:2641731,428,118,93,93,218.31,140.84,0,Newcastle upon Tyne,Newark on Trent
city:2641673,city:2643123,216,60,140,140,170.81,73.206,0,Newcastle upon Tyne,Manchester
city:2640729,city:2644737,188,52,32,33,61.958,112.65,0,Oxford,Royal Leamington Spa
city:2641170,city:2644668,216,60,32,33,35.049,63.726,0,Nottingham,Leicester
city:2640358,city:2650752,216,60,18,18,29.245,97.484,0,Perth,Dundee
city:2641181,city:2652618,428,118,63,63,86.4,82.286,0,Norwich,Colchester
city:2641557,city:2643743,216,60,150,150,267.05,106.82,0,Newton Abbot,London
city:2641557,city:2649808,216,60,20,21,22.487,64.248,0,Newton Abbot,Exeter
city:2640377,city:2643743,228,62,320,320,410.28,76.928,0,Penzance,London
city:2640377,city:2649808,228,62,190,191,157.46,49.465,0,Penzance,Exeter
city:2640416,city:2643743,188,52,190,190,392.55,123.96,0,Penrith,London
city:2640416,city:2644972,188,52,38,38,68.918,108.82,0,Penrith,Lancaster
city:2640416,city:2645826,188,52,22,23,37.698,98.344,0,Penrith,Kendal
city:2641181,city:2646057,428,118,48,48,63.973,79.966,0,Norwich,Ipswich
city:2640358,city:2657832,216,60,88,88,116.3,79.296,0,Perth,Aberdeen
city:2640377,city:2641557,216,60,168,168,144.08,51.456,0,Penzance,Newton Abbot
city:2879139,stn:demo:S0224,108,30,183,183,303.5,99.507,0,Leipzig,Frankfurt Flughafen Fernbf
city:2879697,city:2910831,108,30,125,125,180.27,86.528,0,Leer,Hannover
city:2879697,city:2930596,108,30,18,18,22.468,74.895,0,Leer,Emden
city:2879697,city:2944388,108,30,63,63,91.417,87.064,0,Leer,Bremen
city:2881485,city:3067696,80,22,282,283,238.41,50.546,0,Landshut,Prague
city:2879139,city:2911007,108,30,148,148,277.73,112.59,0,Leipzig,Hanau am Main
city:2641581,city:2964540,160,44,12,13,20.501,94.62,0,Newry,Dundalk
city:2879139,city:2931574,216,60,71,71,148.83,125.77,0,Leipzig,Eisenach
city:2879139,city:2934246,108,30,302,302,389.06,77.296,0,Leipzig,Düsseldorf
city:2879139,city:2934691,108,30,287,287,389.07,81.339,0,Leipzig,Duisburg
city:2879139,city:2886242,108,30,327,327,380.85,69.881,0,Leipzig,Köln
city:2879139,city:2910831,108,30,155,155,214.38,82.986,0,Leipzig,Hannover
city:2886242,stn:demo:S0431,216,60,38,38,82.198,129.79,0,Köln,Montabaur
city:2886946,city:2946447,108,30,33,33,54.401,98.912,0,Koblenz,Bonn
city:2641581,city:2655984,160,44,48,48,53.63,67.037,0,Newry,Belfast
city:2879139,city:2911298,108,30,185,185,293.95,95.337,0,Leipzig,Hamburg
city:2964180,city:2964574,132,36,140,140,186.3,79.844,0,Galway,Dublin
city:2964180,city:3313472,132,36,52,53,75.794,85.804,0,Galway,Athlone
city:2964540,city:2964574,160,44,54,55,74.98,81.796,0,Dundalk,Dublin
city:2964540,city:2964661,160,44,22,23,31.583,82.39,0,Dundalk,Drogheda
city:2964574,city:2964661,160,44,30,30,43.398,86.795,0,Dublin,Drogheda
city:2964574,city:3313472,132,36,84,85,112.43,79.363,0,Dublin,Athlone
city:2960992,city:2964574,94,26,144,145,132.84,54.97,0,Waterford,Dublin
city:2639577,city:2640377,228,62,292,293,353.68,72.427,0,Reading,Penzance
city:2962026,city:2965140,240,66,102,103,149.19,86.907,0,Portlaoise,Cork
city:2962026,stn:demo:S0363,240,66,58,58,84.769,87.692,0,Portlaoise,Limerick Junction
city:2962026,stn:demo:S0403,240,66,78,78,134.74,103.65,0,Portlaoise,Mallow
city:2962026,stn:demo:S0631,240,66,38,38,51.71,81.648,0,Portlaoise,Thurles
city:2962943,stn:demo:S0363,108,30,23,23,33.888,88.405,0,Limerick,Limerick Junction
city:2972315,city:3026204,52,14,263,263,357.27,81.508,0,Toulouse,Châteauroux
city:2972315,city:3028641,66,18,48,48,84.869,106.09,0,Toulouse,Carcassonne
city:2972315,city:3029213,66,16,73,73,93.944,77.214,0,Toulouse,Cahors
city:2962026,city:2964574,240,66,50,50,77.5,93,0,Portlaoise,Dublin
city:2969257,city:2989317,52,14,46,46,76.679,100.02,0,Vierzon,Orléans
city:2969257,city:2993002,52,14,263,263,360.6,82.266,0,Vierzon,Montauban
city:2969257,city:2998286,52,14,88,88,166.65,113.62,0,Vierzon,Limoges
city:2969257,city:3026204,52,14,28,28,53.66,114.99,0,Vierzon,Châteauroux
city:2969257,city:3029213,52,14,218,218,312.18,85.92,0,Vierzon,Cahors
city:2969257,city:3029974,52,14,153,153,233.06,91.396,0,Vierzon,Brive-la-Gaillarde
city:2969392,city:2988507,108,30,180,180,313.76,104.59,0,Vichy,Paris
city:2963398,city:2964574,94,26,94,95,101.03,63.81,0,Kilkenny,Dublin
city:2964574,stn:demo:S0363,348,96,110,110,160.22,87.392,0,Dublin,Limerick Junction
city:2964574,stn:demo:S0403,240,66,130,130,208.72,96.333,0,Dublin,Mallow
city:2964574,stn:demo:S0631,240,66,90,90,126.66,84.438,0,Dublin,Thurles
city:2965140,stn:demo:S0363,240,66,42,43,69.544,97.038,0,Cork,Limerick Junction
city:2965140,stn:demo:S0403,240,66,22,23,28.441,74.195,0,Cork,Mallow
city:2965140,stn:demo:S0631,240,66,62,63,98.314,93.632,0,Cork,Thurles
city:2969257,city:2972315,52,14,293,293,405.2,82.976,0,Vierzon,Toulouse
city:2969257,city:2988507,52,14,110,110,182.61,99.608,0,Vierzon,Paris
city:2969392,city:2990474,108,30,60,60,98.047,98.047,0,Vichy,Nevers
city:2971041,city:2988507,80,22,94,95,187.65,118.52,0,Valenciennes,Paris
city:2971041,city:3021000,80,22,26,27,31.65,70.334,0,Valenciennes,Douai
city:2981280,city:2988507,94,26,130,130,377.47,174.22,0,Saint-Brieuc,Paris
city:2981280,city:2991772,94,26,46,46,78.306,102.14,0,Saint-Brieuc,Morlaix
city:2981280,city:3030300,94,26,72,73,127.45,104.75,0,Saint-Brieuc,Brest
city:2981280,stn:demo:S0262,94,26,16,16,28.797,107.99,0,Saint-Brieuc,Guingamp
city:2982652,city:3003796,188,52,58,58,71.864,74.342,0,Rouen,Le Havre
city:2972315,city:3029974,66,16,138,138,173.01,75.224,0,Toulouse,Brive-la-Gaillarde
city:2983990,city:2991772,94,26,88,88,167.41,114.14,0,Rennes,Morlaix
city:2983990,city:2995206,80,22,86,86,299.92,209.25,0,Rennes,Massy
city:2973783,stn:demo:S0419,42,12,53,53,186.45,211.08,0,Strasbourg,Meuse TGV
city:2974733,city:2987914,52,14,68,68,101.72,89.748,0,Sète,Perpignan
city:2974733,city:2988507,52,14,225,225,614.84,163.96,0,Sète,Paris
city:2974733,city:2990363,52,14,43,43,72.067,100.56,0,Sète,Nîmes
city:2974733,city:2990919,52,14,35,35,61.017,104.6,0,Sète,Narbonne
city:2974733,city:2992166,52,14,16,16,27.473,103.03,0,Sète,Montpellier
city:2983990,city:2984701,80,22,124,125,180.59,86.682,0,Rennes,Quimper
city:2972315,city:3032833,66,18,95,95,145.82,92.095,0,Toulouse,Béziers
city:2972315,city:3036938,66,18,178,178,256.54,86.474,0,Toulouse,Arles
city:2972315,city:3038634,160,44,52,53,93.628,105.99,0,Toulouse,Agen
city:2972191,stn:demo:S0008,52,14,106,106,226.18,128.03,0,Tours,Aeroport CDG 2 TGV
city:2972191,stn:demo:S0410,52,14,86,86,225.14,157.07,0,Tours,Marne-la-Vallee Chessy
city:2972315,city:2993002,226,60,22,23,46.518,121.35,0,Toulouse,Montauban
city:2971041,city:3036784,80,22,42,43,53.268,74.327,0,Valenciennes,Arras
city:2972191,city:2986495,160,44,23,23,94.364,246.17,0,Tours,Poitiers
city:2970777,city:2997577,80,22,28,28,46.742,100.16,0,Vannes,Lorient
city:2972191,city:2998324,52,14,160,160,398.85,149.57,0,Tours,Lille
city:2972191,city:3032213,94,26,28,28,51.941,111.3,0,Tours,Blois
city:2972191,city:3037598,108,30,66,66,198.54,180.49,0,Tours,Angoulême
city:2969392,city:2991481,108,30,28,28,49.173,105.37,0,Vichy,Moulins
city:2969392,city:3024635,108,30,28,28,46.678,100.02,0,Vichy,Clermont-Ferrand
city:2970777,city:2983990,80,22,60,60,95.551,95.551,0,Vannes,Rennes
city:2970777,city:2984701,80,22,62,63,106.62,101.54,0,Vannes,Quimper
city:2970777,city:2988507,80,22,150,150,401,160.4,0,Vannes,Paris
city:2972191,city:2995206,52,14,56,56,188.96,202.46,0,Tours,Massy
city:2925535,city:3094170,52,14,213,213,327.59,92.278,0,Frankfurt (Oder),Kutno
city:2925535,city:756135,52,14,263,263,439.51,100.27,0,Frankfurt (Oder),Warsaw
city:2925533,city:2928810,108,30,115,115,189.86,99.057,0,Frankfurt am Main,Essen
city:2925533,city:2931574,216,60,93,93,150.12,96.849,0,Frankfurt am Main,Eisenach
city:2925533,city:2954172,108,30,162,162,251.86,93.281,0,Frankfurt am Main,Augsburg
city:2925533,city:3035681,14,4,376,376,745.75,119,0,Frankfurt am Main,Avignon
city:2925533,stn:demo:S0011,14,4,398,398,783.48,118.11,0,Frankfurt am Main,Aix-en-Provence TGV
city:2935022,city:3063548,80,22,56,57,48.044,50.572,0,Dresden,Ústí nad Labem
city:2509463,city:2513076,52,14,33,33,61.81,112.38,0,Villena,Orihuela
city:2931574,stn:demo:S0224,108,30,108,108,160.81,89.338,0,Eisenach,Frankfurt Flughafen Fernbf
city:2934246,city:2934691,864,238,11,13,23.292,107.5,0,Düsseldorf,Duisburg
city:2934246,city:2935517,648,180,46,48,57.663,72.079,0,Düsseldorf,Dortmund
city:2934246,city:2946447,108,30,48,48,58.689,73.361,0,Düsseldorf,Bonn
city:2637142,city:2644210,216,60,52,53,88.536,100.23,0,Stafford,Liverpool
city:2637142,city:2652002,216,60,12,13,39.164,180.75,0,Stafford,Crewe
city:2637487,city:2640729,188,52,68,68,94.885,83.722,0,Southampton,Oxford
city:2931574,city:2935022,108,30,145,145,239.56,99.13,0,Eisenach,Dresden
city:2639577,city:2641557,216,60,122,123,211.64,103.24,0,Reading,Newton Abbot
city:2929670,city:2931574,216,60,28,28,50.417,108.04,0,Erfurt,Eisenach
city:2929670,stn:demo:S0224,108,30,138,138,202.33,87.968,0,Erfurt,Frankfurt Flughafen Fernbf
city:2636841,city:2655603,188,52,48,48,61.221,76.526,0,Stoke-on-Trent,Birmingham
city:2636882,city:2637487,188,52,210,210,283.33,80.952,0,Stockport,Southampton
city:2636882,city:2639577,188,52,164,165,231.63,84.229,0,Stockport,Reading
city:2926271,stn:demo:S0490,66,18,13,13,6.455,29.792,0,Flensburg,Padborg
city:2925535,city:3088171,52,14,103,103,161.64,94.158,0,Frankfurt (Oder),Poznań
city:2928810,city:2935517,648,180,21,22,32.08,87.491,0,Essen,Dortmund
city:2928810,city:2946447,108,30,73,73,80.514,66.176,0,Essen,Bonn
city:2928810,city:2947416,324,90,9,10,14.417,86.5,0,Essen,Bochum
city:2925533,stn:demo:S0060,14,4,188,188,310.1,98.967,0,Frankfurt am Main,Belfort-Montbeliard TGV
city:2925533,stn:demo:S0072,14,4,208,208,370.92,107,0,Frankfurt am Main,Besancon Franche-Comte TGV
city:2925533,stn:demo:S0224,592,164,10,11,10.693,58.325,0,Frankfurt am Main,Frankfurt Flughafen Fernbf
city:2925533,stn:demo:S0431,216,60,28,28,71.145,152.45,0,Frankfurt am Main,Montabaur
city:2925535,city:2950159,52,14,55,55,79.759,87.01,0,Frankfurt (Oder),Berlin
city:2928810,city:2934246,756,210,23,24,30.585,76.461,0,Essen,Düsseldorf
city:2950159,stn:demo:S0049,80,22,136,137,185.75,81.348,0,Berlin,Bad Schandau
city:2955936,city:2959927,108,30,43,43,63.423,88.498,0,Ansbach,Aalen
city:2960316,city:2972811,400,110,22,28,27.858,59.695,0,Luxembourg,Thionville
city:2960316,city:2988507,80,22,126,127,287.3,135.73,0,Luxembourg,Paris
city:2960992,city:2963398,94,26,48,48,45.03,56.288,0,Waterford,Kilkenny
city:2939797,city:2955936,108,30,18,18,42.328,141.09,0,Crailsheim,Ansbach
city:2939797,city:2959927,108,30,23,23,33.025,86.152,0,Crailsheim,Aalen
city:2637487,city:2643123,188,52,220,220,292.12,79.668,0,Southampton,Manchester
city:2950159,city:3063548,80,22,168,169,211.63,75.136,0,Berlin,Ústí nad Labem
city:2950159,city:3077244,80,22,152,152,201.51,79.544,0,Berlin,Děčín
city:2950159,city:3094170,52,14,270,270,405.33,90.073,0,Berlin,Kutno
city:2935022,city:3077244,80,22,40,40,44.817,67.226,0,Dresden,Děčín
city:2935022,stn:demo:S0049,80,22,24,25,32.709,78.503,0,Dresden,Bad Schandau
city:2935517,city:2949186,216,60,45,45,93.355,124.47,0,Dortmund,Bielefeld
city:2935517,stn:demo:S0224,108,30,128,128,180.14,84.442,0,Dortmund,Frankfurt Flughafen Fernbf
city:2934246,city:2947416,324,90,35,36,41.807,69.678,0,Düsseldorf,Bochum
city:2950159,city:2953552,94,26,200,201,424.7,126.78,0,Berlin,Bad Bentheim
city:2637487,city:2644737,188,52,102,103,153.8,89.59,0,Southampton,Royal Leamington Spa
city:2637487,city:2655095,616,170,28,28,39.128,83.846,0,Southampton,Bournemouth
city:2930596,city:2944388,108,30,83,83,111.21,80.396,0,Emden,Bremen
city:2636910,city:2657832,216,60,118,118,160.07,81.394,0,Stirling,Aberdeen
city:2636940,city:2640354,428,118,23,23,74.72,194.92,0,Stevenage,Peterborough
city:2636940,city:2643743,428,118,22,22,44.097,120.27,0,Stevenage,London
city:2636940,city:2644688,428,118,111,111,229.18,123.88,0,Stevenage,Leeds
city:2636940,city:2648208,428,118,44,44,116.11,158.33,0,Stevenage,Grantham
city:2636910,city:2650752,216,60,48,48,70.983,88.728,0,Stirling,Dundee
city:2637142,city:2642465,216,60,46,46,125.37,163.53,0,Stafford,Milton Keynes
city:2637142,city:2643743,216,60,80,80,198.05,148.54,0,Stafford,London
city:2636882,city:2643266,320,88,14,14,16.765,71.851,0,Stockport,Macclesfield
city:2636882,city:2644737,188,52,104,105,132.18,75.529,0,Stockport,Royal Leamington Spa
city:2636882,city:2655095,188,52,250,250,299.64,71.914,0,Stockport,Bournemouth
city:2636910,city:2640358,324,90,28,28,43.792,93.839,0,Stirling,Perth
city:2636910,city:2646088,108,30,173,173,152.24,52.799,0,Stirling,Inverness
city:2636910,city:2648579,324,90,30,30,34.569,69.138,0,Stirling,Glasgow
city:2636940,city:2651123,428,118,76,76,190.75,150.59,0,Stevenage,Doncaster
city:2803138,city:2950159,6,2,678,678,634.89,56.185,0,Antwerp,Berlin
city:2803138,city:2988507,80,22,118,118,301.21,153.16,0,Antwerp,Paris
city:2803138,city:3067696,6,2,958,958,716.96,44.904,0,Antwerp,Prague
city:2803138,stn:demo:S0574,296,82,62,93,123.62,79.753,0,Antwerp,Schiphol Airport
city:2805615,city:2855328,122,30,172,173,287.38,99.669,0,Würzburg,Passau
city:2800866,city:2996944,42,12,225,225,568.45,151.59,0,Brussels,Lyon
city:2800866,city:3035681,42,12,298,298,768.26,154.68,0,Brussels,Avignon
city:2867714,city:3169070,14,2,780,780,698.34,53.718,0,Munich,Rome
city:2800866,stn:demo:S0008,42,12,90,90,241.54,161.03,0,Brussels,Aeroport CDG 2 TGV
city:2800866,stn:demo:S0410,42,12,110,110,247.19,134.83,0,Brussels,Marne-la-Vallee Chessy
city:2800866,stn:demo:S0574,296,82,98,130,164.72,76.026,0,Brussels,Schiphol Airport
city:2803073,city:2960316,108,30,33,33,24.176,43.956,0,Arlon,Luxembourg
city:2803138,city:2935022,6,2,838,838,651.37,46.638,0,Antwerp,Dresden
city:2651269,city:2654675,428,118,58,58,95.245,98.529,0,Didcot,Bristol
city:2651269,city:2656173,428,118,43,43,81.767,114.09,0,Didcot,Bath
city:2651347,city:2653225,216,60,18,18,36.606,122.02,0,Derby,Chesterfield
city:2800866,city:3067696,6,2,1000,1000,717.29,43.038,0,Brussels,Prague
city:2790869,city:2800866,216,60,50,50,52.186,62.623,0,Mons,Brussels
city:2791537,city:2800866,428,118,12,12,21.481,107.4,0,Mechelen,Brussels
city:2791537,city:2803138,428,118,20,20,22.316,66.948,0,Mechelen,Antwerp
city:2657896,city:2766429,66,18,445,445,537.48,72.469,0,Zürich,Sankt Pölten
city:2657896,city:2779674,80,20,88,88,80.291,54.744,0,Zürich,Feldkirch
city:2657896,city:2781503,80,22,78,78,91.309,70.237,0,Zürich,Bregenz
city:2657896,city:2781680,66,18,102,102,98.879,58.164,0,Zürich,Bludenz
city:2806654,city:2847645,94,26,132,133,227.41,102.59,0,Wolfsburg,Rheine
city:2657896,city:2661169,216,60,88,88,93.996,64.088,0,Zürich,Chur
city:2657896,city:2661513,216,60,78,78,101.67,78.208,0,Zürich,Biel/Bienne
city:2657896,city:2661567,338,94,102,103,135.29,78.808,0,Zürich,Bellinzona
city:2657896,city:2745912,14,2,640,640,580.05,54.38,0,Zürich,Utrecht
city:2657896,city:2759661,14,2,600,600,546.9,54.69,0,Zürich,Arnhem
city:2657896,city:2759794,14,2,670,670,615.3,55.101,0,Zürich,Amsterdam
city:2805615,stn:demo:S0224,108,30,81,81,102.97,76.273,0,Würzburg,Frankfurt Flughafen Fernbf
city:2805753,city:2912621,108,30,15,15,25.315,101.26,0,Wuppertal,Hagen
city:2657896,city:2820693,108,30,78,78,71.578,55.06,0,Zürich,Tuttlingen
city:2820693,city:2843636,108,30,13,13,24.804,114.48,0,Tuttlingen,Rottweil
city:2820693,city:2899101,108,30,43,43,51.955,72.496,0,Tuttlingen,Horb am Neckar
city:2825297,city:2831924,108,30,120,120,116.45,58.223,0,Stuttgart,Singen
city:2825297,city:2831948,108,30,20,20,14.901,44.704,0,Stuttgart,Sindelfingen
city:2820256,city:2925533,108,30,122,122,213.2,104.85,0,Ulm,Frankfurt am Main
city:2820256,city:2954172,352,98,38,38,67.043,105.86,0,Ulm,Augsburg
city:2655603,stn:demo:S0080,428,118,10,10,12.284,73.705,0,Birmingham,Birmingham International
city:2651513,city:2654675,188,52,246,246,348.37,84.967,0,Darlington,Bristol
city:2655984,city:2964661,160,44,88,88,101.42,69.15,0,Belfast,Drogheda
city:2656397,stn:demo:S0284,80,22,32,33,34.697,63.085,0,Bangor,Holyhead
city:2657215,city:2657832,216,60,42,43,71.074,99.173,0,Arbroath,Aberdeen
city:2657896,city:2657908,338,94,22,22,21.739,59.288,0,Zürich,Zug
city:2652221,stn:demo:S0080,428,118,8,8,15.284,114.63,0,Coventry,Birmingham International
city:2653144,city:2654675,428,118,28,28,32.702,70.075,0,Chippenham,Bristol
city:2653144,city:2656173,428,118,13,13,18.953,87.477,0,Chippenham,Bath
city:2653228,city:2656397,80,22,70,70,82.51,70.723,0,Chester,Bangor
city:2655984,city:2964540,160,44,62,63,73.622,70.116,0,Belfast,Dundalk
city:2651513,city:2655603,188,52,156,156,228.33,87.819,0,Darlington,Birmingham
city:2652002,city:2653228,80,22,20,21,31.749,90.71,0,Crewe,Chester
city:2652002,city:2656397,80,22,92,93,113.43,73.183,0,Crewe,Bangor
city:2652002,stn:demo:S0284,80,22,128,128,147.82,69.292,0,Crewe,Holyhead
city:2650628,city:2654675,188,52,262,263,375.56,85.679,0,Durham,Bristol
city:2650628,city:2655603,188,52,172,173,256.12,88.829,0,Durham,Birmingham
city:2650752,city:2657215,216,60,18,18,25.972,86.572,0,Dundee,Arbroath
city:2650752,city:2657832,432,120,62,64,92.057,86.304,0,Dundee,Aberdeen
city:2820693,city:2831948,108,30,73,73,80.892,66.487,0,Tuttlingen,Sindelfingen
city:2806654,city:2945024,108,30,18,18,24.707,82.357,0,Wolfsburg,Braunschweig
city:2806654,city:2953552,94,26,148,148,246.43,99.904,0,Wolfsburg,Bad Bentheim
city:2809346,city:2846939,108,30,238,238,380.48,95.918,0,Wiesbaden,Riesa
city:2809346,city:2931574,108,30,128,128,176.97,82.952,0,Wiesbaden,Eisenach
city:2806654,city:2892518,108,30,93,93,151.38,97.662,0,Wolfsburg,Kassel
city:2806654,city:2918632,108,30,73,73,114.8,94.353,0,Wolfsburg,Göttingen
city:2820693,city:2825297,108,30,95,95,92.582,58.473,0,Tuttlingen,Stuttgart
city:2820693,city:2831924,108,30,23,23,25.108,65.499,0,Tuttlingen,Singen
city:2651269,city:2653144,428,118,28,28,63.262,135.56,0,Didcot,Chippenham
city:2772400,city:2886242,14,2,578,578,603.44,62.641,0,Linz,Köln
city:2772400,city:2910831,14,2,588,588,555.3,56.664,0,Linz,Hannover
city:2772400,city:2911298,14,2,708,708,655.9,55.585,0,Linz,Hamburg
city:2772400,city:2934246,14,2,608,608,628.75,62.048,0,Linz,Düsseldorf
city:2766824,stn:demo:S0570,80,20,270,270,283.36,62.969,0,Salzburg,Sargans
city:2766824,stn:demo:S0576,28,8,58,58,53.701,55.552,0,Salzburg,Schwarzach-St. Veit
city:2766824,stn:demo:S0701,66,18,83,83,81.275,58.753,0,Salzburg,Worgl
city:2790471,city:2803073,108,30,88,88,110.36,75.246,0,Namur,Arlon
city:2772400,city:2781680,66,18,296,296,357.49,72.464,0,Linz,Bludenz
city:2772400,city:2844988,104,28,122,122,168.33,82.786,0,Linz,Rosenheim
city:2657896,city:2658761,108,30,38,38,37.315,58.919,0,Zürich,Schaffhausen
city:2657896,city:2658822,508,140,48,60,62.407,62.407,0,Zürich,Sankt Gallen
city:2657896,city:2659297,216,60,38,38,48.748,76.971,0,Zürich,Olten
city:2657896,city:2659496,216,60,94,95,129.27,81.642,0,Zürich,Neuchâtel
city:2657896,city:2659811,428,118,41,41,39.685,58.075,0,Zürich,Luzern
city:2657896,city:2659836,338,94,120,120,154.05,77.027,0,Zürich,Lugano
city:2772400,city:2779674,80,20,310,310,369.98,71.609,0,Linz,Feldkirch
city:2766429,city:2775220,174,48,228,228,334.18,87.943,0,Sankt Pölten,Innsbruck
city:2766429,city:2779674,66,18,355,355,464.4,78.49,0,Sankt Pölten,Feldkirch
city:2766429,city:2781680,66,18,341,341,450.65,79.293,0,Sankt Pölten,Bludenz
city:2766429,city:2805615,94,26,282,283,450.59,95.531,0,Sankt Pölten,Würzburg
city:2775220,city:2779674,80,20,120,120,135.68,67.84,0,Innsbruck,Feldkirch
city:2775220,city:2781680,66,18,106,106,119.35,67.555,0,Innsbruck,Bludenz
city:2775220,city:2844988,42,12,71,71,85.684,72.409,0,Innsbruck,Rosenheim
city:2772400,city:2855328,122,30,62,63,69.383,66.079,0,Linz,Passau
city:2775220,city:3169070,14,2,658,658,603.7,55.048,0,Innsbruck,Rome
city:2775220,city:3176959,14,2,448,448,387.51,51.899,0,Innsbruck,Florence
city:2772400,city:2934691,14,2,623,623,640.9,61.724,0,Linz,Duisburg
city:2772400,stn:demo:S0119,80,20,323,323,381.04,70.782,0,Linz,Buchs SG
city:2772400,stn:demo:S0336,66,18,238,238,306.77,77.336,0,Linz,Landeck-Zams
city:2772400,stn:demo:S0570,80,20,340,340,388.49,68.557,0,Linz,Sargans
city:2772400,stn:demo:S0701,66,18,153,153,189.09,74.153,0,Linz,Worgl
city:2774326,stn:demo:S0114,108,30,123,123,114.68,55.94,0,Klagenfurt am Wörthersee,Bruck an der Mur
city:2775220,city:3168854,42,12,152,152,154.97,61.172,0,Innsbruck,Rovereto
city:2775220,stn:demo:S0328,42,12,51,51,68.159,80.188,0,Innsbruck,Kufstein
city:2775220,stn:demo:S0336,66,18,48,48,63.803,79.753,0,Innsbruck,Landeck-Zams
city:2775220,stn:demo:S0570,80,20,150,150,149.31,59.725,0,Innsbruck,Sargans
city:2775220,stn:demo:S0701,66,18,33,33,56.194,102.17,0,Innsbruck,Worgl
city:2778067,city:3195506,28,8,58,58,58.956,60.989,0,Graz,Maribor
city:2778067,city:3202781,28,8,112,112,94.031,50.374,0,Graz,Celje
city:2792413,city:3247449,132,36,23,23,39.655,103.45,0,Liège,Aachen
city:2657896,city:2660718,428,118,76,76,123.09,97.18,0,Zürich,Fribourg
city:2800866,city:2803073,108,30,144,144,166.51,69.379,0,Brussels,Arlon
city:2800866,city:2935022,6,2,880,880,657.68,44.842,0,Brussels,Dresden
city:2800866,city:2950159,6,2,720,720,651.31,54.276,0,Brussels,Berlin
city:2800866,city:2960316,108,30,179,179,187.43,62.824,0,Brussels,Luxembourg
city:2800866,city:2995469,42,12,330,330,843.52,153.37,0,Brussels,Marseille
city:2657896,city:2831924,108,30,53,53,48.795,55.24,0,Zürich,Singen
city:2657896,city:2831948,108,30,153,153,152.26,59.712,0,Zürich,Sindelfingen
city:2789786,city:2800931,216,60,12,13,20.718,95.62,0,Ostend,Brugge
city:2797656,city:2800931,432,120,20,21,38.64,110.4,0,Gent,Brugge
city:2781680,stn:demo:S0119,66,18,25,25,26.016,62.438,0,Bludenz,Buchs SG
city:2781680,stn:demo:S0336,66,18,56,56,56.555,60.595,0,Bludenz,Landeck-Zams
city:2781680,stn:demo:S0570,66,18,42,42,31.005,44.293,0,Bludenz,Sargans
city:2781680,stn:demo:S0701,66,18,141,141,172.82,73.541,0,Bludenz,Worgl
city:2789786,city:2797656,216,60,36,36,58.093,96.821,0,Ostend,Gent
city:2789786,city:2800866,216,60,70,70,107.39,92.046,0,Ostend,Brussels
city:2657896,city:2657941,216,60,110,111,158.66,85.762,0,Zürich,Yverdon-les-Bains
city:2657896,city:2658564,216,60,62,63,78.409,74.675,0,Zürich,Solothurn
city:2775220,stn:demo:S0119,80,20,133,133,145.06,65.439,0,Innsbruck,Buchs SG
city:2779674,stn:demo:S0119,80,20,11,11,11.741,64.044,0,Feldkirch,Buchs SG
city:2779674,stn:demo:S0336,66,18,70,70,74.303,63.688,0,Feldkirch,Landeck-Zams
city:2779674,stn:demo:S0570,80,20,28,28,24.171,51.794,0,Feldkirch,Sargans
city:2779674,stn:demo:S0701,66,18,155,155,187.72,72.666,0,Feldkirch,Worgl
city:2781503,city:2867714,80,22,140,140,153.65,65.851,0,Bregenz,Munich
city:2781503,city:2871992,80,22,62,63,62.685,59.7,0,Bregenz,Memmingen
city:2781503,city:2877550,80,22,12,13,6.716,30.996,0,Bregenz,Lindau
city:2775220,stn:demo:S0104,42,12,40,40,30.139,45.208,0,Innsbruck,Brennero
city:2779674,city:2781680,66,18,12,12,19.289,96.444,0,Feldkirch,Bludenz
city:2644210,city:2646458,216,60,64,65,83.238,76.835,0,Liverpool,Huddersfield
city:2644210,city:2650628,216,60,162,162,177.3,65.668,0,Liverpool,Durham
city:2861650,stn:demo:S0224,108,30,136,136,192.02,84.715,0,Nuremberg,Frankfurt Flughafen Fernbf
city:2864475,city:2911298,174,48,42,45,58.187,77.582,0,Neumünster,Hamburg
city:2864475,city:2926271,66,18,61,61,86.934,85.509,0,Neumünster,Flensburg
city:2864475,stn:demo:S0490,66,18,76,76,92.829,73.286,0,Neumünster,Padborg
city:2867543,city:2928810,216,60,52,52,70.352,81.176,0,Münster,Essen
city:2653228,stn:demo:S0284,80,22,104,105,116.58,66.618,0,Chester,Holyhead
city:2867714,city:2871992,80,22,74,75,104.72,83.775,0,Munich,Memmingen
city:2861650,city:2939797,108,30,33,33,81.13,147.51,0,Nuremberg,Crailsheim
city:2861650,city:2955936,108,30,13,13,38.804,179.1,0,Nuremberg,Ansbach
city:2861650,city:2959927,108,30,58,58,99.111,102.53,0,Nuremberg,Aalen
city:2856883,city:2953552,94,26,38,38,60.764,95.944,0,Osnabrück,Bad Bentheim
city:2857458,city:2879697,108,30,33,33,51.238,93.16,0,Oldenburg,Leer
city:2857458,city:2930596,108,30,53,53,71.489,80.931,0,Oldenburg,Emden
city:2643743,city:2650628,428,118,155,155,376.04,145.56,0,London,Durham
city:2867543,city:2947416,216,60,40,40,60.43,90.645,0,Münster,Bochum
city:2648579,city:2653775,188,52,62,63,136.31,129.82,0,Glasgow,Carlisle
city:2649808,city:2650225,188,52,430,430,581.79,81.18,0,Exeter,Edinburgh
city:2649808,city:2650628,188,52,322,323,469.4,87.195,0,Exeter,Durham
city:2645298,city:2657832,216,60,108,108,131.36,72.975,0,Kirkcaldy,Aberdeen
city:2645826,city:2648579,188,52,102,103,196.18,114.28,0,Kendal,Glasgow
city:2645826,city:2653775,188,52,38,38,64.372,101.64,0,Kendal,Carlisle
city:2646057,city:2652618,428,118,13,13,25.56,117.97,0,Ipswich,Colchester
city:2643743,stn:demo:S0284,80,22,224,225,365.35,97.426,0,London,Holyhead
city:2646458,city:2650628,216,60,94,95,126.13,79.659,0,Huddersfield,Durham
city:2646458,city:2651513,216,60,78,78,98.51,75.777,0,Huddersfield,Darlington
city:2646458,stn:demo:S0405,216,60,44,45,45.19,60.253,0,Huddersfield,Manchester Airport
city:2867714,city:2877550,80,22,124,125,155.7,74.736,0,Munich,Lindau
city:2867714,city:2879139,108,30,178,178,360.62,121.56,0,Munich,Leipzig
city:2643743,city:2656397,80,22,190,190,332.22,104.91,0,London,Bangor
city:2643743,stn:demo:S0080,428,118,70,70,151.6,129.94,0,London,Birmingham International
city:2643743,stn:demo:S0235,428,118,30,30,39.221,78.441,0,London,Gatwick Airport
city:2646088,city:2648579,108,30,205,205,179.47,52.529,0,Inverness,Glasgow
city:2644972,city:2645826,188,52,12,13,31.355,144.72,0,Lancaster,Kendal
city:2644972,city:2648579,188,52,118,118,222.6,113.19,0,Lancaster,Glasgow
city:2644210,city:2651513,216,60,144,145,155.09,64.175,0,Liverpool,Darlington
city:2644210,city:2652002,216,60,38,38,49.82,78.663,0,Liverpool,Crewe
city:2644668,city:2651347,216,60,22,23,39.201,102.26,0,Leicester,Derby
city:2644668,city:2653225,216,60,42,43,70.615,98.533,0,Leicester,Chesterfield
city:2644688,city:2648208,428,118,65,65,115.32,106.45,0,Leeds,Grantham
city:2643743,city:2651269,428,118,40,40,77.986,116.98,0,London,Didcot
city:2873891,city:2923822,324,90,90,90,146.32,97.545,0,Mannheim,Fulda
city:2873891,city:2950159,108,30,268,268,483.06,108.15,0,Mannheim,Berlin
city:2641673,city:2646458,216,60,112,113,147.66,78.405,0,Newcastle upon Tyne,Huddersfield
city:2641673,city:2649808,188,52,338,338,489.65,86.921,0,Newcastle upon Tyne,Exeter
city:2641673,city:2650628,832,230,12,13,21.989,101.49,0,Newcastle upon Tyne,Durham
city:2867714,stn:demo:S0576,28,8,150,150,148.74,59.495,0,Munich,Schwarzach-St. Veit
city:2871992,city:2877550,80,22,48,48,61.397,76.747,0,Memmingen,Lindau
city:2873891,city:2894003,66,18,38,38,50.509,79.751,0,Mannheim,Kaiserslautern
city:2644688,city:2650225,188,52,174,175,261.85,89.778,0,Leeds,Edinburgh
city:2643743,city:2651513,428,118,138,138,348.6,151.56,0,London,Darlington
city:2643743,city:2652002,456,126,94,95,236.68,149.48,0,London,Crewe
city:2643743,city:2653144,428,118,70,70,138.52,118.73,0,London,Chippenham
city:2643743,city:2653228,80,22,118,118,265.07,134.78,0,London,Chester
city:2643743,city:2653775,188,52,204,205,420.51,123.08,0,London,Carlisle
city:2867714,city:2881485,80,22,50,50,61.482,73.778,0,Munich,Landshut
city:2643123,stn:demo:S0405,216,60,16,17,13.106,46.255,0,Manchester,Manchester Airport
city:2643266,city:2643743,320,88,102,102,237.39,139.64,0,Macclesfield,London
city:2644737,city:2655603,188,52,24,25,33.773,81.056,0,Royal Leamington Spa,Birmingham
city:2643743,city:2645826,188,52,164,165,359.25,130.64,0,London,Kendal
city:2643743,city:2646088,12,2,690,690,714.39,62.121,0,London,Inverness
city:2643743,city:2648182,42,12,18,18,31.434,104.78,0,London,Grays
city:2643743,city:2648208,428,118,68,68,159.91,141.1,0,London,Grantham
city:2644688,city:2650628,404,112,68,72,109.02,90.848,0,Leeds,Durham
city:2644688,city:2651513,404,112,50,55,80.929,88.286,0,Leeds,Darlington
city:2644688,stn:demo:S0405,216,60,70,70,67.771,58.089,0,Leeds,Manchester Airport
city:2644737,city:2655095,188,52,142,143,175.76,73.745,0,Royal Leamington Spa,Bournemouth
city:2643743,city:2644972,188,52,150,150,334.6,133.84,0,London,Lancaster
city:2825297,city:2918632,108,30,183,183,310.71,101.87,0,Stuttgart,Göttingen
city:2825297,city:2923822,108,30,128,128,199.98,93.739,0,Stuttgart,Fulda
city:2825297,city:2939797,108,30,95,95,76.171,48.108,0,Stuttgart,Crailsheim
city:2825297,city:2843636,108,30,80,80,79.445,59.584,0,Stuttgart,Rottweil
city:2825297,city:2892518,108,30,163,163,282.75,104.08,0,Stuttgart,Kassel
city:2825297,city:2899101,108,30,50,50,51.849,62.219,0,Stuttgart,Horb am Neckar
city:2848245,city:2911298,66,18,70,70,86.126,73.822,0,Rendsburg,Hamburg
city:2648208,city:2651123,428,118,30,30,75.384,150.77,0,Grantham,Doncaster
city:2848245,stn:demo:S0490,66,18,48,48,61.633,77.041,0,Rendsburg,Padborg
city:2849483,city:2855328,94,26,62,63,109.43,104.22,0,Regensburg,Passau
city:2644972,city:2653775,188,52,52,53,94.784,107.3,0,Lancaster,Carlisle
city:2645298,city:2650225,216,60,34,35,18.461,31.648,0,Kirkcaldy,Edinburgh
city:2645298,city:2650752,216,60,42,43,40.805,56.937,0,Kirkcaldy,Dundee
city:2645298,city:2657215,216,60,62,63,60.899,57.999,0,Kirkcaldy,Arbroath
city:2846939,city:2931574,108,30,108,108,210.78,117.1,0,Riesa,Eisenach
city:2846939,city:2935022,108,30,35,35,42.251,72.431,0,Riesa,Dresden
city:2848245,city:2926271,66,18,33,33,56.143,102.08,0,Rendsburg,Flensburg
city:2654710,stn:demo:S0235,428,118,28,28,36.516,78.249,0,Brighton,Gatwick Airport
city:2655095,city:2656192,428,118,58,58,81.903,84.728,0,Bournemouth,Basingstoke
city:2835297,city:2849483,80,22,32,33,34.499,62.725,0,Schwandorf in Bayern,Regensburg
city:2835297,city:2867714,80,22,124,125,137.78,66.134,0,Schwandorf in Bayern,Munich
city:2835297,city:2881485,80,22,72,73,88.563,72.791,0,Schwandorf in Bayern,Landshut
city:2835297,city:3067696,80,22,208,208,186.56,53.815,0,Schwandorf in Bayern,Prague
city:2835297,city:3068160,80,22,118,118,102.82,52.283,0,Schwandorf in Bayern,Pilsen
city:2835297,stn:demo:S0232,80,22,42,43,53.539,74.706,0,Schwandorf in Bayern,Furth im Wald
city:2831948,city:2899101,108,30,28,28,37.174,79.659,0,Sindelfingen,Horb am Neckar
city:2841648,city:2925533,216,60,46,46,128.34,167.41,0,Sankt Augustin,Frankfurt am Main
city:2825297,city:2955936,108,30,115,115,118.44,61.794,0,Stuttgart,Ansbach
city:2825297,city:2959927,108,30,70,70,67.38,57.754,0,Stuttgart,Aalen
city:2825297,stn:demo:S0224,108,30,75,75,147.95,118.36,0,Stuttgart,Frankfurt Flughafen Fernbf
city:2831924,city:2831948,108,30,98,98,105.41,64.536,0,Singen,Sindelfingen
city:2831924,city:2843636,108,30,38,38,48.113,75.967,0,Singen,Rottweil
city:2831924,city:2899101,108,30,68,68,76.955,67.901,0,Singen,Horb am Neckar
city:2831948,city:2843636,108,30,58,58,65.782,68.05,0,Sindelfingen,Rottweil
city:2841648,city:2886242,216,60,20,20,24.68,74.039,0,Sankt Augustin,Köln
city:2855328,city:2861650,122,30,118,118,198.01,100.68,0,Passau,Nuremberg
city:2855328,city:2886242,14,2,508,508,534.6,63.142,0,Passau,Köln
city:2855328,city:2910831,14,2,518,518,497.26,57.598,0,Passau,Hannover
city:2855328,city:2911298,14,2,638,638,603.89,56.793,0,Passau,Hamburg
city:2855328,city:2925533,108,28,244,245,384.55,94.174,0,Passau,Frankfurt am Main
city:2855328,city:2934246,14,2,538,538,560.31,62.488,0,Passau,Düsseldorf
city:2855328,city:2934691,14,2,553,553,572.86,62.155,0,Passau,Duisburg
city:2846939,stn:demo:S0224,108,30,218,218,360.65,99.261,0,Riesa,Frankfurt Flughafen Fernbf
city:2650225,city:2650628,616,170,104,105,166.04,94.879,0,Edinburgh,Durham
city:2650225,city:2651513,616,170,122,122,189.98,93.432,0,Edinburgh,Darlington
city:2650225,city:2654675,188,52,370,370,501.58,81.337,0,Edinburgh,Bristol
city:2650225,city:2657215,216,60,100,100,77.671,46.603,0,Edinburgh,Arbroath
city:2650628,city:2651513,832,230,14,15,28.12,112.48,0,Durham,Darlington
city:2849483,city:2881485,80,22,38,38,54.167,85.527,0,Regensburg,Landshut
city:2648182,city:2988507,42,12,125,125,325.23,156.11,0,Grays,Paris
city:2648182,city:2998324,42,12,63,63,212.51,202.39,0,Grays,Lille
city:2649808,city:2651513,188,52,306,306,443.14,86.891,0,Exeter,Darlington
city:2847645,city:2856883,94,26,22,23,41.471,108.19,0,Rheine,Osnabrück
city:2847645,city:2910831,94,26,92,93,156.08,100.7,0,Rheine,Hannover
city:2847645,city:2950159,94,26,186,186,405.75,130.89,0,Rheine,Berlin
city:2847645,city:2953552,94,26,12,13,19.319,89.165,0,Rheine,Bad Bentheim
city:2848245,city:2864475,66,18,26,26,32.496,74.991,0,Rendsburg,Neumünster
city:2844988,city:3168854,42,12,225,225,233.56,62.282,0,Rosenheim,Rovereto
city:2844988,stn:demo:S0104,42,12,113,113,105.68,56.114,0,Rosenheim,Brennero
city:2844988,stn:demo:S0328,42,12,18,18,30.54,101.8,0,Rosenheim,Kufstein
city:2849483,stn:demo:S0232,80,22,78,78,63.35,48.731,0,Regensburg,Furth im Wald
city:2846939,city:2923822,108,30,151,151,267,106.09,0,Riesa,Fulda
city:2846939,city:2925533,108,30,203,203,350.38,103.56,0,Riesa,Frankfurt am Main
city:2846939,city:2929670,108,30,78,78,161.63,124.33,0,Riesa,Erfurt
city:2841648,stn:demo:S0224,216,60,32,33,126.17,229.41,0,Sankt Augustin,Frankfurt Flughafen Fernbf
city:2841648,stn:demo:S0431,216,60,16,16,57.615,216.06,0,Sankt Augustin,Montabaur
city:2842647,city:2894003,66,18,33,33,59.947,109,0,Saarbrücken,Kaiserslautern
city:2843636,city:2899101,108,30,28,28,31.098,66.638,0,Rottweil,Horb am Neckar
city:2844988,city:2867714,146,40,35,36,51.315,85.524,0,Rosenheim,Munich
city:2846939,city:2879139,108,30,33,33,64.054,116.46,0,Riesa,Leipzig
