u,v,trains_per_week,trips,time_min,time_median,dist_km,speed_kmh
city:2263480,city:2267057,216,60,40.000,40.000,69.323,103.984
city:2263480,city:2268575,216,60,12.000,13.000,32.043,147.892
city:2263480,city:2735943,216,60,122.000,123.000,213.002,103.903
city:2263480,city:2740637,216,60,58.000,58.000,110.570,114.383
city:2263480,city:2742611,216,60,86.000,86.000,157.040,109.562
city:2267057,city:2268339,66,18,190.000,190.000,217.984,68.837
city:2267057,city:2268575,216,60,54.000,55.000,101.365,110.580
city:2267057,city:2735943,216,60,164.000,165.000,273.357,99.403
city:2267057,city:2740637,216,60,100.000,100.000,176.273,105.764
city:2267057,city:2742611,216,60,128.000,128.000,217.867,102.125
city:2268575,city:2735943,216,60,108.000,108.000,187.411,104.117
city:2268575,city:2740637,216,60,42.000,43.000,82.402,114.980
city:2268575,city:2742611,216,60,70.000,71.000,131.997,111.547
city:2509463,city:2513076,52,14,33.000,33.000,61.810,112.383
city:2509463,city:2513416,52,14,48.000,48.000,75.895,94.869
city:2509463,city:2518559,52,14,18.000,18.000,44.106,147.020
city:2509463,city:2521978,132,36,22.000,23.000,46.618,121.611
city:2509463,city:2522258,184,50,22.000,23.000,94.569,246.702
city:2509463,city:3117735,184,50,114.000,115.000,313.563,163.598
city:2509463,city:3124132,184,50,58.000,58.000,192.717,199.362
city:2509954,city:2519752,160,44,28.000,28.000,63.530,136.136
city:2509954,city:3108288,160,44,112.000,113.000,229.030,121.609
city:2509954,city:3117735,240,66,110.000,110.000,302.017,164.736
city:2509954,city:3124132,240,66,52.000,53.000,163.728,185.353
city:2509954,city:3128760,160,44,170.000,170.000,302.473,106.755
city:2509954,stn:demo:S0541,240,66,22.000,23.000,64.990,169.538
city:2510409,city:3117735,188,52,32.000,33.000,67.791,123.257
city:2510911,city:2512177,240,66,82.000,83.000,218.479,157.937
city:2510911,city:2516326,132,36,60.000,60.000,78.772,78.772
city:2510911,city:2519240,240,66,42.000,43.000,119.885,167.282
city:2510911,city:2519402,240,66,98.000,98.000,252.389,154.524
city:2510911,city:2520600,132,36,94.000,95.000,99.248,62.683
city:2510911,city:3117735,240,66,150.000,150.000,390.348,156.139
city:2512177,city:2519240,240,66,38.000,38.000,105.822,167.087
city:2512177,city:2519402,240,66,12.000,13.000,36.672,169.255
city:2512177,city:3117735,240,66,64.000,65.000,195.404,180.373
city:2513076,city:2513416,52,14,13.000,13.000,19.588,90.405
city:2513076,city:2518559,52,14,13.000,13.000,28.981,133.758
city:2513076,city:2522258,52,14,58.000,58.000,128.541,132.973
city:2513076,city:3117735,52,14,150.000,150.000,351.589,140.636
city:2513076,city:3124132,52,14,93.000,93.000,243.105,156.842
city:2513416,city:2518559,52,14,28.000,28.000,48.415,103.747
city:2513416,city:2522258,52,14,73.000,73.000,128.606,105.704
city:2513416,city:3117735,52,14,165.000,165.000,349.413,127.059
city:2513416,city:3124132,52,14,108.000,108.000,246.947,137.193
city:2514256,city:2519240,160,44,54.000,55.000,133.930,146.105
city:2514256,city:3117735,160,44,162.000,162.000,415.720,153.971
city:2514256,stn:demo:S0028,160,44,24.000,25.000,38.917,93.401
city:2516326,city:2520600,132,36,32.000,33.000,22.407,40.740
city:2517117,city:2519240,66,18,88.000,88.000,129.179,88.077
city:2517117,city:3117735,66,18,195.000,195.000,359.070,110.483
city:2517117,stn:demo:S0028,66,18,58.000,58.000,89.432,92.516
city:2518559,city:2522258,52,14,43.000,43.000,129.222,180.310
city:2518559,city:3117735,52,14,135.000,135.000,352.112,156.494
city:2518559,city:3124132,52,14,78.000,78.000,235.593,181.225
city:2519240,city:2519402,240,66,52.000,53.000,142.184,160.963
city:2519240,city:3117735,466,128,104.000,105.000,295.531,168.875
city:2519240,stn:demo:S0028,226,62,28.000,28.000,95.936,205.577
city:2519402,city:3117735,240,66,50.000,50.000,160.212,192.254
city:2519752,city:3108288,160,44,82.000,83.000,166.877,120.634
city:2519752,city:3128760,160,44,140.000,140.000,242.910,104.104
city:2521978,city:2522258,132,36,48.000,48.000,139.488,174.360
city:2521978,city:3117735,132,36,140.000,140.000,360.079,154.320
city:2521978,city:3124132,132,36,82.000,83.000,238.525,172.428
city:2522258,city:3117735,184,50,90.000,90.000,223.491,148.994
city:2522258,city:3124132,184,50,32.000,33.000,121.590,221.073
city:2523083,city:2524170,28,8,158.000,158.000,126.559,48.060
city:2523083,city:2525068,28,8,68.000,68.000,50.140,44.241
city:2523083,city:3168673,28,8,468.000,468.000,402.575,51.612
city:2523083,city:3169070,28,8,640.000,640.000,586.056,54.943
city:2523083,city:3172394,28,8,508.000,508.000,429.079,50.679
city:2523083,stn:demo:S0676,28,8,218.000,218.000,130.848,36.013
city:2523630,city:3168673,80,22,228.000,228.000,294.801,77.579
city:2523630,city:3169070,80,22,340.000,340.000,498.703,88.006
city:2523630,city:3172394,80,22,268.000,268.000,327.459,73.312
city:2523630,city:6534232,80,22,98.000,98.000,110.247,67.498
city:2523630,stn:demo:S0676,80,22,18.000,18.000,12.253,40.845
city:2523920,city:2524170,94,24,190.000,190.000,191.585,60.500
city:2523920,city:3169070,14,2,828.000,828.000,426.021,30.871
city:2523920,city:3172394,14,2,688.000,688.000,313.924,27.377
city:2523920,city:3173435,14,2,1230.000,1230.000,886.962,43.266
city:2523920,city:3176959,14,2,1008.000,1008.000,654.223,38.942
city:2523920,city:3181928,14,2,1108.000,1108.000,728.938,39.473
city:2523920,stn:demo:S0676,14,2,328.000,328.000,199.066,36.415
city:2524170,city:2525068,28,8,88.000,88.000,88.773,60.527
city:2524170,city:3168673,28,8,308.000,308.000,283.528,55.233
city:2524170,city:3169070,42,10,480.000,480.000,485.828,60.729
city:2524170,city:3172394,42,10,348.000,348.000,315.434,54.385
city:2524170,city:3173435,14,2,990.000,990.000,964.421,58.450
city:2524170,city:3176959,14,2,768.000,768.000,718.333,56.120
city:2524170,city:3181928,14,2,868.000,868.000,783.597,54.166
city:2524170,stn:demo:S0676,42,10,58.000,58.000,7.887,8.159
city:2525068,city:3168673,28,8,398.000,398.000,354.765,53.482
city:2525068,city:3169070,28,8,570.000,570.000,535.920,56.413
city:2525068,city:3172394,28,8,438.000,438.000,379.950,52.048
city:2525068,stn:demo:S0676,28,8,148.000,148.000,94.895,38.471
city:258576,city:264371,80,22,180.000,180.000,215.092,71.697
city:258576,city:734077,80,22,72.000,73.000,120.735,99.234
city:2610613,city:2614481,428,118,94.000,94.000,159.720,101.949
city:2610613,city:2615006,216,60,70.000,70.000,89.142,76.408
city:2610613,city:2615876,644,178,40.000,41.000,63.950,93.586
city:2610613,city:2616933,428,118,21.000,21.000,25.712,73.462
city:2610613,city:2618425,644,178,118.000,118.000,189.910,96.564
city:2610613,city:2619771,428,118,15.000,15.000,25.892,103.568
city:2610613,city:2621951,644,178,10.000,11.000,20.981,114.440
city:2610613,city:2624652,644,178,42.000,45.000,65.143,86.857
city:2610613,city:2624886,216,60,124.000,125.000,150.716,72.344
city:2610613,stn:demo:S0589,428,118,28.000,28.000,43.784,93.824
city:2614481,city:2615876,710,196,48.000,51.000,109.958,129.363
city:2614481,city:2616933,644,178,70.000,71.000,148.478,125.474
city:2614481,city:2618425,710,196,22.000,22.000,30.674,83.656
city:2614481,city:2618528,282,78,86.000,86.000,164.841,115.006
city:2614481,city:2619771,428,118,111.000,111.000,141.658,76.572
city:2614481,city:2621951,494,136,81.000,81.000,146.457,108.487
city:2614481,city:2622447,216,60,140.000,141.000,228.969,97.434
city:2614481,city:2624652,428,118,141.000,141.000,129.867,55.262
city:2614481,city:2848245,66,18,193.000,193.000,214.040,66.541
city:2614481,city:2864475,66,18,221.000,221.000,219.922,59.707
city:2614481,city:2911298,66,18,265.000,265.000,268.542,60.802
city:2614481,city:2926271,66,18,158.000,158.000,192.648,73.157
city:2614481,stn:demo:S0490,66,18,143.000,143.000,194.798,81.733
city:2614481,stn:demo:S0589,428,118,124.000,124.000,141.082,68.265
city:2615006,city:2615876,216,60,112.000,113.000,120.408,63.934
city:2615006,city:2618425,216,60,190.000,190.000,179.589,56.712
city:2615006,city:2621951,216,60,82.000,83.000,101.073,73.065
city:2615006,city:2624652,216,60,26.000,26.000,35.469,81.851
city:2615006,city:2624886,216,60,52.000,53.000,65.698,74.375
city:2615876,city:2616933,644,178,18.000,18.000,43.244,144.146
city:2615876,city:2618425,926,256,73.000,75.000,140.486,112.389
city:2615876,city:2618528,282,78,32.000,33.000,58.730,106.782
city:2615876,city:2619771,428,118,58.000,58.000,61.731,63.860
city:2615876,city:2621951,710,196,28.000,28.000,44.283,94.892
city:2615876,city:2622447,216,60,88.000,88.000,122.442,83.484
city:2615876,city:2624652,644,178,84.000,88.000,85.323,58.175
city:2615876,city:2624886,216,60,168.000,168.000,185.980,66.421
city:2615876,city:2848245,66,18,143.000,143.000,130.020,54.554
city:2615876,city:2864475,66,18,171.000,171.000,149.262,52.372
city:2615876,city:2911298,66,18,215.000,215.000,206.761,57.701
city:2615876,city:2926271,66,18,108.000,108.000,90.727,50.404
city:2615876,stn:demo:S0490,66,18,93.000,93.000,91.023,58.725
city:2615876,stn:demo:S0589,428,118,71.000,71.000,76.530,64.673
city:2616933,city:2618425,644,178,94.000,95.000,179.127,113.133
city:2616933,city:2618528,216,60,12.000,13.000,16.365,75.531
city:2616933,city:2619771,428,118,38.000,38.000,40.155,63.403
city:2616933,city:2621951,428,118,8.000,8.000,6.789,50.919
city:2616933,city:2622447,216,60,68.000,68.000,80.653,71.165
city:2616933,city:2624652,428,118,68.000,68.000,78.337,69.120
city:2616933,stn:demo:S0589,428,118,51.000,51.000,60.092,70.696
city:2618425,city:2618528,282,78,110.000,110.000,195.489,106.630
city:2618425,city:2619771,428,118,135.000,135.000,171.066,76.029
city:2618425,city:2621951,710,196,104.000,105.000,177.034,101.162
city:2618425,city:2622447,216,60,164.000,165.000,259.574,94.391
city:2618425,city:2624652,644,178,162.000,165.000,156.162,56.786
city:2618425,city:2624886,216,60,244.000,245.000,223.256,54.675
city:2618425,city:2664996,216,60,150.000,150.000,160.143,64.057
city:2618425,city:2673730,88,24,314.000,315.000,522.258,99.478
city:2618425,city:2676176,80,22,284.000,285.000,494.555,104.117
city:2618425,city:2688368,88,24,234.000,235.000,390.945,99.816
city:2618425,city:2690170,80,22,160.000,160.000,255.496,95.811
city:2618425,city:2692969,948,262,34.000,35.000,28.401,48.687
city:2618425,city:2693678,940,260,47.000,47.000,39.481,50.401
city:2618425,city:2694762,80,22,210.000,210.000,355.806,101.659
city:2618425,city:2706767,216,60,80.000,80.000,42.007,31.505
city:2618425,city:2707399,80,22,74.000,75.000,92.112,73.689
city:2618425,city:2708365,216,60,124.000,125.000,112.484,53.992
city:2618425,city:2711537,216,60,210.000,210.000,228.799,65.371
city:2618425,city:2848245,66,18,218.000,218.000,239.608,65.947
city:2618425,city:2864475,66,18,246.000,246.000,242.858,59.234
city:2618425,city:2911298,74,20,290.000,290.000,288.546,59.699
city:2618425,city:2926271,66,18,183.000,183.000,221.548,72.639
city:2618425,stn:demo:S0018,80,22,120.000,120.000,183.262,91.631
city:2618425,stn:demo:S0313,940,260,12.000,13.000,7.316,33.764
city:2618425,stn:demo:S0490,66,18,168.000,168.000,223.985,79.995
city:2618425,stn:demo:S0589,428,118,148.000,148.000,169.130,68.566
city:2618528,city:2621951,66,18,10.000,10.000,19.533,117.196
city:2618528,city:2622447,216,60,52.000,53.000,64.330,72.826
city:2618528,city:2848245,66,18,98.000,98.000,132.779,81.293
city:2618528,city:2864475,66,18,126.000,126.000,160.888,76.613
city:2618528,city:2911298,66,18,170.000,170.000,218.284,77.041
city:2618528,city:2926271,66,18,63.000,63.000,78.129,74.409
city:2618528,stn:demo:S0490,66,18,48.000,48.000,74.215,92.768
city:2619771,city:2621951,428,118,28.000,28.000,33.367,71.501
city:2619771,city:2624652,428,118,28.000,28.000,39.823,85.336
city:2619771,stn:demo:S0589,428,118,11.000,11.000,19.967,108.910
city:2621951,city:2624652,644,178,54.000,58.000,71.673,74.144
city:2621951,city:2624886,216,60,138.000,138.000,165.145,71.802
city:2621951,city:2848245,66,18,110.000,110.000,140.630,76.707
city:2621951,city:2864475,66,18,138.000,138.000,166.533,72.406
city:2621951,city:2911298,66,18,182.000,182.000,224.588,74.040
city:2621951,city:2926271,66,18,75.000,75.000,88.757,71.005
city:2621951,stn:demo:S0490,66,18,60.000,60.000,85.921,85.921
city:2621951,stn:demo:S0589,428,118,41.000,41.000,53.303,78.004
city:2624652,city:2624886,216,60,80.000,81.000,100.703,74.595
city:2624652,stn:demo:S0589,428,118,15.000,15.000,22.016,88.062
city:2633352,city:2638077,188,52,62.000,63.000,68.704,65.433
city:2633352,city:2640194,188,52,368.000,368.000,449.984,73.367
city:2633352,city:2640354,428,118,66.000,66.000,163.602,148.729
city:2633352,city:2641673,832,230,55.000,55.000,118.038,128.768
city:2633352,city:2641731,428,118,36.000,36.000,100.620,167.700
city:2633352,city:2643123,432,120,74.000,76.000,92.639,73.136
city:2633352,city:2643743,428,118,113.000,113.000,279.840,148.588
city:2633352,city:2644210,216,60,114.000,115.000,138.836,72.436
city:2633352,city:2644688,620,172,22.000,23.000,35.366,92.260
city:2633352,city:2646458,432,120,48.000,48.000,57.438,71.797
city:2633352,city:2649808,188,52,278.000,278.000,396.052,85.479
city:2633352,city:2650225,616,170,147.000,147.000,259.583,105.952
city:2633352,city:2650628,832,230,40.000,40.000,96.518,144.778
city:2633352,city:2651513,832,230,23.000,23.000,69.955,182.492
city:2633352,city:2654675,188,52,218.000,218.000,296.342,81.562
city:2633352,city:2655603,188,52,128.000,128.000,172.924,81.058
city:2633352,stn:demo:S0405,216,60,94.000,95.000,102.430,64.692
city:2633691,city:2636841,188,52,30.000,30.000,46.744,93.488
city:2633691,city:2636882,188,52,60.000,60.000,91.690,91.690
city:2633691,city:2637487,188,52,148.000,148.000,193.410,78.410
city:2633691,city:2639577,188,52,102.000,103.000,148.246,86.357
city:2633691,city:2640729,188,52,78.000,78.000,109.911,84.547
city:2633691,city:2643123,188,52,70.000,70.000,99.867,85.600
city:2633691,city:2644737,188,52,42.000,43.000,52.778,73.644
city:2633691,city:2655095,188,52,188.000,188.000,208.056,66.401
city:2633691,city:2655603,188,52,16.000,16.000,19.017,71.313
city:2633709,city:2633858,428,118,33.000,33.000,60.003,109.096
city:2633709,city:2637487,428,118,48.000,48.000,74.918,93.647
city:2633709,city:2643743,428,118,25.000,25.000,36.695,88.069
city:2633709,city:2655095,428,118,78.000,78.000,113.848,87.575
city:2633709,city:2656192,428,118,18.000,18.000,37.261,124.202
city:2633858,city:2637487,428,118,13.000,13.000,18.897,87.217
city:2633858,city:2643743,428,118,60.000,60.000,96.506,96.506
city:2633858,city:2655095,428,118,43.000,43.000,54.916,76.627
city:2633858,city:2656192,428,118,13.000,13.000,27.248,125.760
city:2633883,city:2642465,160,44,80.000,81.000,174.210,129.044
city:2633883,city:2643123,160,44,18.000,18.000,17.009,56.695
city:2633883,city:2643743,160,44,114.000,115.000,247.618,129.192
city:2633883,city:2652002,160,44,18.000,18.000,29.168,97.226
city:2633948,city:2634739,188,52,10.000,10.000,17.144,102.862
city:2633948,city:2639912,188,52,10.000,11.000,24.848,135.536
city:2633948,city:2640416,188,52,66.000,66.000,125.100,113.727
city:2633948,city:2643743,188,52,122.000,122.000,282.874,139.118
city:2633948,city:2644972,188,52,26.000,26.000,57.002,131.543
city:2633948,city:2645826,188,52,40.000,41.000,87.460,127.990
city:2633948,city:2648579,188,52,146.000,146.000,278.398,114.410
city:2633948,city:2653775,188,52,80.000,81.000,151.620,112.311
city:2633954,city:2637142,216,60,32.000,33.000,74.380,135.236
city:2633954,city:2642465,216,60,80.000,81.000,198.261,146.860
city:2633954,city:2643743,216,60,114.000,115.000,271.500,141.652
city:2633954,city:2644210,216,60,18.000,18.000,17.059,56.864
city:2633954,city:2652002,216,60,18.000,18.000,35.217,117.389
city:2634739,city:2639912,188,52,22.000,23.000,41.983,109.521
city:2634739,city:2640416,188,52,78.000,78.000,142.052,109.271
city:2634739,city:2643743,188,52,110.000,110.000,267.464,145.889
city:2634739,city:2644972,188,52,38.000,38.000,74.138,117.060
city:2634739,city:2645826,188,52,52.000,53.000,104.464,118.261
city:2634739,city:2648579,188,52,158.000,158.000,295.360,112.162
city:2634739,city:2653775,188,52,92.000,93.000,168.696,108.836
city:2634910,city:2636940,428,118,96.000,96.000,216.337,135.211
city:2634910,city:2640354,428,118,71.000,71.000,148.923,125.850
city:2634910,city:2643743,428,118,120.000,120.000,258.959,129.479
city:2634910,city:2644688,428,118,13.000,13.000,13.009,60.043
city:2634910,city:2648208,428,118,50.000,50.000,102.957,123.548
city:2634910,city:2651123,428,118,18.000,18.000,30.053,100.176
city:2636177,city:2639577,216,60,78.000,78.000,156.314,120.241
city:2636177,city:2640194,216,60,88.000,88.000,102.401,69.819
city:2636177,city:2640377,216,60,212.000,213.000,198.711,55.975
city:2636177,city:2641557,216,60,42.000,43.000,64.850,90.488
city:2636177,city:2643743,216,60,104.000,105.000,214.288,122.451
city:2636177,city:2649808,216,60,20.000,20.000,44.013,132.040
city:2636389,city:2636432,216,60,112.000,113.000,149.524,79.393
city:2636389,city:2639577,860,238,28.000,28.000,57.191,122.553
city:2636389,city:2641598,432,120,42.000,43.000,84.184,117.466
city:2636389,city:2643743,860,238,54.000,55.000,114.635,125.056
city:2636389,city:2651269,428,118,13.000,13.000,37.677,173.895
city:2636389,city:2653144,428,118,13.000,13.000,26.153,120.708
city:2636389,city:2653822,432,120,58.000,58.000,97.174,100.525
city:2636389,city:2654675,860,238,22.000,24.000,57.585,143.962
city:2636389,city:2656173,428,118,28.000,28.000,45.064,96.567
city:2636432,city:2639577,216,60,142.000,143.000,206.355,86.582
city:2636432,city:2641598,216,60,68.000,68.000,65.358,57.669
city:2636432,city:2643743,216,60,170.000,170.000,264.139,93.225
city:2636432,city:2653822,216,60,52.000,53.000,55.046,62.316
city:2636432,city:2654675,216,60,88.000,88.000,94.934,64.728
city:2636841,city:2636882,508,140,28.000,31.000,45.143,87.374
city:2636841,city:2637487,188,52,180.000,180.000,239.584,79.861
city:2636841,city:2639577,188,52,134.000,135.000,190.948,84.866
city:2636841,city:2640729,188,52,110.000,110.000,152.833,83.364
city:2636841,city:2643123,508,140,38.000,41.000,53.131,77.752
city:2636841,city:2643266,320,88,15.000,15.000,28.752,115.010
city:2636841,city:2643743,320,88,85.000,85.000,217.493,153.524
city:2636841,city:2644737,188,52,74.000,75.000,91.685,73.348
city:2636841,city:2655095,188,52,220.000,220.000,254.799,69.491
city:2636841,city:2655603,188,52,48.000,48.000,61.221,76.526
city:2636882,city:2637487,188,52,210.000,210.000,283.332,80.952
city:2636882,city:2638077,428,118,40.000,40.000,45.959,68.939
city:2636882,city:2639577,188,52,164.000,165.000,231.630,84.229
city:2636882,city:2640729,188,52,140.000,140.000,194.117,83.193
city:2636882,city:2643123,936,258,8.000,8.000,9.516,71.370
city:2636882,city:2643266,320,88,14.000,14.000,16.765,71.851
city:2636882,city:2643743,320,88,118.000,118.000,252.260,128.268
city:2636882,city:2644737,188,52,104.000,105.000,132.175,75.529
city:2636882,city:2655095,188,52,250.000,250.000,299.641,71.914
city:2636882,city:2655603,188,52,78.000,78.000,104.665,80.512
city:2636910,city:2640358,324,90,28.000,28.000,43.792,93.839
city:2636910,city:2646088,108,30,173.000,173.000,152.238,52.799
city:2636910,city:2648579,324,90,30.000,30.000,34.569,69.138
city:2636910,city:2650752,216,60,48.000,48.000,70.983,88.728
city:2636910,city:2657832,216,60,118.000,118.000,160.075,81.394
city:2636940,city:2640354,428,118,23.000,23.000,74.720,194.921
city:2636940,city:2643743,428,118,22.000,22.000,44.097,120.266
city:2636940,city:2644688,428,118,111.000,111.000,229.175,123.879
city:2636940,city:2648208,428,118,44.000,44.000,116.112,158.334
city:2636940,city:2651123,428,118,76.000,76.000,190.748,150.590
city:2637142,city:2642465,216,60,46.000,46.000,125.370,163.526
city:2637142,city:2643743,216,60,80.000,80.000,198.051,148.538
city:2637142,city:2644210,216,60,52.000,53.000,88.536,100.229
city:2637142,city:2652002,216,60,12.000,13.000,39.164,180.755
city:2637487,city:2639577,188,52,42.000,43.000,68.433,95.488
city:2637487,city:2640729,188,52,68.000,68.000,94.885,83.722
city:2637487,city:2643123,188,52,220.000,220.000,292.118,79.668
city:2637487,city:2643743,428,118,75.000,75.000,111.590,89.272
city:2637487,city:2644737,188,52,102.000,103.000,153.796,89.590
city:2637487,city:2655095,616,170,28.000,28.000,39.128,83.846
city:2637487,city:2655603,188,52,130.000,130.000,178.700,82.477
city:2637487,city:2656192,428,118,28.000,28.000,45.611,97.738
city:2638077,city:2640194,188,52,302.000,303.000,381.908,75.625
city:2638077,city:2641673,188,52,122.000,123.000,177.097,86.389
city:2638077,city:2643123,428,118,50.000,50.000,52.260,62.712
city:2638077,city:2643743,216,60,122.000,122.000,227.349,111.811
city:2638077,city:2644668,216,60,54.000,55.000,85.737,93.531
city:2638077,city:2644688,188,52,38.000,38.000,46.297,73.101
city:2638077,city:2649808,188,52,212.000,213.000,327.556,92.269
city:2638077,city:2650225,188,52,214.000,215.000,306.557,85.551
city:2638077,city:2650628,188,52,108.000,108.000,155.148,86.193
city:2638077,city:2651347,216,60,30.000,30.000,51.177,102.354
city:2638077,city:2651513,188,52,90.000,91.000,127.029,83.756
city:2638077,city:2653225,216,60,10.000,10.000,15.143,90.858
city:2638077,city:2654675,188,52,152.000,153.000,227.651,89.275
city:2638077,city:2655603,188,52,62.000,63.000,104.381,99.410
city:2639577,city:2640194,228,62,168.000,168.000,252.948,90.338
city:2639577,city:2640377,228,62,292.000,293.000,353.684,72.427
city:2639577,city:2640729,616,170,22.000,28.000,38.341,82.159
city:2639577,city:2641557,216,60,122.000,123.000,211.640,103.239
city:2639577,city:2641598,432,120,72.000,73.000,141.013,115.901
city:2639577,city:2643123,188,52,174.000,175.000,240.914,82.599
city:2639577,city:2643743,1516,418,24.000,25.000,58.829,141.189
city:2639577,city:2644737,188,52,58.000,58.000,99.580,103.014
city:2639577,city:2649808,228,62,100.000,100.000,196.236,117.741
city:2639577,city:2651269,428,118,13.000,13.000,25.317,116.849
city:2639577,city:2653144,428,118,43.000,43.000,79.926,111.524
city:2639577,city:2653822,432,120,88.000,88.000,153.023,104.334
city:2639577,city:2654675,860,238,52.000,54.000,112.626,125.140
city:2639577,city:2655095,188,52,82.000,83.000,103.529,74.841
city:2639577,city:2655603,188,52,84.000,85.000,130.544,92.148
city:2639577,city:2656173,428,118,58.000,58.000,96.855,100.195
city:2639912,city:2640416,188,52,52.000,53.000,100.465,113.734
city:2639912,city:2643743,188,52,134.000,135.000,305.106,135.603
city:2639912,city:2644972,188,52,12.000,13.000,32.155,148.409
city:2639912,city:2645826,188,52,28.000,28.000,62.776,134.520
city:2639912,city:2648579,188,52,132.000,133.000,254.053,114.610
city:2639912,city:2653775,188,52,68.000,68.000,126.812,111.893
city:2640085,city:2641581,160,44,18.000,18.000,28.071,93.569
city:2640085,city:2655984,160,44,28.000,28.000,38.674,82.874
city:2640085,city:2964540,160,44,32.000,33.000,47.072,85.586
city:2640085,city:2964574,160,44,90.000,90.000,121.873,81.249
city:2640085,city:2964661,160,44,58.000,58.000,78.549,81.257
city:2640194,city:2640377,228,62,122.000,123.000,103.044,50.266
city:2640194,city:2641557,216,60,42.000,43.000,41.467,57.860
city:2640194,city:2641673,188,52,428.000,428.000,539.266,75.598
city:2640194,city:2643743,228,62,194.000,195.000,308.518,94.929
city:2640194,city:2644688,188,52,342.000,343.000,420.029,73.474
city:2640194,city:2649808,416,114,66.000,66.000,58.516,53.197
city:2640194,city:2650225,188,52,520.000,520.000,623.712,71.967
city:2640194,city:2650628,188,52,412.000,413.000,519.567,75.482
city:2640194,city:2651513,188,52,396.000,396.000,493.980,74.845
city:2640194,city:2654675,188,52,148.000,148.000,162.087,65.711
city:2640194,city:2655603,188,52,238.000,238.000,281.448,70.953
city:2640354,city:2641673,428,118,123.000,123.000,281.513,137.323
city:2640354,city:2641731,428,118,28.000,28.000,66.835,143.217
city:2640354,city:2643743,856,236,45.000,45.000,118.729,158.305
city:2640354,city:2644688,428,118,86.000,86.000,161.217,112.477
city:2640354,city:2648208,428,118,19.000,19.000,45.989,145.229
city:2640354,city:2650225,428,118,215.000,215.000,421.568,117.647
city:2640354,city:2650628,428,118,108.000,108.000,260.110,144.505
city:2640354,city:2651123,428,118,51.000,51.000,120.940,142.283
city:2640354,city:2651513,428,118,91.000,91.000,233.341,153.851
city:2640358,city:2643743,12,2,560.000,560.000,584.677,62.644
city:2640358,city:2646088,120,32,128.000,143.000,129.755,54.443
city:2640358,city:2648579,324,90,60.000,60.000,78.074,78.074
city:2640358,city:2650752,216,60,18.000,18.000,29.245,97.484
city:2640358,city:2657832,216,60,88.000,88.000,116.301,79.296
city:2640377,city:2641557,216,60,168.000,168.000,144.078,51.456
city:2640377,city:2643743,228,62,320.000,320.000,410.282,76.928
city:2640377,city:2649808,228,62,190.000,191.000,157.462,49.465
city:2640416,city:2643743,188,52,190.000,190.000,392.545,123.961
city:2640416,city:2644972,188,52,38.000,38.000,68.918,108.817
city:2640416,city:2645826,188,52,22.000,23.000,37.698,98.344
city:2640416,city:2648579,188,52,78.000,78.000,163.753,125.964
city:2640416,city:2653775,188,52,12.000,13.000,28.006,129.258
city:2640729,city:2643123,188,52,150.000,150.000,203.321,81.328
city:2640729,city:2643743,428,118,55.000,55.000,82.582,90.089
city:2640729,city:2644737,188,52,32.000,33.000,61.958,112.650
city:2640729,city:2655095,188,52,108.000,108.000,122.662,68.145
city:2640729,city:2655603,188,52,60.000,60.000,92.234,92.234
city:2641170,city:2643743,216,60,100.000,100.000,175.181,105.109
city:2641170,city:2644668,216,60,32.000,33.000,35.049,63.726
city:2641181,city:2643743,428,118,115.000,115.000,157.999,82.434
city:2641181,city:2646057,428,118,48.000,48.000,63.973,79.966
city:2641181,city:2652618,428,118,63.000,63.000,86.400,82.286
city:2641557,city:2643743,216,60,150.000,150.000,267.054,106.822
city:2641557,city:2649808,216,60,20.000,21.000,22.487,64.248
city:2641581,city:2655984,160,44,48.000,48.000,53.630,67.037
city:2641581,city:2964540,160,44,12.000,13.000,20.501,94.620
city:2641581,city:2964574,160,44,70.000,70.000,94.179,80.725
city:2641581,city:2964661,160,44,38.000,38.000,51.101,80.686
city:2641598,city:2643743,432,120,100.000,100.000,198.816,119.290
city:2641598,city:2653822,432,120,12.000,13.000,17.361,80.126
city:2641598,city:2654675,432,120,18.000,18.000,31.457,104.856
city:2641673,city:2641731,428,118,93.000,93.000,218.306,140.843
city:2641673,city:2643123,216,60,140.000,140.000,170.815,73.206
city:2641673,city:2643743,428,118,170.000,170.000,397.764,140.387
city:2641673,city:2644210,216,60,180.000,180.000,195.102,65.034
city:2641673,city:2644688,404,112,82.000,90.000,130.924,87.283
city:2641673,city:2646458,216,60,112.000,113.000,147.662,78.405
city:2641673,city:2649808,188,52,338.000,338.000,489.655,86.921
city:2641673,city:2650225,616,170,90.000,90.000,147.634,98.423
city:2641673,city:2650628,832,230,12.000,13.000,21.989,101.488
city:2641673,city:2651513,832,230,30.000,30.000,50.092,100.184
city:2641673,city:2654675,188,52,278.000,278.000,396.614,85.600
city:2641673,city:2655603,188,52,188.000,188.000,277.719,88.634
city:2641731,city:2643743,428,118,75.000,75.000,179.516,143.613
city:2641731,city:2650225,428,118,185.000,185.000,355.676,115.354
city:2641731,city:2650628,428,118,78.000,78.000,196.538,151.183
city:2641731,city:2651513,428,118,61.000,61.000,169.090,166.318
city:2642465,city:2643123,160,44,100.000,101.000,188.538,112.003
city:2642465,city:2643743,804,222,32.000,32.000,73.446,137.711
city:2642465,city:2644210,216,60,100.000,101.000,213.430,126.790
city:2642465,city:2652002,376,104,60.000,61.000,163.613,160.931
city:2642465,city:2652221,428,118,26.000,26.000,65.573,151.323
city:2642465,city:2655603,428,118,48.000,48.000,91.935,114.919
city:2642465,stn:demo:S0080,428,118,36.000,36.000,80.175,133.625
city:2643123,city:2643266,320,88,24.000,24.000,25.639,64.098
city:2643123,city:2643743,480,132,128.000,128.000,261.776,122.707
city:2643123,city:2644210,216,60,38.000,38.000,49.661,78.412
city:2643123,city:2644688,432,120,48.000,48.000,57.425,71.781
city:2643123,city:2644737,188,52,114.000,115.000,141.406,73.777
city:2643123,city:2646458,432,120,24.000,26.000,35.290,81.438
city:2643123,city:2650628,216,60,122.000,122.000,150.399,73.967
city:2643123,city:2651513,216,60,104.000,105.000,124.399,71.085
city:2643123,city:2652002,160,44,38.000,38.000,44.706,70.589
city:2643123,city:2655095,188,52,260.000,260.000,307.922,71.059
city:2643123,city:2655603,188,52,88.000,88.000,113.417,77.330
city:2643123,stn:demo:S0405,216,60,16.000,17.000,13.106,46.255
city:2643266,city:2643743,320,88,102.000,102.000,237.387,139.639
city:264371,city:734077,80,22,254.000,255.000,303.210,71.343
city:2643743,city:2644210,216,60,134.000,135.000,286.444,127.308
city:2643743,city:2644668,432,120,64.000,65.000,143.234,132.216
city:2643743,city:2644688,428,118,135.000,135.000,271.880,120.835
city:2643743,city:2644972,188,52,150.000,150.000,334.603,133.841
city:2643743,city:2645826,188,52,164.000,165.000,359.255,130.638
city:2643743,city:2646057,428,118,65.000,65.000,107.310,99.056
city:2643743,city:2646088,12,2,690.000,690.000,714.388,62.121
city:2643743,city:2648182,42,12,18.000,18.000,31.434,104.779
city:2643743,city:2648208,428,118,68.000,68.000,159.915,141.102
city:2643743,city:2648579,200,54,270.000,270.000,555.384,123.419
city:2643743,city:2649808,228,62,126.000,127.000,252.954,119.506
city:2643743,city:2650225,440,120,262.000,262.000,533.663,122.213
city:2643743,city:2650628,428,118,155.000,155.000,376.036,145.562
city:2643743,city:2651123,428,118,100.000,100.000,234.081,140.448
city:2643743,city:2651269,428,118,40.000,40.000,77.986,116.979
city:2643743,city:2651347,216,60,90.000,90.000,182.200,121.467
city:2643743,city:2651513,428,118,138.000,138.000,348.597,151.564
city:2643743,city:2652002,456,126,94.000,95.000,236.677,149.480
city:2643743,city:2652221,428,118,60.000,60.000,137.824,137.824
city:2643743,city:2652618,428,118,50.000,50.000,82.644,99.173
city:2643743,city:2653144,428,118,70.000,70.000,138.519,118.731
city:2643743,city:2653225,216,60,110.000,110.000,212.537,115.929
city:2643743,city:2653228,80,22,118.000,118.000,265.066,134.779
city:2643743,city:2653775,188,52,204.000,205.000,420.507,123.075
city:2643743,city:2653822,432,120,114.000,115.000,211.453,110.323
city:2643743,city:2654675,860,238,80.000,80.000,171.200,128.400
city:2643743,city:2654710,428,118,60.000,60.000,75.635,75.635
city:2643743,city:2655095,428,118,105.000,105.000,150.543,86.025
city:2643743,city:2655603,428,118,82.000,82.000,162.647,119.010
city:2643743,city:2656173,428,118,85.000,85.000,155.676,109.889
city:2643743,city:2656192,428,118,45.000,45.000,72.103,96.137
city:2643743,city:2656397,80,22,190.000,190.000,332.221,104.912
city:2643743,city:2747891,52,14,187.000,187.000,320.511,102.838
city:2643743,city:2759794,52,14,232.000,232.000,356.931,92.310
city:2643743,city:2800866,132,36,116.000,120.000,320.315,160.157
city:2643743,city:2988507,174,48,136.000,138.000,343.771,149.466
city:2643743,city:2998324,122,34,82.000,82.000,242.567,177.488
city:2643743,stn:demo:S0080,428,118,70.000,70.000,151.599,129.942
city:2643743,stn:demo:S0235,428,118,30.000,30.000,39.221,78.441
city:2643743,stn:demo:S0284,80,22,224.000,225.000,365.347,97.426
city:2644210,city:2644688,216,60,88.000,88.000,103.653,70.673
city:2644210,city:2646458,216,60,64.000,65.000,83.238,76.835
city:2644210,city:2650628,216,60,162.000,162.000,177.304,65.668
city:2644210,city:2651513,216,60,144.000,145.000,155.090,64.175
city:2644210,city:2652002,216,60,38.000,38.000,49.820,78.663
city:2644668,city:2651347,216,60,22.000,23.000,39.201,102.262
city:2644668,city:2653225,216,60,42.000,43.000,70.615,98.533
city:2644688,city:2646458,432,120,20.000,22.000,22.594,61.621
city:2644688,city:2648208,428,118,65.000,65.000,115.322,106.451
city:2644688,city:2649808,188,52,252.000,253.000,367.257,87.097
city:2644688,city:2650225,188,52,174.000,175.000,261.853,89.778
city:2644688,city:2650628,404,112,68.000,72.000,109.017,90.848
city:2644688,city:2651123,428,118,33.000,33.000,40.983,74.515
city:2644688,city:2651513,404,112,50.000,55.000,80.929,88.286
city:2644688,city:2654675,188,52,192.000,193.000,269.781,83.870
city:2644688,city:2655603,188,52,102.000,103.000,148.101,86.272
city:2644688,stn:demo:S0405,216,60,70.000,70.000,67.771,58.089
city:2644737,city:2655095,188,52,142.000,143.000,175.759,73.745
city:2644737,city:2655603,188,52,24.000,25.000,33.773,81.056
city:2644972,city:2645826,188,52,12.000,13.000,31.355,144.718
city:2644972,city:2648579,188,52,118.000,118.000,222.605,113.189
city:2644972,city:2653775,188,52,52.000,53.000,94.784,107.302
city:2645298,city:2650225,216,60,34.000,35.000,18.461,31.648
city:2645298,city:2650752,216,60,42.000,43.000,40.805,56.937
city:2645298,city:2657215,216,60,62.000,63.000,60.899,57.999
city:2645298,city:2657832,216,60,108.000,108.000,131.356,72.975
city:2645826,city:2648579,188,52,102.000,103.000,196.181,114.280
city:2645826,city:2653775,188,52,38.000,38.000,64.372,101.641
city:2646057,city:2652618,428,118,13.000,13.000,25.560,117.970
city:2646088,city:2648579,108,30,205.000,205.000,179.473,52.529
city:2646458,city:2650628,216,60,94.000,95.000,126.128,79.659
city:2646458,city:2651513,216,60,78.000,78.000,98.510,75.777
city:2646458,stn:demo:S0405,216,60,44.000,45.000,45.190,60.253
city:2648182,city:2988507,42,12,125.000,125.000,325.231,156.111
city:2648182,city:2998324,42,12,63.000,63.000,212.508,202.389
city:2648208,city:2651123,428,118,30.000,30.000,75.384,150.767
city:2648579,city:2650225,856,236,50.000,50.000,66.839,80.207
city:2648579,city:2650752,216,60,80.000,80.000,104.002,78.002
city:2648579,city:2653775,188,52,62.000,63.000,136.312,129.821
city:2648579,city:2657832,216,60,150.000,150.000,194.333,77.733
city:2649808,city:2650225,188,52,430.000,430.000,581.792,81.180
city:2649808,city:2650628,188,52,322.000,323.000,469.399,87.195
city:2649808,city:2651513,188,52,306.000,306.000,443.143,86.891
city:2649808,city:2654675,188,52,58.000,58.000,104.138,107.729
city:2649808,city:2655603,188,52,148.000,148.000,225.468,91.406
city:2650225,city:2650628,616,170,104.000,105.000,166.038,94.879
city:2650225,city:2650752,216,60,80.000,80.000,59.106,44.329
city:2650225,city:2651513,616,170,122.000,122.000,189.978,93.432
city:2650225,city:2654675,188,52,370.000,370.000,501.577,81.337
city:2650225,city:2655603,188,52,280.000,280.000,395.000,84.643
city:2650225,city:2657215,216,60,100.000,100.000,77.671,46.603
city:2650225,city:2657832,216,60,144.000,145.000,148.621,61.498
city:2650628,city:2651513,832,230,14.000,15.000,28.120,112.482
city:2650628,city:2654675,188,52,262.000,263.000,375.560,85.679
city:2650628,city:2655603,188,52,172.000,173.000,256.123,88.829
city:2650752,city:2657215,216,60,18.000,18.000,25.972,86.572
city:2650752,city:2657832,432,120,62.000,64.000,92.057,86.304
city:2651269,city:2653144,428,118,28.000,28.000,63.262,135.562
city:2651269,city:2654675,428,118,58.000,58.000,95.245,98.529
city:2651269,city:2656173,428,118,43.000,43.000,81.767,114.094
city:2651347,city:2653225,216,60,18.000,18.000,36.606,122.020
city:2651513,city:2654675,188,52,246.000,246.000,348.365,84.967
city:2651513,city:2655603,188,52,156.000,156.000,228.329,87.819
city:2652002,city:2653228,80,22,20.000,21.000,31.749,90.710
city:2652002,city:2656397,80,22,92.000,93.000,113.433,73.183
city:2652002,stn:demo:S0284,80,22,128.000,128.000,147.823,69.292
city:2652221,city:2655603,428,118,20.000,20.000,27.562,82.685
city:2652221,stn:demo:S0080,428,118,8.000,8.000,15.284,114.630
city:2653144,city:2654675,428,118,28.000,28.000,32.702,70.075
city:2653144,city:2656173,428,118,13.000,13.000,18.953,87.477
city:2653228,city:2656397,80,22,70.000,70.000,82.510,70.723
city:2653228,stn:demo:S0284,80,22,104.000,105.000,116.582,66.618
city:2653822,city:2654675,432,120,32.000,33.000,40.502,73.640
city:2654675,city:2655603,188,52,88.000,88.000,123.689,84.333
city:2654675,city:2656173,428,118,13.000,13.000,18.569,85.705
city:2654710,stn:demo:S0235,428,118,28.000,28.000,36.516,78.249
city:2655095,city:2655603,188,52,170.000,170.000,195.813,69.110
city:2655095,city:2656192,428,118,58.000,58.000,81.903,84.728
city:2655603,stn:demo:S0080,428,118,10.000,10.000,12.284,73.705
city:2655984,city:2964540,160,44,62.000,63.000,73.622,70.116
city:2655984,city:2964574,160,44,120.000,120.000,142.108,71.054
city:2655984,city:2964661,160,44,88.000,88.000,101.421,69.150
city:2656397,stn:demo:S0284,80,22,32.000,33.000,34.697,63.085
city:2657215,city:2657832,216,60,42.000,43.000,71.074,99.173
city:2657896,city:2657908,338,94,22.000,22.000,21.739,59.288
city:2657896,city:2657941,216,60,110.000,111.000,158.660,85.762
city:2657896,city:2657970,724,200,12.000,25.000,20.256,48.615
city:2657896,city:2658564,216,60,62.000,63.000,78.409,74.675
city:2657896,city:2658761,108,30,38.000,38.000,37.315,58.919
city:2657896,city:2658822,508,140,48.000,60.000,62.407,62.407
city:2657896,city:2659297,216,60,38.000,38.000,48.748,76.971
city:2657896,city:2659496,216,60,94.000,95.000,129.267,81.642
city:2657896,city:2659811,428,118,41.000,41.000,39.685,58.075
city:2657896,city:2659836,338,94,120.000,120.000,154.054,77.027
city:2657896,city:2659994,644,178,121.000,121.000,173.577,86.071
city:2657896,city:2660646,644,178,159.000,159.000,224.211,84.608
city:2657896,city:2660718,428,118,76.000,76.000,123.094,97.180
city:2657896,city:2661169,216,60,88.000,88.000,93.996,64.088
city:2657896,city:2661513,216,60,78.000,78.000,101.670,78.208
city:2657896,city:2661552,644,178,56.000,56.000,95.478,102.297
city:2657896,city:2661567,338,94,102.000,103.000,135.288,78.808
city:2657896,city:2661604,752,204,48.000,53.000,76.458,86.556
city:2657896,city:2745912,14,2,640.000,640.000,580.050,54.380
city:2657896,city:2759661,14,2,600.000,600.000,546.903,54.690
city:2657896,city:2759794,14,2,670.000,670.000,615.298,55.101
city:2657896,city:2761369,80,20,475.000,475.000,591.566,74.724
city:2657896,city:2766429,66,18,445.000,445.000,537.481,72.469
city:2657896,city:2766824,80,20,330.000,330.000,340.432,61.897
city:2657896,city:2772400,80,20,400.000,400.000,440.590,66.088
city:2657896,city:2775220,80,20,210.000,210.000,214.741,61.355
city:2657896,city:2779674,80,20,88.000,88.000,80.291,54.744
city:2657896,city:2781503,80,22,78.000,78.000,91.309,70.237
city:2657896,city:2781680,66,18,102.000,102.000,98.879,58.164
city:2657896,city:2820693,108,30,78.000,78.000,71.578,55.060
city:2657896,city:2825297,108,30,175.000,175.000,164.160,56.284
city:2657896,city:2831924,108,30,53.000,53.000,48.795,55.240
city:2657896,city:2831948,108,30,153.000,153.000,152.265,59.712
city:2657896,city:2843636,108,30,93.000,93.000,89.272,57.595
city:2657896,city:2867714,80,22,220.000,220.000,241.860,65.962
city:2657896,city:2871992,80,22,142.000,143.000,140.345,58.886
city:2657896,city:2877550,80,22,92.000,93.000,87.585,56.507
city:2657896,city:2886242,14,2,480.000,480.000,413.288,51.661
city:2657896,city:2892794,14,2,180.000,180.000,182.979,60.993
city:2657896,city:2899101,108,30,123.000,123.000,120.281,58.674
city:2657896,city:2910831,14,2,600.000,600.000,562.807,56.281
city:2657896,city:2911298,14,2,720.000,720.000,695.144,57.929
city:2657896,city:2918632,14,2,540.000,540.000,474.060,52.673
city:2657896,city:2925177,14,2,110.000,110.000,87.316,47.627
city:2657896,city:2934246,14,2,510.000,510.000,447.603,52.659
city:2657896,city:2988507,80,22,246.000,246.000,489.015,119.272
city:2657896,city:2991214,80,22,72.000,72.000,101.168,84.307
city:2657896,city:3173435,122,34,198.000,198.000,217.142,65.801
city:2657896,city:3178229,122,34,150.000,150.000,178.020,71.208
city:2657896,stn:demo:S0039,338,94,38.000,38.000,35.257,55.669
city:2657896,stn:demo:S0119,80,20,75.000,75.000,73.495,58.796
city:2657896,stn:demo:S0241,428,118,168.000,168.000,224.483,80.173
city:2657896,stn:demo:S0336,66,18,160.000,160.000,154.551,57.957
city:2657896,stn:demo:S0337,216,60,76.000,76.000,89.752,70.857
city:2657896,stn:demo:S0570,296,80,58.000,63.000,76.555,72.909
city:2657896,stn:demo:S0701,66,18,245.000,245.000,264.500,64.775
city:2657896,stn:demo:S0712,644,178,10.000,10.000,9.358,56.147
city:2657908,city:2659836,338,94,96.000,96.000,133.597,83.498
city:2657908,city:2661567,338,94,78.000,79.000,115.405,87.649
city:2657908,city:3173435,122,34,174.000,174.000,196.823,67.870
city:2657908,city:3178229,122,34,126.000,126.000,157.756,75.122
city:2657908,stn:demo:S0039,338,94,14.000,14.000,13.860,59.401
city:2657941,city:2658564,216,60,46.000,46.000,83.051,108.328
city:2657941,city:2659297,216,60,70.000,71.000,114.789,97.005
city:2657941,city:2659496,216,60,14.000,14.000,32.367,138.715
city:2657941,city:2659994,216,60,20.000,20.000,29.198,87.594
city:2657941,city:2660646,216,60,62.000,62.000,74.465,72.063
city:2657941,city:2661513,216,60,30.000,31.000,60.810,117.697
city:2657970,city:2658822,508,140,32.000,33.000,49.747,90.450
city:2657970,city:2659994,428,118,148.000,148.000,192.995,78.241
city:2657970,city:2660646,428,118,186.000,186.000,243.800,78.645
city:2657970,city:2660718,428,118,103.000,103.000,142.334,82.913
city:2657970,city:2661552,644,178,82.000,83.000,114.617,82.856
city:2657970,city:2781503,80,22,62.000,63.000,76.841,73.182
city:2657970,city:2867714,80,22,204.000,205.000,224.161,65.608
city:2657970,city:2871992,80,22,128.000,128.000,121.496,56.951
city:2657970,city:2877550,80,22,78.000,78.000,72.235,55.566
city:2657970,stn:demo:S0241,428,118,195.000,195.000,243.975,75.069
city:2657970,stn:demo:S0712,644,178,12.000,13.000,13.612,62.824
city:2658145,city:2658576,216,60,48.000,48.000,47.241,59.051
city:2658145,city:2658606,216,60,58.000,58.000,56.401,58.346
city:2658145,city:2659601,216,60,4.000,5.000,6.184,74.205
city:2658145,city:2659748,216,60,32.000,33.000,43.751,79.547
city:2658145,city:2659994,216,60,12.000,12.000,17.169,85.843
city:2658145,city:2660646,216,60,50.000,50.000,60.915,73.099
city:2658145,stn:demo:S0010,216,60,16.000,16.000,18.597,69.740
city:2658145,stn:demo:S0108,216,60,80.000,81.000,89.229,66.095
city:2658145,stn:demo:S0679,216,60,72.000,73.000,81.855,67.278
city:2658377,city:2659297,216,60,48.000,48.000,69.920,87.400
city:2658377,city:2661552,216,60,18.000,18.000,25.592,85.306
city:2658377,city:2661604,216,60,74.000,75.000,89.832,71.866
city:2658377,stn:demo:S0293,216,60,30.000,31.000,20.026,38.759
city:2658377,stn:demo:S0596,216,60,8.000,8.000,8.503,63.776
city:2658564,city:2659297,216,60,22.000,23.000,31.821,83.010
city:2658564,city:2659496,216,60,30.000,30.000,51.793,103.586
city:2658564,city:2659994,216,60,68.000,68.000,103.181,91.042
city:2658564,city:2660646,216,60,110.000,110.000,154.147,84.080
city:2658564,city:2661513,216,60,12.000,13.000,23.366,107.845
city:2658576,city:2658606,216,60,8.000,8.000,15.588,116.910
city:2658576,city:2659601,258,72,38.000,41.000,41.058,60.085
city:2658576,city:2659748,216,60,12.000,13.000,25.836,119.244
city:2658576,city:2659994,258,72,58.000,62.000,64.069,62.002
city:2658576,city:2660646,258,72,100.000,100.000,93.133,55.880
city:2658576,city:3173435,42,12,143.000,143.000,165.459,69.423
city:2658576,city:3177532,42,12,63.000,63.000,73.238,69.750
city:2658576,stn:demo:S0010,216,60,30.000,30.000,31.702,63.403
city:2658576,stn:demo:S0108,258,72,30.000,31.000,49.663,96.122
city:2658576,stn:demo:S0679,258,72,22.000,23.000,41.141,107.325
city:2658606,city:2659601,216,60,50.000,51.000,50.399,59.293
city:2658606,city:2659748,216,60,22.000,23.000,41.389,107.972
city:2658606,city:2659994,216,60,72.000,72.000,73.569,61.307
city:2658606,city:2660646,216,60,110.000,110.000,107.342,58.550
city:2658606,stn:demo:S0010,216,60,40.000,40.000,43.960,65.940
city:2658606,stn:demo:S0108,216,60,20.000,21.000,34.882,99.663
city:2658606,stn:demo:S0679,216,60,12.000,13.000,26.617,122.846
city:2658761,city:2820693,108,30,38.000,38.000,34.739,54.851
city:2658761,city:2825297,108,30,135.000,135.000,127.150,56.511
city:2658761,city:2831924,108,30,13.000,13.000,16.838,77.715
city:2658761,city:2831948,108,30,113.000,113.000,115.027,61.076
city:2658761,city:2843636,108,30,53.000,53.000,52.322,59.232
city:2658761,city:2899101,108,30,83.000,83.000,83.158,60.114
city:2658822,city:2659994,428,118,183.000,183.000,231.234,75.814
city:2658822,city:2660646,428,118,221.000,221.000,280.749,76.221
city:2658822,city:2660718,428,118,138.000,138.000,181.893,79.084
city:2658822,city:2661552,428,118,118.000,118.000,154.956,78.791
city:2658822,city:2781503,80,22,28.000,28.000,29.342,62.877
city:2658822,city:2867714,80,22,170.000,170.000,182.568,64.436
city:2658822,city:2871992,80,22,92.000,93.000,86.908,56.070
city:2658822,city:2877550,80,22,42.000,43.000,26.939,37.589
city:2658822,stn:demo:S0241,428,118,230.000,230.000,281.463,73.425
city:2658822,stn:demo:S0712,428,118,48.000,48.000,61.163,76.454
city:2659297,city:2659496,216,60,54.000,55.000,83.595,91.195
city:2659297,city:2659811,216,60,32.000,33.000,45.127,82.049
city:2659297,city:2659836,216,60,140.000,140.000,169.399,72.600
city:2659297,city:2659994,216,60,92.000,93.000,133.809,86.328
city:2659297,city:2660646,216,60,134.000,135.000,184.931,82.192
city:2659297,city:2661513,216,60,38.000,38.000,54.968,86.792
city:2659297,city:2661552,432,120,28.000,28.000,56.440,120.943
city:2659297,city:2661567,216,60,122.000,123.000,154.113,75.177
city:2659297,city:2661604,648,180,24.000,25.000,33.951,81.483
city:2659297,stn:demo:S0039,216,60,58.000,58.000,59.104,61.142
city:2659297,stn:demo:S0108,216,60,90.000,91.000,114.822,75.707
city:2659297,stn:demo:S0293,216,60,80.000,81.000,73.378,54.354
city:2659297,stn:demo:S0596,432,120,52.000,54.000,75.748,84.164
city:2659297,stn:demo:S0679,216,60,82.000,83.000,117.432,84.891
city:2659496,city:2659994,216,60,36.000,36.000,57.576,95.960
city:2659496,city:2660646,216,60,78.000,78.000,106.340,81.800
city:2659496,city:2661513,216,60,14.000,15.000,28.822,115.289
city:2659601,city:2659748,216,60,26.000,26.000,38.752,89.428
city:2659601,city:2659994,258,72,18.000,19.000,23.245,73.407
city:2659601,city:2660646,258,72,56.000,57.000,64.163,67.539
city:2659601,city:3173435,42,12,183.000,183.000,206.444,67.687
city:2659601,city:3177532,42,12,103.000,103.000,111.873,65.169
city:2659601,stn:demo:S0010,216,60,8.000,9.000,13.412,89.413
city:2659601,stn:demo:S0108,258,72,73.000,74.000,83.557,67.749
city:2659601,stn:demo:S0679,258,72,63.000,66.000,76.062,69.147
city:2659748,city:2659994,216,60,46.000,47.000,57.023,72.796
city:2659748,city:2660646,216,60,84.000,85.000,72.239,50.992
city:2659748,stn:demo:S0010,216,60,14.000,15.000,25.343,101.371
city:2659748,stn:demo:S0108,216,60,46.000,46.000,74.439,97.095
city:2659748,stn:demo:S0679,216,60,38.000,38.000,65.836,103.951
city:2659811,city:2659836,216,60,104.000,105.000,126.031,72.018
city:2659811,city:2661552,216,60,60.000,60.000,66.123,66.123
city:2659811,city:2661567,216,60,88.000,88.000,109.733,74.818
city:2659811,city:2661604,216,60,60.000,60.000,79.025,79.025
city:2659811,stn:demo:S0039,216,60,22.000,23.000,18.362,47.900
city:2659836,city:2661567,554,154,14.000,15.000,20.785,83.140
city:2659836,city:2661604,216,60,166.000,167.000,201.957,72.559
city:2659836,city:3173435,122,34,76.000,76.000,63.250,49.934
city:2659836,city:3178229,122,34,28.000,28.000,24.388,52.260
city:2659836,stn:demo:S0039,554,154,80.000,80.000,119.796,89.847
city:2659994,city:2660646,902,250,36.000,36.000,51.135,85.225
city:2659994,city:2660718,428,118,43.000,43.000,50.789,70.869
city:2659994,city:2661513,216,60,52.000,53.000,83.349,94.357
city:2659994,city:2661552,428,118,63.000,63.000,78.505,74.766
city:2659994,city:2988507,52,14,222.000,222.000,412.678,111.535
city:2659994,city:3021372,52,14,122.000,122.000,151.597,74.556
city:2659994,city:3173435,42,12,203.000,203.000,229.528,67.841
city:2659994,city:3177532,42,12,123.000,123.000,135.025,65.866
city:2659994,stn:demo:S0010,216,60,30.000,30.000,33.630,67.261
city:2659994,stn:demo:S0108,258,72,93.000,95.000,106.168,67.053
city:2659994,stn:demo:S0226,52,14,48.000,48.000,52.278,65.347
city:2659994,stn:demo:S0241,428,118,45.000,45.000,51.018,68.024
city:2659994,stn:demo:S0660,52,14,32.000,32.000,29.169,54.692
city:2659994,stn:demo:S0679,258,72,83.000,87.000,98.910,68.214
city:2659994,stn:demo:S0712,428,118,133.000,133.000,179.500,80.977
city:2660646,city:2660718,428,118,81.000,81.000,101.867,75.457
city:2660646,city:2661513,216,60,94.000,95.000,133.626,84.396
city:2660646,city:2661552,428,118,101.000,101.000,129.530,76.949
city:2660646,city:2988507,108,30,192.000,192.000,409.993,128.123
city:2660646,city:2996944,160,44,110.000,110.000,112.235,61.219
city:2660646,city:3173435,42,12,245.000,245.000,249.669,61.143
city:2660646,city:3177532,42,12,165.000,165.000,165.665,60.242
city:2660646,stn:demo:S0010,216,60,68.000,68.000,64.259,56.699
city:2660646,stn:demo:S0061,108,30,22.000,22.000,26.760,72.983
city:2660646,stn:demo:S0108,258,72,132.000,133.000,142.224,64.161
city:2660646,stn:demo:S0241,428,118,7.000,7.000,4.304,36.894
city:2660646,stn:demo:S0396,108,30,90.000,90.000,105.476,70.317
city:2660646,stn:demo:S0679,258,72,124.000,125.000,133.901,64.273
city:2660646,stn:demo:S0712,428,118,171.000,171.000,230.356,80.827
city:2660718,city:2661552,428,118,18.000,18.000,27.737,92.455
city:2660718,stn:demo:S0241,428,118,90.000,90.000,101.803,67.869
city:2660718,stn:demo:S0712,428,118,88.000,88.000,128.804,87.821
city:2661169,city:2661604,216,60,144.000,145.000,167.689,69.389
city:2661169,stn:demo:S0337,216,60,10.000,10.000,11.427,68.564
city:2661169,stn:demo:S0570,216,60,22.000,23.000,22.678,59.161
city:2661552,city:2661604,484,134,54.000,55.000,68.524,74.753
city:2661552,city:3173435,52,14,183.000,183.000,212.579,69.698
city:2661552,city:3177532,52,14,93.000,93.000,112.850,72.807
city:2661552,stn:demo:S0108,268,74,60.000,61.000,81.220,79.888
city:2661552,stn:demo:S0241,428,118,110.000,110.000,129.522,70.649
city:2661552,stn:demo:S0293,216,60,50.000,51.000,43.004,50.593
city:2661552,stn:demo:S0596,484,134,22.000,23.000,34.095,88.944
city:2661552,stn:demo:S0679,216,60,52.000,53.000,79.945,90.504
city:2661552,stn:demo:S0712,644,178,68.000,68.000,101.077,89.185
city:2661567,city:2661604,216,60,150.000,150.000,187.346,74.938
city:2661567,city:3173435,122,34,93.000,93.000,82.102,52.969
city:2661567,city:3178229,122,34,45.000,45.000,43.069,57.425
city:2661567,stn:demo:S0039,554,154,62.000,63.000,101.766,96.920
city:2661604,city:2745912,14,2,578.000,578.000,533.694,55.401
city:2661604,city:2759661,14,2,538.000,538.000,505.908,56.421
city:2661604,city:2759794,14,2,608.000,608.000,568.734,56.125
city:2661604,city:2806654,108,30,348.000,348.000,587.541,101.300
city:2661604,city:2873891,216,60,126.000,126.000,224.543,106.925
city:2661604,city:2886242,14,2,418.000,418.000,377.990,54.257
city:2661604,city:2892518,216,60,253.000,253.000,440.471,104.460
city:2661604,city:2892794,230,62,96.000,98.000,172.663,105.712
city:2661604,city:2904789,108,30,303.000,303.000,538.275,106.589
city:2661604,city:2910831,122,32,308.000,308.000,556.875,108.482
city:2661604,city:2911298,122,32,390.000,390.000,687.791,105.814
city:2661604,city:2918632,230,62,273.000,273.000,473.678,104.105
city:2661604,city:2923822,216,60,218.000,218.000,366.346,100.829
city:2661604,city:2925177,230,62,38.000,38.000,52.926,83.568
city:2661604,city:2925533,216,60,166.000,166.000,295.727,106.889
city:2661604,city:2934246,14,2,448.000,448.000,411.533,55.116
city:2661604,city:2945024,108,30,328.000,328.000,564.442,103.252
city:2661604,city:2950159,108,30,398.000,398.000,691.393,104.230
city:2661604,city:2973783,216,60,80.000,80.000,114.750,86.062
city:2661604,city:2988507,80,22,196.000,196.000,412.973,126.420
city:2661604,city:2991214,296,82,22.000,23.000,28.273,73.757
city:2661604,city:3024297,216,60,48.000,48.000,60.313,75.391
city:2661604,city:3173435,52,14,240.000,240.000,263.651,65.913
city:2661604,city:3177532,52,14,150.000,150.000,169.421,67.769
city:2661604,stn:demo:S0039,216,60,84.000,85.000,92.790,65.499
city:2661604,stn:demo:S0108,268,74,118.000,118.000,141.365,71.880
city:2661604,stn:demo:S0293,216,60,108.000,108.000,99.065,55.036
city:2661604,stn:demo:S0337,216,60,132.000,133.000,164.952,74.414
city:2661604,stn:demo:S0570,216,60,120.000,120.000,152.311,76.156
city:2661604,stn:demo:S0596,484,134,80.000,80.000,97.341,73.006
city:2661604,stn:demo:S0679,216,60,110.000,110.000,142.535,77.746
city:2664454,city:2673730,202,56,54.000,55.000,91.366,99.672
city:2664454,city:2686657,202,56,48.000,53.000,85.069,96.304
city:2664454,city:2701680,42,12,118.000,118.000,174.083,88.517
city:2664454,city:3143244,42,12,268.000,268.000,326.694,73.140
city:2664454,city:3147465,42,12,253.000,253.000,310.179,73.560
city:2664454,stn:demo:S0040,42,12,163.000,163.000,223.022,82.094
city:2664454,stn:demo:S0321,42,12,213.000,213.000,261.835,73.756
city:2664996,city:2692969,216,60,112.000,113.000,173.038,91.879
city:2664996,city:2693678,216,60,100.000,100.000,166.089,99.653
city:2664996,city:2706767,216,60,68.000,68.000,120.831,106.616
city:2664996,city:2708365,216,60,22.000,23.000,60.438,157.663
city:2664996,city:2711537,216,60,58.000,58.000,69.023,71.403
city:2664996,stn:demo:S0313,216,60,134.000,135.000,165.898,73.733
city:2666199,city:2670781,122,32,165.000,165.000,282.163,102.605
city:2666199,city:2673730,550,150,38.000,38.000,63.647,100.495
city:2666199,city:2704613,108,30,110.000,110.000,209.785,114.428
city:2666199,city:2712414,108,30,40.000,40.000,94.754,142.132
city:2666199,city:602150,14,2,358.000,358.000,462.229,77.469
city:2666199,city:604490,14,2,798.000,798.000,676.531,50.867
city:2666199,city:606531,14,2,758.000,758.000,694.190,54.949
city:2666199,stn:demo:S0034,428,118,18.000,18.000,28.432,94.773
city:2667303,city:2711537,52,14,40.000,40.000,66.850,100.275
city:2667303,city:3140084,52,14,128.000,128.000,130.331,61.093
city:2667303,city:3143244,52,14,193.000,193.000,201.416,62.616
city:2667303,city:3145375,52,14,163.000,163.000,158.604,58.382
city:2667303,city:3154209,52,14,108.000,108.000,107.034,59.463
city:2667303,city:3156529,52,14,138.000,138.000,130.150,56.587
city:2670781,city:2673730,122,32,205.000,205.000,342.956,100.378
city:2670781,city:2704613,108,30,53.000,53.000,74.554,84.401
city:2670781,city:2712414,108,30,123.000,123.000,191.095,93.217
city:2670781,city:602150,14,2,168.000,168.000,218.128,77.903
city:2670781,city:604490,14,2,608.000,608.000,426.292,42.068
city:2670781,city:606531,14,2,568.000,568.000,436.887,46.150
city:2673730,city:2676176,456,126,22.000,22.000,29.269,79.824
city:2673730,city:2677234,216,60,124.000,125.000,264.266,126.848
city:2673730,city:2686657,202,56,105.000,110.000,162.577,88.678
city:2673730,city:2688368,248,68,68.000,68.000,135.552,119.605
city:2673730,city:2690170,240,66,142.000,143.000,270.389,113.450
city:2673730,city:2692969,248,68,270.000,270.000,512.791,113.954
city:2673730,city:2693678,240,66,256.000,256.000,496.827,116.444
city:2673730,city:2694762,240,66,92.000,93.000,173.825,112.145
city:2673730,city:2701223,216,60,60.000,60.000,112.393,112.393
city:2673730,city:2701680,42,12,175.000,175.000,258.757,88.717
city:2673730,city:2704613,108,30,150.000,150.000,271.801,108.720
city:2673730,city:2707399,240,66,228.000,228.000,435.085,114.496
city:2673730,city:2711537,216,60,184.000,185.000,397.401,128.887
city:2673730,city:2712414,108,30,80.000,80.000,158.198,118.648
city:2673730,city:2726756,216,60,170.000,170.000,356.028,125.657
city:2673730,city:2911298,8,2,780.000,780.000,810.794,62.369
city:2673730,city:3143244,42,12,325.000,325.000,416.629,76.916
city:2673730,city:3147465,42,12,310.000,310.000,400.383,77.493
city:2673730,city:602150,14,2,400.000,400.000,513.457,77.019
city:2673730,city:604490,14,2,840.000,840.000,726.166,51.869
city:2673730,city:606531,14,2,800.000,800.000,745.405,55.905
city:2673730,stn:demo:S0018,240,66,182.000,183.000,339.891,111.440
city:2673730,stn:demo:S0034,428,118,18.000,18.000,36.405,121.349
city:2673730,stn:demo:S0040,42,12,220.000,220.000,311.561,84.971
city:2673730,stn:demo:S0267,216,60,94.000,95.000,171.015,108.010
city:2673730,stn:demo:S0282,216,60,154.000,155.000,322.696,124.915
city:2673730,stn:demo:S0313,80,22,300.000,300.000,523.272,104.654
city:2673730,stn:demo:S0321,42,12,270.000,270.000,353.060,78.458
city:2676176,city:2677234,216,60,100.000,101.000,235.397,139.840
city:2676176,city:2688368,240,66,42.000,43.000,106.481,148.578
city:2676176,city:2690170,240,66,118.000,118.000,241.807,122.953
city:2676176,city:2692969,240,66,244.000,245.000,485.631,118.930
city:2676176,city:2693678,240,66,230.000,231.000,469.756,122.015
city:2676176,city:2694762,240,66,68.000,68.000,144.667,127.647
city:2676176,city:2701223,216,60,36.000,36.000,83.971,139.952
city:2676176,city:2707399,240,66,202.000,203.000,408.070,120.612
city:2676176,city:2711537,216,60,160.000,161.000,368.306,137.257
city:2676176,city:2726756,216,60,146.000,146.000,326.987,134.378
city:2676176,stn:demo:S0018,240,66,158.000,158.000,312.694,118.744
city:2676176,stn:demo:S0267,216,60,70.000,71.000,144.235,121.888
city:2676176,stn:demo:S0282,216,60,130.000,131.000,293.666,134.504
city:2676176,stn:demo:S0313,80,22,270.000,270.000,495.706,110.157
city:2677234,city:2701223,216,60,62.000,63.000,152.134,144.890
city:2677234,city:2711537,216,60,58.000,58.000,134.159,138.785
city:2677234,city:2726756,216,60,42.000,43.000,92.439,128.985
city:2677234,stn:demo:S0267,216,60,28.000,28.000,104.582,224.105
city:2677234,stn:demo:S0282,216,60,28.000,28.000,59.268,127.004
city:2686657,city:2701680,42,12,68.000,68.000,97.308,85.860
city:2686657,city:3143244,42,12,218.000,218.000,260.828,71.787
city:2686657,city:3147465,42,12,203.000,203.000,245.763,72.639
city:2686657,stn:demo:S0040,42,12,113.000,113.000,154.030,81.786
city:2686657,stn:demo:S0321,42,12,163.000,163.000,206.676,76.077
city:2688368,city:2690170,240,66,72.000,73.000,136.242,111.980
city:2688368,city:2692969,248,68,198.000,200.000,383.761,115.128
city:2688368,city:2693678,240,66,184.000,186.000,368.240,118.787
city:2688368,city:2694762,240,66,22.000,23.000,38.443,100.286
city:2688368,city:2707399,240,66,158.000,158.000,307.036,116.596
city:2688368,city:2911298,8,2,668.000,668.000,679.151,61.002
city:2688368,stn:demo:S0018,240,66,112.000,113.000,211.735,112.426
city:2688368,stn:demo:S0313,80,22,220.000,220.000,392.511,107.049
city:2690170,city:2692969,240,66,122.000,125.000,250.141,120.068
city:2690170,city:2693678,240,66,110.000,111.000,235.180,127.124
city:2690170,city:2694762,240,66,48.000,48.000,100.320,125.400
city:2690170,city:2707399,240,66,82.000,83.000,175.464,126.842
city:2690170,stn:demo:S0018,240,66,38.000,38.000,84.238,133.008
city:2690170,stn:demo:S0313,80,22,144.000,145.000,257.425,106.521
city:2692969,city:2693678,1100,304,10.000,10.000,16.412,98.474
city:2692969,city:2694762,240,66,172.000,175.000,349.885,119.961
city:2692969,city:2706767,216,60,42.000,43.000,52.623,73.428
city:2692969,city:2707399,240,66,38.000,40.000,77.870,116.805
city:2692969,city:2708365,216,60,88.000,88.000,119.156,81.243
city:2692969,city:2711537,216,60,172.000,173.000,242.040,83.945
city:2692969,city:2911298,8,2,448.000,448.000,299.603,40.125
city:2692969,stn:demo:S0018,240,66,82.000,85.000,172.940,122.076
city:2692969,stn:demo:S0313,940,260,20.000,20.000,22.248,66.745
city:2693678,city:2694762,240,66,160.000,161.000,334.659,124.718
city:2693678,city:2706767,216,60,30.000,30.000,49.041,98.082
city:2693678,city:2707399,240,66,24.000,26.000,61.759,142.521
city:2693678,city:2708365,216,60,74.000,75.000,109.699,87.759
city:2693678,city:2711537,216,60,160.000,160.000,234.780,88.043
city:2693678,stn:demo:S0018,240,66,70.000,71.000,157.081,132.744
city:2693678,stn:demo:S0313,940,260,32.000,32.000,35.155,65.916
city:2694762,city:2707399,240,66,132.000,133.000,274.065,123.638
city:2694762,stn:demo:S0018,240,66,88.000,88.000,179.633,122.477
city:2694762,stn:demo:S0313,80,22,194.000,195.000,357.675,110.054
city:2701223,city:2711537,216,60,122.000,123.000,285.834,139.431
city:2701223,city:2726756,216,60,108.000,108.000,244.272,135.706
city:2701223,stn:demo:S0267,216,60,32.000,33.000,63.249,114.998
city:2701223,stn:demo:S0282,216,60,92.000,93.000,210.936,136.087
city:2701680,city:3143244,42,12,148.000,148.000,165.896,67.255
city:2701680,city:3147465,42,12,133.000,133.000,152.001,68.572
city:2701680,stn:demo:S0040,42,12,43.000,43.000,60.210,84.014
city:2701680,stn:demo:S0321,42,12,93.000,93.000,123.431,79.633
city:2704613,city:2712414,108,30,68.000,68.000,117.096,103.320
city:2706767,city:2708365,216,60,42.000,43.000,70.514,98.391
city:2706767,city:2711537,216,60,128.000,128.000,189.848,88.991
city:2706767,stn:demo:S0313,216,60,64.000,65.000,46.425,42.854
city:2707399,stn:demo:S0018,240,66,42.000,43.000,95.490,133.242
city:2707399,stn:demo:S0313,80,22,60.000,60.000,91.181,91.181
city:2708365,city:2711537,216,60,82.000,83.000,126.731,91.613
city:2708365,stn:demo:S0313,216,60,110.000,110.000,116.849,63.736
city:2711537,city:2726756,216,60,12.000,13.000,41.737,192.633
city:2711537,city:3140084,52,14,170.000,170.000,182.260,64.327
city:2711537,city:3143244,52,14,235.000,235.000,255.113,65.135
city:2711537,city:3145375,52,14,205.000,205.000,206.467,60.429
city:2711537,city:3154209,52,14,150.000,150.000,161.200,64.480
city:2711537,city:3156529,52,14,180.000,180.000,178.501,59.500
city:2711537,stn:demo:S0267,216,60,88.000,88.000,237.337,161.821
city:2711537,stn:demo:S0282,216,60,28.000,28.000,74.954,160.615
city:2711537,stn:demo:S0313,216,60,194.000,195.000,234.698,72.215
city:2726756,stn:demo:S0267,216,60,72.000,73.000,195.729,160.873
city:2726756,stn:demo:S0282,216,60,12.000,13.000,33.342,153.885
city:2732773,city:2735943,28,8,74.000,74.000,63.334,51.352
city:2732773,city:3105976,28,8,62.000,62.000,60.688,58.730
city:2735943,city:2740637,216,60,62.000,63.000,105.937,100.893
city:2735943,city:2742032,108,30,55.000,55.000,47.466,51.781
city:2735943,city:2742611,216,60,34.000,35.000,55.983,95.970
city:2735943,city:3105976,28,8,140.000,140.000,120.927,51.826
city:2740637,city:2742611,216,60,26.000,26.000,52.432,120.998
city:2743477,city:2745912,432,120,52.000,52.000,81.046,93.515
city:2743477,city:2751738,216,60,22.000,23.000,41.923,109.365
city:2743477,city:2751792,216,60,56.000,56.000,79.092,84.742
city:2743477,city:2755251,432,120,56.000,56.000,84.731,90.783
city:2743477,city:2759633,432,120,38.000,38.000,62.375,98.487
city:2743477,city:2759794,216,60,60.000,60.000,83.094,83.094
city:2743477,city:2759821,432,120,34.000,35.000,62.350,106.885
city:2743477,city:2759879,216,60,38.000,38.000,61.729,97.467
city:2744911,city:2745912,428,118,70.000,70.000,101.649,87.128
city:2744911,city:2747203,428,118,26.000,26.000,30.367,70.078
city:2744911,city:2747351,428,118,40.000,40.000,57.045,85.568
city:2744911,city:2748000,428,118,11.000,11.000,20.558,112.134
city:2744911,city:2751283,428,118,41.000,41.000,44.867,65.659
city:2744911,city:2756253,428,118,18.000,18.000,26.377,87.923
city:2744911,city:2759794,428,118,92.000,92.000,136.861,89.257
city:2744911,stn:demo:S0574,428,118,102.000,102.000,134.377,79.045
city:2745912,city:2747203,428,118,98.000,98.000,132.012,80.823
city:2745912,city:2747351,856,236,26.000,26.000,45.305,104.550
city:2745912,city:2747373,216,60,38.000,38.000,56.299,88.894
city:2745912,city:2747891,428,118,38.000,38.000,47.830,75.521
city:2745912,city:2748000,428,118,83.000,83.000,116.213,84.009
city:2745912,city:2750053,428,118,51.000,51.000,57.162,67.249
city:2745912,city:2751283,428,118,113.000,113.000,143.626,76.262
city:2745912,city:2751792,216,60,110.000,110.000,132.048,72.026
city:2745912,city:2755251,216,60,110.000,110.000,158.847,86.644
city:2745912,city:2755420,644,178,16.000,18.000,29.477,98.257
city:2745912,city:2756253,856,236,50.000,50.000,76.306,91.567
city:2745912,city:2759633,216,60,92.000,92.000,140.108,91.375
city:2745912,city:2759661,550,148,34.000,34.000,55.353,97.681
city:2745912,city:2759794,1406,384,20.000,27.000,35.248,78.329
city:2745912,city:2759821,432,120,14.000,15.000,19.466,77.863
city:2745912,city:2761369,14,2,840.000,840.000,909.046,64.932
city:2745912,city:2772400,14,2,738.000,738.000,775.364,63.038
city:2745912,city:2805615,14,2,418.000,418.000,423.769,60.828
city:2745912,city:2855328,14,2,668.000,668.000,707.466,63.545
city:2745912,city:2861650,14,2,508.000,508.000,510.943,60.348
city:2745912,city:2886242,122,30,136.000,136.000,180.446,79.608
city:2745912,city:2925533,108,28,206.000,206.000,331.737,96.623
city:2745912,city:2934246,122,30,110.000,111.000,149.572,80.850
city:2745912,city:2934691,108,28,86.000,86.000,134.696,93.974
city:2745912,stn:demo:S0224,94,26,190.000,191.000,330.667,103.874
city:2745912,stn:demo:S0574,428,118,30.000,30.000,34.540,69.081
city:2746301,city:2747373,216,60,64.000,65.000,79.543,73.425
city:2746301,city:2747891,216,60,40.000,40.000,58.667,88.000
city:2746301,city:2756253,216,60,18.000,18.000,29.637,98.790
city:2746301,city:2758401,216,60,12.000,13.000,22.066,101.842
city:2747203,city:2747351,428,118,68.000,68.000,87.259,76.993
city:2747203,city:2748000,428,118,13.000,13.000,23.285,107.468
city:2747203,city:2751283,428,118,13.000,13.000,20.937,96.632
city:2747203,city:2756253,428,118,46.000,46.000,56.259,73.381
city:2747203,city:2759794,428,118,120.000,120.000,167.214,83.607
city:2747203,stn:demo:S0574,428,118,130.000,130.000,164.582,75.961
city:2747351,city:2748000,428,118,53.000,53.000,73.455,83.157
city:2747351,city:2751283,428,118,83.000,83.000,98.321,71.076
city:2747351,city:2756253,856,236,20.000,20.000,31.131,93.394
city:2747351,city:2759794,856,236,50.000,50.000,80.218,96.262
city:2747351,stn:demo:S0574,428,118,60.000,60.000,77.337,77.337
city:2747373,city:2747891,644,178,18.000,18.000,21.135,70.449
city:2747373,city:2751773,856,236,11.000,11.000,16.085,87.736
city:2747373,city:2755420,216,60,20.000,20.000,28.803,86.409
city:2747373,city:2756253,216,60,84.000,85.000,107.634,75.977
city:2747373,city:2756669,428,118,33.000,33.000,39.242,71.350
city:2747373,city:2757345,428,118,6.000,6.000,8.704,87.038
city:2747373,city:2758401,216,60,50.000,50.000,63.607,76.329
city:2747373,city:2759794,856,236,45.000,45.000,52.098,69.464
city:2747373,stn:demo:S0574,428,118,28.000,28.000,40.839,87.511
city:2747891,city:2751773,428,118,31.000,31.000,26.240,50.788
city:2747891,city:2755420,428,118,18.000,18.000,18.870,62.901
city:2747891,city:2756253,216,60,60.000,60.000,87.227,87.227
city:2747891,city:2756669,428,118,13.000,13.000,18.296,84.441
city:2747891,city:2756987,6,2,148.000,148.000,120.893,49.011
city:2747891,city:2757345,428,118,10.000,10.000,12.622,75.733
city:2747891,city:2758401,432,120,22.000,24.000,42.576,106.440
city:2747891,city:2759794,1210,334,41.000,63.000,57.493,54.755
city:2747891,city:2759821,6,2,113.000,113.000,67.293,35.731
city:2747891,city:2800866,354,98,69.000,95.000,119.550,75.505
city:2747891,city:2803138,302,84,34.000,58.000,78.253,80.951
city:2747891,city:2935022,6,2,788.000,788.000,647.937,49.335
city:2747891,city:2950159,6,2,628.000,628.000,611.642,58.437
city:2747891,city:2988507,80,22,154.000,155.000,373.155,144.447
city:2747891,city:3067696,6,2,908.000,908.000,724.233,47.857
city:2747891,stn:demo:S0574,1152,318,24.000,33.000,47.160,85.745
city:2748000,city:2751283,428,118,28.000,28.000,43.762,93.775
city:2748000,city:2756253,428,118,31.000,31.000,44.801,86.711
city:2748000,city:2759794,428,118,105.000,105.000,151.372,86.498
city:2748000,stn:demo:S0574,428,118,115.000,115.000,149.973,78.247
city:2750053,city:2759661,428,118,15.000,15.000,15.804,63.217
city:2750053,city:2759794,428,118,80.000,80.000,88.425,66.319
city:2751283,city:2756253,428,118,61.000,61.000,67.509,66.402
city:2751283,city:2759794,428,118,135.000,135.000,178.397,79.288
city:2751283,stn:demo:S0574,428,118,145.000,145.000,174.627,72.259
city:2751738,city:2755251,216,60,80.000,81.000,107.785,79.841
city:2751738,city:2759633,216,60,62.000,63.000,91.133,86.793
city:2751738,city:2759794,216,60,34.000,35.000,42.391,72.670
city:2751738,city:2759879,216,60,12.000,13.000,23.419,108.085
city:2751773,city:2756669,428,118,46.000,46.000,40.658,53.032
city:2751773,city:2757345,428,118,19.000,19.000,19.305,60.962
city:2751773,city:2759794,856,236,32.000,32.000,36.108,67.702
city:2751773,stn:demo:S0574,428,118,15.000,15.000,24.857,99.428
city:2751792,city:2759821,216,60,92.000,93.000,119.927,77.372
city:2754394,city:2756071,428,118,8.000,8.000,8.767,65.752
city:2754394,city:2756987,522,144,32.000,33.000,42.838,77.887
city:2754394,city:2759706,522,144,44.000,45.000,56.426,75.235
city:2754394,city:2759794,522,144,108.000,110.000,129.923,70.867
city:2754394,city:2759821,522,144,72.000,73.000,96.558,79.363
city:2754394,city:2759887,522,144,8.000,8.000,13.446,100.848
city:2754394,city:2806654,94,26,172.000,173.000,271.472,94.152
city:2754394,city:2847645,94,26,38.000,38.000,44.105,69.639
city:2754394,city:2856883,94,26,62.000,63.000,85.518,81.446
city:2754394,city:2910831,94,26,132.000,133.000,200.170,90.302
city:2754394,city:2950159,94,26,226.000,226.000,449.774,119.409
city:2754394,city:2953552,94,26,22.000,23.000,25.100,65.479
city:2755251,city:2759633,432,120,16.000,16.000,24.742,92.784
city:2755251,city:2759794,216,60,118.000,118.000,146.771,74.630
city:2755251,city:2759821,216,60,92.000,93.000,142.541,91.962
city:2755251,city:2759879,216,60,96.000,96.000,131.071,81.919
city:2756071,city:2756987,428,118,43.000,43.000,50.008,69.779
city:2756071,city:2759706,428,118,55.000,55.000,63.122,68.860
city:2756071,city:2759794,428,118,120.000,120.000,137.516,68.758
city:2756071,city:2759821,428,118,83.000,83.000,103.066,74.505
city:2756071,city:2759887,428,118,18.000,18.000,22.102,73.674
city:2756253,city:2758401,216,60,32.000,33.000,51.198,93.087
city:2756253,city:2759794,856,236,72.000,72.000,111.333,92.777
city:2756253,stn:demo:S0574,428,118,82.000,82.000,108.358,79.286
city:2756669,city:2757345,428,118,25.000,25.000,30.891,74.138
city:2756669,city:2759794,428,118,80.000,80.000,64.431,48.323
city:2756669,stn:demo:S0574,428,118,63.000,63.000,55.859,53.199
city:2756987,city:2759706,522,144,10.000,10.000,14.156,84.938
city:2756987,city:2759794,528,146,68.000,75.000,87.620,70.096
city:2756987,city:2759821,528,146,33.000,38.000,54.062,85.362
city:2756987,city:2759887,522,144,20.000,23.000,35.736,93.224
city:2756987,city:2800866,6,2,240.000,240.000,200.340,50.085
city:2756987,city:2803138,6,2,198.000,198.000,167.266,50.687
city:2756987,city:2806654,94,26,208.000,208.000,314.222,90.641
city:2756987,city:2847645,94,26,72.000,73.000,86.933,71.452
city:2756987,city:2856883,94,26,98.000,98.000,128.356,78.585
city:2756987,city:2910831,94,26,168.000,168.000,242.955,86.770
city:2756987,city:2935022,6,2,638.000,638.000,539.145,50.703
city:2756987,city:2950159,100,28,260.000,261.000,492.467,113.211
city:2756987,city:2953552,94,26,58.000,58.000,67.797,70.135
city:2756987,city:3067696,6,2,758.000,758.000,623.593,49.361
city:2757345,city:2759794,428,118,53.000,53.000,54.720,61.947
city:2757345,stn:demo:S0574,428,118,36.000,36.000,43.615,72.691
city:2758401,city:2759794,216,60,88.000,88.000,87.909,59.938
city:2758401,city:2800866,216,60,70.000,70.000,87.091,74.649
city:2758401,city:2803138,216,60,32.000,33.000,48.335,87.882
city:2758401,stn:demo:S0574,216,60,58.000,58.000,80.382,83.154
city:2759633,city:2759794,216,60,100.000,100.000,132.311,79.386
city:2759633,city:2759821,216,60,74.000,75.000,122.730,98.184
city:2759633,city:2759879,216,60,78.000,78.000,114.509,88.084
city:2759661,city:2759794,550,148,62.000,63.000,82.282,78.364
city:2759661,city:2761369,14,2,800.000,800.000,854.844,64.113
city:2759661,city:2772400,14,2,698.000,698.000,722.517,62.108
city:2759661,city:2805615,14,2,378.000,378.000,373.273,59.250
city:2759661,city:2855328,14,2,628.000,628.000,654.980,62.578
city:2759661,city:2861650,14,2,468.000,468.000,459.357,58.892
city:2759661,city:2886242,122,30,100.000,100.000,136.842,82.105
city:2759661,city:2925533,108,28,170.000,170.000,283.791,100.162
city:2759661,city:2934246,122,30,74.000,75.000,103.328,82.663
city:2759661,city:2934691,108,28,50.000,50.000,84.675,101.610
city:2759661,stn:demo:S0224,94,26,154.000,155.000,283.713,109.824
city:2759706,city:2759794,522,144,60.000,63.000,75.665,72.062
city:2759706,city:2759821,522,144,26.000,26.000,40.145,92.641
city:2759706,city:2759887,522,144,32.000,35.000,49.886,85.519
city:2759706,city:2806654,94,26,220.000,220.000,327.894,89.426
city:2759706,city:2847645,94,26,84.000,85.000,100.498,70.940
city:2759706,city:2856883,94,26,110.000,110.000,141.816,77.354
city:2759706,city:2910831,94,26,180.000,180.000,256.581,85.527
city:2759706,city:2950159,94,26,272.000,273.000,506.199,111.253
city:2759706,city:2953552,94,26,70.000,70.000,81.502,69.859
city:2759794,city:2759821,528,146,32.000,35.000,41.723,71.526
city:2759794,city:2759879,216,60,20.000,20.000,22.030,66.089
city:2759794,city:2759887,522,144,96.000,100.000,120.383,72.230
city:2759794,city:2761369,14,2,870.000,870.000,936.512,64.587
city:2759794,city:2772400,14,2,768.000,768.000,804.775,62.873
city:2759794,city:2800866,354,98,114.000,160.000,173.482,65.056
city:2759794,city:2803138,302,84,80.000,123.000,132.612,64.689
city:2759794,city:2805615,14,2,448.000,448.000,455.126,60.954
city:2759794,city:2806654,94,26,282.000,283.000,399.666,84.735
city:2759794,city:2847645,94,26,148.000,148.000,173.612,70.383
city:2759794,city:2855328,14,2,698.000,698.000,737.262,63.375
city:2759794,city:2856883,94,26,172.000,173.000,215.049,74.583
city:2759794,city:2861650,14,2,538.000,538.000,541.539,60.395
city:2759794,city:2886242,122,30,164.000,165.000,214.146,77.871
city:2759794,city:2910831,94,26,242.000,243.000,328.755,81.174
city:2759794,city:2925533,108,28,234.000,235.000,364.368,93.030
city:2759794,city:2934246,122,30,140.000,140.000,182.361,78.155
city:2759794,city:2934691,108,28,114.000,115.000,165.874,86.543
city:2759794,city:2935022,6,2,708.000,708.000,626.710,53.111
city:2759794,city:2950159,100,28,336.000,336.000,577.359,103.100
city:2759794,city:2953552,94,26,132.000,133.000,154.297,69.607
city:2759794,city:2988507,80,22,200.000,200.000,430.507,129.152
city:2759794,city:3067696,6,2,828.000,828.000,709.981,51.448
city:2759794,stn:demo:S0224,94,26,220.000,220.000,363.691,99.188
city:2759794,stn:demo:S0574,1580,436,8.000,15.000,11.260,45.038
city:2759821,city:2759887,522,144,60.000,63.000,89.634,85.366
city:2759821,city:2800866,6,2,205.000,205.000,161.895,47.384
city:2759821,city:2803138,6,2,163.000,163.000,124.214,45.723
city:2759821,city:2806654,94,26,248.000,248.000,368.006,89.034
city:2759821,city:2847645,94,26,112.000,113.000,140.598,74.654
city:2759821,city:2856883,94,26,138.000,138.000,181.846,79.063
city:2759821,city:2910831,94,26,208.000,208.000,296.676,85.580
city:2759821,city:2935022,6,2,673.000,673.000,589.307,52.539
city:2759821,city:2950159,100,28,300.000,301.000,546.328,108.903
city:2759821,city:2953552,94,26,98.000,98.000,121.643,74.475
city:2759821,city:3067696,6,2,793.000,793.000,670.501,50.731
city:2759887,city:2806654,94,26,184.000,185.000,279.578,90.674
city:2759887,city:2847645,94,26,50.000,50.000,53.477,64.172
city:2759887,city:2856883,94,26,74.000,75.000,94.764,75.811
city:2759887,city:2910831,94,26,144.000,145.000,208.495,86.274
city:2759887,city:2950159,94,26,238.000,238.000,457.613,115.365
city:2759887,city:2953552,94,26,34.000,35.000,34.218,58.659
city:2761353,city:2761369,324,90,32.000,33.000,46.077,83.777
city:2761353,city:2762372,108,30,227.000,227.000,223.279,59.017
city:2761353,city:2774326,108,30,200.000,200.000,195.938,58.782
city:2761353,city:2778067,216,60,120.000,120.000,101.270,50.635
city:2761353,stn:demo:S0114,324,90,74.000,75.000,83.620,66.896
city:2761369,city:2762372,122,32,262.000,262.000,259.659,59.464
city:2761369,city:2766429,748,206,18.000,28.000,54.453,116.686
city:2761369,city:2766824,668,182,135.000,143.000,251.727,105.620
city:2761369,city:2772400,790,212,63.000,73.000,154.807,127.239
city:2761369,city:2774326,108,30,235.000,235.000,234.922,59.980
city:2761369,city:2775220,188,50,255.000,255.000,386.735,90.996
city:2761369,city:2778067,244,68,154.000,155.000,144.766,56.038
city:2761369,city:2779674,80,20,385.000,385.000,517.986,80.725
city:2761369,city:2781680,66,18,371.000,371.000,503.944,81.500
city:2761369,city:2805615,122,30,312.000,313.000,500.272,95.899
city:2761369,city:2844988,104,28,187.000,187.000,318.364,102.149
city:2761369,city:2849483,94,26,202.000,203.000,326.464,96.492
city:2761369,city:2855328,122,30,138.000,138.000,220.767,95.986
city:2761369,city:2861650,122,30,258.000,258.000,411.449,95.686
city:2761369,city:2867714,104,28,225.000,225.000,355.717,94.858
city:2761369,city:2886242,14,2,680.000,680.000,743.224,65.579
city:2761369,city:2910831,14,2,690.000,690.000,660.274,57.415
city:2761369,city:2911298,14,2,810.000,810.000,743.130,55.047
city:2761369,city:2925533,108,28,384.000,385.000,597.533,93.122
city:2761369,city:2934246,14,2,710.000,710.000,766.047,64.736
city:2761369,city:2934691,14,2,725.000,725.000,776.034,64.223
city:2761369,city:3044082,108,30,110.000,110.000,164.674,89.822
city:2761369,city:3052009,160,44,65.000,65.000,110.722,102.205
city:2761369,city:3054643,160,44,158.000,160.000,214.173,80.315
city:2761369,city:3060972,216,60,62.000,62.000,54.884,53.113
city:2761369,city:3065281,28,8,182.000,182.000,237.817,78.401
city:2761369,city:3067696,108,30,245.000,245.000,252.611,61.864
city:2761369,city:3068582,108,30,190.000,190.000,208.294,65.777
city:2761369,city:3068799,28,8,172.000,172.000,228.222,79.612
city:2761369,city:3078610,108,30,92.000,92.000,111.076,72.441
city:2761369,city:3078773,136,38,58.000,58.000,71.829,74.305
city:2761369,city:3096472,28,8,258.000,258.000,298.346,69.383
city:2761369,city:3165072,14,2,400.000,400.000,335.811,50.372
city:2761369,city:3169070,14,2,840.000,840.000,764.800,54.629
city:2761369,city:3176959,14,2,720.000,720.000,631.648,52.637
city:2761369,city:3181928,14,2,640.000,640.000,565.311,52.998
city:2761369,city:3195506,28,8,214.000,214.000,191.725,53.755
city:2761369,city:3196359,28,8,330.000,330.000,278.361,50.611
city:2761369,city:3202781,28,8,270.000,270.000,235.370,52.305
city:2761369,city:756135,28,8,420.000,420.000,555.552,79.365
city:2761369,stn:demo:S0114,324,90,110.000,110.000,120.278,65.606
city:2761369,stn:demo:S0119,80,20,398.000,398.000,528.579,79.685
city:2761369,stn:demo:S0336,66,18,313.000,313.000,450.292,86.318
city:2761369,stn:demo:S0570,80,20,415.000,415.000,534.719,77.309
city:2761369,stn:demo:S0701,66,18,228.000,228.000,331.394,87.209
city:2762372,city:2766824,28,8,168.000,168.000,145.754,52.055
city:2762372,city:2774326,108,30,25.000,25.000,34.365,82.475
city:2762372,city:2867714,28,8,260.000,260.000,241.479,55.726
city:2762372,city:3165072,14,2,98.000,98.000,76.643,46.924
city:2762372,city:3169070,14,2,538.000,538.000,535.451,59.716
city:2762372,city:3176959,14,2,418.000,418.000,375.330,53.875
city:2762372,city:3181928,14,2,338.000,338.000,306.232,54.361
city:2762372,city:3186886,28,8,242.000,242.000,185.718,46.046
city:2762372,city:3196359,28,8,92.000,92.000,79.697,51.976
city:2762372,stn:demo:S0082,28,8,122.000,122.000,101.871,50.100
city:2762372,stn:demo:S0114,108,30,150.000,150.000,140.102,56.041
city:2762372,stn:demo:S0298,28,8,32.000,32.000,25.315,47.465
city:2762372,stn:demo:S0576,28,8,108.000,108.000,95.475,53.041
city:2766429,city:2766824,654,180,112.000,115.000,198.193,103.405
city:2766429,city:2772400,748,206,42.000,43.000,100.628,140.411
city:2766429,city:2775220,174,48,228.000,228.000,334.184,87.943
city:2766429,city:2779674,66,18,355.000,355.000,464.400,78.490
city:2766429,city:2781680,66,18,341.000,341.000,450.646,79.293
city:2766429,city:2805615,94,26,282.000,283.000,450.590,95.531
city:2766429,city:2844988,104,28,167.000,167.000,264.230,94.933
city:2766429,city:2849483,94,26,172.000,173.000,274.973,95.366
city:2766429,city:2855328,94,26,108.000,108.000,167.712,93.173
city:2766429,city:2861650,94,26,228.000,228.000,361.326,95.086
city:2766429,city:2867714,104,28,205.000,205.000,301.265,88.175
city:2766429,city:2925533,94,26,354.000,355.000,548.018,92.623
city:2766429,city:3052009,52,14,93.000,93.000,159.813,103.105
city:2766429,city:3054643,52,14,185.000,185.000,265.871,86.229
city:2766429,stn:demo:S0119,66,18,368.000,368.000,475.093,77.461
city:2766429,stn:demo:S0336,66,18,283.000,283.000,397.503,84.276
city:2766429,stn:demo:S0570,66,18,385.000,385.000,481.500,75.039
city:2766429,stn:demo:S0701,66,18,198.000,198.000,278.490,84.391
city:2766824,city:2772400,668,182,68.000,68.000,108.172,95.446
city:2766824,city:2775220,188,50,108.000,108.000,137.465,76.370
city:2766824,city:2779674,80,20,240.000,240.000,266.269,66.567
city:2766824,city:2781680,66,18,226.000,226.000,252.474,67.029
city:2766824,city:2844988,104,28,50.000,50.000,69.084,82.901
city:2766824,city:2867714,132,36,88.000,88.000,115.607,78.823
city:2766824,city:3052009,52,14,210.000,210.000,343.500,98.143
city:2766824,city:3054643,52,14,302.000,302.000,450.321,89.468
city:2766824,city:3186886,28,8,412.000,412.000,313.931,45.718
city:2766824,city:3196359,28,8,262.000,262.000,223.833,51.259
city:2766824,stn:demo:S0082,28,8,42.000,42.000,44.500,63.572
city:2766824,stn:demo:S0119,80,20,253.000,253.000,276.912,65.671
city:2766824,stn:demo:S0298,28,8,202.000,202.000,170.417,50.619
city:2766824,stn:demo:S0336,66,18,168.000,168.000,199.940,71.407
city:2766824,stn:demo:S0570,80,20,270.000,270.000,283.358,62.969
city:2766824,stn:demo:S0576,28,8,58.000,58.000,53.701,55.552
city:2766824,stn:demo:S0701,66,18,83.000,83.000,81.275,58.753
city:2772400,city:2775220,188,50,178.000,178.000,245.218,82.658
city:2772400,city:2779674,80,20,310.000,310.000,369.979,71.609
city:2772400,city:2781680,66,18,296.000,296.000,357.488,72.464
city:2772400,city:2805615,122,30,238.000,238.000,356.519,89.879
city:2772400,city:2844988,104,28,122.000,122.000,168.332,82.786
city:2772400,city:2849483,94,26,128.000,128.000,178.744,83.786
city:2772400,city:2855328,122,30,62.000,63.000,69.383,66.079
city:2772400,city:2861650,122,30,182.000,183.000,267.066,87.563
city:2772400,city:2867714,104,28,160.000,160.000,201.678,75.629
city:2772400,city:2886242,14,2,578.000,578.000,603.443,62.641
city:2772400,city:2910831,14,2,588.000,588.000,555.305,56.664
city:2772400,city:2911298,14,2,708.000,708.000,655.905,55.585
city:2772400,city:2925533,108,28,310.000,310.000,453.779,87.828
city:2772400,city:2934246,14,2,608.000,608.000,628.752,62.048
city:2772400,city:2934691,14,2,623.000,623.000,640.896,61.724
city:2772400,city:3052009,52,14,138.000,138.000,258.631,112.448
city:2772400,city:3054643,52,14,230.000,230.000,365.555,95.362
city:2772400,stn:demo:S0119,80,20,323.000,323.000,381.042,70.782
city:2772400,stn:demo:S0336,66,18,238.000,238.000,306.767,77.336
city:2772400,stn:demo:S0570,80,20,340.000,340.000,388.492,68.557
city:2772400,stn:demo:S0701,66,18,153.000,153.000,189.091,74.153
city:2774326,stn:demo:S0114,108,30,123.000,123.000,114.677,55.940
city:2775220,city:2779674,80,20,120.000,120.000,135.681,67.840
city:2775220,city:2781680,66,18,106.000,106.000,119.348,67.555
city:2775220,city:2844988,42,12,71.000,71.000,85.684,72.409
city:2775220,city:2867714,56,14,108.000,108.000,98.208,54.560
city:2775220,city:3164527,56,14,210.000,210.000,205.151,58.615
city:2775220,city:3165243,42,12,135.000,135.000,134.483,59.770
city:2775220,city:3168854,42,12,152.000,152.000,154.969,61.172
city:2775220,city:3169070,14,2,658.000,658.000,603.695,55.048
city:2775220,city:3176959,14,2,448.000,448.000,387.510,51.899
city:2775220,city:3181913,42,12,100.000,100.000,85.942,51.565
city:2775220,city:3181928,56,14,290.000,290.000,307.913,63.706
city:2775220,stn:demo:S0104,42,12,40.000,40.000,30.139,45.208
city:2775220,stn:demo:S0119,80,20,133.000,133.000,145.057,65.439
city:2775220,stn:demo:S0328,42,12,51.000,51.000,68.159,80.188
city:2775220,stn:demo:S0336,66,18,48.000,48.000,63.803,79.753
city:2775220,stn:demo:S0570,80,20,150.000,150.000,149.312,59.725
city:2775220,stn:demo:S0701,66,18,33.000,33.000,56.194,102.171
city:2778067,city:3195506,28,8,58.000,58.000,58.956,60.989
city:2778067,city:3196359,28,8,172.000,172.000,133.789,46.671
city:2778067,city:3202781,28,8,112.000,112.000,94.031,50.374
city:2778067,stn:demo:S0114,216,60,42.000,43.000,40.464,56.461
city:2779674,city:2781680,66,18,12.000,12.000,19.289,96.444
city:2779674,stn:demo:S0119,80,20,11.000,11.000,11.741,64.044
city:2779674,stn:demo:S0336,66,18,70.000,70.000,74.303,63.688
city:2779674,stn:demo:S0570,80,20,28.000,28.000,24.171,51.794
city:2779674,stn:demo:S0701,66,18,155.000,155.000,187.720,72.666
city:2781503,city:2867714,80,22,140.000,140.000,153.652,65.851
city:2781503,city:2871992,80,22,62.000,63.000,62.685,59.700
city:2781503,city:2877550,80,22,12.000,13.000,6.716,30.996
city:2781680,stn:demo:S0119,66,18,25.000,25.000,26.016,62.438
city:2781680,stn:demo:S0336,66,18,56.000,56.000,56.555,60.595
city:2781680,stn:demo:S0570,66,18,42.000,42.000,31.005,44.293
city:2781680,stn:demo:S0701,66,18,141.000,141.000,172.821,73.541
city:2789786,city:2797656,216,60,36.000,36.000,58.093,96.821
city:2789786,city:2800866,216,60,70.000,70.000,107.387,92.046
city:2789786,city:2800931,216,60,12.000,13.000,20.718,95.620
city:2790471,city:2800866,108,30,54.000,54.000,56.176,62.417
city:2790471,city:2803073,108,30,88.000,88.000,110.361,75.246
city:2790471,city:2960316,108,30,123.000,123.000,131.326,64.061
city:2790869,city:2800866,216,60,50.000,50.000,52.186,62.623
city:2791537,city:2800866,428,118,12.000,12.000,21.481,107.403
city:2791537,city:2803138,428,118,20.000,20.000,22.316,66.948
city:2792413,city:2792482,216,60,32.000,33.000,66.806,121.466
city:2792413,city:2800866,348,96,41.000,55.000,89.076,97.173
city:2792413,city:2886242,132,36,66.000,66.000,102.744,93.404
city:2792413,city:2925533,66,18,134.000,134.000,228.392,102.265
city:2792413,city:2988507,66,18,125.000,125.000,304.383,146.104
city:2792413,city:3247449,132,36,23.000,23.000,39.655,103.449
city:2792413,stn:demo:S0224,66,18,121.000,121.000,222.640,110.400
city:2792482,city:2800866,216,60,20.000,20.000,24.926,74.777
city:2797656,city:2800866,432,120,32.000,32.000,49.529,92.867
city:2797656,city:2800931,432,120,20.000,21.000,38.640,110.400
city:2797656,city:2803138,216,60,50.000,50.000,51.325,61.590
city:2800481,city:2800866,216,60,50.000,50.000,49.289,59.147
city:2800866,city:2800931,432,120,54.000,55.000,88.165,96.181
city:2800866,city:2803073,108,30,144.000,144.000,166.510,69.379
city:2800866,city:2803138,730,202,34.000,34.000,41.302,72.885
city:2800866,city:2886242,132,36,111.000,111.000,182.673,98.742
city:2800866,city:2925533,66,18,189.000,189.000,317.393,100.760
city:2800866,city:2935022,6,2,880.000,880.000,657.685,44.842
city:2800866,city:2950159,6,2,720.000,720.000,651.309,54.276
city:2800866,city:2960316,108,30,179.000,179.000,187.426,62.824
city:2800866,city:2988507,278,76,82.000,82.000,264.309,193.397
city:2800866,city:2995469,42,12,330.000,330.000,843.519,153.367
city:2800866,city:2996944,42,12,225.000,225.000,568.446,151.586
city:2800866,city:2998324,122,34,35.000,36.000,94.158,156.930
city:2800866,city:3035681,42,12,298.000,298.000,768.257,154.683
city:2800866,city:3067696,6,2,1000.000,1000.000,717.295,43.038
city:2800866,city:3247449,132,36,66.000,66.000,122.146,111.042
city:2800866,stn:demo:S0008,42,12,90.000,90.000,241.540,161.026
city:2800866,stn:demo:S0224,66,18,176.000,176.000,311.713,106.266
city:2800866,stn:demo:S0410,42,12,110.000,110.000,247.192,134.832
city:2800866,stn:demo:S0574,296,82,98.000,130.000,164.722,76.026
city:2803073,city:2960316,108,30,33.000,33.000,24.176,43.956
city:2803138,city:2935022,6,2,838.000,838.000,651.374,46.638
city:2803138,city:2950159,6,2,678.000,678.000,634.890,56.185
city:2803138,city:2988507,80,22,118.000,118.000,301.208,153.157
city:2803138,city:3067696,6,2,958.000,958.000,716.963,44.904
city:2803138,stn:demo:S0574,296,82,62.000,93.000,123.617,79.753
city:2805615,city:2849483,94,26,108.000,108.000,178.059,98.922
city:2805615,city:2855328,122,30,172.000,173.000,287.379,99.669
city:2805615,city:2861650,338,90,52.000,53.000,89.492,101.311
city:2805615,city:2867714,216,60,118.000,118.000,219.046,111.379
city:2805615,city:2886242,122,32,133.000,133.000,247.705,111.747
city:2805615,city:2892518,108,30,68.000,68.000,172.297,152.027
city:2805615,city:2895992,108,30,93.000,93.000,156.510,100.974
city:2805615,city:2910831,122,32,123.000,123.000,286.910,139.956
city:2805615,city:2911298,122,32,203.000,203.000,417.750,123.473
city:2805615,city:2918632,108,30,88.000,88.000,193.542,131.960
city:2805615,city:2923822,108,30,33.000,33.000,86.516,157.303
city:2805615,city:2925533,216,58,68.000,68.000,97.444,85.980
city:2805615,city:2928810,108,30,185.000,185.000,277.737,90.077
city:2805615,city:2934246,122,32,157.000,157.000,274.864,105.044
city:2805615,city:2934691,122,32,171.000,171.000,289.322,101.517
city:2805615,stn:demo:S0224,108,30,81.000,81.000,102.968,76.273
city:2805753,city:2806654,108,30,155.000,155.000,281.352,108.911
city:2805753,city:2886242,108,30,31.000,31.000,38.483,74.484
city:2805753,city:2910831,108,30,123.000,123.000,216.613,105.665
city:2805753,city:2911240,108,30,38.000,38.000,66.294,104.674
city:2805753,city:2912621,108,30,15.000,15.000,25.315,101.259
city:2805753,city:2949186,108,30,73.000,73.000,128.840,105.896
city:2805753,city:2950159,108,30,203.000,203.000,452.129,133.634
city:2806654,city:2847645,94,26,132.000,133.000,227.408,102.590
city:2806654,city:2856883,94,26,108.000,108.000,186.304,103.502
city:2806654,city:2873891,108,30,218.000,218.000,364.400,100.294
city:2806654,city:2886242,108,30,188.000,188.000,311.840,99.523
city:2806654,city:2892518,108,30,93.000,93.000,151.376,97.662
city:2806654,city:2892794,108,30,248.000,248.000,414.931,100.386
city:2806654,city:2904789,108,30,43.000,43.000,64.160,89.526
city:2806654,city:2910831,202,56,30.000,30.000,71.377,142.754
city:2806654,city:2911240,108,30,115.000,115.000,218.680,114.094
city:2806654,city:2912621,108,30,138.000,138.000,256.046,111.324
city:2806654,city:2918632,108,30,73.000,73.000,114.797,94.353
city:2806654,city:2923822,108,30,126.000,126.000,221.891,105.662
city:2806654,city:2925177,108,30,308.000,308.000,534.630,104.149
city:2806654,city:2925533,108,30,178.000,178.000,295.283,99.534
city:2806654,city:2945024,108,30,18.000,18.000,24.707,82.357
city:2806654,city:2949186,108,30,80.000,80.000,159.169,119.377
city:2806654,city:2950159,310,86,46.000,48.000,178.402,223.002
city:2806654,city:2953552,94,26,148.000,148.000,246.430,99.904
city:2809346,city:2846939,108,30,238.000,238.000,380.476,95.918
city:2809346,city:2879139,108,30,203.000,203.000,322.219,95.237
city:2809346,city:2923822,108,30,85.000,85.000,114.018,80.483
city:2809346,city:2925533,108,30,33.000,33.000,31.541,57.348
city:2809346,city:2929670,108,30,158.000,158.000,220.750,83.829
city:2809346,city:2931574,108,30,128.000,128.000,176.965,82.952
city:2809346,city:2935022,108,30,275.000,275.000,402.469,87.811
city:2809346,stn:demo:S0224,108,30,18.000,18.000,23.551,78.504
city:2820256,city:2825297,352,98,42.000,43.000,73.561,102.643
city:2820256,city:2867714,352,98,69.000,70.000,120.774,103.520
city:2820256,city:2873891,216,60,82.000,82.000,164.634,120.464
city:2820256,city:2886242,108,30,176.000,176.000,356.822,121.644
city:2820256,city:2892794,136,38,85.000,85.000,134.829,95.173
city:2820256,city:2925533,108,30,122.000,122.000,213.201,104.853
city:2820256,city:2928810,108,30,226.000,226.000,401.316,106.544
city:2820256,city:2934246,108,30,200.000,200.000,389.520,116.856
city:2820256,city:2934691,108,30,214.000,214.000,408.794,114.615
city:2820256,city:2935517,108,30,250.000,250.000,390.756,93.781
city:2820256,city:2954172,352,98,38.000,38.000,67.043,105.857
city:2820256,city:2973783,28,8,134.000,134.000,166.790,74.682
city:2820256,city:2988507,28,8,242.000,242.000,563.751,139.773
city:2820256,stn:demo:S0224,108,30,120.000,120.000,210.945,105.473
city:2820693,city:2825297,108,30,95.000,95.000,92.582,58.473
city:2820693,city:2831924,108,30,23.000,23.000,25.108,65.499
city:2820693,city:2831948,108,30,73.000,73.000,80.892,66.487
city:2820693,city:2843636,108,30,13.000,13.000,24.804,114.482
city:2820693,city:2899101,108,30,43.000,43.000,51.955,72.496
city:2825297,city:2831924,108,30,120.000,120.000,116.447,58.223
city:2825297,city:2831948,108,30,20.000,20.000,14.901,44.704
city:2825297,city:2843636,108,30,80.000,80.000,79.445,59.584
city:2825297,city:2861650,108,30,130.000,130.000,157.194,72.551
city:2825297,city:2867714,352,98,113.000,115.000,190.833,99.565
city:2825297,city:2873891,432,120,36.000,38.000,94.048,148.496
city:2825297,city:2874225,108,30,100.000,100.000,148.343,89.006
city:2825297,city:2886242,216,60,131.000,131.000,287.537,131.696
city:2825297,city:2886946,108,30,150.000,150.000,209.294,83.718
city:2825297,city:2892518,108,30,163.000,163.000,282.748,104.079
city:2825297,city:2892794,178,50,40.000,40.000,61.864,92.795
city:2825297,city:2899101,108,30,50.000,50.000,51.849,62.219
city:2825297,city:2907911,108,30,40.000,40.000,78.030,117.045
city:2825297,city:2910831,108,30,218.000,218.000,400.915,110.344
city:2825297,city:2911298,108,30,298.000,298.000,533.258,107.367
city:2825297,city:2918632,108,30,183.000,183.000,310.710,101.872
city:2825297,city:2923822,108,30,128.000,128.000,199.976,93.739
city:2825297,city:2925533,216,60,76.000,76.000,152.466,120.368
city:2825297,city:2928810,216,60,181.000,181.000,334.994,111.048
city:2825297,city:2934246,216,60,155.000,155.000,320.946,124.237
city:2825297,city:2934691,216,60,169.000,169.000,341.164,121.123
city:2825297,city:2935517,216,60,205.000,205.000,327.376,95.817
city:2825297,city:2939797,108,30,95.000,95.000,76.171,48.108
city:2825297,city:2946447,108,30,185.000,185.000,263.552,85.476
city:2825297,city:2954172,352,98,82.000,83.000,134.628,97.322
city:2825297,city:2955936,108,30,115.000,115.000,118.439,61.794
city:2825297,city:2959927,108,30,70.000,70.000,67.380,57.754
city:2825297,city:2973783,70,20,82.000,82.000,107.380,78.570
city:2825297,city:2988507,70,20,190.000,190.000,499.836,157.843
city:2825297,stn:demo:S0224,108,30,75.000,75.000,147.951,118.361
city:2831924,city:2831948,108,30,98.000,98.000,105.408,64.536
city:2831924,city:2843636,108,30,38.000,38.000,48.113,75.967
city:2831924,city:2899101,108,30,68.000,68.000,76.955,67.901
city:2831948,city:2843636,108,30,58.000,58.000,65.782,68.050
city:2831948,city:2899101,108,30,28.000,28.000,37.174,79.659
city:2835297,city:2849483,80,22,32.000,33.000,34.499,62.725
city:2835297,city:2867714,80,22,124.000,125.000,137.779,66.134
city:2835297,city:2881485,80,22,72.000,73.000,88.563,72.791
city:2835297,city:3067696,80,22,208.000,208.000,186.559,53.815
city:2835297,city:3068160,80,22,118.000,118.000,102.823,52.283
city:2835297,stn:demo:S0232,80,22,42.000,43.000,53.539,74.706
city:2841648,city:2886242,216,60,20.000,20.000,24.680,74.039
city:2841648,city:2925533,216,60,46.000,46.000,128.344,167.405
city:2841648,stn:demo:S0224,216,60,32.000,33.000,126.175,229.409
city:2841648,stn:demo:S0431,216,60,16.000,16.000,57.615,216.056
city:2842647,city:2873891,66,18,73.000,73.000,109.309,89.843
city:2842647,city:2894003,66,18,33.000,33.000,59.947,108.995
city:2842647,city:2925533,66,18,113.000,113.000,155.410,82.519
city:2842647,city:2988507,66,18,110.000,110.000,342.281,186.699
city:2843636,city:2899101,108,30,28.000,28.000,31.098,66.638
city:2844588,city:2935022,94,26,270.000,270.000,354.607,78.801
city:2844588,city:2950159,94,26,144.000,145.000,193.326,79.997
city:2844988,city:2867714,146,40,35.000,36.000,51.315,85.524
city:2844988,city:3052009,52,14,262.000,262.000,412.351,94.432
city:2844988,city:3054643,52,14,354.000,354.000,519.289,88.015
city:2844988,city:3164527,42,12,283.000,283.000,282.309,59.854
city:2844988,city:3165243,42,12,208.000,208.000,212.892,61.411
city:2844988,city:3168854,42,12,225.000,225.000,233.558,62.282
city:2844988,city:3181913,42,12,173.000,173.000,162.973,56.522
city:2844988,city:3181928,42,12,363.000,363.000,378.733,62.600
city:2844988,stn:demo:S0104,42,12,113.000,113.000,105.681,56.114
city:2844988,stn:demo:S0328,42,12,18.000,18.000,30.540,101.801
city:2846939,city:2879139,108,30,33.000,33.000,64.054,116.461
city:2846939,city:2923822,108,30,151.000,151.000,267.005,106.095
city:2846939,city:2925533,108,30,203.000,203.000,350.385,103.562
city:2846939,city:2929670,108,30,78.000,78.000,161.630,124.331
city:2846939,city:2931574,108,30,108.000,108.000,210.782,117.101
city:2846939,city:2935022,108,30,35.000,35.000,42.251,72.431
city:2846939,stn:demo:S0224,108,30,218.000,218.000,360.650,99.261
city:2847645,city:2856883,94,26,22.000,23.000,41.471,108.185
city:2847645,city:2910831,94,26,92.000,93.000,156.084,100.699
city:2847645,city:2950159,94,26,186.000,186.000,405.747,130.886
city:2847645,city:2953552,94,26,12.000,13.000,19.319,89.165
city:2848245,city:2864475,66,18,26.000,26.000,32.496,74.991
city:2848245,city:2911298,66,18,70.000,70.000,86.126,73.822
city:2848245,city:2926271,66,18,33.000,33.000,56.143,102.078
city:2848245,stn:demo:S0490,66,18,48.000,48.000,61.633,77.041
city:2849483,city:2855328,94,26,62.000,63.000,109.432,104.221
city:2849483,city:2861650,94,26,52.000,53.000,88.951,100.699
city:2849483,city:2867714,80,22,90.000,90.000,104.990,69.994
city:2849483,city:2881485,80,22,38.000,38.000,54.167,85.527
city:2849483,city:2925533,94,26,180.000,180.000,275.127,91.709
city:2849483,city:3067696,80,22,242.000,243.000,205.467,50.732
city:2849483,city:3068160,80,22,152.000,153.000,123.136,48.289
city:2849483,stn:demo:S0232,80,22,78.000,78.000,63.350,48.731
city:2855328,city:2861650,122,30,118.000,118.000,198.010,100.683
city:2855328,city:2886242,14,2,508.000,508.000,534.601,63.142
city:2855328,city:2910831,14,2,518.000,518.000,497.264,57.598
city:2855328,city:2911298,14,2,638.000,638.000,603.894,56.793
city:2855328,city:2925533,108,28,244.000,245.000,384.545,94.174
city:2855328,city:2934246,14,2,538.000,538.000,560.308,62.488
city:2855328,city:2934691,14,2,553.000,553.000,572.864,62.155
city:2856883,city:2867543,216,60,22.000,23.000,45.042,117.502
city:2856883,city:2886242,216,60,128.000,128.000,167.172,78.362
city:2856883,city:2910831,94,26,68.000,68.000,114.929,101.408
city:2856883,city:2911298,216,60,102.000,103.000,192.798,112.309
city:2856883,city:2928810,216,60,76.000,77.000,115.365,89.895
city:2856883,city:2934246,216,60,102.000,103.000,145.831,84.950
city:2856883,city:2934691,216,60,88.000,88.000,128.499,87.613
city:2856883,city:2935517,216,60,52.000,53.000,93.291,105.612
city:2856883,city:2944388,216,60,48.000,48.000,102.876,128.595
city:2856883,city:2947416,216,60,64.000,65.000,104.919,96.848
city:2856883,city:2950159,94,26,160.000,161.000,364.702,135.914
city:2856883,city:2953552,94,26,38.000,38.000,60.764,95.944
city:2857458,city:2879697,108,30,33.000,33.000,51.238,93.160
city:2857458,city:2910831,108,30,90.000,90.000,133.300,88.867
city:2857458,city:2930596,108,30,53.000,53.000,71.489,80.931
city:2857458,city:2944388,108,30,28.000,28.000,40.189,86.118
city:2861650,city:2867714,512,142,58.000,63.000,150.894,143.708
city:2861650,city:2879139,108,30,113.000,113.000,228.819,121.497
city:2861650,city:2886242,122,32,188.000,188.000,336.653,107.442
city:2861650,city:2892518,108,30,125.000,125.000,235.355,112.971
city:2861650,city:2895992,108,30,36.000,36.000,80.665,134.441
city:2861650,city:2910831,122,32,180.000,180.000,337.682,112.561
city:2861650,city:2911298,230,62,260.000,300.000,461.642,92.328
city:2861650,city:2911522,108,30,108.000,108.000,234.293,130.163
city:2861650,city:2918632,108,30,145.000,145.000,245.078,101.412
city:2861650,city:2923822,108,30,90.000,90.000,157.904,105.270
city:2861650,city:2925533,216,58,123.000,123.000,186.891,91.166
city:2861650,city:2928810,108,30,240.000,240.000,363.782,90.945
city:2861650,city:2929670,216,60,68.000,68.000,169.391,149.463
city:2861650,city:2934246,122,32,212.000,212.000,362.877,102.701
city:2861650,city:2934691,122,32,226.000,226.000,376.251,99.890
city:2861650,city:2939797,108,30,33.000,33.000,81.130,147.509
city:2861650,city:2950159,216,60,174.000,174.000,378.381,130.476
city:2861650,city:2955936,108,30,13.000,13.000,38.804,179.097
city:2861650,city:2959927,108,30,58.000,58.000,99.111,102.529
city:2861650,stn:demo:S0224,108,30,136.000,136.000,192.020,84.715
city:2864475,city:2891122,108,30,25.000,25.000,29.190,70.055
city:2864475,city:2911298,174,48,42.000,45.000,58.187,77.582
city:2864475,city:2926271,66,18,61.000,61.000,86.934,85.509
city:2864475,stn:demo:S0490,66,18,76.000,76.000,92.829,73.286
city:2867543,city:2886242,216,60,102.000,103.000,123.633,72.019
city:2867543,city:2911298,216,60,128.000,128.000,237.826,111.481
city:2867543,city:2928810,216,60,52.000,52.000,70.352,81.176
city:2867543,city:2934246,216,60,78.000,78.000,100.867,77.590
city:2867543,city:2934691,216,60,62.000,63.000,83.601,79.620
city:2867543,city:2935517,216,60,28.000,28.000,50.952,109.182
city:2867543,city:2944388,216,60,72.000,73.000,147.371,121.127
city:2867543,city:2947416,216,60,40.000,40.000,60.430,90.645
city:2867714,city:2871992,80,22,74.000,75.000,104.719,83.775
city:2867714,city:2873891,216,60,153.000,153.000,272.729,106.953
city:2867714,city:2877550,80,22,124.000,125.000,155.700,74.736
city:2867714,city:2879139,108,30,178.000,178.000,360.625,121.559
city:2867714,city:2881485,80,22,50.000,50.000,61.482,73.778
city:2867714,city:2886242,216,60,248.000,248.000,455.983,110.318
city:2867714,city:2892518,108,30,198.000,198.000,383.665,116.262
city:2867714,city:2892794,136,38,158.000,158.000,252.623,95.933
city:2867714,city:2895992,108,30,33.000,33.000,70.683,128.515
city:2867714,city:2910831,108,30,253.000,253.000,488.539,115.859
city:2867714,city:2911298,216,60,333.000,333.000,612.059,110.281
city:2867714,city:2911522,108,30,168.000,168.000,372.980,133.207
city:2867714,city:2918632,108,30,218.000,218.000,395.659,108.897
city:2867714,city:2923822,108,30,163.000,163.000,301.663,111.041
city:2867714,city:2925533,216,60,188.000,188.000,304.327,97.126
city:2867714,city:2928810,216,60,298.000,298.000,493.255,99.313
city:2867714,city:2929670,216,60,128.000,128.000,318.176,149.145
city:2867714,city:2934246,216,60,272.000,272.000,486.442,107.303
city:2867714,city:2934691,216,60,286.000,286.000,503.289,105.585
city:2867714,city:2935517,108,30,322.000,322.000,477.277,88.934
city:2867714,city:2950159,216,60,234.000,234.000,504.852,129.449
city:2867714,city:2954172,352,98,29.000,30.000,56.478,112.956
city:2867714,city:2973783,28,8,210.000,210.000,287.257,82.073
city:2867714,city:2988507,28,8,318.000,318.000,684.099,129.075
city:2867714,city:3052009,52,14,300.000,300.000,454.337,90.867
city:2867714,city:3054643,52,14,392.000,392.000,561.664,85.969
city:2867714,city:3067696,80,22,334.000,335.000,299.845,53.704
city:2867714,city:3068160,80,22,244.000,245.000,222.188,54.413
city:2867714,city:3164527,56,14,320.000,320.000,303.351,56.878
city:2867714,city:3165243,42,12,245.000,245.000,232.680,56.983
city:2867714,city:3168854,42,12,262.000,262.000,253.127,57.968
city:2867714,city:3169070,14,2,780.000,780.000,698.339,53.718
city:2867714,city:3176959,14,2,570.000,570.000,485.275,51.082
city:2867714,city:3181913,42,12,210.000,210.000,183.971,52.563
city:2867714,city:3181928,56,14,400.000,400.000,405.560,60.834
city:2867714,city:3186886,28,8,504.000,504.000,422.124,50.253
city:2867714,city:3196359,28,8,354.000,354.000,320.897,54.389
city:2867714,stn:demo:S0082,28,8,134.000,134.000,146.623,65.652
city:2867714,stn:demo:S0104,42,12,150.000,150.000,126.318,50.527
city:2867714,stn:demo:S0224,216,60,192.000,192.000,305.319,95.412
city:2867714,stn:demo:S0232,80,22,170.000,170.000,160.258,56.562
city:2867714,stn:demo:S0298,28,8,294.000,294.000,266.677,54.424
city:2867714,stn:demo:S0328,42,12,55.000,55.000,75.772,82.660
city:2867714,stn:demo:S0576,28,8,150.000,150.000,148.738,59.495
city:2871992,city:2877550,80,22,48.000,48.000,61.397,76.747
city:2873891,city:2874225,108,30,43.000,43.000,56.413,78.716
city:2873891,city:2886242,216,60,91.000,91.000,193.490,127.576
city:2873891,city:2886946,108,30,93.000,93.000,115.248,74.354
city:2873891,city:2892518,324,90,123.000,125.000,215.998,103.679
city:2873891,city:2892794,230,64,26.000,28.000,53.536,114.720
city:2873891,city:2894003,66,18,38.000,38.000,50.509,79.751
city:2873891,city:2904789,108,30,173.000,173.000,313.774,108.823
city:2873891,city:2907911,108,30,13.000,13.000,18.543,85.582
city:2873891,city:2910831,216,60,180.000,180.000,332.449,110.816
city:2873891,city:2911298,216,60,260.000,260.000,463.783,107.027
city:2873891,city:2918632,324,90,143.000,145.000,249.909,103.411
city:2873891,city:2923822,324,90,90.000,90.000,146.318,97.545
city:2873891,city:2925177,216,60,86.000,86.000,172.045,120.031
city:2873891,city:2925533,512,142,35.000,38.000,71.378,112.702
city:2873891,city:2928810,216,60,141.000,141.000,241.771,102.881
city:2873891,city:2934246,216,60,115.000,115.000,226.956,118.412
city:2873891,city:2934691,216,60,129.000,129.000,247.386,115.063
city:2873891,city:2935517,216,60,165.000,165.000,236.119,85.862
city:2873891,city:2945024,108,30,198.000,198.000,340.883,103.298
city:2873891,city:2946447,108,30,128.000,128.000,169.515,79.460
city:2873891,city:2950159,108,30,268.000,268.000,483.062,108.148
city:2873891,city:2954172,216,60,122.000,122.000,216.767,106.607
city:2873891,city:2973783,14,4,66.000,66.000,113.561,103.237
city:2873891,city:2988507,66,18,185.000,185.000,450.236,146.022
city:2873891,city:2991214,14,4,121.000,121.000,210.488,104.374
city:2873891,city:2995469,14,4,378.000,378.000,727.908,115.541
city:2873891,city:2996944,14,4,266.000,266.000,496.383,111.966
city:2873891,city:3035681,14,4,339.000,339.000,676.070,119.658
city:2873891,stn:demo:S0011,14,4,361.000,361.000,712.800,118.471
city:2873891,stn:demo:S0060,14,4,151.000,151.000,241.042,95.778
city:2873891,stn:demo:S0072,14,4,171.000,171.000,305.362,107.144
city:2873891,stn:demo:S0224,108,30,35.000,35.000,63.141,108.241
city:2874225,city:2886242,108,30,108.000,108.000,141.627,78.682
city:2874225,city:2886946,108,30,48.000,48.000,64.831,81.039
city:2874225,city:2907911,108,30,58.000,58.000,70.348,72.774
city:2874225,city:2928810,108,30,158.000,158.000,186.691,70.895
city:2874225,city:2934246,108,30,133.000,133.000,173.979,78.487
city:2874225,city:2934691,108,30,146.000,146.000,193.377,79.470
city:2874225,city:2935517,108,30,181.000,181.000,179.834,59.613
city:2874225,city:2946447,108,30,83.000,83.000,118.589,85.727
city:2874545,city:2879139,108,30,75.000,75.000,101.693,81.355
city:2874545,city:2886242,108,30,250.000,250.000,350.096,84.023
city:2874545,city:2910831,108,30,78.000,78.000,131.955,101.504
city:2874545,city:2911240,108,30,160.000,160.000,266.176,99.816
city:2874545,city:2911522,108,30,48.000,48.000,76.094,95.118
city:2874545,city:2928810,108,30,198.000,198.000,326.382,98.904
city:2874545,city:2934246,108,30,225.000,225.000,349.420,93.179
city:2874545,city:2934691,108,30,210.000,210.000,343.617,98.176
city:2874545,city:2935517,108,30,175.000,175.000,294.359,100.923
city:2874545,city:2945024,108,30,43.000,43.000,76.794,107.155
city:2874545,city:2949186,108,30,128.000,128.000,211.996,99.373
city:2875601,city:2911298,108,30,45.000,45.000,57.790,77.053
city:2879139,city:2886242,108,30,327.000,327.000,380.849,69.881
city:2879139,city:2910831,108,30,155.000,155.000,214.380,82.986
city:2879139,city:2911007,108,30,148.000,148.000,277.726,112.591
city:2879139,city:2911240,108,30,237.000,237.000,317.130,80.286
city:2879139,city:2911298,108,30,185.000,185.000,293.955,95.337
city:2879139,city:2911522,108,30,25.000,25.000,31.427,75.425
city:2879139,city:2923822,216,60,116.000,116.000,208.204,107.692
city:2879139,city:2925533,216,60,166.000,166.000,293.007,105.906
city:2879139,city:2928810,108,30,275.000,275.000,371.927,81.148
city:2879139,city:2929670,324,90,41.000,43.000,101.499,141.627
city:2879139,city:2931574,216,60,71.000,71.000,148.826,125.769
city:2879139,city:2934246,108,30,302.000,302.000,389.058,77.296
city:2879139,city:2934691,108,30,287.000,287.000,389.071,81.339
city:2879139,city:2935022,108,30,70.000,70.000,100.521,86.161
city:2879139,city:2935517,108,30,252.000,252.000,340.583,81.091
city:2879139,city:2945024,108,30,120.000,120.000,163.379,81.690
city:2879139,city:2949186,108,30,205.000,205.000,275.554,80.650
city:2879139,city:2950159,216,60,62.000,62.000,149.769,144.938
city:2879139,stn:demo:S0224,108,30,183.000,183.000,303.496,99.507
city:2879697,city:2910831,108,30,125.000,125.000,180.267,86.528
city:2879697,city:2930596,108,30,18.000,18.000,22.468,74.895
city:2879697,city:2944388,108,30,63.000,63.000,91.417,87.064
city:2881485,city:3067696,80,22,282.000,283.000,238.410,50.546
city:2881485,city:3068160,80,22,192.000,193.000,161.740,50.282
city:2881485,stn:demo:S0232,80,22,118.000,118.000,100.123,50.910
city:2886242,city:2886946,108,30,58.000,58.000,78.243,80.941
city:2886242,city:2907911,108,30,168.000,168.000,210.107,75.038
city:2886242,city:2910831,324,90,156.000,170.000,249.784,88.159
city:2886242,city:2911240,324,90,71.000,88.000,102.781,70.078
city:2886242,city:2911298,216,60,232.000,233.000,357.188,91.980
city:2886242,city:2911522,108,30,300.000,300.000,355.562,71.112
city:2886242,city:2912621,108,30,48.000,48.000,59.863,74.829
city:2886242,city:2925533,498,136,63.000,68.000,152.631,134.674
city:2886242,city:2928810,756,210,48.000,49.000,58.343,71.441
city:2886242,city:2934246,878,240,22.000,23.000,34.367,89.653
city:2886242,city:2934691,864,238,36.000,38.000,56.978,89.965
city:2886242,city:2935517,648,180,71.000,73.000,73.984,60.809
city:2886242,city:2944388,216,60,178.000,178.000,270.009,91.014
city:2886242,city:2945024,108,30,205.000,205.000,288.026,84.300
city:2886242,city:2946447,108,30,23.000,23.000,24.368,63.568
city:2886242,city:2947416,324,90,60.000,61.000,63.734,62.689
city:2886242,city:2949186,324,90,106.000,120.000,164.253,82.126
city:2886242,city:2950159,216,60,236.000,236.000,478.621,121.683
city:2886242,city:2954172,108,30,216.000,216.000,402.314,111.754
city:2886242,city:2988507,66,18,195.000,195.000,402.527,123.854
city:2886242,city:3247449,132,36,38.000,38.000,63.276,99.909
city:2886242,stn:demo:S0224,592,164,50.000,54.000,150.724,167.471
city:2886242,stn:demo:S0431,216,60,38.000,38.000,82.198,129.787
city:2886946,city:2907911,108,30,108.000,108.000,131.945,73.303
city:2886946,city:2928810,108,30,108.000,108.000,128.921,71.623
city:2886946,city:2934246,108,30,83.000,83.000,111.844,80.851
city:2886946,city:2934691,108,30,96.000,96.000,132.849,83.030
city:2886946,city:2935517,108,30,131.000,131.000,129.380,59.258
city:2886946,city:2946447,108,30,33.000,33.000,54.401,98.912
city:2891122,city:2911298,108,30,72.000,72.000,86.189,71.824
city:2892518,city:2892794,216,60,153.000,153.000,268.158,105.160
city:2892518,city:2895992,108,30,163.000,163.000,315.207,116.027
city:2892518,city:2904789,108,30,48.000,48.000,97.812,122.265
city:2892518,city:2910831,324,90,53.000,53.000,118.273,133.894
city:2892518,city:2911298,324,90,133.000,133.000,250.653,113.077
city:2892518,city:2918632,432,120,18.000,18.000,38.530,128.435
city:2892518,city:2923822,432,120,31.000,33.000,85.951,156.274
city:2892518,city:2925177,216,60,213.000,213.000,387.810,109.242
city:2892518,city:2925533,324,90,83.000,85.000,145.387,102.626
city:2892518,city:2945024,108,30,73.000,73.000,126.994,104.379
city:2892518,city:2950159,108,30,143.000,143.000,299.873,125.821
city:2892794,city:2904789,108,30,203.000,203.000,365.959,108.165
city:2892794,city:2907911,108,30,28.000,28.000,48.932,104.854
city:2892794,city:2910831,122,32,210.000,210.000,385.269,110.077
city:2892794,city:2911298,122,32,292.000,292.000,516.888,106.210
city:2892794,city:2918632,230,62,173.000,175.000,301.021,103.207
city:2892794,city:2923822,216,60,120.000,120.000,194.245,97.122
city:2892794,city:2925177,230,62,56.000,58.000,119.811,123.943
city:2892794,city:2925533,338,94,63.000,68.000,124.642,109.978
city:2892794,city:2938913,108,30,61.000,61.000,97.517,95.918
city:2892794,city:2945024,108,30,228.000,228.000,391.782,103.101
city:2892794,city:2950159,108,30,298.000,298.000,525.791,105.864
city:2892794,city:2954172,136,38,125.000,125.000,196.318,94.233
city:2892794,city:2973783,84,24,36.000,37.000,67.582,109.593
city:2892794,city:2988507,70,20,144.000,145.000,442.593,183.142
city:2892794,city:2991214,14,4,93.000,93.000,160.802,103.743
city:2892794,city:2995469,14,4,350.000,350.000,676.394,115.953
city:2892794,city:2996944,14,4,238.000,238.000,450.599,113.596
city:2892794,city:3035681,14,4,311.000,311.000,626.316,120.833
city:2892794,stn:demo:S0011,14,4,333.000,333.000,661.514,119.192
city:2892794,stn:demo:S0060,14,4,123.000,123.000,193.515,94.398
city:2892794,stn:demo:S0072,14,4,143.000,143.000,262.365,110.083
city:2894003,city:2925533,66,18,78.000,78.000,99.425,76.481
city:2894003,city:2988507,66,18,145.000,145.000,399.738,165.409
city:2895992,city:2910831,108,30,218.000,218.000,418.277,115.122
city:2895992,city:2911298,108,30,298.000,298.000,541.383,109.003
city:2895992,city:2918632,108,30,183.000,183.000,325.740,106.800
city:2895992,city:2923822,108,30,128.000,128.000,235.154,110.229
city:2904789,city:2918632,108,30,28.000,28.000,68.546,146.885
city:2904789,city:2923822,108,30,81.000,81.000,178.847,132.479
city:2904789,city:2925177,108,30,263.000,263.000,485.622,110.788
city:2904789,city:2925533,108,30,133.000,133.000,242.954,109.603
city:2904789,city:2945024,108,30,23.000,23.000,41.259,107.633
city:2904789,city:2950159,108,30,93.000,93.000,238.655,153.971
city:2907911,city:2925533,108,30,50.000,50.000,78.710,94.452
city:2907911,city:2928810,108,30,218.000,218.000,256.965,70.724
city:2907911,city:2934246,108,30,193.000,193.000,243.241,75.619
city:2907911,city:2934691,108,30,206.000,206.000,263.234,76.670
city:2907911,city:2935517,108,30,241.000,241.000,249.833,62.199
city:2907911,city:2938913,108,30,31.000,31.000,51.676,100.018
city:2907911,city:2946447,108,30,143.000,143.000,186.339,78.184
city:2910831,city:2911240,324,90,80.000,80.000,151.681,113.761
city:2910831,city:2911298,352,94,78.000,78.000,132.382,101.832
city:2910831,city:2911522,108,30,128.000,128.000,183.005,85.783
city:2910831,city:2912621,108,30,106.000,106.000,191.608,108.458
city:2910831,city:2918632,338,92,33.000,33.000,93.965,170.845
city:2910831,city:2923822,324,90,88.000,88.000,202.293,137.927
city:2910831,city:2925177,122,32,268.000,268.000,504.490,112.946
city:2910831,city:2925533,216,60,140.000,140.000,261.154,111.923
city:2910831,city:2928810,216,60,118.000,118.000,212.487,108.044
city:2910831,city:2930596,108,30,145.000,145.000,202.394,83.749
city:2910831,city:2934246,216,60,145.000,145.000,239.850,99.248
city:2910831,city:2934691,216,60,130.000,130.000,228.771,105.587
city:2910831,city:2935517,216,60,95.000,95.000,182.204,115.076
city:2910831,city:2944388,108,30,60.000,60.000,100.199,100.199
city:2910831,city:2945024,108,30,33.000,33.000,55.175,100.317
city:2910831,city:2947416,108,30,108.000,108.000,198.860,110.478
city:2910831,city:2949186,324,90,48.000,48.000,89.956,112.445
city:2910831,city:2950159,310,86,78.000,83.000,249.778,180.563
city:2910831,city:2953552,94,26,108.000,108.000,175.159,97.311
city:2911007,city:2923822,108,30,30.000,30.000,71.206,142.412
city:2911007,city:2925533,108,30,16.000,16.000,16.529,61.982
city:2911007,city:2929670,108,30,105.000,105.000,176.750,101.000
city:2911007,city:2931574,108,30,75.000,75.000,136.578,109.263
city:2911007,city:2950159,108,30,212.000,212.000,410.024,116.045
city:2911240,city:2911522,108,30,210.000,210.000,288.157,82.331
city:2911240,city:2912621,108,30,21.000,21.000,42.966,122.760
city:2911240,city:2928810,216,60,36.000,36.000,61.176,101.960
city:2911240,city:2934246,216,60,63.000,63.000,88.279,84.076
city:2911240,city:2934691,216,60,48.000,48.000,78.017,97.521
city:2911240,city:2935517,216,60,13.000,13.000,30.645,141.437
city:2911240,city:2945024,108,30,115.000,115.000,196.440,102.491
city:2911240,city:2947416,108,30,26.000,26.000,47.246,109.030
city:2911240,city:2949186,324,90,30.000,30.000,62.727,125.453
city:2911240,city:2950159,216,60,163.000,163.000,393.038,144.677
city:2911298,city:2918632,338,92,113.000,113.000,224.240,119.066
city:2911298,city:2923822,324,90,168.000,168.000,334.193,119.355
city:2911298,city:2925177,122,32,350.000,350.000,635.672,108.972
city:2911298,city:2925533,216,60,220.000,220.000,392.405,107.019
city:2911298,city:2926271,66,18,105.000,105.000,142.260,81.291
city:2911298,city:2928810,216,60,182.000,182.000,308.050,101.555
city:2911298,city:2929670,108,30,230.000,230.000,294.801,76.905
city:2911298,city:2934246,216,60,208.000,208.000,338.385,97.611
city:2911298,city:2934691,216,60,192.000,193.000,321.244,99.869
city:2911298,city:2935022,80,22,218.000,218.000,376.893,103.732
city:2911298,city:2935517,216,60,158.000,158.000,283.617,107.703
city:2911298,city:2944388,216,60,52.000,53.000,94.839,107.365
city:2911298,city:2947416,216,60,170.000,170.000,296.991,104.820
city:2911298,city:2950159,240,66,92.000,104.000,255.376,147.332
city:2911298,city:3063548,80,22,284.000,285.000,423.388,89.134
city:2911298,city:3067696,80,22,358.000,358.000,490.591,82.222
city:2911298,city:3077244,80,22,268.000,268.000,421.382,94.339
city:2911298,stn:demo:S0049,80,22,252.000,253.000,407.305,96.594
city:2911298,stn:demo:S0490,66,18,120.000,120.000,147.644,73.822
city:2911522,city:2928810,108,30,248.000,248.000,344.010,83.228
city:2911522,city:2929670,108,30,38.000,38.000,86.401,136.423
city:2911522,city:2934246,108,30,275.000,275.000,362.190,79.023
city:2911522,city:2934691,108,30,260.000,260.000,361.243,83.364
city:2911522,city:2935517,108,30,225.000,225.000,312.409,83.309
city:2911522,city:2945024,108,30,93.000,93.000,132.485,85.474
city:2911522,city:2949186,108,30,178.000,178.000,244.973,82.575
city:2911522,city:2950159,108,30,64.000,64.000,151.789,142.302
city:2912621,city:2949186,108,30,56.000,56.000,104.621,112.094
city:2912621,city:2950159,108,30,186.000,186.000,427.005,137.744
city:2918632,city:2923822,432,120,51.000,53.000,110.752,125.379
city:2918632,city:2925177,230,62,233.000,233.000,420.830,108.368
city:2918632,city:2925533,324,90,103.000,105.000,180.490,103.137
city:2918632,city:2945024,108,30,53.000,53.000,90.992,103.010
city:2918632,city:2950159,108,30,123.000,123.000,262.150,127.878
city:2923822,city:2925177,216,60,178.000,178.000,313.426,105.649
city:2923822,city:2925533,540,150,48.000,50.000,85.434,102.521
city:2923822,city:2929670,216,60,71.000,71.000,106.733,90.197
city:2923822,city:2931574,216,60,41.000,41.000,65.594,95.991
city:2923822,city:2935022,108,30,188.000,188.000,290.851,92.825
city:2923822,city:2945024,108,30,106.000,106.000,199.560,112.959
city:2923822,city:2950159,216,60,176.000,176.000,338.836,115.512
city:2923822,stn:demo:S0224,108,30,65.000,65.000,96.082,88.691
city:2925177,city:2925533,216,60,126.000,126.000,243.359,115.885
city:2925177,city:2945024,108,30,288.000,288.000,511.559,106.575
city:2925177,city:2950159,108,30,358.000,358.000,639.667,107.207
city:2925533,city:2928810,108,30,115.000,115.000,189.858,99.057
city:2925533,city:2929670,216,60,123.000,123.000,191.777,93.550
city:2925533,city:2931574,216,60,93.000,93.000,150.115,96.849
city:2925533,city:2934246,216,58,87.000,87.000,182.177,125.640
city:2925533,city:2934691,216,58,101.000,101.000,199.117,118.287
city:2925533,city:2935022,108,30,240.000,240.000,371.605,92.901
city:2925533,city:2938913,108,30,17.000,17.000,27.223,96.081
city:2925533,city:2945024,108,30,158.000,158.000,271.391,103.060
city:2925533,city:2950159,216,60,228.000,228.000,423.672,111.493
city:2925533,city:2954172,108,30,162.000,162.000,251.859,93.281
city:2925533,city:2973783,14,4,103.000,103.000,183.373,106.819
city:2925533,city:2988507,66,18,225.000,225.000,478.517,127.605
city:2925533,city:2991214,14,4,158.000,158.000,280.828,106.643
city:2925533,city:2995469,14,4,415.000,415.000,798.719,115.477
city:2925533,city:2996944,14,4,303.000,303.000,563.226,111.530
city:2925533,city:3035681,14,4,376.000,376.000,745.748,119.002
city:2925533,city:3247449,66,18,106.000,106.000,198.275,112.231
city:2925533,stn:demo:S0011,14,4,398.000,398.000,783.482,118.113
city:2925533,stn:demo:S0060,14,4,188.000,188.000,310.096,98.967
city:2925533,stn:demo:S0072,14,4,208.000,208.000,370.920,106.996
city:2925533,stn:demo:S0224,592,164,10.000,11.000,10.693,58.325
city:2925533,stn:demo:S0431,216,60,28.000,28.000,71.145,152.454
city:2925535,city:2950159,52,14,55.000,55.000,79.759,87.010
city:2925535,city:3088171,52,14,103.000,103.000,161.638,94.158
city:2925535,city:3094170,52,14,213.000,213.000,327.588,92.278
city:2925535,city:756135,52,14,263.000,263.000,439.513,100.269
city:2926271,stn:demo:S0490,66,18,13.000,13.000,6.455,29.792
city:2928810,city:2934246,756,210,23.000,24.000,30.585,76.461
city:2928810,city:2934691,756,210,8.000,10.000,17.335,104.010
city:2928810,city:2935517,648,180,21.000,22.000,32.080,87.491
city:2928810,city:2944388,216,60,126.000,127.000,217.557,102.783
city:2928810,city:2945024,108,30,153.000,153.000,257.541,100.996
city:2928810,city:2946447,108,30,73.000,73.000,80.514,66.176
city:2928810,city:2947416,324,90,9.000,10.000,14.417,86.500
city:2928810,city:2949186,216,60,68.000,68.000,122.795,108.348
city:2928810,city:2950159,108,30,204.000,204.000,453.740,133.453
city:2928810,city:2954172,108,30,266.000,266.000,441.579,99.604
city:2928810,stn:demo:S0224,216,60,102.000,102.000,190.700,112.177
city:2929670,city:2931574,216,60,28.000,28.000,50.417,108.037
city:2929670,city:2935022,108,30,115.000,115.000,189.255,98.741
city:2929670,city:2950159,324,90,104.000,105.000,237.304,135.603
city:2929670,stn:demo:S0224,108,30,138.000,138.000,202.327,87.968
city:2930596,city:2944388,108,30,83.000,83.000,111.214,80.396
city:2931574,city:2935022,108,30,145.000,145.000,239.563,99.130
city:2931574,city:2950159,108,30,135.000,135.000,273.567,121.586
city:2931574,stn:demo:S0224,108,30,108.000,108.000,160.808,89.338
city:2934246,city:2934691,864,238,11.000,13.000,23.292,107.499
city:2934246,city:2935517,648,180,46.000,48.000,57.663,72.079
city:2934246,city:2944388,216,60,152.000,153.000,248.134,97.307
city:2934246,city:2945024,108,30,180.000,180.000,282.819,94.273
city:2934246,city:2946447,108,30,48.000,48.000,58.689,73.361
city:2934246,city:2947416,324,90,35.000,36.000,41.807,69.678
city:2934246,city:2949186,216,60,95.000,95.000,150.904,95.308
city:2934246,city:2950159,108,30,230.000,230.000,477.479,124.560
city:2934246,city:2954172,108,30,240.000,240.000,433.411,108.353
city:2934246,stn:demo:S0224,310,86,74.000,78.000,181.330,139.485
city:2934691,city:2935517,648,180,32.000,33.000,49.399,89.816
city:2934691,city:2944388,216,60,138.000,138.000,229.570,99.813
city:2934691,city:2945024,108,30,165.000,165.000,274.457,99.803
city:2934691,city:2946447,108,30,61.000,61.000,80.981,79.653
city:2934691,city:2947416,324,90,20.000,21.000,31.745,90.699
city:2934691,city:2949186,216,60,80.000,80.000,138.887,104.165
city:2934691,city:2950159,108,30,215.000,215.000,470.875,131.407
city:2934691,city:2954172,108,30,254.000,254.000,450.942,106.522
city:2934691,stn:demo:S0224,310,86,88.000,92.000,199.141,129.874
city:2935022,city:2950159,180,50,102.000,112.000,165.387,88.600
city:2935022,city:3063548,80,22,56.000,57.000,48.044,50.572
city:2935022,city:3067696,86,24,118.000,130.000,117.411,54.190
city:2935022,city:3077244,80,22,40.000,40.000,44.817,67.226
city:2935022,stn:demo:S0049,80,22,24.000,25.000,32.709,78.503
city:2935022,stn:demo:S0224,108,30,255.000,255.000,381.519,89.769
city:2935517,city:2944388,216,60,102.000,103.000,196.059,114.209
city:2935517,city:2945024,108,30,130.000,130.000,226.014,104.314
city:2935517,city:2946447,108,30,96.000,96.000,90.564,56.602
city:2935517,city:2947416,324,90,10.000,10.000,17.665,105.989
city:2935517,city:2949186,216,60,45.000,45.000,93.355,124.473
city:2935517,city:2950159,108,30,180.000,180.000,421.838,140.613
city:2935517,city:2954172,108,30,290.000,290.000,427.100,88.366
city:2935517,stn:demo:S0224,108,30,128.000,128.000,180.142,84.442
city:2939797,city:2955936,108,30,18.000,18.000,42.328,141.092
city:2939797,city:2959927,108,30,23.000,23.000,33.025,86.152
city:2944388,city:2947416,216,60,114.000,115.000,207.674,108.351
city:2945024,city:2949186,108,30,83.000,83.000,138.441,100.078
city:2945024,city:2950159,108,30,68.000,68.000,197.758,174.493
city:2947416,city:2949186,108,30,58.000,58.000,109.442,113.216
city:2947416,city:2950159,108,30,193.000,193.000,439.417,136.606
city:2949186,city:2950159,216,60,128.000,128.000,336.197,157.592
city:2950159,city:2953552,94,26,200.000,201.000,424.704,126.777
city:2950159,city:3063548,80,22,168.000,169.000,211.633,75.136
city:2950159,city:3067696,86,24,242.000,242.000,279.854,69.385
city:2950159,city:3077244,80,22,152.000,152.000,201.511,79.544
city:2950159,city:3088171,52,14,160.000,160.000,238.752,89.532
city:2950159,city:3094170,52,14,270.000,270.000,405.327,90.073
city:2950159,city:756135,52,14,320.000,320.000,516.774,96.895
city:2950159,stn:demo:S0049,80,22,136.000,137.000,185.746,81.348
city:2954172,city:2973783,28,8,176.000,176.000,233.594,79.634
city:2954172,city:2988507,28,8,284.000,284.000,630.488,133.202
city:2954172,stn:demo:S0224,108,30,160.000,160.000,252.084,94.532
city:2955936,city:2959927,108,30,43.000,43.000,63.423,88.498
city:2960316,city:2972811,400,110,22.000,28.000,27.858,59.695
city:2960316,city:2988507,80,22,126.000,127.000,287.299,135.732
city:2960316,city:2994160,400,110,42.000,50.000,54.641,65.570
city:2960992,city:2963398,94,26,48.000,48.000,45.030,56.288
city:2960992,city:2964574,94,26,144.000,145.000,132.845,54.970
city:2962026,city:2964574,240,66,50.000,50.000,77.500,93.000
city:2962026,city:2965140,240,66,102.000,103.000,149.191,86.907
city:2962026,stn:demo:S0363,240,66,58.000,58.000,84.769,87.692
city:2962026,stn:demo:S0403,240,66,78.000,78.000,134.742,103.647
city:2962026,stn:demo:S0631,240,66,38.000,38.000,51.710,81.648
city:2962943,city:2964574,108,30,135.000,135.000,175.391,77.951
city:2962943,stn:demo:S0363,108,30,23.000,23.000,33.888,88.405
city:2963398,city:2964574,94,26,94.000,95.000,101.032,63.810
city:2964180,city:2964574,132,36,140.000,140.000,186.303,79.844
city:2964180,city:3313472,132,36,52.000,53.000,75.794,85.804
city:2964540,city:2964574,160,44,54.000,55.000,74.980,81.796
city:2964540,city:2964661,160,44,22.000,23.000,31.583,82.390
city:2964574,city:2964661,160,44,30.000,30.000,43.398,86.795
city:2964574,city:2965140,240,66,154.000,155.000,218.984,84.768
city:2964574,city:3313472,132,36,84.000,85.000,112.431,79.363
city:2964574,stn:demo:S0363,348,96,110.000,110.000,160.219,87.392
city:2964574,stn:demo:S0403,240,66,130.000,130.000,208.720,96.333
city:2964574,stn:demo:S0631,240,66,90.000,90.000,126.657,84.438
city:2965140,stn:demo:S0363,240,66,42.000,43.000,69.544,97.038
city:2965140,stn:demo:S0403,240,66,22.000,23.000,28.441,74.195
city:2965140,stn:demo:S0631,240,66,62.000,63.000,98.314,93.632
city:2969257,city:2972315,52,14,293.000,293.000,405.200,82.976
city:2969257,city:2988507,52,14,110.000,110.000,182.614,99.608
city:2969257,city:2989317,52,14,46.000,46.000,76.679,100.017
city:2969257,city:2993002,52,14,263.000,263.000,360.598,82.266
city:2969257,city:2998286,52,14,88.000,88.000,166.646,113.622
city:2969257,city:3026204,52,14,28.000,28.000,53.660,114.986
city:2969257,city:3029213,52,14,218.000,218.000,312.175,85.920
city:2969257,city:3029974,52,14,153.000,153.000,233.059,91.396
city:2969392,city:2988507,108,30,180.000,180.000,313.758,104.586
city:2969392,city:2990474,108,30,60.000,60.000,98.047,98.047
city:2969392,city:2991481,108,30,28.000,28.000,49.173,105.370
city:2969392,city:3024635,108,30,28.000,28.000,46.678,100.024
city:2970777,city:2983990,80,22,60.000,60.000,95.551,95.551
city:2970777,city:2984701,80,22,62.000,63.000,106.618,101.541
city:2970777,city:2988507,80,22,150.000,150.000,400.996,160.399
city:2970777,city:2997577,80,22,28.000,28.000,46.742,100.161
city:2971041,city:2988507,80,22,94.000,95.000,187.651,118.516
city:2971041,city:3021000,80,22,26.000,27.000,31.650,70.334
city:2971041,city:3036784,80,22,42.000,43.000,53.268,74.327
city:2972191,city:2986495,160,44,23.000,23.000,94.364,246.168
city:2972191,city:2988507,202,56,58.000,58.000,202.990,209.990
city:2972191,city:2989317,94,26,60.000,61.000,106.149,104.408
city:2972191,city:2995206,52,14,56.000,56.000,188.962,202.460
city:2972191,city:2998324,52,14,160.000,160.000,398.850,149.569
city:2972191,city:3031582,160,44,93.000,105.000,300.700,171.829
city:2972191,city:3032213,94,26,28.000,28.000,51.941,111.302
city:2972191,city:3037598,108,30,66.000,66.000,198.539,180.490
city:2972191,stn:demo:S0008,52,14,106.000,106.000,226.180,128.026
city:2972191,stn:demo:S0410,52,14,86.000,86.000,225.141,157.075
city:2972315,city:2988507,160,42,250.000,250.000,587.805,141.073
city:2972315,city:2989317,52,14,341.000,341.000,479.271,84.329
city:2972315,city:2990363,66,18,158.000,158.000,235.603,89.470
city:2972315,city:2990919,66,18,78.000,78.000,134.258,103.276
city:2972315,city:2992166,66,18,128.000,128.000,195.860,91.809
city:2972315,city:2993002,226,60,22.000,23.000,46.518,121.350
city:2972315,city:2995469,66,18,228.000,228.000,319.644,84.117
city:2972315,city:2998286,52,14,203.000,203.000,248.377,73.412
city:2972315,city:3026204,52,14,263.000,263.000,357.275,81.508
city:2972315,city:3028641,66,18,48.000,48.000,84.869,106.086
city:2972315,city:3029213,66,16,73.000,73.000,93.944,77.214
city:2972315,city:3029974,66,16,138.000,138.000,173.015,75.224
city:2972315,city:3031582,160,44,118.000,118.000,211.967,107.780
city:2972315,city:3032833,66,18,95.000,95.000,145.818,92.095
city:2972315,city:3036938,66,18,178.000,178.000,256.540,86.474
city:2972315,city:3038634,160,44,52.000,53.000,93.628,105.994
city:2972328,city:2988507,94,24,244.000,245.000,694.271,170.026
city:2972328,city:2990440,202,54,103.000,103.000,125.760,73.258
city:2972328,city:2995469,202,54,42.000,50.000,48.325,57.990
city:2972328,city:3017253,80,22,58.000,58.000,73.818,76.363
city:2972328,city:3028808,202,54,73.000,73.000,99.722,81.964
city:2972328,city:3037456,188,52,85.000,85.000,109.268,77.130
city:2972328,stn:demo:S0354,80,22,42.000,43.000,57.912,80.808
city:2972811,city:2988507,80,22,102.000,102.000,283.091,166.524
city:2972811,city:2994160,400,110,16.000,20.000,26.794,80.382
city:2973783,city:2988507,296,82,106.000,106.000,396.962,224.695
city:2973783,city:2990999,132,36,88.000,88.000,115.219,78.559
city:2973783,city:2991214,272,76,53.000,55.000,97.529,106.395
city:2973783,city:2995469,56,16,310.000,335.000,615.577,110.253
city:2973783,city:2996944,56,16,198.000,225.000,383.799,102.346
city:2973783,city:3024297,268,74,27.000,30.000,62.927,125.855
city:2973783,city:3035681,56,16,271.000,300.000,562.606,112.521
city:2973783,stn:demo:S0011,14,4,293.000,293.000,600.224,122.913
city:2973783,stn:demo:S0060,56,16,83.000,85.000,127.540,90.028
city:2973783,stn:demo:S0072,56,16,103.000,110.000,194.798,106.253
city:2973783,stn:demo:S0145,42,12,73.000,73.000,282.954,232.565
city:2973783,stn:demo:S0384,42,12,33.000,33.000,122.373,222.496
city:2973783,stn:demo:S0419,42,12,53.000,53.000,186.450,211.076
city:2974733,city:2987914,52,14,68.000,68.000,101.715,89.748
city:2974733,city:2988507,52,14,225.000,225.000,614.839,163.957
city:2974733,city:2990363,52,14,43.000,43.000,72.067,100.559
city:2974733,city:2990919,52,14,35.000,35.000,61.017,104.601
city:2974733,city:2992166,52,14,16.000,16.000,27.473,103.025
city:2974733,city:3032833,52,14,18.000,18.000,39.299,130.996
city:2980291,city:2996944,268,74,47.000,47.000,49.976,63.799
city:2981280,city:2983990,94,26,40.000,40.000,92.544,138.815
city:2981280,city:2988507,94,26,130.000,130.000,377.468,174.216
city:2981280,city:2991772,94,26,46.000,46.000,78.306,102.138
city:2981280,city:3030300,94,26,72.000,73.000,127.449,104.752
city:2981280,stn:demo:S0262,94,26,16.000,16.000,28.797,107.987
city:2982652,city:2988507,188,52,70.000,70.000,112.064,96.055
city:2982652,city:3003796,188,52,58.000,58.000,71.864,74.342
city:2983990,city:2984701,80,22,124.000,125.000,180.588,86.682
city:2983990,city:2988507,362,100,84.000,86.000,307.758,214.715
city:2983990,city:2991772,94,26,88.000,88.000,167.406,114.140
city:2983990,city:2995206,80,22,86.000,86.000,299.924,209.249
city:2983990,city:2995469,28,8,344.000,344.000,765.379,133.496
city:2983990,city:2996944,28,8,240.000,240.000,560.328,140.082
city:2983990,city:2997577,80,22,90.000,90.000,132.749,88.499
city:2983990,city:2998324,52,14,190.000,190.000,442.511,139.740
city:2983990,city:3003603,80,22,38.000,38.000,140.012,221.071
city:2983990,city:3030300,94,26,114.000,115.000,210.493,109.822
city:2983990,city:3035681,28,8,310.000,310.000,681.296,131.864
city:2983990,stn:demo:S0008,52,14,136.000,136.000,327.783,144.610
city:2983990,stn:demo:S0262,94,26,58.000,58.000,120.269,124.416
city:2983990,stn:demo:S0410,52,14,116.000,116.000,339.065,175.378
city:2984114,city:2988507,132,36,46.000,46.000,130.675,170.445
city:2984701,city:2988507,80,22,214.000,215.000,485.004,135.350
city:2984701,city:2997577,80,22,32.000,33.000,60.770,110.491
city:2986495,city:2988507,174,48,83.000,83.000,293.679,212.298
city:2986495,city:2995206,52,14,86.000,86.000,279.184,194.779
city:2986495,city:2998324,52,14,190.000,190.000,492.543,155.540
city:2986495,city:3006787,66,18,73.000,73.000,123.868,101.809
city:2986495,city:3031582,160,44,63.000,80.000,206.490,154.867
city:2986495,city:3037598,108,30,41.000,41.000,104.734,153.270
city:2986495,stn:demo:S0008,52,14,136.000,136.000,316.483,139.625
city:2986495,stn:demo:S0410,52,14,116.000,116.000,312.957,161.875
city:2987914,city:2988507,80,22,295.000,295.000,685.798,139.484
city:2987914,city:2990363,108,30,98.000,108.000,173.380,96.322
city:2987914,city:2990919,108,30,31.000,32.000,54.760,102.676
city:2987914,city:2992166,108,30,72.000,78.000,129.013,99.241
city:2987914,city:2996944,28,8,208.000,208.000,373.242,107.666
city:2987914,city:3032833,80,22,48.000,48.000,76.106,95.133
city:2987914,city:3121456,56,16,40.000,40.000,79.663,119.495
city:2987914,city:3122453,56,16,22.000,22.000,48.253,131.598
city:2987914,city:3128760,56,16,80.000,80.000,157.730,118.297
city:2987914,stn:demo:S0656,28,8,168.000,168.000,304.855,108.877
city:2988507,city:2989317,146,40,62.000,62.000,110.722,107.151
city:2988507,city:2990363,202,56,175.000,175.000,578.706,198.413
city:2988507,city:2990440,94,24,358.000,358.000,685.804,114.939
city:2988507,city:2990474,108,30,118.000,118.000,215.862,109.760
city:2988507,city:2990919,80,22,262.000,262.000,632.419,144.829
city:2988507,city:2990969,188,52,128.000,128.000,342.395,160.498
city:2988507,city:2990999,122,34,92.000,92.000,281.743,183.746
city:2988507,city:2991214,160,44,172.000,172.000,388.080,135.377
city:2988507,city:2991481,108,30,150.000,150.000,264.927,105.971
city:2988507,city:2991772,94,26,178.000,178.000,454.071,153.058
city:2988507,city:2992166,202,56,202.000,202.000,594.626,176.622
city:2988507,city:2993002,160,42,224.000,225.000,543.081,144.821
city:2988507,city:2994160,80,22,82.000,83.000,280.561,202.815
city:2988507,city:2995469,282,76,188.000,200.000,660.501,198.150
city:2988507,city:2996944,282,78,116.000,116.000,393.224,203.392
city:2988507,city:2997577,80,22,180.000,180.000,440.507,146.836
city:2988507,city:2998286,52,14,200.000,200.000,345.874,103.762
city:2988507,city:2998324,282,78,60.000,62.000,204.382,197.789
city:2988507,city:3003603,188,52,54.000,55.000,184.489,201.261
city:2988507,city:3003796,188,52,130.000,130.000,177.767,82.046
city:2988507,city:3006787,66,18,165.000,165.000,398.210,144.804
city:2988507,city:3014728,94,26,180.000,180.000,481.634,160.545
city:2988507,city:3016702,14,2,600.000,600.000,555.674,55.567
city:2988507,city:3017253,80,22,304.000,305.000,690.703,135.876
city:2988507,city:3021000,80,22,66.000,66.000,176.729,160.663
city:2988507,city:3021372,132,36,96.000,98.000,261.727,160.241
city:2988507,city:3021670,52,14,200.000,200.000,628.661,188.598
city:2988507,city:3024297,52,14,135.000,135.000,378.947,168.421
city:2988507,city:3024635,108,30,210.000,210.000,346.276,98.936
city:2988507,city:3025466,108,30,185.000,185.000,300.774,97.548
city:2988507,city:3026204,52,14,140.000,140.000,232.149,99.492
city:2988507,city:3027422,108,30,170.000,170.000,454.200,160.306
city:2988507,city:3028808,94,24,330.000,330.000,689.920,125.440
city:2988507,city:3029213,66,16,330.000,330.000,494.651,89.937
city:2988507,city:3029241,108,30,115.000,115.000,200.885,104.810
city:2988507,city:3029974,66,16,265.000,265.000,415.432,94.060
city:2988507,city:3030300,94,26,204.000,205.000,504.856,147.763
city:2988507,city:3031133,66,18,165.000,165.000,214.678,78.065
city:2988507,city:3031582,414,114,124.000,130.000,498.566,230.107
city:2988507,city:3032213,94,26,94.000,95.000,159.079,100.471
city:2988507,city:3032797,52,14,240.000,240.000,668.649,167.162
city:2988507,city:3032833,80,22,245.000,245.000,616.537,150.989
city:2988507,city:3034475,52,14,230.000,230.000,664.508,173.350
city:2988507,city:3035681,188,52,158.000,158.000,577.038,219.128
city:2988507,city:3036784,80,22,50.000,50.000,163.093,195.712
city:2988507,city:3037456,80,22,342.000,342.000,691.560,121.326
city:2988507,city:3037543,66,18,225.000,225.000,433.564,115.617
city:2988507,city:3037598,108,30,126.000,126.000,392.817,187.056
city:2988507,city:3037656,188,52,94.000,95.000,264.356,166.962
city:2988507,city:3037854,66,18,75.000,75.000,116.429,93.143
city:2988507,city:3038634,94,26,194.000,195.000,533.807,164.248
city:2988507,city:3038789,66,18,110.000,110.000,144.049,78.572
city:2988507,city:3120304,52,14,262.000,262.000,690.970,158.237
city:2988507,city:3121456,28,8,350.000,350.000,764.842,131.116
city:2988507,city:3122453,28,8,332.000,332.000,733.983,132.648
city:2988507,city:3128760,28,8,390.000,390.000,830.162,127.717
city:2988507,city:3165524,42,12,352.000,352.000,583.708,99.496
city:2988507,city:3173435,42,12,425.000,425.000,639.543,90.288
city:2988507,city:3247449,66,18,150.000,150.000,342.760,137.104
city:2988507,stn:demo:S0011,80,22,212.000,212.000,642.187,181.751
city:2988507,stn:demo:S0060,80,22,148.000,148.000,365.306,148.097
city:2988507,stn:demo:S0061,108,30,168.000,168.000,401.754,143.483
city:2988507,stn:demo:S0072,80,22,124.000,125.000,318.220,152.746
city:2988507,stn:demo:S0107,14,2,700.000,700.000,548.015,46.973
city:2988507,stn:demo:S0145,42,12,45.000,45.000,126.504,168.671
city:2988507,stn:demo:S0226,52,14,172.000,172.000,360.736,125.838
city:2988507,stn:demo:S0262,94,26,148.000,148.000,404.903,164.150
city:2988507,stn:demo:S0354,80,22,290.000,290.000,678.919,140.466
city:2988507,stn:demo:S0384,42,12,85.000,85.000,279.460,197.266
city:2988507,stn:demo:S0396,108,30,100.000,100.000,339.072,203.443
city:2988507,stn:demo:S0419,42,12,65.000,65.000,214.045,197.580
city:2988507,stn:demo:S0428,42,12,262.000,262.000,522.407,119.635
city:2988507,stn:demo:S0574,80,22,182.000,183.000,420.312,137.807
city:2988507,stn:demo:S0656,230,64,132.000,132.000,473.553,215.251
city:2988507,stn:demo:S0660,52,14,188.000,188.000,383.803,122.490
city:2989317,city:2993002,52,14,311.000,311.000,434.063,83.742
city:2989317,city:2998286,52,14,136.000,136.000,235.396,103.851
city:2989317,city:3026204,52,14,76.000,76.000,122.235,96.501
city:2989317,city:3029213,52,14,266.000,266.000,385.680,86.995
city:2989317,city:3029974,52,14,201.000,201.000,306.387,91.459
city:2989317,city:3032213,94,26,30.000,31.000,54.973,106.399
city:2990363,city:2990919,174,48,62.000,78.000,131.275,100.981
city:2990363,city:2992166,296,82,22.000,25.000,46.122,110.693
city:2990363,city:2993002,66,18,183.000,183.000,241.377,79.140
city:2990363,city:2995469,66,18,68.000,68.000,101.966,89.970
city:2990363,city:2996944,28,8,108.000,108.000,216.136,120.076
city:2990363,city:3028641,66,18,108.000,108.000,176.051,97.806
city:2990363,city:3031582,66,18,285.000,285.000,408.241,85.945
city:2990363,city:3032833,146,40,58.000,61.000,107.339,105.579
city:2990363,city:3036938,66,18,18.000,18.000,28.189,93.964
city:2990363,city:3038634,66,18,218.000,218.000,301.562,82.999
city:2990363,city:3121456,56,16,140.000,140.000,240.957,103.267
city:2990363,city:3122453,56,16,122.000,124.000,208.213,100.748
city:2990363,city:3128760,56,16,180.000,180.000,326.263,108.754
city:2990363,stn:demo:S0656,150,42,41.000,41.000,137.520,201.249
city:2990440,city:2993458,216,60,20.000,20.000,13.047,39.142
city:2990440,city:2994497,216,60,32.000,32.000,20.808,39.014
city:2990440,city:2995469,202,54,155.000,155.000,158.603,61.395
city:2990440,city:3017253,80,22,50.000,51.000,52.226,61.442
city:2990440,city:3028808,202,54,26.000,28.000,26.469,56.719
city:2990440,city:3037456,188,52,14.000,16.000,17.684,66.315
city:2990440,city:3164582,216,60,50.000,50.000,29.153,34.984
city:2990440,stn:demo:S0354,80,22,66.000,66.000,69.055,62.777
city:2990474,city:2991481,108,30,30.000,30.000,49.065,98.131
city:2990474,city:3024635,108,30,90.000,90.000,134.645,89.764
city:2990919,city:2992166,174,48,38.000,48.000,85.153,106.442
city:2990919,city:2993002,66,18,103.000,103.000,161.814,94.261
city:2990919,city:2995469,66,18,148.000,148.000,193.164,78.310
city:2990919,city:2996944,28,8,172.000,172.000,320.640,111.851
city:2990919,city:3028641,66,18,28.000,28.000,53.036,113.649
city:2990919,city:3031582,66,18,205.000,205.000,340.550,99.673
city:2990919,city:3032833,146,40,12.000,15.000,24.539,98.156
city:2990919,city:3036938,66,18,98.000,98.000,142.492,87.240
city:2990919,city:3038634,66,18,138.000,138.000,222.374,96.684
city:2990919,city:3121456,56,16,74.000,74.000,134.308,108.898
city:2990919,city:3122453,56,16,58.000,58.000,102.074,105.594
city:2990919,city:3128760,56,16,114.000,114.000,211.298,111.209
city:2990919,stn:demo:S0656,28,8,132.000,132.000,255.562,116.164
city:2990969,city:2995206,84,24,121.000,121.000,331.218,164.241
city:2990969,city:2996944,42,12,285.000,285.000,516.407,108.717
city:2990969,city:2998324,42,12,225.000,225.000,507.442,135.318
city:2990969,city:3003603,272,76,70.000,71.000,157.926,133.458
city:2990969,city:3006787,42,12,108.000,108.000,121.145,67.303
city:2990969,city:3031582,42,12,250.000,250.000,274.663,65.919
city:2990969,city:3037656,272,76,30.000,31.000,80.570,155.942
city:2990969,stn:demo:S0008,42,12,171.000,171.000,364.937,128.048
city:2990969,stn:demo:S0410,84,24,151.000,151.000,370.963,147.403
city:2991214,city:2995469,56,16,255.000,273.000,518.052,113.858
city:2991214,city:2996944,56,16,143.000,163.000,292.078,107.513
city:2991214,city:3021372,80,22,72.000,73.000,180.487,148.345
city:2991214,city:3024297,216,60,22.000,23.000,36.609,95.502
city:2991214,city:3035681,56,16,216.000,238.000,465.741,117.414
city:2991214,stn:demo:S0011,14,4,238.000,238.000,502.699,126.731
city:2991214,stn:demo:S0060,136,38,22.000,22.000,37.095,101.167
city:2991214,stn:demo:S0072,136,38,44.000,46.000,114.423,149.248
city:2991481,city:3024635,108,30,58.000,58.000,89.302,92.382
city:2991772,city:3030300,94,26,24.000,25.000,52.815,126.755
city:2991772,stn:demo:S0262,94,26,28.000,28.000,49.696,106.492
city:2992166,city:2993002,66,18,153.000,153.000,207.351,81.314
city:2992166,city:2995469,66,18,98.000,98.000,126.376,77.373
city:2992166,city:2996944,28,8,132.000,132.000,249.845,113.566
city:2992166,city:3028641,66,18,78.000,78.000,130.959,100.738
city:2992166,city:3031582,66,18,255.000,255.000,380.500,89.529
city:2992166,city:3032833,146,40,28.000,31.000,61.283,118.612
city:2992166,city:3036938,66,18,48.000,48.000,61.108,76.385
city:2992166,city:3038634,66,18,188.000,188.000,268.964,85.840
city:2992166,city:3121456,56,16,114.000,116.000,200.301,103.604
city:2992166,city:3122453,56,16,98.000,98.000,167.014,102.254
city:2992166,city:3128760,56,16,154.000,156.000,284.371,109.374
city:2992166,stn:demo:S0656,150,42,68.000,68.000,176.773,155.976
city:2993002,city:2995469,66,18,253.000,253.000,333.677,79.133
city:2993002,city:2998286,52,14,173.000,173.000,202.108,70.095
city:2993002,city:3026204,52,14,233.000,233.000,311.904,80.319
city:2993002,city:3028641,66,18,73.000,73.000,119.762,98.435
city:2993002,city:3029213,66,16,43.000,43.000,48.429,67.576
city:2993002,city:3029974,66,16,108.000,108.000,127.698,70.943
city:2993002,city:3031582,160,44,92.000,93.000,178.845,115.384
city:2993002,city:3032833,66,18,120.000,120.000,167.402,83.701
city:2993002,city:3036938,66,18,203.000,203.000,265.421,78.449
city:2993002,city:3038634,160,44,28.000,28.000,62.059,132.983
city:2993458,city:2994497,216,60,10.000,10.000,7.965,47.788
city:2993458,city:3164582,216,60,28.000,28.000,16.127,34.558
city:2994497,city:3164582,216,60,16.000,16.000,8.504,31.889
city:2995206,city:2995469,28,8,228.000,228.000,649.315,170.872
city:2995206,city:2996944,70,20,122.000,143.000,383.533,160.923
city:2995206,city:2998324,146,40,102.000,102.000,219.201,128.942
city:2995206,city:3003603,164,46,46.000,46.000,173.542,226.359
city:2995206,city:3031582,52,14,151.000,151.000,483.873,192.268
city:2995206,city:3035681,28,8,192.000,192.000,565.547,176.733
city:2995206,city:3037656,84,24,86.000,86.000,252.578,176.217
city:2995206,stn:demo:S0008,146,40,48.000,48.000,37.323,46.654
city:2995206,stn:demo:S0410,188,52,28.000,28.000,39.902,85.504
city:2995469,city:2996944,272,76,102.000,104.000,275.918,159.183
city:2995469,city:2998324,108,30,292.000,292.000,834.594,171.492
city:2995469,city:3003603,28,8,282.000,282.000,659.792,140.381
city:2995469,city:3017253,80,22,102.000,103.000,110.536,64.390
city:2995469,city:3028641,66,18,178.000,178.000,245.723,82.828
city:2995469,city:3028808,202,54,125.000,125.000,134.773,64.691
city:2995469,city:3031582,66,18,355.000,355.000,506.149,85.546
city:2995469,city:3032833,66,18,131.000,131.000,175.377,80.325
city:2995469,city:3035681,380,106,28.000,33.000,85.833,156.059
city:2995469,city:3036938,66,18,48.000,48.000,73.841,92.301
city:2995469,city:3037456,188,52,137.000,137.000,144.296,63.195
city:2995469,city:3038634,66,18,288.000,288.000,395.340,82.362
city:2995469,stn:demo:S0008,108,30,238.000,238.000,670.373,169.002
city:2995469,stn:demo:S0011,160,44,12.000,12.000,18.347,91.733
city:2995469,stn:demo:S0060,56,16,225.000,248.000,491.377,118.882
city:2995469,stn:demo:S0072,56,16,205.000,223.000,448.175,120.585
city:2995469,stn:demo:S0354,80,22,88.000,88.000,90.503,61.707
city:2995469,stn:demo:S0410,108,30,218.000,218.000,651.154,179.217
city:2995469,stn:demo:S0656,80,22,66.000,66.000,191.109,173.736
city:2996882,city:2996944,132,36,44.000,45.000,62.845,83.793
city:2996882,city:3021372,132,36,62.000,63.000,112.020,106.685
city:2996882,city:3027484,132,36,28.000,28.000,51.970,111.365
city:2996944,city:2998324,108,30,186.000,186.000,559.146,180.370
city:2996944,city:3003603,70,20,178.000,203.000,432.824,127.928
city:2996944,city:3014728,216,60,80.000,80.000,92.698,69.524
city:2996944,city:3021372,132,36,110.000,110.000,174.414,95.135
city:2996944,city:3027422,42,12,80.000,80.000,85.825,64.369
city:2996944,city:3027484,132,36,74.000,75.000,114.761,91.809
city:2996944,city:3035681,272,76,68.000,71.000,200.255,169.229
city:2996944,city:3037656,42,12,245.000,245.000,454.644,111.341
city:2996944,city:3121456,28,8,250.000,250.000,449.021,107.765
city:2996944,city:3122453,28,8,232.000,232.000,415.562,107.473
city:2996944,city:3128760,28,8,290.000,290.000,530.954,109.853
city:2996944,city:3165524,42,12,234.000,234.000,234.091,60.023
city:2996944,city:3173435,42,12,307.000,307.000,339.173,66.288
city:2996944,stn:demo:S0008,108,30,132.000,132.000,400.440,182.018
city:2996944,stn:demo:S0011,160,44,90.000,93.000,257.747,166.288
city:2996944,stn:demo:S0060,56,16,113.000,138.000,257.307,111.872
city:2996944,stn:demo:S0072,56,16,93.000,113.000,192.832,102.389
city:2996944,stn:demo:S0410,150,42,112.000,113.000,380.292,201.925
city:2996944,stn:demo:S0428,42,12,144.000,144.000,155.067,64.611
city:2996944,stn:demo:S0656,80,22,40.000,40.000,84.887,127.330
city:2998286,city:3026204,52,14,58.000,58.000,114.106,118.040
city:2998286,city:3029213,52,14,128.000,128.000,154.664,72.499
city:2998286,city:3029974,52,14,63.000,63.000,78.260,74.533
city:2998324,city:3003603,94,26,150.000,150.000,358.260,143.304
city:2998324,city:3031582,52,14,255.000,255.000,698.925,164.453
city:2998324,city:3035681,108,30,256.000,256.000,755.018,176.957
city:2998324,city:3037656,42,12,190.000,190.000,438.915,138.605
city:2998324,stn:demo:S0008,254,70,52.000,52.000,184.535,212.925
city:2998324,stn:demo:S0011,66,18,278.000,278.000,816.316,176.183
city:2998324,stn:demo:S0410,254,70,72.000,72.000,197.144,164.287
city:3003603,city:3035681,28,8,248.000,248.000,574.143,138.905
city:3003603,city:3037656,272,76,38.000,38.000,81.633,128.894
city:3003603,stn:demo:S0008,94,26,96.000,96.000,207.016,129.385
city:3003603,stn:demo:S0410,136,38,76.000,76.000,213.391,168.467
city:3006787,city:3031582,42,12,140.000,140.000,153.587,65.823
city:3016702,stn:demo:S0107,14,2,98.000,98.000,57.923,35.463
city:3017253,city:3028808,80,22,22.000,23.000,25.932,67.649
city:3017253,city:3037456,80,22,34.000,35.000,35.450,60.772
city:3017253,stn:demo:S0354,80,22,12.000,13.000,20.879,96.366
city:3021000,city:3036784,80,22,14.000,14.000,22.806,97.739
city:3021372,city:3027484,132,36,32.000,33.000,60.423,109.860
city:3021372,stn:demo:S0060,80,22,48.000,49.000,144.948,177.487
city:3021372,stn:demo:S0072,80,22,26.000,26.000,70.902,163.620
city:3021372,stn:demo:S0226,52,14,72.000,72.000,100.592,83.826
city:3021372,stn:demo:S0660,52,14,88.000,88.000,123.221,84.014
city:3021670,city:3031582,52,14,68.000,68.000,131.274,115.830
city:3021670,city:3032797,52,14,38.000,38.000,47.903,75.637
city:3021670,city:3034475,52,14,28.000,28.000,41.512,88.954
city:3021670,city:3120304,52,14,60.000,60.000,72.270,72.270
city:3025466,city:3029241,108,30,68.000,68.000,104.022,91.784
city:3026204,city:3029213,52,14,188.000,188.000,263.554,84.113
city:3026204,city:3029974,52,14,123.000,123.000,184.287,89.896
city:3027422,city:3037543,66,18,53.000,53.000,41.270,46.720
city:3027422,city:3165524,42,12,152.000,152.000,148.678,58.689
city:3027422,city:3173435,42,12,225.000,225.000,254.922,67.979
city:3027422,stn:demo:S0428,42,12,62.000,62.000,71.870,69.552
city:3028641,city:3031582,66,18,175.000,175.000,295.733,101.394
city:3028641,city:3032833,66,18,45.000,45.000,71.415,95.220
city:3028641,city:3036938,66,18,128.000,128.000,191.171,89.611
city:3028641,city:3038634,66,18,108.000,108.000,176.915,98.286
city:3028808,city:3037456,188,52,10.000,10.000,9.627,57.760
city:3028808,stn:demo:S0354,80,22,38.000,38.000,44.308,69.960
city:3029213,city:3029974,66,16,58.000,63.000,79.294,75.518
city:3030300,stn:demo:S0262,94,26,54.000,55.000,100.138,109.242
city:3031133,city:3037854,66,18,88.000,88.000,103.860,70.814
city:3031133,city:3038789,66,18,53.000,53.000,70.669,80.003
city:3031582,city:3032797,52,14,108.000,108.000,170.168,94.538
city:3031582,city:3032833,66,18,222.000,222.000,345.860,93.476
city:3031582,city:3034475,52,14,98.000,98.000,165.943,101.598
city:3031582,city:3036938,66,18,305.000,305.000,434.608,85.497
city:3031582,city:3037598,108,30,37.000,37.000,106.714,173.050
city:3031582,city:3038634,160,44,62.000,63.000,118.820,113.162
city:3031582,city:3120304,52,14,130.000,130.000,192.928,89.044
city:3031582,stn:demo:S0008,52,14,201.000,201.000,520.979,155.516
city:3031582,stn:demo:S0410,52,14,181.000,181.000,515.683,170.945
city:3032797,city:3034475,52,14,8.000,8.000,6.908,51.807
city:3032797,city:3120304,52,14,20.000,20.000,24.504,73.512
city:3032833,city:3036938,66,18,81.000,81.000,120.157,89.006
city:3032833,city:3038634,66,18,155.000,155.000,229.170,88.711
city:3032833,city:3121456,28,8,90.000,90.000,154.330,102.886
city:3032833,city:3122453,28,8,72.000,72.000,121.270,101.058
city:3032833,city:3128760,28,8,130.000,130.000,233.759,107.889
city:3032833,stn:demo:S0656,28,8,118.000,118.000,231.225,117.572
city:3034475,city:3120304,52,14,30.000,30.000,30.768,61.537
city:3035681,stn:demo:S0008,108,30,202.000,202.000,587.632,174.544
city:3035681,stn:demo:S0011,160,44,20.000,20.000,68.379,205.138
city:3035681,stn:demo:S0060,56,16,186.000,213.000,435.726,122.740
city:3035681,stn:demo:S0072,56,16,166.000,188.000,383.960,122.540
city:3035681,stn:demo:S0410,108,30,182.000,182.000,568.795,187.515
city:3035681,stn:demo:S0656,80,22,30.000,30.000,116.740,233.480
city:3036938,city:3038634,66,18,238.000,238.000,326.289,82.258
city:3037456,stn:demo:S0354,80,22,50.000,50.000,53.880,64.656
city:3037656,stn:demo:S0008,42,12,136.000,136.000,287.245,126.726
city:3037656,stn:demo:S0410,84,24,116.000,116.000,292.069,151.070
city:3037854,city:3038789,66,18,33.000,33.000,40.286,73.247
city:3044082,city:3052009,108,30,43.000,43.000,56.790,79.242
city:3044082,city:3054643,108,30,48.000,48.000,50.591,63.239
city:3044774,city:3045332,14,4,33.000,33.000,41.506,75.466
city:3044774,city:3047679,14,4,143.000,143.000,135.527,56.864
city:3044774,city:3054643,14,4,55.000,55.000,58.565,63.889
city:3044774,city:3186886,14,4,303.000,303.000,240.921,47.707
city:3044774,city:3197728,14,4,193.000,193.000,166.023,51.613
city:3045332,city:3047679,14,4,108.000,108.000,95.585,53.103
city:3045332,city:3054643,14,4,90.000,90.000,99.371,66.247
city:3045332,city:3186886,14,4,268.000,268.000,200.388,44.863
city:3045332,city:3197728,14,4,158.000,158.000,124.928,47.441
city:3046526,city:3053590,108,30,53.000,53.000,34.131,38.639
city:3046526,city:3054643,108,30,180.000,180.000,169.800,56.600
city:3046526,stn:demo:S0569,108,30,108.000,108.000,95.023,52.790
city:3047679,city:3054643,14,4,200.000,200.000,194.090,58.227
city:3047679,city:3186886,14,4,158.000,158.000,105.557,40.085
city:3047679,city:3197728,14,4,48.000,48.000,34.528,43.160
city:3050434,city:3054543,216,60,22.000,23.000,30.746,80.206
city:3050434,city:3054643,216,60,70.000,70.000,82.178,70.438
city:3050434,city:715429,216,60,68.000,68.000,80.591,71.110
city:3052009,city:3054643,160,44,90.000,93.000,107.376,69.275
city:3053163,city:3054643,80,22,62.000,63.000,39.669,37.780
city:3053163,city:3060972,80,22,68.000,68.000,127.952,112.899
city:3053163,city:3067696,80,22,304.000,305.000,405.749,79.819
city:3053163,city:3068582,80,22,242.000,243.000,330.730,81.662
city:3053163,city:3078610,80,22,152.000,153.000,221.421,86.832
city:3053163,city:3078773,80,22,118.000,118.000,174.571,88.765
city:3053590,city:3054643,108,30,125.000,125.000,142.351,68.329
city:3053590,stn:demo:S0569,108,30,53.000,53.000,67.698,76.639
city:3054543,city:3054643,216,60,44.000,45.000,67.701,90.269
city:3054543,city:715429,216,60,92.000,93.000,105.661,68.168
city:3054643,city:3060972,80,22,132.000,133.000,161.434,72.827
city:3054643,city:3067696,80,22,370.000,370.000,444.195,72.032
city:3054643,city:3068582,80,22,308.000,308.000,370.247,72.126
city:3054643,city:3078610,80,22,218.000,218.000,260.583,71.720
city:3054643,city:3078773,80,22,182.000,183.000,212.849,69.786
city:3054643,city:3186886,14,4,360.000,360.000,299.443,49.907
city:3054643,city:3197728,14,4,250.000,250.000,224.285,53.829
city:3054643,city:679452,14,2,350.000,350.000,344.769,59.103
city:3054643,city:683506,14,2,810.000,810.000,643.423,47.661
city:3054643,city:683844,14,2,650.000,650.000,542.159,50.045
city:3054643,city:686254,14,2,230.000,230.000,226.600,59.113
city:3054643,city:715126,230,62,70.000,70.000,94.128,80.682
city:3054643,city:715429,216,60,140.000,140.000,162.064,69.456
city:3054643,city:716935,216,60,184.000,185.000,206.515,66.978
city:3054643,city:717582,258,72,123.000,125.000,146.174,70.163
city:3054643,city:721472,216,60,150.000,150.000,194.086,77.634
city:3054643,city:722437,14,2,170.000,170.000,180.336,63.648
city:3054643,city:724443,42,12,200.000,200.000,213.047,63.914
city:3054643,stn:demo:S0569,108,30,70.000,70.000,75.031,64.312
city:3056508,city:3057124,132,36,92.000,93.000,126.383,81.538
city:3056508,city:3057140,132,36,48.000,48.000,62.451,78.064
city:3056508,city:3060972,132,36,124.000,125.000,169.265,81.247
city:3056508,city:723526,132,36,102.000,103.000,136.263,79.376
city:3056508,city:723846,132,36,82.000,83.000,114.788,82.979
city:3056508,city:724443,132,36,148.000,148.000,192.344,77.977
city:3057124,city:3057140,132,36,42.000,43.000,66.606,92.939
city:3057124,city:3060972,132,36,30.000,30.000,43.708,87.416
city:3057124,city:723526,132,36,198.000,198.000,227.430,68.918
city:3057124,city:723846,132,36,178.000,178.000,212.966,71.786
city:3057124,city:724443,132,36,242.000,243.000,272.859,67.373
city:3057140,city:3060972,132,36,74.000,75.000,107.962,86.370
city:3057140,city:723526,132,36,152.000,153.000,184.001,72.157
city:3057140,city:723846,132,36,132.000,133.000,165.513,74.668
city:3057140,city:724443,132,36,198.000,198.000,236.190,71.573
city:3060972,city:3067696,80,22,234.000,235.000,291.064,74.314
city:3060972,city:3068582,80,22,172.000,173.000,231.654,80.342
city:3060972,city:3078610,80,22,82.000,83.000,122.052,88.230
city:3060972,city:3078773,80,22,48.000,48.000,69.911,87.389
city:3060972,city:723526,132,36,230.000,230.000,269.266,70.243
city:3060972,city:723846,132,36,210.000,210.000,255.650,73.043
city:3060972,city:724443,132,36,274.000,275.000,312.643,68.213
city:3063548,city:3067696,80,22,70.000,71.000,69.381,58.632
city:3063548,city:3077244,80,22,14.000,15.000,18.640,74.560
city:3063548,stn:demo:S0049,80,22,30.000,30.000,30.010,60.019
city:3064379,city:3067696,108,30,85.000,85.000,76.816,54.223
city:3064379,city:3077916,108,30,58.000,58.000,50.703,52.451
city:3065281,city:3067696,42,12,198.000,198.000,280.454,84.986
city:3065281,city:3068582,42,12,138.000,138.000,183.536,79.798
city:3065281,city:3068799,70,20,8.000,8.000,9.935,74.512
city:3065281,city:3069011,42,12,68.000,68.000,85.707,75.624
city:3065281,city:3078773,28,8,112.000,112.000,166.363,89.123
city:3065281,city:3096472,70,20,65.000,65.000,62.008,57.238
city:3065281,city:756135,28,8,234.000,234.000,317.892,81.511
city:3067696,city:3068160,296,82,88.000,90.000,83.739,55.826
city:3067696,city:3068582,658,182,53.000,60.000,96.919,96.919
city:3067696,city:3068799,362,100,188.000,190.000,277.608,87.666
city:3067696,city:3069011,362,100,128.000,135.000,210.252,93.445
city:3067696,city:3073371,108,30,40.000,40.000,56.013,84.019
city:3067696,city:3077244,80,22,88.000,88.000,78.548,53.556
city:3067696,city:3077916,108,30,145.000,145.000,123.884,51.262
city:3067696,city:3077920,108,30,95.000,95.000,146.062,92.250
city:3067696,city:3078610,296,82,150.000,151.000,186.159,73.971
city:3067696,city:3078773,188,52,184.000,185.000,231.347,75.032
city:3067696,city:3096472,42,12,265.000,265.000,328.166,74.302
city:3067696,stn:demo:S0049,80,22,102.000,103.000,94.277,54.918
city:3067696,stn:demo:S0232,80,22,162.000,163.000,142.470,52.443
city:3068160,stn:demo:S0232,80,22,72.000,73.000,61.952,50.919
city:3068582,city:3068799,362,100,128.000,128.000,180.758,84.730
city:3068582,city:3069011,362,100,68.000,73.000,116.839,96.032
city:3068582,city:3073371,108,30,18.000,18.000,41.221,137.402
city:3068582,city:3077920,108,30,33.000,33.000,50.090,91.073
city:3068582,city:3078610,296,82,88.000,93.000,111.473,71.918
city:3068582,city:3078773,188,52,122.000,130.000,163.437,75.432
city:3068582,city:3096472,42,12,205.000,205.000,232.480,68.043
city:3068799,city:3069011,362,100,53.000,53.000,78.702,89.097
city:3068799,city:3078773,28,8,102.000,102.000,156.880,92.283
city:3068799,city:3096472,70,20,75.000,75.000,70.876,56.701
city:3068799,city:756135,28,8,244.000,244.000,327.618,80.562
city:3069011,city:3096472,42,12,135.000,135.000,146.647,65.177
city:3073371,city:3077920,108,30,53.000,53.000,90.056,101.950
city:3073371,city:3078610,108,30,113.000,113.000,137.364,72.937
city:3077244,stn:demo:S0049,80,22,12.000,13.000,15.767,72.769
city:3077920,city:3078610,108,30,58.000,58.000,79.734,82.483
city:3078610,city:3078773,188,52,32.000,32.000,52.471,98.383
city:3078773,city:3096472,28,8,188.000,188.000,227.388,72.571
city:3078773,city:756135,28,8,350.000,350.000,483.861,82.948
city:3081368,city:3083829,52,14,250.000,250.000,308.686,74.085
city:3081368,city:3084840,52,14,230.000,230.000,282.632,73.730
city:3081368,city:3088171,132,36,110.000,110.000,145.169,79.183
city:3081368,city:3090048,160,44,58.000,58.000,79.082,81.809
city:3081368,city:3093133,80,22,158.000,158.000,184.947,70.233
city:3081368,city:3093524,132,36,70.000,70.000,87.854,75.303
city:3081368,city:3094802,160,44,204.000,205.000,235.611,68.959
city:3081368,city:3096472,160,44,132.000,133.000,168.756,76.131
city:3081368,city:3099230,160,44,102.000,103.000,146.502,85.341
city:3081368,city:3099434,80,22,300.000,300.000,377.383,75.477
city:3081368,city:3102014,80,22,190.000,190.000,234.386,74.016
city:3081368,city:756135,80,22,250.000,250.000,301.794,72.431
city:3083829,city:3084840,160,44,18.000,18.000,34.514,115.045
city:3083829,city:3088171,160,44,138.000,140.000,195.716,83.878
city:3083829,city:3093524,52,14,178.000,178.000,223.187,75.232
city:3084840,city:3088171,160,44,118.000,120.000,163.121,81.560
city:3084840,city:3093524,52,14,158.000,158.000,195.692,74.314
city:3085151,city:3092472,108,30,43.000,43.000,54.371,75.867
city:3085151,city:3094802,108,30,318.000,318.000,495.981,93.581
city:3085151,city:3097902,108,30,93.000,93.000,114.825,74.081
city:3085151,city:3099424,108,30,10.000,10.000,8.763,52.577
city:3085151,city:3099434,108,30,10.000,10.000,11.505,69.031
city:3085151,city:756135,108,30,178.000,178.000,294.918,99.410
city:3088171,city:3093524,132,36,38.000,38.000,67.501,106.581
city:3088171,city:3094170,212,58,82.000,83.000,166.599,120.433
city:3088171,city:3095321,160,44,48.000,48.000,92.103,115.129
city:3088171,city:3099434,80,22,188.000,188.000,244.512,78.036
city:3088171,city:3102014,80,22,78.000,78.000,107.731,82.870
city:3088171,city:756135,212,58,158.000,160.000,278.107,104.290
city:3090048,city:3094802,160,44,144.000,145.000,157.896,65.336
city:3090048,city:3096472,160,44,72.000,73.000,90.044,74.009
city:3090048,city:3099230,160,44,42.000,43.000,67.419,94.074
city:3092472,city:3094802,108,30,273.000,273.000,446.292,98.086
city:3092472,city:3097902,108,30,48.000,48.000,60.482,75.603
city:3092472,city:3099424,108,30,55.000,55.000,62.576,68.265
city:3092472,city:3099434,108,30,31.000,31.000,42.901,83.034
city:3092472,city:756135,108,30,133.000,133.000,240.548,108.518
city:3093133,city:756135,296,82,74.000,75.000,117.003,93.602
city:3093524,city:3099434,80,22,228.000,228.000,311.730,82.034
city:3093524,city:3102014,80,22,118.000,118.000,172.534,87.729
city:3094170,city:3095321,160,44,32.000,33.000,75.803,137.823
city:3094170,city:756135,212,58,48.000,75.000,112.215,89.772
city:3094802,city:3096472,160,44,70.000,70.000,68.798,58.969
city:3094802,city:3097902,108,30,223.000,223.000,393.840,105.966
city:3094802,city:3099230,160,44,100.000,100.000,93.485,56.091
city:3094802,city:3099424,108,30,330.000,330.000,504.744,91.772
city:3094802,city:3099434,108,30,306.000,306.000,485.096,95.117
city:3094802,city:756135,240,66,138.000,140.000,252.498,108.213
city:3094802,city:757026,108,30,60.000,60.000,75.204,75.204
city:3094802,city:759734,108,30,120.000,120.000,147.267,73.633
city:3094802,city:761168,108,30,185.000,185.000,204.952,66.471
city:3095321,city:756135,160,44,110.000,110.000,188.017,102.554
city:3096472,city:3099230,160,44,28.000,28.000,24.886,53.327
city:3096472,city:3099424,80,22,350.000,350.000,474.763,81.388
city:3096472,city:3099434,80,22,326.000,326.000,455.776,83.885
city:3096472,city:3103402,80,22,58.000,58.000,48.653,50.331
city:3096472,city:756135,188,52,158.000,160.000,259.162,97.186
city:3097902,city:3099424,108,30,105.000,105.000,122.913,70.236
city:3097902,city:3099434,108,30,81.000,81.000,103.375,76.574
city:3097902,city:756135,108,30,83.000,83.000,180.118,130.205
city:3099424,city:3099434,188,52,22.000,22.000,20.019,54.597
city:3099424,city:756135,188,52,190.000,190.000,303.031,95.694
city:3099434,city:3102014,80,22,108.000,108.000,142.997,79.443
city:3099434,city:756135,188,52,166.000,166.000,283.447,102.451
city:3103402,city:756135,80,22,220.000,220.000,300.869,82.055
city:3104324,city:3107418,42,12,38.000,38.000,75.238,118.797
city:3104324,city:3114472,42,12,88.000,88.000,143.652,97.944
city:3104324,city:3117735,202,56,80.000,80.000,274.111,205.583
city:3104324,city:3118514,160,44,42.000,43.000,124.692,173.989
city:3104324,city:3127047,202,56,22.000,23.000,72.103,188.094
city:3104324,city:3128760,160,44,98.000,98.000,254.506,155.820
city:3104324,stn:demo:S0131,160,44,68.000,68.000,186.422,164.490
city:3104324,stn:demo:S0261,202,56,52.000,53.000,221.296,250.524
city:3104342,city:3109642,94,26,92.000,93.000,276.744,178.544
city:3104342,city:3114965,94,26,52.000,53.000,198.174,224.347
city:3104342,city:3117735,94,26,84.000,85.000,209.956,148.204
city:3104342,city:3119841,94,26,122.000,123.000,300.550,146.610
city:3104342,stn:demo:S0565,94,26,28.000,28.000,96.895,207.633
city:3104499,city:3106672,42,12,103.000,103.000,214.781,125.115
city:3104499,city:3110044,42,12,93.000,93.000,76.547,49.385
city:3104499,city:3116689,42,12,23.000,23.000,28.839,75.232
city:3104499,city:3117735,42,12,165.000,165.000,283.799,103.200
city:3104499,city:3120304,42,12,113.000,113.000,90.007,47.791
city:3104499,city:3127461,42,12,53.000,53.000,101.484,114.888
city:3105976,city:3109642,42,12,73.000,73.000,73.465,60.382
city:3105976,city:3113209,42,12,23.000,23.000,22.957,59.888
city:3105976,city:3114965,42,12,108.000,108.000,71.567,39.759
city:3105976,city:3117735,42,12,255.000,255.000,465.214,109.462
city:3106672,city:3109256,282,78,28.000,28.000,93.495,200.346
city:3106672,city:3110044,42,12,198.000,198.000,291.115,88.217
city:3106672,city:3114531,66,18,18.000,18.000,42.706,142.353
city:3106672,city:3114711,66,18,143.000,143.000,210.673,88.394
city:3106672,city:3116689,70,20,78.000,78.000,185.953,143.041
city:3106672,city:3117735,352,98,58.000,58.000,162.204,167.797
city:3106672,city:3118532,66,18,63.000,63.000,126.131,120.125
city:3106672,city:3120304,42,12,218.000,218.000,304.787,83.886
city:3106672,city:3121424,66,18,173.000,173.000,222.730,77.247
city:3106672,city:3127461,70,20,48.000,48.000,113.756,142.195
city:3106672,city:3128026,28,8,182.000,182.000,231.729,76.394
city:3107418,city:3114472,42,12,48.000,48.000,84.036,105.045
city:3107418,city:3117735,42,12,125.000,125.000,253.438,121.650
city:3107418,city:3127047,42,12,68.000,68.000,78.806,69.535
city:3107418,stn:demo:S0261,42,12,98.000,98.000,206.132,126.203
city:3108288,city:3128760,160,44,54.000,55.000,82.047,89.506
city:3109256,city:3114531,66,18,50.000,50.000,122.773,147.327
city:3109256,city:3114711,66,18,175.000,175.000,303.622,104.099
city:3109256,city:3117735,282,78,28.000,28.000,68.727,147.271
city:3109256,city:3118532,66,18,95.000,95.000,219.624,138.710
city:3109256,city:3121424,66,18,205.000,205.000,314.511,92.052
city:3109642,city:3113209,42,12,48.000,48.000,50.631,63.289
city:3109642,city:3114965,136,38,33.000,38.000,82.270,129.901
city:3109642,city:3117735,136,38,180.000,180.000,486.699,162.233
city:3109642,city:3119841,94,26,28.000,28.000,55.914,119.815
city:3109642,stn:demo:S0565,94,26,62.000,63.000,180.234,171.652
city:3110044,city:3116689,42,12,118.000,118.000,105.347,53.566
city:3110044,city:3117735,42,12,260.000,260.000,352.380,81.318
city:3110044,city:3120304,42,12,18.000,18.000,15.294,50.981
city:3110044,city:3127461,42,12,148.000,148.000,177.499,71.959
city:3113209,city:3114965,42,12,83.000,83.000,64.939,46.944
city:3113209,city:3117735,42,12,230.000,230.000,468.879,122.316
city:3114472,city:3117735,42,12,175.000,175.000,317.067,108.709
city:3114472,city:3127047,42,12,118.000,118.000,162.716,82.737
city:3114472,stn:demo:S0261,42,12,148.000,148.000,275.662,111.755
city:3114531,city:3114711,66,18,123.000,123.000,184.960,90.225
city:3114531,city:3117735,66,18,80.000,80.000,189.998,142.499
city:3114531,city:3118532,66,18,43.000,43.000,108.230,151.019
city:3114531,city:3121424,66,18,153.000,153.000,193.435,75.857
city:3114711,city:3117735,66,18,205.000,205.000,372.248,108.951
city:3114711,city:3118532,66,18,78.000,78.000,87.435,67.258
city:3114711,city:3121424,66,18,28.000,28.000,24.482,52.462
city:3114965,city:3117735,136,38,140.000,140.000,407.551,174.665
city:3114965,city:3119841,94,26,68.000,68.000,122.948,108.484
city:3114965,stn:demo:S0565,94,26,22.000,23.000,104.173,271.756
city:3116689,city:3117735,70,20,140.000,140.000,260.123,111.481
city:3116689,city:3120304,42,12,138.000,138.000,118.838,51.669
city:3116689,city:3127461,70,20,28.000,28.000,72.826,156.057
city:3116689,city:3128026,28,8,102.000,102.000,64.096,37.704
city:3117735,city:3118514,160,44,124.000,125.000,386.552,185.545
city:3117735,city:3118532,66,18,125.000,125.000,288.321,138.394
city:3117735,city:3119841,94,26,210.000,210.000,508.648,145.328
city:3117735,city:3120304,42,12,280.000,280.000,361.493,77.463
city:3117735,city:3121424,66,18,235.000,235.000,382.754,97.724
city:3117735,city:3124132,424,116,54.000,55.000,138.755,151.369
city:3117735,city:3127047,202,56,54.000,55.000,202.051,220.419
city:3117735,city:3127461,70,20,110.000,110.000,214.002,116.728
city:3117735,city:3128026,28,8,244.000,244.000,322.964,79.417
city:3117735,city:3128760,348,96,150.000,150.000,504.242,201.697
city:3117735,stn:demo:S0028,226,62,134.000,135.000,383.394,170.397
city:3117735,stn:demo:S0131,160,44,150.000,150.000,427.331,170.932
city:3117735,stn:demo:S0261,202,56,24.000,25.000,53.728,128.946
city:3117735,stn:demo:S0541,240,66,84.000,85.000,240.575,169.818
city:3117735,stn:demo:S0565,94,26,114.000,115.000,306.690,160.012
city:3118514,city:3127047,160,44,68.000,68.000,190.953,168.488
city:3118514,city:3128760,160,44,52.000,53.000,130.464,147.695
city:3118514,stn:demo:S0131,160,44,22.000,23.000,71.869,187.484
city:3118514,stn:demo:S0261,160,44,98.000,98.000,332.824,203.770
city:3118532,city:3121424,66,18,108.000,108.000,104.309,57.949
city:3119841,stn:demo:S0565,94,26,92.000,93.000,204.422,131.885
city:3120304,city:3127461,42,12,168.000,168.000,191.378,68.349
city:3121456,city:3122453,216,60,14.000,15.000,33.462,133.849
city:3121456,city:3128760,216,60,38.000,38.000,86.170,136.058
city:3121456,stn:demo:S0656,28,8,210.000,210.000,376.883,107.681
city:3122453,city:3128760,216,60,54.000,55.000,118.096,128.832
city:3122453,stn:demo:S0656,28,8,192.000,192.000,343.700,107.406
city:3124132,stn:demo:S0541,240,66,28.000,28.000,104.933,224.857
city:3127047,city:3128760,160,44,122.000,123.000,317.273,154.767
city:3127047,stn:demo:S0131,160,44,92.000,93.000,244.199,157.548
city:3127047,stn:demo:S0261,202,56,28.000,28.000,149.452,320.255
city:3127461,city:3128026,28,8,132.000,132.000,120.484,54.765
city:3128760,stn:demo:S0131,160,44,28.000,28.000,77.369,165.791
city:3128760,stn:demo:S0261,160,44,152.000,153.000,451.006,176.865
city:3128760,stn:demo:S0656,28,8,250.000,250.000,461.131,110.671
city:3133880,city:3143244,66,18,400.000,400.000,391.594,58.739
city:3133880,city:3145614,28,8,420.000,420.000,365.962,52.280
city:3133880,city:3147474,66,18,278.000,278.000,257.482,55.572
city:3133880,city:3154084,66,18,323.000,323.000,295.187,54.833
city:3133880,city:3160881,28,8,600.000,600.000,466.181,46.618
city:3133880,stn:demo:S0182,66,18,173.000,173.000,164.062,56.900
city:3133880,stn:demo:S0437,28,8,330.000,330.000,298.734,54.315
city:3133880,stn:demo:S0476,66,18,108.000,108.000,99.444,55.247
city:3133880,stn:demo:S0480,66,18,375.000,375.000,361.876,57.900
city:3133880,stn:demo:S0484,66,18,208.000,208.000,189.434,54.645
city:3133880,stn:demo:S0605,28,8,120.000,120.000,84.593,42.296
city:3133880,stn:demo:S0611,66,18,48.000,48.000,44.333,55.416
city:3137115,city:3143244,52,14,470.000,470.000,302.064,38.561
city:3137115,city:3149318,52,14,193.000,193.000,159.986,49.737
city:3137115,city:3149563,52,14,388.000,388.000,235.373,36.398
city:3137115,city:3159016,52,14,433.000,433.000,267.551,37.074
city:3137115,stn:demo:S0202,52,14,78.000,78.000,59.695,45.919
city:3140084,city:3143244,52,14,63.000,63.000,72.852,69.383
city:3140084,city:3145375,52,14,33.000,33.000,30.570,55.582
city:3140084,city:3154209,52,14,18.000,18.000,23.737,79.122
city:3140084,city:3156529,52,14,8.000,8.000,12.572,94.291
city:3143244,city:3145375,52,14,28.000,28.000,53.460,114.557
city:3143244,city:3147465,42,12,13.000,13.000,17.556,81.026
city:3143244,city:3147474,66,18,120.000,120.000,134.576,67.288
city:3143244,city:3149318,52,14,275.000,275.000,251.615,54.898
city:3143244,city:3149563,52,14,80.000,80.000,67.056,50.292
city:3143244,city:3154084,66,18,75.000,75.000,99.634,79.707
city:3143244,city:3154209,52,14,83.000,83.000,94.791,68.524
city:3143244,city:3156529,52,14,53.000,53.000,77.929,88.222
city:3143244,city:3159016,118,32,35.000,35.000,35.617,61.058
city:3143244,city:3161732,66,18,420.000,420.000,304.676,43.525
city:3143244,stn:demo:S0040,42,12,103.000,103.000,106.819,62.225
city:3143244,stn:demo:S0182,66,18,225.000,225.000,255.668,68.178
city:3143244,stn:demo:S0202,52,14,390.000,390.000,315.352,48.516
city:3143244,stn:demo:S0219,66,18,260.000,260.000,194.552,44.897
city:3143244,stn:demo:S0239,66,18,215.000,215.000,156.343,43.631
city:3143244,stn:demo:S0250,66,18,180.000,180.000,132.404,44.135
city:3143244,stn:demo:S0285,66,18,95.000,95.000,39.308,24.826
city:3143244,stn:demo:S0321,42,12,53.000,53.000,76.033,86.075
city:3143244,stn:demo:S0444,66,18,290.000,290.000,219.427,45.399
city:3143244,stn:demo:S0476,66,18,290.000,290.000,303.525,62.798
city:3143244,stn:demo:S0480,66,18,23.000,23.000,36.781,95.949
city:3143244,stn:demo:S0484,66,18,190.000,190.000,216.934,68.505
city:3143244,stn:demo:S0611,66,18,350.000,350.000,348.048,59.665
city:3143244,stn:demo:S0682,66,18,345.000,345.000,251.702,43.774
city:3145375,city:3154209,52,14,53.000,53.000,53.862,60.976
city:3145375,city:3156529,52,14,23.000,23.000,28.543,74.461
city:3145614,city:3160881,28,8,178.000,178.000,108.326,36.514
city:3145614,stn:demo:S0437,28,8,88.000,88.000,68.218,46.512
city:3145614,stn:demo:S0605,28,8,298.000,298.000,283.803,57.142
city:3147465,stn:demo:S0040,42,12,88.000,88.000,92.174,62.846
city:3147465,stn:demo:S0321,42,12,38.000,38.000,58.726,92.726
city:3147474,city:3154084,66,18,43.000,43.000,48.231,67.300
city:3147474,stn:demo:S0182,66,18,103.000,103.000,128.005,74.566
city:3147474,stn:demo:S0476,66,18,168.000,168.000,169.487,60.531
city:3147474,stn:demo:S0480,66,18,95.000,95.000,108.161,68.312
city:3147474,stn:demo:S0484,66,18,68.000,68.000,88.204,77.827
city:3147474,stn:demo:S0611,66,18,228.000,228.000,213.692,56.235
city:3149318,city:3149563,52,14,193.000,193.000,194.058,60.329
city:3149318,city:3159016,52,14,238.000,238.000,218.137,54.993
city:3149318,stn:demo:S0202,52,14,113.000,113.000,121.437,64.480
city:3149563,city:3159016,52,14,43.000,43.000,32.200,44.930
city:3149563,stn:demo:S0202,52,14,308.000,308.000,248.694,48.447
city:3154084,stn:demo:S0182,66,18,148.000,148.000,175.746,71.249
city:3154084,stn:demo:S0476,66,18,213.000,213.000,212.934,59.981
city:3154084,stn:demo:S0480,66,18,50.000,50.000,66.904,80.285
city:3154084,stn:demo:S0484,66,18,113.000,113.000,136.048,72.238
city:3154084,stn:demo:S0611,66,18,273.000,273.000,252.494,55.493
city:3154209,city:3156529,52,14,28.000,28.000,28.072,60.155
city:3159016,city:3161732,66,18,383.000,383.000,280.154,43.888
city:3159016,stn:demo:S0202,52,14,353.000,353.000,279.776,47.554
city:3159016,stn:demo:S0219,66,18,223.000,223.000,177.212,47.680
city:3159016,stn:demo:S0239,66,18,178.000,178.000,141.273,47.620
city:3159016,stn:demo:S0250,66,18,143.000,143.000,127.195,53.369
city:3159016,stn:demo:S0285,66,18,58.000,58.000,47.252,48.881
city:3159016,stn:demo:S0444,66,18,253.000,253.000,202.684,48.067
city:3159016,stn:demo:S0682,66,18,308.000,308.000,231.419,45.082
city:3160881,stn:demo:S0437,28,8,268.000,268.000,169.172,37.874
city:3160881,stn:demo:S0605,28,8,478.000,478.000,386.509,48.516
city:3161732,stn:demo:S0219,66,18,158.000,158.000,121.603,46.178
city:3161732,stn:demo:S0239,66,18,203.000,203.000,158.737,46.917
city:3161732,stn:demo:S0250,66,18,238.000,238.000,200.956,50.661
city:3161732,stn:demo:S0285,66,18,323.000,323.000,272.979,50.708
city:3161732,stn:demo:S0444,66,18,128.000,128.000,105.373,49.394
city:3161732,stn:demo:S0682,66,18,73.000,73.000,65.194,53.584
city:3163995,city:3171366,132,36,18.000,18.000,25.123,83.744
city:3163995,city:3173435,132,36,44.000,45.000,54.381,72.507
city:3163995,city:3176219,132,36,48.000,48.000,65.458,81.823
city:3164419,city:3164527,268,74,22.000,22.000,44.805,122.194
city:3164419,city:3164603,268,74,40.000,41.000,62.403,91.321
city:3164419,city:3165524,80,22,150.000,151.000,306.490,121.784
city:3164419,city:3171728,268,74,12.000,14.000,30.562,130.979
city:3164419,city:3173435,268,74,96.000,97.000,183.980,113.802
city:3164419,city:3173529,268,74,28.000,29.000,54.716,113.205
city:3164419,city:3177610,188,52,40.000,40.000,79.298,118.947
city:3164419,city:3181554,268,74,58.000,59.000,103.804,105.563
city:3164527,city:3164603,268,74,64.000,65.000,104.461,96.425
city:3164527,city:3165243,108,30,53.000,53.000,70.672,80.006
city:3164527,city:3165524,80,22,126.000,126.000,262.055,124.788
city:3164527,city:3168854,42,12,56.000,56.000,50.376,53.974
city:3164527,city:3169070,80,20,190.000,190.000,412.803,130.359
city:3164527,city:3171728,268,74,38.000,38.000,69.702,110.056
city:3164527,city:3173435,268,74,70.000,73.000,140.770,115.701
city:3164527,city:3173529,268,74,52.000,53.000,97.783,110.698
city:3164527,city:3176959,80,20,93.000,93.000,185.584,119.731
city:3164527,city:3177610,188,52,16.000,16.000,35.925,134.719
city:3164527,city:3181554,268,74,32.000,35.000,61.684,105.745
city:3164527,city:3181913,108,30,83.000,83.000,120.009,86.754
city:3164527,city:3181928,122,32,53.000,53.000,108.498,122.828
city:3164527,stn:demo:S0104,42,12,168.000,168.000,178.298,63.678
city:3164527,stn:demo:S0328,42,12,263.000,263.000,254.812,58.132
city:3164582,city:3167022,52,14,83.000,83.000,90.298,65.276
city:3164582,city:3167777,52,14,18.000,18.000,13.867,46.223
city:3164582,city:3173435,52,14,220.000,220.000,224.327,61.180
city:3164582,city:3176219,52,14,123.000,123.000,126.711,61.810
city:3164603,city:3165524,80,22,192.000,193.000,365.891,113.748
city:3164603,city:3169070,188,52,220.000,220.000,394.470,107.583
city:3164603,city:3171728,456,126,24.000,25.000,35.020,84.048
city:3164603,city:3172394,188,52,292.000,292.000,533.414,109.606
city:3164603,city:3173435,268,74,138.000,140.000,245.186,105.080
city:3164603,city:3173529,456,126,10.000,10.000,9.116,54.695
city:3164603,city:3176959,188,52,124.000,125.000,203.417,97.640
city:3164603,city:3177090,188,52,60.000,60.000,86.932,86.932
city:3164603,city:3177610,188,52,82.000,83.000,140.221,101.365
city:3164603,city:3181554,268,74,100.000,102.000,165.464,97.332
city:3164603,city:3181928,188,52,84.000,85.000,130.829,92.350
city:3165072,city:3165201,108,30,68.000,68.000,89.136,78.650
city:3165072,city:3169070,14,2,438.000,438.000,468.113,64.125
city:3165072,city:3173529,108,30,90.000,90.000,100.202,66.801
city:3165072,city:3176959,14,2,318.000,318.000,298.994,56.414
city:3165072,city:3181928,14,2,238.000,238.000,229.662,57.898
city:3165185,city:3173529,132,36,120.000,120.000,120.488,60.244
city:3165201,city:3173529,108,30,20.000,20.000,19.468,58.404
city:3165243,city:3168854,42,12,15.000,15.000,20.692,82.768
city:3165243,city:3169070,66,18,245.000,245.000,477.460,116.929
city:3165243,city:3176959,66,18,148.000,148.000,254.674,103.246
city:3165243,city:3181913,108,30,28.000,28.000,49.928,106.989
city:3165243,city:3181928,108,30,108.000,108.000,175.854,97.697
city:3165243,stn:demo:S0104,42,12,93.000,93.000,108.001,69.678
city:3165243,stn:demo:S0328,42,12,188.000,188.000,186.340,59.470
city:3165524,city:3168673,188,52,360.000,361.000,757.242,125.857
city:3165524,city:3169070,188,52,248.000,248.000,525.599,127.161
city:3165524,city:3169522,188,52,100.000,101.000,235.627,139.977
city:3165524,city:3171728,80,22,166.000,166.000,330.872,119.592
city:3165524,city:3172394,188,52,320.000,321.000,711.486,132.988
city:3165524,city:3173435,310,86,50.000,51.000,125.484,147.628
city:3165524,city:3173529,80,22,180.000,181.000,359.674,119.229
city:3165524,city:3176219,108,30,110.000,110.000,123.877,67.569
city:3165524,city:3176959,188,52,154.000,154.000,316.998,123.506
city:3165524,city:3181554,80,22,90.000,91.000,204.349,134.735
city:3165524,city:3181928,188,52,116.000,116.000,295.248,152.714
city:3165524,city:3182714,108,30,35.000,35.000,45.050,77.229
city:3165524,city:3183299,108,30,60.000,60.000,74.786,74.786
city:3165524,stn:demo:S0428,42,12,88.000,88.000,80.824,55.107
city:3167022,city:3167777,52,14,63.000,63.000,78.220,74.495
city:3167022,city:3173435,52,14,135.000,135.000,140.178,62.301
city:3167022,city:3176219,52,14,38.000,38.000,38.643,61.015
city:3167777,city:3173435,52,14,200.000,200.000,214.528,64.359
city:3167777,city:3176219,52,14,103.000,103.000,113.803,66.293
city:3168673,city:3169070,296,82,110.000,111.000,233.768,126.361
city:3168673,city:3169522,188,52,258.000,258.000,561.807,130.653
city:3168673,city:3172394,296,82,38.000,38.000,48.398,76.418
city:3168673,city:3173435,188,52,308.000,308.000,700.171,136.397
city:3168673,city:3176959,188,52,204.000,205.000,452.022,132.299
city:3168673,city:3181928,188,52,242.000,243.000,510.044,125.937
city:3168673,city:6534232,80,22,128.000,128.000,230.302,107.954
city:3168673,stn:demo:S0676,108,30,208.000,208.000,282.585,81.515
city:3168854,city:3181913,42,12,50.000,50.000,70.611,84.733
city:3168854,city:3181928,42,12,136.000,136.000,157.042,69.283
city:3168854,stn:demo:S0104,42,12,110.000,110.000,128.684,70.191
city:3168854,stn:demo:S0328,42,12,205.000,205.000,206.879,60.550
city:3169070,city:3169522,456,126,141.000,141.000,347.143,147.721
city:3169070,city:3170647,66,18,228.000,228.000,265.262,69.806
city:3169070,city:3171728,188,52,190.000,190.000,394.188,124.480
city:3169070,city:3172394,766,210,70.000,71.000,186.693,157.769
city:3169070,city:3173435,630,172,176.000,179.000,478.599,160.424
city:3169070,city:3173529,188,52,206.000,206.000,400.843,116.751
city:3169070,city:3174659,66,18,211.000,211.000,256.158,72.841
city:3169070,city:3175081,66,18,283.000,283.000,328.930,69.738
city:3169070,city:3175786,66,18,133.000,133.000,150.538,67.912
city:3169070,city:3176219,66,18,360.000,360.000,402.180,67.030
city:3169070,city:3176885,80,22,180.000,180.000,257.075,85.692
city:3169070,city:3176959,752,202,86.000,92.000,233.835,152.501
city:3169070,city:3177090,188,52,158.000,158.000,335.407,127.370
city:3169070,city:3178587,66,18,68.000,68.000,63.156,55.726
city:3169070,city:3179866,80,22,64.000,65.000,176.942,163.331
city:3169070,city:3181913,66,18,275.000,275.000,519.800,113.411
city:3169070,city:3181928,752,202,124.000,130.000,304.523,140.549
city:3169070,city:3182179,80,22,104.000,105.000,206.851,118.200
city:3169070,city:3182351,80,22,244.000,245.000,372.889,91.320
city:3169070,city:6534232,80,22,240.000,240.000,457.567,114.392
city:3169070,stn:demo:S0676,122,32,320.000,320.000,487.328,91.374
city:3169361,city:3171168,108,30,123.000,123.000,221.810,108.200
city:3169361,city:3171173,108,30,16.000,16.000,32.577,122.165
city:3169361,city:3173435,108,30,120.000,120.000,309.002,154.501
city:3169361,city:3174953,108,30,363.000,363.000,618.449,102.223
city:3169361,city:3176885,108,30,208.000,208.000,378.071,109.059
city:3169361,city:3181928,108,30,53.000,53.000,109.033,123.434
city:3169361,city:3182351,108,30,273.000,273.000,480.315,105.564
city:3169361,city:3183089,108,30,43.000,43.000,90.851,126.769
city:3169522,city:3172394,456,126,218.000,223.000,520.462,140.035
city:3169522,city:3173435,456,126,33.000,33.000,141.662,257.567
city:3169522,city:3176959,456,126,50.000,53.000,113.326,128.293
city:3169522,city:3181928,456,126,12.000,15.000,60.456,241.823
city:3170647,city:3174659,66,18,15.000,15.000,19.299,77.198
city:3170647,city:3175081,66,18,53.000,53.000,63.890,72.328
city:3170647,city:3175786,66,18,93.000,93.000,119.683,77.215
city:3170647,city:3176219,66,18,130.000,130.000,139.964,64.599
city:3170647,city:3176959,216,60,60.000,60.000,68.147,68.147
city:3170647,city:3177400,216,60,32.000,33.000,43.734,79.516
city:3170647,city:3178587,66,18,158.000,158.000,212.447,80.676
city:3171168,city:3171173,108,30,105.000,105.000,192.098,109.771
city:3171168,city:3173435,108,30,245.000,245.000,522.050,127.849
city:3171168,city:3174953,108,30,238.000,238.000,405.288,102.173
city:3171168,city:3176885,108,30,83.000,83.000,157.497,113.853
city:3171168,city:3181928,108,30,178.000,178.000,323.429,109.021
city:3171168,city:3182351,108,30,148.000,148.000,266.469,108.028
city:3171168,city:3183089,108,30,78.000,78.000,139.588,107.376
city:3171173,city:3173435,108,30,138.000,138.000,341.571,148.509
city:3171173,city:3174953,108,30,345.000,345.000,586.343,101.973
city:3171173,city:3176885,108,30,190.000,190.000,347.335,109.685
city:3171173,city:3181928,108,30,71.000,71.000,141.565,119.633
city:3171173,city:3182351,108,30,255.000,255.000,448.385,105.502
city:3171173,city:3183089,108,30,25.000,25.000,58.335,140.005
city:3171366,city:3173435,132,36,24.000,25.000,30.362,72.870
city:3171366,city:3176219,132,36,68.000,68.000,89.166,78.676
city:3171728,city:3172394,188,52,262.000,262.000,542.149,124.156
city:3171728,city:3173435,268,74,110.000,113.000,210.469,111.753
city:3171728,city:3173529,456,126,12.000,13.000,29.549,136.380
city:3171728,city:3176959,188,52,94.000,95.000,188.052,118.770
city:3171728,city:3177090,188,52,30.000,30.000,66.704,133.408
city:3171728,city:3177610,188,52,56.000,56.000,105.583,113.125
city:3171728,city:3181554,268,74,72.000,75.000,131.078,104.862
city:3171728,city:3181928,188,52,54.000,55.000,110.391,120.427
city:3172394,city:3173435,470,128,258.000,258.000,657.510,152.909
city:3172394,city:3173529,188,52,278.000,278.000,541.290,116.825
city:3172394,city:3176959,658,180,164.000,165.000,409.411,148.877
city:3172394,city:3177090,188,52,230.000,230.000,492.904,128.584
city:3172394,city:3181928,658,180,202.000,205.000,470.374,137.670
city:3172394,city:6534232,80,22,168.000,168.000,272.862,97.451
city:3172394,stn:demo:S0676,122,32,248.000,248.000,315.439,76.316
city:3173435,city:3173529,268,74,126.000,128.000,238.266,111.687
city:3173435,city:3174953,108,30,485.000,485.000,925.330,114.474
city:3173435,city:3176219,184,50,94.000,95.000,119.380,75.398
city:3173435,city:3176885,108,30,330.000,330.000,679.388,123.525
city:3173435,city:3176959,470,128,88.000,88.000,248.182,169.215
city:3173435,city:3177532,94,26,78.000,88.000,100.449,68.488
city:3173435,city:3177610,188,52,54.000,55.000,104.972,114.515
city:3173435,city:3178229,122,34,46.000,46.000,39.125,51.033
city:3173435,city:3181554,268,74,36.000,36.000,80.294,133.824
city:3173435,city:3181928,578,158,50.000,63.000,200.544,190.995
city:3173435,city:3182351,108,30,395.000,395.000,786.587,119.482
city:3173435,city:3183089,108,30,165.000,165.000,399.827,145.392
city:3173435,stn:demo:S0039,122,34,158.000,158.000,183.034,69.507
city:3173435,stn:demo:S0108,94,26,108.000,118.000,132.963,67.608
city:3173435,stn:demo:S0428,42,12,161.000,161.000,199.190,74.232
city:3173435,stn:demo:S0596,52,14,158.000,158.000,178.916,67.943
city:3173435,stn:demo:S0676,14,2,900.000,900.000,965.864,64.391
city:3173435,stn:demo:S0679,42,12,118.000,118.000,136.952,69.637
city:3173529,city:3176959,188,52,110.000,111.000,206.167,111.442
city:3173529,city:3177090,188,52,46.000,46.000,87.646,114.321
city:3173529,city:3177610,188,52,70.000,71.000,133.318,112.663
city:3173529,city:3181554,268,74,88.000,90.000,158.298,105.532
city:3173529,city:3181928,188,52,70.000,71.000,131.886,111.453
city:3174659,city:3175081,66,18,70.000,70.000,74.056,63.477
city:3174659,city:3175786,66,18,76.000,76.000,107.631,84.972
city:3174659,city:3176219,66,18,147.000,147.000,146.220,59.681
city:3174659,city:3178587,66,18,141.000,141.000,201.038,85.548
city:3174953,city:3176885,108,30,153.000,153.000,252.096,98.861
city:3174953,city:3181928,108,30,418.000,418.000,725.116,104.084
city:3174953,city:3182351,108,30,88.000,88.000,138.911,94.712
city:3174953,city:3183089,108,30,318.000,318.000,528.320,99.683
city:3175081,city:3175786,66,18,148.000,148.000,181.599,73.621
city:3175081,city:3176219,66,18,75.000,75.000,77.659,62.127
city:3175081,city:3178587,66,18,213.000,213.000,274.940,77.448
city:3175786,city:3176219,66,18,225.000,225.000,252.446,67.319
city:3175786,city:3178587,66,18,63.000,63.000,93.423,88.974
city:3176219,city:3178587,66,18,290.000,290.000,345.547,71.493
city:3176219,city:3182714,108,30,73.000,73.000,80.309,66.007
city:3176219,city:3183299,108,30,48.000,48.000,62.014,77.517
city:3176885,city:3179866,80,22,112.000,113.000,110.592,58.722
city:3176885,city:3181928,108,30,263.000,263.000,480.912,109.714
city:3176885,city:3182179,80,22,72.000,73.000,74.205,60.990
city:3176885,city:3182351,188,52,62.000,63.000,116.343,110.802
city:3176885,city:3183089,108,30,163.000,163.000,291.646,107.354
city:3176959,city:3177090,188,52,62.000,63.000,121.441,115.658
city:3176959,city:3177400,216,60,24.000,25.000,24.941,59.858
city:3176959,city:3181913,66,18,178.000,178.000,301.586,101.658
city:3176959,city:3181928,752,202,36.000,36.000,79.798,132.996
city:3176959,stn:demo:S0676,14,2,678.000,678.000,719.485,63.671
city:3177090,city:3181928,188,52,22.000,23.000,44.293,115.546
city:3177532,stn:demo:S0108,94,26,28.000,28.000,32.529,69.705
city:3177532,stn:demo:S0596,52,14,68.000,68.000,78.870,69.591
city:3177532,stn:demo:S0679,42,12,38.000,38.000,37.290,58.879
city:3177610,city:3181554,188,52,16.000,17.000,26.009,91.795
city:3178229,stn:demo:S0039,122,34,110.000,110.000,143.988,78.539
city:3179866,city:3182179,80,22,38.000,38.000,37.912,59.861
city:3179866,city:3182351,80,22,178.000,178.000,212.695,71.695
city:3181913,city:3181928,108,30,138.000,138.000,222.041,96.540
city:3181913,stn:demo:S0104,42,12,58.000,58.000,58.290,60.300
city:3181913,stn:demo:S0328,42,12,153.000,153.000,136.703,53.609
city:3181928,city:3182351,108,30,328.000,328.000,586.508,107.288
city:3181928,city:3183089,108,30,98.000,98.000,199.587,122.196
city:3181928,stn:demo:S0104,42,12,248.000,248.000,279.244,67.559
city:3181928,stn:demo:S0328,42,12,343.000,343.000,349.427,61.124
city:3181928,stn:demo:S0676,14,2,778.000,778.000,784.266,60.483
city:3182179,city:3182351,80,22,138.000,138.000,175.196,76.172
city:3182351,city:3183089,108,30,228.000,228.000,390.614,102.793
city:3182714,city:3183299,108,30,23.000,23.000,31.715,82.736
city:3186886,city:3190261,28,8,380.000,380.000,258.944,40.886
city:3186886,city:3196359,80,22,140.000,140.000,116.903,50.101
city:3186886,city:3197728,14,4,108.000,108.000,76.404,42.447
city:3186886,city:3345300,28,8,50.000,50.000,48.935,58.722
city:3186886,stn:demo:S0082,28,8,368.000,368.000,275.940,44.990
city:3186886,stn:demo:S0298,28,8,208.000,208.000,162.841,46.973
city:3186886,stn:demo:S0311,28,8,290.000,290.000,197.988,40.963
city:3186886,stn:demo:S0576,28,8,352.000,352.000,273.413,46.605
city:3190261,city:3345300,28,8,328.000,328.000,231.472,42.342
city:3190261,stn:demo:S0311,28,8,88.000,88.000,62.249,42.442
city:3194360,city:792680,428,118,36.000,36.000,70.107,116.845
city:3195506,city:3196359,188,52,112.000,115.000,104.065,54.295
city:3195506,city:3202781,188,52,48.000,48.000,46.683,58.353
city:3196359,city:3202781,188,52,58.000,65.000,61.533,56.800
city:3196359,stn:demo:S0082,28,8,218.000,218.000,180.759,49.750
city:3196359,stn:demo:S0298,28,8,58.000,58.000,54.383,56.258
city:3196359,stn:demo:S0576,28,8,202.000,202.000,174.993,51.978
city:3247449,stn:demo:S0224,66,18,93.000,93.000,193.700,124.968
city:3345300,stn:demo:S0311,28,8,238.000,238.000,169.230,42.663
city:602150,city:604490,14,2,438.000,438.000,214.963,29.447
city:602150,city:606531,14,2,398.000,398.000,232.073,34.986
city:604490,city:606531,14,2,38.000,38.000,34.247,54.074
city:632453,city:634963,452,124,80.000,80.000,150.164,112.623
city:632453,city:637219,132,36,154.000,155.000,301.688,116.783
city:632453,city:641869,108,30,155.000,155.000,249.435,96.556
city:632453,city:643492,132,36,324.000,325.000,525.093,96.940
city:632453,city:646005,108,30,125.000,125.000,196.237,94.194
city:632453,city:648900,108,30,110.000,110.000,191.313,104.352
city:632453,city:649360,216,60,35.000,35.000,83.702,143.489
city:632453,city:650224,108,30,235.000,235.000,320.740,81.891
city:632453,city:650859,216,60,65.000,65.000,110.737,102.219
city:632453,city:651943,132,36,240.000,240.000,406.434,101.608
city:632453,city:658225,668,184,6.000,6.000,15.032,150.323
city:632453,city:659180,320,88,45.000,45.000,84.131,112.174
city:633679,city:634963,108,30,105.000,105.000,142.404,81.373
city:633679,city:637948,216,60,38.000,38.000,48.065,75.892
city:633679,city:658225,216,60,112.000,113.000,150.169,79.736
city:633679,city:660158,216,60,98.000,98.000,134.019,82.053
city:634963,city:637219,132,36,68.000,68.000,152.404,134.474
city:634963,city:643492,132,36,238.000,238.000,399.574,100.733
city:634963,city:651943,132,36,152.000,153.000,262.272,102.852
city:634963,city:658225,452,124,88.000,88.000,160.400,109.364
city:634963,city:659180,320,88,33.000,33.000,66.650,121.181
city:637219,city:643492,132,36,168.000,168.000,278.325,99.402
city:637219,city:651943,132,36,82.000,83.000,117.067,84.626
city:637219,city:658225,132,36,162.000,163.000,312.544,115.047
city:637948,city:658225,216,60,72.000,73.000,102.156,83.964
city:637948,city:660158,216,60,58.000,58.000,86.003,88.969
city:641869,city:646005,108,30,28.000,28.000,68.374,146.516
city:641869,city:649360,108,30,118.000,118.000,165.820,84.315
city:641869,city:650224,108,30,78.000,78.000,71.505,55.004
city:641869,city:650859,108,30,88.000,88.000,161.019,109.786
city:641869,city:658225,108,30,170.000,170.000,264.450,93.335
city:643492,city:651943,132,36,82.000,83.000,172.105,124.413
city:643492,city:658225,132,36,332.000,333.000,539.185,97.150
city:646005,city:649360,108,30,88.000,88.000,116.366,79.340
city:646005,city:650224,108,30,108.000,108.000,135.483,75.268
city:646005,city:650859,108,30,58.000,58.000,96.371,99.694
city:646005,city:658225,108,30,140.000,140.000,210.855,90.366
city:648900,city:649360,108,30,73.000,73.000,136.402,112.112
city:648900,city:650859,108,30,43.000,43.000,83.135,116.003
city:648900,city:658225,108,30,125.000,125.000,203.153,97.513
city:649360,city:650224,108,30,198.000,198.000,237.056,71.835
city:649360,city:650859,216,60,28.000,28.000,57.579,123.383
city:649360,city:658225,216,60,50.000,50.000,98.733,118.480
city:650224,city:650859,108,30,168.000,168.000,230.989,82.496
city:650224,city:658225,108,30,250.000,250.000,335.765,80.584
city:650859,city:658225,216,60,80.000,80.000,123.823,92.867
city:651943,city:658225,132,36,248.000,248.000,418.661,101.289
city:6534232,stn:demo:S0676,80,22,78.000,78.000,101.246,77.881
city:658225,city:659180,320,88,53.000,53.000,95.429,108.033
city:658225,city:660158,216,60,12.000,13.000,16.154,74.555
city:670474,city:683506,132,36,40.000,40.000,58.005,87.008
city:670474,city:683844,132,36,118.000,118.000,84.057,42.741
city:679452,city:683506,14,2,458.000,458.000,298.691,39.130
city:679452,city:683844,14,2,298.000,298.000,211.517,42.587
city:679452,city:686254,14,2,118.000,118.000,126.695,64.421
city:679452,city:715126,14,2,268.000,268.000,252.010,56.420
city:679452,city:722437,14,2,178.000,178.000,164.451,55.433
city:680332,city:683506,80,22,170.000,170.000,183.747,64.852
city:680963,city:683506,132,36,140.000,140.000,203.091,87.039
city:683506,city:683844,146,38,158.000,160.000,140.845,52.817
city:683506,city:686254,14,2,578.000,578.000,422.047,43.811
city:683506,city:715126,14,2,728.000,728.000,550.308,45.355
city:683506,city:722437,14,2,638.000,638.000,463.087,43.551
city:683844,city:686254,14,2,418.000,418.000,337.072,48.384
city:683844,city:715126,14,2,568.000,568.000,448.083,47.333
city:683844,city:722437,14,2,478.000,478.000,365.533,45.883
city:686254,city:715126,14,2,148.000,148.000,139.912,56.721
city:686254,city:722437,14,2,58.000,58.000,58.024,60.025
city:715126,city:716935,216,60,112.000,113.000,142.816,75.832
city:715126,city:721472,216,60,78.000,78.000,114.293,87.918
city:715126,city:722437,14,2,88.000,88.000,88.007,60.005
city:716935,city:721472,216,60,32.000,33.000,47.618,86.578
city:717582,city:724443,42,12,75.000,75.000,76.635,61.308
city:723526,city:723846,132,36,18.000,18.000,23.201,77.336
city:723526,city:724443,132,36,42.000,43.000,57.049,79.604
city:723846,city:724443,132,36,62.000,63.000,80.100,76.285
city:726050,city:727011,42,12,470.000,470.000,377.637,48.209
city:726050,city:728203,42,12,288.000,288.000,267.349,55.698
city:726050,city:731233,42,12,208.000,208.000,179.382,51.745
city:726848,city:727011,42,12,230.000,230.000,192.149,50.126
city:726848,city:728193,42,12,78.000,78.000,79.669,61.284
city:726848,city:732770,42,12,168.000,168.000,150.017,53.578
city:727011,city:728193,122,34,150.000,150.000,131.720,52.688
city:727011,city:728203,42,12,180.000,180.000,132.074,44.025
city:727011,city:731233,42,12,260.000,260.000,199.437,46.024
city:727011,city:732770,42,12,400.000,400.000,339.865,50.980
city:728193,city:732770,42,12,248.000,248.000,226.903,54.896
city:728203,city:731233,42,12,78.000,78.000,93.579,71.984
city:756135,city:760924,132,36,90.000,90.000,111.839,74.560
city:756135,city:765876,132,36,124.000,125.000,152.859,73.372
city:756135,city:776069,108,30,130.000,130.000,176.483,81.454
city:757026,city:759734,108,30,58.000,58.000,72.357,74.852
city:757026,city:761168,108,30,123.000,123.000,130.023,63.426
city:759734,city:761168,108,30,63.000,63.000,61.957,59.006
city:760924,city:765876,132,36,32.000,33.000,45.631,82.965
stn:demo:S0008,stn:demo:S0011,66,18,224.000,224.000,652.033,174.652
stn:demo:S0008,stn:demo:S0410,254,70,18.000,18.000,21.502,71.674
stn:demo:S0010,stn:demo:S0108,216,60,62.000,63.000,78.596,74.853
stn:demo:S0010,stn:demo:S0679,216,60,54.000,55.000,70.522,76.933
stn:demo:S0011,stn:demo:S0060,14,4,208.000,208.000,475.528,137.171
stn:demo:S0011,stn:demo:S0072,14,4,188.000,188.000,431.199,137.617
stn:demo:S0011,stn:demo:S0410,66,18,204.000,204.000,632.809,186.120
stn:demo:S0011,stn:demo:S0656,80,22,52.000,52.000,172.903,199.504
stn:demo:S0018,stn:demo:S0313,80,22,104.000,105.000,183.790,105.023
stn:demo:S0040,stn:demo:S0321,42,12,48.000,48.000,67.922,84.903
stn:demo:S0060,stn:demo:S0072,136,38,18.000,22.000,77.505,211.376
stn:demo:S0061,stn:demo:S0396,108,30,66.000,66.000,82.877,75.343
stn:demo:S0082,stn:demo:S0298,28,8,158.000,158.000,126.836,48.166
stn:demo:S0082,stn:demo:S0576,28,8,12.000,12.000,11.707,58.534
stn:demo:S0104,stn:demo:S0328,42,12,93.000,93.000,81.589,52.638
stn:demo:S0108,stn:demo:S0596,268,74,36.000,36.000,47.128,78.547
stn:demo:S0108,stn:demo:S0679,474,132,6.000,6.000,8.604,86.037
stn:demo:S0119,stn:demo:S0336,66,18,83.000,83.000,82.562,59.684
stn:demo:S0119,stn:demo:S0570,80,20,15.000,15.000,13.903,55.613
stn:demo:S0119,stn:demo:S0701,66,18,168.000,168.000,197.891,70.675
stn:demo:S0131,stn:demo:S0261,160,44,122.000,123.000,374.257,182.564
stn:demo:S0145,stn:demo:S0384,42,12,38.000,38.000,161.146,254.440
stn:demo:S0145,stn:demo:S0419,42,12,18.000,18.000,96.627,322.091
stn:demo:S0182,stn:demo:S0476,66,18,63.000,63.000,64.862,61.773
stn:demo:S0182,stn:demo:S0480,66,18,200.000,200.000,234.372,70.312
stn:demo:S0182,stn:demo:S0484,66,18,33.000,33.000,39.813,72.388
stn:demo:S0182,stn:demo:S0611,66,18,123.000,123.000,122.179,59.599
stn:demo:S0219,stn:demo:S0239,66,18,43.000,43.000,39.095,54.552
stn:demo:S0219,stn:demo:S0250,66,18,78.000,78.000,79.367,61.052
stn:demo:S0219,stn:demo:S0285,66,18,163.000,163.000,158.743,58.433
stn:demo:S0219,stn:demo:S0444,66,18,28.000,28.000,25.534,54.715
stn:demo:S0219,stn:demo:S0682,66,18,83.000,83.000,59.504,43.015
stn:demo:S0224,stn:demo:S0431,216,60,14.000,15.000,68.562,274.250
stn:demo:S0226,stn:demo:S0660,52,14,14.000,14.000,23.140,99.173
stn:demo:S0239,stn:demo:S0250,66,18,33.000,33.000,44.483,80.879
stn:demo:S0239,stn:demo:S0285,66,18,118.000,118.000,119.899,60.966
stn:demo:S0239,stn:demo:S0444,66,18,73.000,73.000,63.188,51.935
stn:demo:S0239,stn:demo:S0682,66,18,128.000,128.000,98.396,46.123
stn:demo:S0241,stn:demo:S0712,428,118,180.000,180.000,230.494,76.831
stn:demo:S0250,stn:demo:S0285,66,18,83.000,83.000,93.242,67.404
stn:demo:S0250,stn:demo:S0444,66,18,108.000,108.000,99.248,55.138
stn:demo:S0250,stn:demo:S0682,66,18,163.000,163.000,138.124,50.843
stn:demo:S0267,stn:demo:S0282,216,60,58.000,58.000,163.210,168.838
stn:demo:S0285,stn:demo:S0444,66,18,193.000,193.000,183.055,56.908
stn:demo:S0285,stn:demo:S0682,66,18,248.000,248.000,217.107,52.526
stn:demo:S0293,stn:demo:S0596,216,60,20.000,21.000,14.425,41.214
stn:demo:S0298,stn:demo:S0576,28,8,142.000,142.000,120.715,51.006
stn:demo:S0336,stn:demo:S0570,66,18,100.000,100.000,85.725,51.435
stn:demo:S0336,stn:demo:S0701,66,18,83.000,83.000,119.018,86.037
stn:demo:S0337,stn:demo:S0570,216,60,10.000,11.000,13.976,76.234
stn:demo:S0363,stn:demo:S0403,240,66,18.000,18.000,50.388,167.961
stn:demo:S0363,stn:demo:S0631,240,66,18.000,18.000,33.568,111.893
stn:demo:S0384,stn:demo:S0419,42,12,18.000,18.000,65.623,218.742
stn:demo:S0403,stn:demo:S0631,240,66,38.000,38.000,83.063,131.153
stn:demo:S0437,stn:demo:S0605,28,8,208.000,208.000,217.671,62.790
stn:demo:S0444,stn:demo:S0682,66,18,53.000,53.000,40.307,45.631
stn:demo:S0476,stn:demo:S0480,66,18,265.000,265.000,277.364,62.800
stn:demo:S0476,stn:demo:S0484,66,18,98.000,98.000,91.746,56.171
stn:demo:S0476,stn:demo:S0611,66,18,58.000,58.000,57.403,59.382
stn:demo:S0480,stn:demo:S0484,66,18,165.000,165.000,194.761,70.822
stn:demo:S0480,stn:demo:S0611,66,18,325.000,325.000,318.933,58.880
stn:demo:S0484,stn:demo:S0611,66,18,158.000,158.000,145.465,55.240
stn:demo:S0570,stn:demo:S0701,66,18,185.000,185.000,203.442,65.981
stn:demo:S0596,stn:demo:S0679,216,60,28.000,28.000,46.250,99.108
