trip_id,feed,route_id,route_name,weekly,n_stops,origin,destination,duration_min
demo:AT01_0_WD_00,demo,demo:AT01,AT01,5,8,city:2867714,city:3054643,392.0
demo:AT01_0_WD_01,demo,demo:AT01,AT01,5,8,city:2867714,city:3054643,392.0
demo:AT01_0_WD_02,demo,demo:AT01,AT01,5,8,city:2867714,city:3054643,392.0
demo:AT01_0_WD_03,demo,demo:AT01,AT01,5,8,city:2867714,city:3054643,392.0
demo:AT01_0_WE_00,demo,demo:AT01,AT01,2,8,city:2867714,city:3054643,392.0
demo:AT01_0_WE_01,demo,demo:AT01,AT01,2,8,city:2867714,city:3054643,392.0
demo:AT01_0_WE_02,demo,demo:AT01,AT01,2,8,city:2867714,city:3054643,392.0
demo:AT01_1_WD_00,demo,demo:AT01,AT01,5,8,city:3054643,city:2867714,392.0
demo:AT01_1_WD_01,demo,demo:AT01,AT01,5,8,city:3054643,city:2867714,392.0
demo:AT01_1_WD_02,demo,demo:AT01,AT01,5,8,city:3054643,city:2867714,392.0
demo:AT01_1_WD_03,demo,demo:AT01,AT01,5,8,city:3054643,city:2867714,392.0
demo:AT01_1_WE_00,demo,demo:AT01,AT01,2,8,city:3054643,city:2867714,392.0
demo:AT01_1_WE_01,demo,demo:AT01,AT01,2,8,city:3054643,city:2867714,392.0
demo:AT01_1_WE_02,demo,demo:AT01,AT01,2,8,city:3054643,city:2867714,392.0
demo:AT02_0_WD_00,demo,demo:AT02,AT02,5,6,city:2867714,city:2761369,225.0
demo:AT02_0_WD_01,demo,demo:AT02,AT02,5,6,city:2867714,city:2761369,225.0
demo:AT02_0_WD_02,demo,demo:AT02,AT02,5,6,city:2867714,city:2761369,225.0
demo:AT02_0_WD_03,demo,demo:AT02,AT02,5,6,city:2867714,city:2761369,225.0
demo:AT02_0_WE_00,demo,demo:AT02,AT02,2,6,city:2867714,city:2761369,225.0
demo:AT02_0_WE_01,demo,demo:AT02,AT02,2,6,city:2867714,city:2761369,225.0
demo:AT02_0_WE_02,demo,demo:AT02,AT02,2,6,city:2867714,city:2761369,225.0
demo:AT02_1_WD_00,demo,demo:AT02,AT02,5,6,city:2761369,city:2867714,225.0
demo:AT02_1_WD_01,demo,demo:AT02,AT02,5,6,city:2761369,city:2867714,225.0
demo:AT02_1_WD_02,demo,demo:AT02,AT02,5,6,city:2761369,city:2867714,225.0
demo:AT02_1_WD_03,demo,demo:AT02,AT02,5,6,city:2761369,city:2867714,225.0
demo:AT02_1_WE_00,demo,demo:AT02,AT02,2,6,city:2761369,city:2867714,225.0
demo:AT02_1_WE_01,demo,demo:AT02,AT02,2,6,city:2761369,city:2867714,225.0
demo:AT02_1_WE_02,demo,demo:AT02,AT02,2,6,city:2761369,city:2867714,225.0
demo:AT03_0_WD_00,demo,demo:AT03,AT03,5,4,city:2761369,city:3054643,160.0
demo:AT03_0_WD_01,demo,demo:AT03,AT03,5,4,city:2761369,city:3054643,160.0
demo:AT03_0_WD_02,demo,demo:AT03,AT03,5,4,city:2761369,city:3054643,160.0
demo:AT03_0_WD_03,demo,demo:AT03,AT03,5,4,city:2761369,city:3054643,160.0
demo:AT03_0_WD_04,demo,demo:AT03,AT03,5,4,city:2761369,city:3054643,160.0
demo:AT03_0_WD_05,demo,demo:AT03,AT03,5,4,city:2761369,city:3054643,160.0
demo:AT03_0_WD_06,demo,demo:AT03,AT03,5,4,city:2761369,city:3054643,160.0
demo:AT03_0_WD_07,demo,demo:AT03,AT03,5,4,city:2761369,city:3054643,160.0
demo:AT03_0_WE_00,demo,demo:AT03,AT03,2,4,city:2761369,city:3054643,160.0
demo:AT03_0_WE_01,demo,demo:AT03,AT03,2,4,city:2761369,city:3054643,160.0
demo:AT03_0_WE_02,demo,demo:AT03,AT03,2,4,city:2761369,city:3054643,160.0
demo:AT03_0_WE_03,demo,demo:AT03,AT03,2,4,city:2761369,city:3054643,160.0
demo:AT03_0_WE_04,demo,demo:AT03,AT03,2,4,city:2761369,city:3054643,160.0
demo:AT03_0_WE_05,demo,demo:AT03,AT03,2,4,city:2761369,city:3054643,160.0
demo:AT03_0_WE_06,demo,demo:AT03,AT03,2,4,city:2761369,city:3054643,160.0
demo:AT03_1_WD_00,demo,demo:AT03,AT03,5,4,city:3054643,city:2761369,160.0
demo:AT03_1_WD_01,demo,demo:AT03,AT03,5,4,city:3054643,city:2761369,160.0
demo:AT03_1_WD_02,demo,demo:AT03,AT03,5,4,city:3054643,city:2761369,160.0
demo:AT03_1_WD_03,demo,demo:AT03,AT03,5,4,city:3054643,city:2761369,160.0
demo:AT03_1_WD_04,demo,demo:AT03,AT03,5,4,city:3054643,city:2761369,160.0
demo:AT03_1_WD_05,demo,demo:AT03,AT03,5,4,city:3054643,city:2761369,160.0
demo:AT03_1_WD_06,demo,demo:AT03,AT03,5,4,city:3054643,city:2761369,160.0
demo:AT03_1_WD_07,demo,demo:AT03,AT03,5,4,city:3054643,city:2761369,160.0
demo:AT03_1_WE_00,demo,demo:AT03,AT03,2,4,city:3054643,city:2761369,160.0
demo:AT03_1_WE_01,demo,demo:AT03,AT03,2,4,city:3054643,city:2761369,160.0
demo:AT03_1_WE_02,demo,demo:AT03,AT03,2,4,city:3054643,city:2761369,160.0
demo:AT03_1_WE_03,demo,demo:AT03,AT03,2,4,city:3054643,city:2761369,160.0
demo:AT03_1_WE_04,demo,demo:AT03,AT03,2,4,city:3054643,city:2761369,160.0
demo:AT03_1_WE_05,demo,demo:AT03,AT03,2,4,city:3054643,city:2761369,160.0
demo:AT03_1_WE_06,demo,demo:AT03,AT03,2,4,city:3054643,city:2761369,160.0
demo:AT04_0_WD_00,demo,demo:AT04,AT04,5,4,city:2766824,city:2761369,142.0
demo:AT04_0_WD_01,demo,demo:AT04,AT04,5,4,city:2766824,city:2761369,142.0
demo:AT04_0_WD_02,demo,demo:AT04,AT04,5,4,city:2766824,city:2761369,142.0
demo:AT04_0_WD_03,demo,demo:AT04,AT04,5,4,city:2766824,city:2761369,142.0
demo:AT04_0_WD_04,demo,demo:AT04,AT04,5,4,city:2766824,city:2761369,142.0
demo:AT04_0_WD_05,demo,demo:AT04,AT04,5,4,city:2766824,city:2761369,142.0
demo:AT04_0_WD_06,demo,demo:AT04,AT04,5,4,city:2766824,city:2761369,142.0
demo:AT04_0_WD_07,demo,demo:AT04,AT04,5,4,city:2766824,city:2761369,142.0
demo:AT04_0_WD_08,demo,demo:AT04,AT04,5,4,city:2766824,city:2761369,142.0
demo:AT04_0_WD_09,demo,demo:AT04,AT04,5,4,city:2766824,city:2761369,142.0
demo:AT04_0_WD_10,demo,demo:AT04,AT04,5,4,city:2766824,city:2761369,142.0
demo:AT04_0_WD_11,demo,demo:AT04,AT04,5,4,city:2766824,city:2761369,142.0
demo:AT04_0_WD_12,demo,demo:AT04,AT04,5,4,city:2766824,city:2761369,142.0
demo:AT04_0_WD_13,demo,demo:AT04,AT04,5,4,city:2766824,city:2761369,142.0
demo:AT04_0_WD_14,demo,demo:AT04,AT04,5,4,city:2766824,city:2761369,142.0
demo:AT04_0_WD_15,demo,demo:AT04,AT04,5,4,city:2766824,city:2761369,142.0
demo:AT04_0_WE_00,demo,demo:AT04,AT04,2,4,city:2766824,city:2761369,142.0
demo:AT04_0_WE_01,demo,demo:AT04,AT04,2,4,city:2766824,city:2761369,142.0
demo:AT04_0_WE_02,demo,demo:AT04,AT04,2,4,city:2766824,city:2761369,142.0
demo:AT04_0_WE_03,demo,demo:AT04,AT04,2,4,city:2766824,city:2761369,142.0
demo:AT04_0_WE_04,demo,demo:AT04,AT04,2,4,city:2766824,city:2761369,142.0
demo:AT04_0_WE_05,demo,demo:AT04,AT04,2,4,city:2766824,city:2761369,142.0
demo:AT04_0_WE_06,demo,demo:AT04,AT04,2,4,city:2766824,city:2761369,142.0
demo:AT04_0_WE_07,demo,demo:AT04,AT04,2,4,city:2766824,city:2761369,142.0
demo:AT04_0_WE_08,demo,demo:AT04,AT04,2,4,city:2766824,city:2761369,142.0
demo:AT04_0_WE_09,demo,demo:AT04,AT04,2,4,city:2766824,city:2761369,142.0
demo:AT04_0_WE_10,demo,demo:AT04,AT04,2,4,city:2766824,city:2761369,142.0
demo:AT04_0_WE_11,demo,demo:AT04,AT04,2,4,city:2766824,city:2761369,142.0
demo:AT04_0_WE_12,demo,demo:AT04,AT04,2,4,city:2766824,city:2761369,142.0
demo:AT04_0_WE_13,demo,demo:AT04,AT04,2,4,city:2766824,city:2761369,142.0
demo:AT04_1_WD_00,demo,demo:AT04,AT04,5,4,city:2761369,city:2766824,142.0
demo:AT04_1_WD_01,demo,demo:AT04,AT04,5,4,city:2761369,city:2766824,142.0
demo:AT04_1_WD_02,demo,demo:AT04,AT04,5,4,city:2761369,city:2766824,142.0
demo:AT04_1_WD_03,demo,demo:AT04,AT04,5,4,city:2761369,city:2766824,142.0
demo:AT04_1_WD_04,demo,demo:AT04,AT04,5,4,city:2761369,city:2766824,142.0
demo:AT04_1_WD_05,demo,demo:AT04,AT04,5,4,city:2761369,city:2766824,142.0
demo:AT04_1_WD_06,demo,demo:AT04,AT04,5,4,city:2761369,city:2766824,142.0
demo:AT04_1_WD_07,demo,demo:AT04,AT04,5,4,city:2761369,city:2766824,142.0
demo:AT04_1_WD_08,demo,demo:AT04,AT04,5,4,city:2761369,city:2766824,142.0
demo:AT04_1_WD_09,demo,demo:AT04,AT04,5,4,city:2761369,city:2766824,142.0
demo:AT04_1_WD_10,demo,demo:AT04,AT04,5,4,city:2761369,city:2766824,142.0
demo:AT04_1_WD_11,demo,demo:AT04,AT04,5,4,city:2761369,city:2766824,142.0
demo:AT04_1_WD_12,demo,demo:AT04,AT04,5,4,city:2761369,city:2766824,142.0
demo:AT04_1_WD_13,demo,demo:AT04,AT04,5,4,city:2761369,city:2766824,142.0
demo:AT04_1_WD_14,demo,demo:AT04,AT04,5,4,city:2761369,city:2766824,142.0
demo:AT04_1_WD_15,demo,demo:AT04,AT04,5,4,city:2761369,city:2766824,142.0
demo:AT04_1_WE_00,demo,demo:AT04,AT04,2,4,city:2761369,city:2766824,142.0
demo:AT04_1_WE_01,demo,demo:AT04,AT04,2,4,city:2761369,city:2766824,142.0
demo:AT04_1_WE_02,demo,demo:AT04,AT04,2,4,city:2761369,city:2766824,142.0
demo:AT04_1_WE_03,demo,demo:AT04,AT04,2,4,city:2761369,city:2766824,142.0
demo:AT04_1_WE_04,demo,demo:AT04,AT04,2,4,city:2761369,city:2766824,142.0
demo:AT04_1_WE_05,demo,demo:AT04,AT04,2,4,city:2761369,city:2766824,142.0
demo:AT04_1_WE_06,demo,demo:AT04,AT04,2,4,city:2761369,city:2766824,142.0
demo:AT04_1_WE_07,demo,demo:AT04,AT04,2,4,city:2761369,city:2766824,142.0
demo:AT04_1_WE_08,demo,demo:AT04,AT04,2,4,city:2761369,city:2766824,142.0
demo:AT04_1_WE_09,demo,demo:AT04,AT04,2,4,city:2761369,city:2766824,142.0
demo:AT04_1_WE_10,demo,demo:AT04,AT04,2,4,city:2761369,city:2766824,142.0
demo:AT04_1_WE_11,demo,demo:AT04,AT04,2,4,city:2761369,city:2766824,142.0
demo:AT04_1_WE_12,demo,demo:AT04,AT04,2,4,city:2761369,city:2766824,142.0
demo:AT04_1_WE_13,demo,demo:AT04,AT04,2,4,city:2761369,city:2766824,142.0
demo:AT05_0_WD_00,demo,demo:AT05,AT05,5,4,city:2766824,city:2761369,150.0
demo:AT05_0_WD_01,demo,demo:AT05,AT05,5,4,city:2766824,city:2761369,150.0
demo:AT05_0_WD_02,demo,demo:AT05,AT05,5,4,city:2766824,city:2761369,150.0
demo:AT05_0_WD_03,demo,demo:AT05,AT05,5,4,city:2766824,city:2761369,150.0
demo:AT05_0_WD_04,demo,demo:AT05,AT05,5,4,city:2766824,city:2761369,150.0
demo:AT05_0_WD_05,demo,demo:AT05,AT05,5,4,city:2766824,city:2761369,150.0
demo:AT05_0_WD_06,demo,demo:AT05,AT05,5,4,city:2766824,city:2761369,150.0
demo:AT05_0_WD_07,demo,demo:AT05,AT05,5,4,city:2766824,city:2761369,150.0
demo:AT05_0_WD_08,demo,demo:AT05,AT05,5,4,city:2766824,city:2761369,150.0
demo:AT05_0_WD_09,demo,demo:AT05,AT05,5,4,city:2766824,city:2761369,150.0
demo:AT05_0_WD_10,demo,demo:AT05,AT05,5,4,city:2766824,city:2761369,150.0
demo:AT05_0_WD_11,demo,demo:AT05,AT05,5,4,city:2766824,city:2761369,150.0
demo:AT05_0_WE_00,demo,demo:AT05,AT05,2,4,city:2766824,city:2761369,150.0
demo:AT05_0_WE_01,demo,demo:AT05,AT05,2,4,city:2766824,city:2761369,150.0
demo:AT05_0_WE_02,demo,demo:AT05,AT05,2,4,city:2766824,city:2761369,150.0
demo:AT05_0_WE_03,demo,demo:AT05,AT05,2,4,city:2766824,city:2761369,150.0
demo:AT05_0_WE_04,demo,demo:AT05,AT05,2,4,city:2766824,city:2761369,150.0
demo:AT05_0_WE_05,demo,demo:AT05,AT05,2,4,city:2766824,city:2761369,150.0
demo:AT05_0_WE_06,demo,demo:AT05,AT05,2,4,city:2766824,city:2761369,150.0
demo:AT05_0_WE_07,demo,demo:AT05,AT05,2,4,city:2766824,city:2761369,150.0
demo:AT05_0_WE_08,demo,demo:AT05,AT05,2,4,city:2766824,city:2761369,150.0
demo:AT05_0_WE_09,demo,demo:AT05,AT05,2,4,city:2766824,city:2761369,150.0
demo:AT05_1_WD_00,demo,demo:AT05,AT05,5,4,city:2761369,city:2766824,150.0
demo:AT05_1_WD_01,demo,demo:AT05,AT05,5,4,city:2761369,city:2766824,150.0
demo:AT05_1_WD_02,demo,demo:AT05,AT05,5,4,city:2761369,city:2766824,150.0
demo:AT05_1_WD_03,demo,demo:AT05,AT05,5,4,city:2761369,city:2766824,150.0
demo:AT05_1_WD_04,demo,demo:AT05,AT05,5,4,city:2761369,city:2766824,150.0
demo:AT05_1_WD_05,demo,demo:AT05,AT05,5,4,city:2761369,city:2766824,150.0
demo:AT05_1_WD_06,demo,demo:AT05,AT05,5,4,city:2761369,city:2766824,150.0
demo:AT05_1_WD_07,demo,demo:AT05,AT05,5,4,city:2761369,city:2766824,150.0
demo:AT05_1_WD_08,demo,demo:AT05,AT05,5,4,city:2761369,city:2766824,150.0
demo:AT05_1_WD_09,demo,demo:AT05,AT05,5,4,city:2761369,city:2766824,150.0
demo:AT05_1_WD_10,demo,demo:AT05,AT05,5,4,city:2761369,city:2766824,150.0
demo:AT05_1_WD_11,demo,demo:AT05,AT05,5,4,city:2761369,city:2766824,150.0
demo:AT05_1_WE_00,demo,demo:AT05,AT05,2,4,city:2761369,city:2766824,150.0
demo:AT05_1_WE_01,demo,demo:AT05,AT05,2,4,city:2761369,city:2766824,150.0
demo:AT05_1_WE_02,demo,demo:AT05,AT05,2,4,city:2761369,city:2766824,150.0
demo:AT05_1_WE_03,demo,demo:AT05,AT05,2,4,city:2761369,city:2766824,150.0
demo:AT05_1_WE_04,demo,demo:AT05,AT05,2,4,city:2761369,city:2766824,150.0
demo:AT05_1_WE_05,demo,demo:AT05,AT05,2,4,city:2761369,city:2766824,150.0
demo:AT05_1_WE_06,demo,demo:AT05,AT05,2,4,city:2761369,city:2766824,150.0
demo:AT05_1_WE_07,demo,demo:AT05,AT05,2,4,city:2761369,city:2766824,150.0
demo:AT05_1_WE_08,demo,demo:AT05,AT05,2,4,city:2761369,city:2766824,150.0
demo:AT05_1_WE_09,demo,demo:AT05,AT05,2,4,city:2761369,city:2766824,150.0
demo:AT06_0_WD_00,demo,demo:AT06,AT06,5,12,city:2657896,city:2761369,475.0
demo:AT06_0_WD_01,demo,demo:AT06,AT06,5,12,city:2657896,city:2761369,475.0
demo:AT06_0_WD_02,demo,demo:AT06,AT06,5,12,city:2657896,city:2761369,475.0
demo:AT06_0_WD_03,demo,demo:AT06,AT06,5,12,city:2657896,city:2761369,475.0
demo:AT06_0_WD_04,demo,demo:AT06,AT06,5,12,city:2657896,city:2761369,475.0
demo:AT06_0_WE_00,demo,demo:AT06,AT06,2,12,city:2657896,city:2761369,475.0
demo:AT06_0_WE_01,demo,demo:AT06,AT06,2,12,city:2657896,city:2761369,475.0
demo:AT06_0_WE_02,demo,demo:AT06,AT06,2,12,city:2657896,city:2761369,475.0
demo:AT06_0_WE_03,demo,demo:AT06,AT06,2,12,city:2657896,city:2761369,475.0
demo:AT06_1_WD_00,demo,demo:AT06,AT06,5,12,city:2761369,city:2657896,475.0
demo:AT06_1_WD_01,demo,demo:AT06,AT06,5,12,city:2761369,city:2657896,475.0
demo:AT06_1_WD_02,demo,demo:AT06,AT06,5,12,city:2761369,city:2657896,475.0
demo:AT06_1_WD_03,demo,demo:AT06,AT06,5,12,city:2761369,city:2657896,475.0
demo:AT06_1_WD_04,demo,demo:AT06,AT06,5,12,city:2761369,city:2657896,475.0
demo:AT06_1_WE_00,demo,demo:AT06,AT06,2,12,city:2761369,city:2657896,475.0
demo:AT06_1_WE_01,demo,demo:AT06,AT06,2,12,city:2761369,city:2657896,475.0
demo:AT06_1_WE_02,demo,demo:AT06,AT06,2,12,city:2761369,city:2657896,475.0
demo:AT06_1_WE_03,demo,demo:AT06,AT06,2,12,city:2761369,city:2657896,475.0
demo:AT07_0_WD_00,demo,demo:AT07,AT07,5,5,city:2761369,city:2775220,255.0
demo:AT07_0_WD_01,demo,demo:AT07,AT07,5,5,city:2761369,city:2775220,255.0
demo:AT07_0_WD_02,demo,demo:AT07,AT07,5,5,city:2761369,city:2775220,255.0
demo:AT07_0_WD_03,demo,demo:AT07,AT07,5,5,city:2761369,city:2775220,255.0
demo:AT07_0_WD_04,demo,demo:AT07,AT07,5,5,city:2761369,city:2775220,255.0
demo:AT07_0_WD_05,demo,demo:AT07,AT07,5,5,city:2761369,city:2775220,255.0
demo:AT07_0_WD_06,demo,demo:AT07,AT07,5,5,city:2761369,city:2775220,255.0
demo:AT07_0_WD_07,demo,demo:AT07,AT07,5,5,city:2761369,city:2775220,255.0
demo:AT07_0_WE_00,demo,demo:AT07,AT07,2,5,city:2761369,city:2775220,255.0
demo:AT07_0_WE_01,demo,demo:AT07,AT07,2,5,city:2761369,city:2775220,255.0
demo:AT07_0_WE_02,demo,demo:AT07,AT07,2,5,city:2761369,city:2775220,255.0
demo:AT07_0_WE_03,demo,demo:AT07,AT07,2,5,city:2761369,city:2775220,255.0
demo:AT07_0_WE_04,demo,demo:AT07,AT07,2,5,city:2761369,city:2775220,255.0
demo:AT07_0_WE_05,demo,demo:AT07,AT07,2,5,city:2761369,city:2775220,255.0
demo:AT07_0_WE_06,demo,demo:AT07,AT07,2,5,city:2761369,city:2775220,255.0
demo:AT07_1_WD_00,demo,demo:AT07,AT07,5,5,city:2775220,city:2761369,255.0
demo:AT07_1_WD_01,demo,demo:AT07,AT07,5,5,city:2775220,city:2761369,255.0
demo:AT07_1_WD_02,demo,demo:AT07,AT07,5,5,city:2775220,city:2761369,255.0
demo:AT07_1_WD_03,demo,demo:AT07,AT07,5,5,city:2775220,city:2761369,255.0
demo:AT07_1_WD_04,demo,demo:AT07,AT07,5,5,city:2775220,city:2761369,255.0
demo:AT07_1_WD_05,demo,demo:AT07,AT07,5,5,city:2775220,city:2761369,255.0
demo:AT07_1_WD_06,demo,demo:AT07,AT07,5,5,city:2775220,city:2761369,255.0
demo:AT07_1_WD_07,demo,demo:AT07,AT07,5,5,city:2775220,city:2761369,255.0
demo:AT07_1_WE_00,demo,demo:AT07,AT07,2,5,city:2775220,city:2761369,255.0
demo:AT07_1_WE_01,demo,demo:AT07,AT07,2,5,city:2775220,city:2761369,255.0
demo:AT07_1_WE_02,demo,demo:AT07,AT07,2,5,city:2775220,city:2761369,255.0
demo:AT07_1_WE_03,demo,demo:AT07,AT07,2,5,city:2775220,city:2761369,255.0
demo:AT07_1_WE_04,demo,demo:AT07,AT07,2,5,city:2775220,city:2761369,255.0
demo:AT07_1_WE_05,demo,demo:AT07,AT07,2,5,city:2775220,city:2761369,255.0
demo:AT07_1_WE_06,demo,demo:AT07,AT07,2,5,city:2775220,city:2761369,255.0
demo:AT08_0_WD_00,demo,demo:AT08,AT08,5,10,city:2867714,city:3181928,400.0
demo:AT08_0_WD_01,demo,demo:AT08,AT08,5,10,city:2867714,city:3181928,400.0
demo:AT08_0_WD_02,demo,demo:AT08,AT08,5,10,city:2867714,city:3181928,400.0
demo:AT08_0_WE_00,demo,demo:AT08,AT08,2,10,city:2867714,city:3181928,400.0
demo:AT08_0_WE_01,demo,demo:AT08,AT08,2,10,city:2867714,city:3181928,400.0
demo:AT08_0_WE_02,demo,demo:AT08,AT08,2,10,city:2867714,city:3181928,400.0
demo:AT08_1_WD_00,demo,demo:AT08,AT08,5,10,city:3181928,city:2867714,400.0
demo:AT08_1_WD_01,demo,demo:AT08,AT08,5,10,city:3181928,city:2867714,400.0
demo:AT08_1_WD_02,demo,demo:AT08,AT08,5,10,city:3181928,city:2867714,400.0
demo:AT08_1_WE_00,demo,demo:AT08,AT08,2,10,city:3181928,city:2867714,400.0
demo:AT08_1_WE_01,demo,demo:AT08,AT08,2,10,city:3181928,city:2867714,400.0
demo:AT08_1_WE_02,demo,demo:AT08,AT08,2,10,city:3181928,city:2867714,400.0
demo:AT09_0_WD_00,demo,demo:AT09,AT09,5,4,city:2761369,city:2778067,155.0
demo:AT09_0_WD_01,demo,demo:AT09,AT09,5,4,city:2761369,city:2778067,155.0
demo:AT09_0_WD_02,demo,demo:AT09,AT09,5,4,city:2761369,city:2778067,155.0
demo:AT09_0_WD_03,demo,demo:AT09,AT09,5,4,city:2761369,city:2778067,155.0
demo:AT09_0_WD_04,demo,demo:AT09,AT09,5,4,city:2761369,city:2778067,155.0
demo:AT09_0_WD_05,demo,demo:AT09,AT09,5,4,city:2761369,city:2778067,155.0
demo:AT09_0_WD_06,demo,demo:AT09,AT09,5,4,city:2761369,city:2778067,155.0
demo:AT09_0_WD_07,demo,demo:AT09,AT09,5,4,city:2761369,city:2778067,155.0
demo:AT09_0_WD_08,demo,demo:AT09,AT09,5,4,city:2761369,city:2778067,155.0
demo:AT09_0_WD_09,demo,demo:AT09,AT09,5,4,city:2761369,city:2778067,155.0
demo:AT09_0_WD_10,demo,demo:AT09,AT09,5,4,city:2761369,city:2778067,155.0
demo:AT09_0_WD_11,demo,demo:AT09,AT09,5,4,city:2761369,city:2778067,155.0
demo:AT09_0_WD_12,demo,demo:AT09,AT09,5,4,city:2761369,city:2778067,155.0
demo:AT09_0_WD_13,demo,demo:AT09,AT09,5,4,city:2761369,city:2778067,155.0
demo:AT09_0_WD_14,demo,demo:AT09,AT09,5,4,city:2761369,city:2778067,155.0
demo:AT09_0_WD_15,demo,demo:AT09,AT09,5,4,city:2761369,city:2778067,155.0
demo:AT09_0_WE_00,demo,demo:AT09,AT09,2,4,city:2761369,city:2778067,155.0
demo:AT09_0_WE_01,demo,demo:AT09,AT09,2,4,city:2761369,city:2778067,155.0
demo:AT09_0_WE_02,demo,demo:AT09,AT09,2,4,city:2761369,city:2778067,155.0
demo:AT09_0_WE_03,demo,demo:AT09,AT09,2,4,city:2761369,city:2778067,154.0
demo:AT09_0_WE_04,demo,demo:AT09,AT09,2,4,city:2761369,city:2778067,155.0
demo:AT09_0_WE_05,demo,demo:AT09,AT09,2,4,city:2761369,city:2778067,155.0
demo:AT09_0_WE_06,demo,demo:AT09,AT09,2,4,city:2761369,city:2778067,155.0
demo:AT09_0_WE_07,demo,demo:AT09,AT09,2,4,city:2761369,city:2778067,155.0
demo:AT09_0_WE_08,demo,demo:AT09,AT09,2,4,city:2761369,city:2778067,155.0
demo:AT09_0_WE_09,demo,demo:AT09,AT09,2,4,city:2761369,city:2778067,155.0
demo:AT09_0_WE_10,demo,demo:AT09,AT09,2,4,city:2761369,city:2778067,156.0
demo:AT09_0_WE_11,demo,demo:AT09,AT09,2,4,city:2761369,city:2778067,155.0
demo:AT09_0_WE_12,demo,demo:AT09,AT09,2,4,city:2761369,city:2778067,155.0
demo:AT09_0_WE_13,demo,demo:AT09,AT09,2,4,city:2761369,city:2778067,155.0
demo:AT09_1_WD_00,demo,demo:AT09,AT09,5,4,city:2778067,city:2761369,155.0
demo:AT09_1_WD_01,demo,demo:AT09,AT09,5,4,city:2778067,city:2761369,155.0
demo:AT09_1_WD_02,demo,demo:AT09,AT09,5,4,city:2778067,city:2761369,155.0
demo:AT09_1_WD_03,demo,demo:AT09,AT09,5,4,city:2778067,city:2761369,155.0
demo:AT09_1_WD_04,demo,demo:AT09,AT09,5,4,city:2778067,city:2761369,155.0
demo:AT09_1_WD_05,demo,demo:AT09,AT09,5,4,city:2778067,city:2761369,155.0
demo:AT09_1_WD_06,demo,demo:AT09,AT09,5,4,city:2778067,city:2761369,155.0
demo:AT09_1_WD_07,demo,demo:AT09,AT09,5,4,city:2778067,city:2761369,155.0
demo:AT09_1_WD_08,demo,demo:AT09,AT09,5,4,city:2778067,city:2761369,155.0
demo:AT09_1_WD_09,demo,demo:AT09,AT09,5,4,city:2778067,city:2761369,155.0
demo:AT09_1_WD_10,demo,demo:AT09,AT09,5,4,city:2778067,city:2761369,155.0
demo:AT09_1_WD_11,demo,demo:AT09,AT09,5,4,city:2778067,city:2761369,155.0
demo:AT09_1_WD_12,demo,demo:AT09,AT09,5,4,city:2778067,city:2761369,155.0
demo:AT09_1_WD_13,demo,demo:AT09,AT09,5,4,city:2778067,city:2761369,155.0
demo:AT09_1_WD_14,demo,demo:AT09,AT09,5,4,city:2778067,city:2761369,155.0
demo:AT09_1_WD_15,demo,demo:AT09,AT09,5,4,city:2778067,city:2761369,155.0
demo:AT09_1_WE_00,demo,demo:AT09,AT09,2,4,city:2778067,city:2761369,155.0
demo:AT09_1_WE_01,demo,demo:AT09,AT09,2,4,city:2778067,city:2761369,155.0
demo:AT09_1_WE_02,demo,demo:AT09,AT09,2,4,city:2778067,city:2761369,155.0
demo:AT09_1_WE_03,demo,demo:AT09,AT09,2,4,city:2778067,city:2761369,154.0
demo:AT09_1_WE_04,demo,demo:AT09,AT09,2,4,city:2778067,city:2761369,155.0
demo:AT09_1_WE_05,demo,demo:AT09,AT09,2,4,city:2778067,city:2761369,155.0
demo:AT09_1_WE_06,demo,demo:AT09,AT09,2,4,city:2778067,city:2761369,155.0
demo:AT09_1_WE_07,demo,demo:AT09,AT09,2,4,city:2778067,city:2761369,155.0
demo:AT09_1_WE_08,demo,demo:AT09,AT09,2,4,city:2778067,city:2761369,155.0
demo:AT09_1_WE_09,demo,demo:AT09,AT09,2,4,city:2778067,city:2761369,155.0
demo:AT09_1_WE_10,demo,demo:AT09,AT09,2,4,city:2778067,city:2761369,156.0
demo:AT09_1_WE_11,demo,demo:AT09,AT09,2,4,city:2778067,city:2761369,155.0
demo:AT09_1_WE_12,demo,demo:AT09,AT09,2,4,city:2778067,city:2761369,155.0
demo:AT09_1_WE_13,demo,demo:AT09,AT09,2,4,city:2778067,city:2761369,155.0
demo:AT10_0_WD_00,demo,demo:AT10,AT10,5,5,city:2761369,city:2762372,262.0
demo:AT10_0_WD_01,demo,demo:AT10,AT10,5,5,city:2761369,city:2762372,262.0
demo:AT10_0_WD_02,demo,demo:AT10,AT10,5,5,city:2761369,city:2762372,262.0
demo:AT10_0_WD_03,demo,demo:AT10,AT10,5,5,city:2761369,city:2762372,262.0
demo:AT10_0_WD_04,demo,demo:AT10,AT10,5,5,city:2761369,city:2762372,262.0
demo:AT10_0_WD_05,demo,demo:AT10,AT10,5,5,city:2761369,city:2762372,262.0
demo:AT10_0_WD_06,demo,demo:AT10,AT10,5,5,city:2761369,city:2762372,262.0
demo:AT10_0_WD_07,demo,demo:AT10,AT10,5,5,city:2761369,city:2762372,262.0
demo:AT10_0_WE_00,demo,demo:AT10,AT10,2,5,city:2761369,city:2762372,262.0
demo:AT10_0_WE_01,demo,demo:AT10,AT10,2,5,city:2761369,city:2762372,262.0
demo:AT10_0_WE_02,demo,demo:AT10,AT10,2,5,city:2761369,city:2762372,262.0
demo:AT10_0_WE_03,demo,demo:AT10,AT10,2,5,city:2761369,city:2762372,262.0
demo:AT10_0_WE_04,demo,demo:AT10,AT10,2,5,city:2761369,city:2762372,262.0
demo:AT10_0_WE_05,demo,demo:AT10,AT10,2,5,city:2761369,city:2762372,262.0
demo:AT10_0_WE_06,demo,demo:AT10,AT10,2,5,city:2761369,city:2762372,262.0
demo:AT10_1_WD_00,demo,demo:AT10,AT10,5,5,city:2762372,city:2761369,262.0
demo:AT10_1_WD_01,demo,demo:AT10,AT10,5,5,city:2762372,city:2761369,262.0
demo:AT10_1_WD_02,demo,demo:AT10,AT10,5,5,city:2762372,city:2761369,262.0
demo:AT10_1_WD_03,demo,demo:AT10,AT10,5,5,city:2762372,city:2761369,262.0
demo:AT10_1_WD_04,demo,demo:AT10,AT10,5,5,city:2762372,city:2761369,262.0
demo:AT10_1_WD_05,demo,demo:AT10,AT10,5,5,city:2762372,city:2761369,262.0
demo:AT10_1_WD_06,demo,demo:AT10,AT10,5,5,city:2762372,city:2761369,262.0
demo:AT10_1_WD_07,demo,demo:AT10,AT10,5,5,city:2762372,city:2761369,262.0
demo:AT10_1_WE_00,demo,demo:AT10,AT10,2,5,city:2762372,city:2761369,262.0
demo:AT10_1_WE_01,demo,demo:AT10,AT10,2,5,city:2762372,city:2761369,262.0
demo:AT10_1_WE_02,demo,demo:AT10,AT10,2,5,city:2762372,city:2761369,262.0
demo:AT10_1_WE_03,demo,demo:AT10,AT10,2,5,city:2762372,city:2761369,262.0
demo:AT10_1_WE_04,demo,demo:AT10,AT10,2,5,city:2762372,city:2761369,262.0
demo:AT10_1_WE_05,demo,demo:AT10,AT10,2,5,city:2762372,city:2761369,262.0
demo:AT10_1_WE_06,demo,demo:AT10,AT10,2,5,city:2762372,city:2761369,262.0
demo:AT11_0_WD_00,demo,demo:AT11,AT11,5,5,city:2761369,city:3067696,245.0
demo:AT11_0_WD_01,demo,demo:AT11,AT11,5,5,city:2761369,city:3067696,245.0
demo:AT11_0_WD_02,demo,demo:AT11,AT11,5,5,city:2761369,city:3067696,245.0
demo:AT11_0_WD_03,demo,demo:AT11,AT11,5,5,city:2761369,city:3067696,245.0
demo:AT11_0_WD_04,demo,demo:AT11,AT11,5,5,city:2761369,city:3067696,245.0
demo:AT11_0_WD_05,demo,demo:AT11,AT11,5,5,city:2761369,city:3067696,245.0
demo:AT11_0_WD_06,demo,demo:AT11,AT11,5,5,city:2761369,city:3067696,245.0
demo:AT11_0_WD_07,demo,demo:AT11,AT11,5,5,city:2761369,city:3067696,245.0
demo:AT11_0_WE_00,demo,demo:AT11,AT11,2,5,city:2761369,city:3067696,245.0
demo:AT11_0_WE_01,demo,demo:AT11,AT11,2,5,city:2761369,city:3067696,245.0
demo:AT11_0_WE_02,demo,demo:AT11,AT11,2,5,city:2761369,city:3067696,245.0
demo:AT11_0_WE_03,demo,demo:AT11,AT11,2,5,city:2761369,city:3067696,245.0
demo:AT11_0_WE_04,demo,demo:AT11,AT11,2,5,city:2761369,city:3067696,245.0
demo:AT11_0_WE_05,demo,demo:AT11,AT11,2,5,city:2761369,city:3067696,245.0
demo:AT11_0_WE_06,demo,demo:AT11,AT11,2,5,city:2761369,city:3067696,245.0
demo:AT11_1_WD_00,demo,demo:AT11,AT11,5,5,city:3067696,city:2761369,245.0
demo:AT11_1_WD_01,demo,demo:AT11,AT11,5,5,city:3067696,city:2761369,245.0
demo:AT11_1_WD_02,demo,demo:AT11,AT11,5,5,city:3067696,city:2761369,245.0
demo:AT11_1_WD_03,demo,demo:AT11,AT11,5,5,city:3067696,city:2761369,245.0
demo:AT11_1_WD_04,demo,demo:AT11,AT11,5,5,city:3067696,city:2761369,245.0
demo:AT11_1_WD_05,demo,demo:AT11,AT11,5,5,city:3067696,city:2761369,245.0
demo:AT11_1_WD_06,demo,demo:AT11,AT11,5,5,city:3067696,city:2761369,245.0
demo:AT11_1_WD_07,demo,demo:AT11,AT11,5,5,city:3067696,city:2761369,245.0
demo:AT11_1_WE_00,demo,demo:AT11,AT11,2,5,city:3067696,city:2761369,245.0
demo:AT11_1_WE_01,demo,demo:AT11,AT11,2,5,city:3067696,city:2761369,245.0
demo:AT11_1_WE_02,demo,demo:AT11,AT11,2,5,city:3067696,city:2761369,245.0
demo:AT11_1_WE_03,demo,demo:AT11,AT11,2,5,city:3067696,city:2761369,245.0
demo:AT11_1_WE_04,demo,demo:AT11,AT11,2,5,city:3067696,city:2761369,245.0
demo:AT11_1_WE_05,demo,demo:AT11,AT11,2,5,city:3067696,city:2761369,245.0
demo:AT11_1_WE_06,demo,demo:AT11,AT11,2,5,city:3067696,city:2761369,245.0
demo:AT12_0_WD_00,demo,demo:AT12,AT12,5,2,city:2761369,city:3060972,62.0
demo:AT12_0_WD_01,demo,demo:AT12,AT12,5,2,city:2761369,city:3060972,62.0
demo:AT12_0_WD_02,demo,demo:AT12,AT12,5,2,city:2761369,city:3060972,62.0
demo:AT12_0_WD_03,demo,demo:AT12,AT12,5,2,city:2761369,city:3060972,62.0
demo:AT12_0_WD_04,demo,demo:AT12,AT12,5,2,city:2761369,city:3060972,62.0
demo:AT12_0_WD_05,demo,demo:AT12,AT12,5,2,city:2761369,city:3060972,62.0
demo:AT12_0_WD_06,demo,demo:AT12,AT12,5,2,city:2761369,city:3060972,62.0
demo:AT12_0_WD_07,demo,demo:AT12,AT12,5,2,city:2761369,city:3060972,62.0
demo:AT12_0_WD_08,demo,demo:AT12,AT12,5,2,city:2761369,city:3060972,62.0
demo:AT12_0_WD_09,demo,demo:AT12,AT12,5,2,city:2761369,city:3060972,62.0
demo:AT12_0_WD_10,demo,demo:AT12,AT12,5,2,city:2761369,city:3060972,62.0
demo:AT12_0_WD_11,demo,demo:AT12,AT12,5,2,city:2761369,city:3060972,62.0
demo:AT12_0_WD_12,demo,demo:AT12,AT12,5,2,city:2761369,city:3060972,62.0
demo:AT12_0_WD_13,demo,demo:AT12,AT12,5,2,city:2761369,city:3060972,62.0
demo:AT12_0_WD_14,demo,demo:AT12,AT12,5,2,city:2761369,city:3060972,62.0
demo:AT12_0_WD_15,demo,demo:AT12,AT12,5,2,city:2761369,city:3060972,62.0
demo:AT12_0_WE_00,demo,demo:AT12,AT12,2,2,city:2761369,city:3060972,62.0
demo:AT12_0_WE_01,demo,demo:AT12,AT12,2,2,city:2761369,city:3060972,62.0
demo:AT12_0_WE_02,demo,demo:AT12,AT12,2,2,city:2761369,city:3060972,62.0
demo:AT12_0_WE_03,demo,demo:AT12,AT12,2,2,city:2761369,city:3060972,62.0
demo:AT12_0_WE_04,demo,demo:AT12,AT12,2,2,city:2761369,city:3060972,62.0
demo:AT12_0_WE_05,demo,demo:AT12,AT12,2,2,city:2761369,city:3060972,62.0
demo:AT12_0_WE_06,demo,demo:AT12,AT12,2,2,city:2761369,city:3060972,62.0
demo:AT12_0_WE_07,demo,demo:AT12,AT12,2,2,city:2761369,city:3060972,62.0
demo:AT12_0_WE_08,demo,demo:AT12,AT12,2,2,city:2761369,city:3060972,62.0
demo:AT12_0_WE_09,demo,demo:AT12,AT12,2,2,city:2761369,city:3060972,62.0
demo:AT12_0_WE_10,demo,demo:AT12,AT12,2,2,city:2761369,city:3060972,62.0
demo:AT12_0_WE_11,demo,demo:AT12,AT12,2,2,city:2761369,city:3060972,62.0
demo:AT12_0_WE_12,demo,demo:AT12,AT12,2,2,city:2761369,city:3060972,62.0
demo:AT12_0_WE_13,demo,demo:AT12,AT12,2,2,city:2761369,city:3060972,62.0
demo:AT12_1_WD_00,demo,demo:AT12,AT12,5,2,city:3060972,city:2761369,62.0
demo:AT12_1_WD_01,demo,demo:AT12,AT12,5,2,city:3060972,city:2761369,62.0
demo:AT12_1_WD_02,demo,demo:AT12,AT12,5,2,city:3060972,city:2761369,62.0
demo:AT12_1_WD_03,demo,demo:AT12,AT12,5,2,city:3060972,city:2761369,62.0
demo:AT12_1_WD_04,demo,demo:AT12,AT12,5,2,city:3060972,city:2761369,62.0
demo:AT12_1_WD_05,demo,demo:AT12,AT12,5,2,city:3060972,city:2761369,62.0
demo:AT12_1_WD_06,demo,demo:AT12,AT12,5,2,city:3060972,city:2761369,62.0
demo:AT12_1_WD_07,demo,demo:AT12,AT12,5,2,city:3060972,city:2761369,62.0
demo:AT12_1_WD_08,demo,demo:AT12,AT12,5,2,city:3060972,city:2761369,62.0
demo:AT12_1_WD_09,demo,demo:AT12,AT12,5,2,city:3060972,city:2761369,62.0
demo:AT12_1_WD_10,demo,demo:AT12,AT12,5,2,city:3060972,city:2761369,62.0
demo:AT12_1_WD_11,demo,demo:AT12,AT12,5,2,city:3060972,city:2761369,62.0
demo:AT12_1_WD_12,demo,demo:AT12,AT12,5,2,city:3060972,city:2761369,62.0
demo:AT12_1_WD_13,demo,demo:AT12,AT12,5,2,city:3060972,city:2761369,62.0
demo:AT12_1_WD_14,demo,demo:AT12,AT12,5,2,city:3060972,city:2761369,62.0
demo:AT12_1_WD_15,demo,demo:AT12,AT12,5,2,city:3060972,city:2761369,62.0
demo:AT12_1_WE_00,demo,demo:AT12,AT12,2,2,city:3060972,city:2761369,62.0
demo:AT12_1_WE_01,demo,demo:AT12,AT12,2,2,city:3060972,city:2761369,62.0
demo:AT12_1_WE_02,demo,demo:AT12,AT12,2,2,city:3060972,city:2761369,62.0
demo:AT12_1_WE_03,demo,demo:AT12,AT12,2,2,city:3060972,city:2761369,62.0
demo:AT12_1_WE_04,demo,demo:AT12,AT12,2,2,city:3060972,city:2761369,62.0
demo:AT12_1_WE_05,demo,demo:AT12,AT12,2,2,city:3060972,city:2761369,62.0
demo:AT12_1_WE_06,demo,demo:AT12,AT12,2,2,city:3060972,city:2761369,62.0
demo:AT12_1_WE_07,demo,demo:AT12,AT12,2,2,city:3060972,city:2761369,62.0
demo:AT12_1_WE_08,demo,demo:AT12,AT12,2,2,city:3060972,city:2761369,62.0
demo:AT12_1_WE_09,demo,demo:AT12,AT12,2,2,city:3060972,city:2761369,62.0
demo:AT12_1_WE_10,demo,demo:AT12,AT12,2,2,city:3060972,city:2761369,62.0
demo:AT12_1_WE_11,demo,demo:AT12,AT12,2,2,city:3060972,city:2761369,62.0
demo:AT12_1_WE_12,demo,demo:AT12,AT12,2,2,city:3060972,city:2761369,62.0
demo:AT12_1_WE_13,demo,demo:AT12,AT12,2,2,city:3060972,city:2761369,62.0
demo:AT13_0_WD_00,demo,demo:AT13,AT13,5,5,city:2761369,city:3196359,330.0
demo:AT13_0_WD_01,demo,demo:AT13,AT13,5,5,city:2761369,city:3196359,330.0
demo:AT13_0_WE_00,demo,demo:AT13,AT13,2,5,city:2761369,city:3196359,330.0
demo:AT13_0_WE_01,demo,demo:AT13,AT13,2,5,city:2761369,city:3196359,330.0
demo:AT13_1_WD_00,demo,demo:AT13,AT13,5,5,city:3196359,city:2761369,330.0
demo:AT13_1_WD_01,demo,demo:AT13,AT13,5,5,city:3196359,city:2761369,330.0
demo:AT13_1_WE_00,demo,demo:AT13,AT13,2,5,city:3196359,city:2761369,330.0
demo:AT13_1_WE_01,demo,demo:AT13,AT13,2,5,city:3196359,city:2761369,330.0
demo:AT14_0_WD_00,demo,demo:AT14,AT14,5,8,city:2867714,city:3186886,504.0
demo:AT14_0_WD_01,demo,demo:AT14,AT14,5,8,city:2867714,city:3186886,506.0
demo:AT14_0_WE_00,demo,demo:AT14,AT14,2,8,city:2867714,city:3186886,504.0
demo:AT14_0_WE_01,demo,demo:AT14,AT14,2,8,city:2867714,city:3186886,506.0
demo:AT14_1_WD_00,demo,demo:AT14,AT14,5,8,city:3186886,city:2867714,504.0
demo:AT14_1_WD_01,demo,demo:AT14,AT14,5,8,city:3186886,city:2867714,506.0
demo:AT14_1_WE_00,demo,demo:AT14,AT14,2,8,city:3186886,city:2867714,504.0
demo:AT14_1_WE_01,demo,demo:AT14,AT14,2,8,city:3186886,city:2867714,506.0
demo:BE01_0_WD_00,demo,demo:BE01,BE01,5,3,city:2800866,city:2803138,34.0
demo:BE01_0_WD_01,demo,demo:BE01,BE01,5,3,city:2800866,city:2803138,34.0
demo:BE01_0_WD_02,demo,demo:BE01,BE01,5,3,city:2800866,city:2803138,34.0
demo:BE01_0_WD_03,demo,demo:BE01,BE01,5,3,city:2800866,city:2803138,34.0
demo:BE01_0_WD_04,demo,demo:BE01,BE01,5,3,city:2800866,city:2803138,34.0
demo:BE01_0_WD_05,demo,demo:BE01,BE01,5,3,city:2800866,city:2803138,34.0
demo:BE01_0_WD_06,demo,demo:BE01,BE01,5,3,city:2800866,city:2803138,34.0
demo:BE01_0_WD_07,demo,demo:BE01,BE01,5,3,city:2800866,city:2803138,34.0
demo:BE01_0_WD_08,demo,demo:BE01,BE01,5,3,city:2800866,city:2803138,34.0
demo:BE01_0_WD_09,demo,demo:BE01,BE01,5,3,city:2800866,city:2803138,34.0
demo:BE01_0_WD_10,demo,demo:BE01,BE01,5,3,city:2800866,city:2803138,34.0
demo:BE01_0_WD_11,demo,demo:BE01,BE01,5,3,city:2800866,city:2803138,34.0
demo:BE01_0_WD_12,demo,demo:BE01,BE01,5,3,city:2800866,city:2803138,34.0
demo:BE01_0_WD_13,demo,demo:BE01,BE01,5,3,city:2800866,city:2803138,34.0
demo:BE01_0_WD_14,demo,demo:BE01,BE01,5,3,city:2800866,city:2803138,34.0
demo:BE01_0_WD_15,demo,demo:BE01,BE01,5,3,city:2800866,city:2803138,34.0
demo:BE01_0_WD_16,demo,demo:BE01,BE01,5,3,city:2800866,city:2803138,34.0
demo:BE01_0_WD_17,demo,demo:BE01,BE01,5,3,city:2800866,city:2803138,34.0
demo:BE01_0_WD_18,demo,demo:BE01,BE01,5,3,city:2800866,city:2803138,34.0
demo:BE01_0_WD_19,demo,demo:BE01,BE01,5,3,city:2800866,city:2803138,34.0
demo:BE01_0_WD_20,demo,demo:BE01,BE01,5,3,city:2800866,city:2803138,34.0
demo:BE01_0_WD_21,demo,demo:BE01,BE01,5,3,city:2800866,city:2803138,34.0
demo:BE01_0_WD_22,demo,demo:BE01,BE01,5,3,city:2800866,city:2803138,34.0
demo:BE01_0_WD_23,demo,demo:BE01,BE01,5,3,city:2800866,city:2803138,34.0
demo:BE01_0_WD_24,demo,demo:BE01,BE01,5,3,city:2800866,city:2803138,34.0
demo:BE01_0_WD_25,demo,demo:BE01,BE01,5,3,city:2800866,city:2803138,34.0
demo:BE01_0_WD_26,demo,demo:BE01,BE01,5,3,city:2800866,city:2803138,34.0
demo:BE01_0_WD_27,demo,demo:BE01,BE01,5,3,city:2800866,city:2803138,34.0
demo:BE01_0_WD_28,demo,demo:BE01,BE01,5,3,city:2800866,city:2803138,34.0
demo:BE01_0_WD_29,demo,demo:BE01,BE01,5,3,city:2800866,city:2803138,34.0
demo:BE01_0_WD_30,demo,demo:BE01,BE01,5,3,city:2800866,city:2803138,34.0
demo:BE01_0_WD_31,demo,demo:BE01,BE01,5,3,city:2800866,city:2803138,34.0
demo:BE01_0_WE_00,demo,demo:BE01,BE01,2,3,city:2800866,city:2803138,34.0
demo:BE01_0_WE_01,demo,demo:BE01,BE01,2,3,city:2800866,city:2803138,34.0
demo:BE01_0_WE_02,demo,demo:BE01,BE01,2,3,city:2800866,city:2803138,34.0
demo:BE01_0_WE_03,demo,demo:BE01,BE01,2,3,city:2800866,city:2803138,34.0
demo:BE01_0_WE_04,demo,demo:BE01,BE01,2,3,city:2800866,city:2803138,34.0
demo:BE01_0_WE_05,demo,demo:BE01,BE01,2,3,city:2800866,city:2803138,34.0
demo:BE01_0_WE_06,demo,demo:BE01,BE01,2,3,city:2800866,city:2803138,34.0
demo:BE01_0_WE_07,demo,demo:BE01,BE01,2,3,city:2800866,city:2803138,34.0
demo:BE01_0_WE_08,demo,demo:BE01,BE01,2,3,city:2800866,city:2803138,34.0
demo:BE01_0_WE_09,demo,demo:BE01,BE01,2,3,city:2800866,city:2803138,34.0
demo:BE01_0_WE_10,demo,demo:BE01,BE01,2,3,city:2800866,city:2803138,34.0
demo:BE01_0_WE_11,demo,demo:BE01,BE01,2,3,city:2800866,city:2803138,34.0
demo:BE01_0_WE_12,demo,demo:BE01,BE01,2,3,city:2800866,city:2803138,34.0
demo:BE01_0_WE_13,demo,demo:BE01,BE01,2,3,city:2800866,city:2803138,34.0
demo:BE01_0_WE_14,demo,demo:BE01,BE01,2,3,city:2800866,city:2803138,34.0
demo:BE01_0_WE_15,demo,demo:BE01,BE01,2,3,city:2800866,city:2803138,34.0
demo:BE01_0_WE_16,demo,demo:BE01,BE01,2,3,city:2800866,city:2803138,34.0
demo:BE01_0_WE_17,demo,demo:BE01,BE01,2,3,city:2800866,city:2803138,34.0
demo:BE01_0_WE_18,demo,demo:BE01,BE01,2,3,city:2800866,city:2803138,34.0
demo:BE01_0_WE_19,demo,demo:BE01,BE01,2,3,city:2800866,city:2803138,34.0
demo:BE01_0_WE_20,demo,demo:BE01,BE01,2,3,city:2800866,city:2803138,34.0
demo:BE01_0_WE_21,demo,demo:BE01,BE01,2,3,city:2800866,city:2803138,34.0
demo:BE01_0_WE_22,demo,demo:BE01,BE01,2,3,city:2800866,city:2803138,34.0
demo:BE01_0_WE_23,demo,demo:BE01,BE01,2,3,city:2800866,city:2803138,34.0
demo:BE01_0_WE_24,demo,demo:BE01,BE01,2,3,city:2800866,city:2803138,34.0
demo:BE01_0_WE_25,demo,demo:BE01,BE01,2,3,city:2800866,city:2803138,34.0
demo:BE01_0_WE_26,demo,demo:BE01,BE01,2,3,city:2800866,city:2803138,34.0
demo:BE01_1_WD_00,demo,demo:BE01,BE01,5,3,city:2803138,city:2800866,34.0
demo:BE01_1_WD_01,demo,demo:BE01,BE01,5,3,city:2803138,city:2800866,34.0
demo:BE01_1_WD_02,demo,demo:BE01,BE01,5,3,city:2803138,city:2800866,34.0
demo:BE01_1_WD_03,demo,demo:BE01,BE01,5,3,city:2803138,city:2800866,34.0
demo:BE01_1_WD_04,demo,demo:BE01,BE01,5,3,city:2803138,city:2800866,34.0
demo:BE01_1_WD_05,demo,demo:BE01,BE01,5,3,city:2803138,city:2800866,34.0
demo:BE01_1_WD_06,demo,demo:BE01,BE01,5,3,city:2803138,city:2800866,34.0
demo:BE01_1_WD_07,demo,demo:BE01,BE01,5,3,city:2803138,city:2800866,34.0
demo:BE01_1_WD_08,demo,demo:BE01,BE01,5,3,city:2803138,city:2800866,34.0
demo:BE01_1_WD_09,demo,demo:BE01,BE01,5,3,city:2803138,city:2800866,34.0
demo:BE01_1_WD_10,demo,demo:BE01,BE01,5,3,city:2803138,city:2800866,34.0
demo:BE01_1_WD_11,demo,demo:BE01,BE01,5,3,city:2803138,city:2800866,34.0
demo:BE01_1_WD_12,demo,demo:BE01,BE01,5,3,city:2803138,city:2800866,34.0
demo:BE01_1_WD_13,demo,demo:BE01,BE01,5,3,city:2803138,city:2800866,34.0
demo:BE01_1_WD_14,demo,demo:BE01,BE01,5,3,city:2803138,city:2800866,34.0
demo:BE01_1_WD_15,demo,demo:BE01,BE01,5,3,city:2803138,city:2800866,34.0
demo:BE01_1_WD_16,demo,demo:BE01,BE01,5,3,city:2803138,city:2800866,34.0
demo:BE01_1_WD_17,demo,demo:BE01,BE01,5,3,city:2803138,city:2800866,34.0
demo:BE01_1_WD_18,demo,demo:BE01,BE01,5,3,city:2803138,city:2800866,34.0
demo:BE01_1_WD_19,demo,demo:BE01,BE01,5,3,city:2803138,city:2800866,34.0
demo:BE01_1_WD_20,demo,demo:BE01,BE01,5,3,city:2803138,city:2800866,34.0
demo:BE01_1_WD_21,demo,demo:BE01,BE01,5,3,city:2803138,city:2800866,34.0
demo:BE01_1_WD_22,demo,demo:BE01,BE01,5,3,city:2803138,city:2800866,34.0
demo:BE01_1_WD_23,demo,demo:BE01,BE01,5,3,city:2803138,city:2800866,34.0
demo:BE01_1_WD_24,demo,demo:BE01,BE01,5,3,city:2803138,city:2800866,34.0
demo:BE01_1_WD_25,demo,demo:BE01,BE01,5,3,city:2803138,city:2800866,34.0
demo:BE01_1_WD_26,demo,demo:BE01,BE01,5,3,city:2803138,city:2800866,34.0
demo:BE01_1_WD_27,demo,demo:BE01,BE01,5,3,city:2803138,city:2800866,34.0
demo:BE01_1_WD_28,demo,demo:BE01,BE01,5,3,city:2803138,city:2800866,34.0
demo:BE01_1_WD_29,demo,demo:BE01,BE01,5,3,city:2803138,city:2800866,34.0
demo:BE01_1_WD_30,demo,demo:BE01,BE01,5,3,city:2803138,city:2800866,34.0
demo:BE01_1_WD_31,demo,demo:BE01,BE01,5,3,city:2803138,city:2800866,34.0
demo:BE01_1_WE_00,demo,demo:BE01,BE01,2,3,city:2803138,city:2800866,34.0
demo:BE01_1_WE_01,demo,demo:BE01,BE01,2,3,city:2803138,city:2800866,34.0
demo:BE01_1_WE_02,demo,demo:BE01,BE01,2,3,city:2803138,city:2800866,34.0
demo:BE01_1_WE_03,demo,demo:BE01,BE01,2,3,city:2803138,city:2800866,34.0
demo:BE01_1_WE_04,demo,demo:BE01,BE01,2,3,city:2803138,city:2800866,34.0
demo:BE01_1_WE_05,demo,demo:BE01,BE01,2,3,city:2803138,city:2800866,34.0
demo:BE01_1_WE_06,demo,demo:BE01,BE01,2,3,city:2803138,city:2800866,34.0
demo:BE01_1_WE_07,demo,demo:BE01,BE01,2,3,city:2803138,city:2800866,34.0
demo:BE01_1_WE_08,demo,demo:BE01,BE01,2,3,city:2803138,city:2800866,34.0
demo:BE01_1_WE_09,demo,demo:BE01,BE01,2,3,city:2803138,city:2800866,34.0
demo:BE01_1_WE_10,demo,demo:BE01,BE01,2,3,city:2803138,city:2800866,34.0
demo:BE01_1_WE_11,demo,demo:BE01,BE01,2,3,city:2803138,city:2800866,34.0
demo:BE01_1_WE_12,demo,demo:BE01,BE01,2,3,city:2803138,city:2800866,34.0
demo:BE01_1_WE_13,demo,demo:BE01,BE01,2,3,city:2803138,city:2800866,34.0
demo:BE01_1_WE_14,demo,demo:BE01,BE01,2,3,city:2803138,city:2800866,34.0
demo:BE01_1_WE_15,demo,demo:BE01,BE01,2,3,city:2803138,city:2800866,34.0
demo:BE01_1_WE_16,demo,demo:BE01,BE01,2,3,city:2803138,city:2800866,34.0
demo:BE01_1_WE_17,demo,demo:BE01,BE01,2,3,city:2803138,city:2800866,34.0
demo:BE01_1_WE_18,demo,demo:BE01,BE01,2,3,city:2803138,city:2800866,34.0
demo:BE01_1_WE_19,demo,demo:BE01,BE01,2,3,city:2803138,city:2800866,34.0
demo:BE01_1_WE_20,demo,demo:BE01,BE01,2,3,city:2803138,city:2800866,34.0
demo:BE01_1_WE_21,demo,demo:BE01,BE01,2,3,city:2803138,city:2800866,34.0
demo:BE01_1_WE_22,demo,demo:BE01,BE01,2,3,city:2803138,city:2800866,34.0
demo:BE01_1_WE_23,demo,demo:BE01,BE01,2,3,city:2803138,city:2800866,34.0
demo:BE01_1_WE_24,demo,demo:BE01,BE01,2,3,city:2803138,city:2800866,34.0
demo:BE01_1_WE_25,demo,demo:BE01,BE01,2,3,city:2803138,city:2800866,34.0
demo:BE01_1_WE_26,demo,demo:BE01,BE01,2,3,city:2803138,city:2800866,34.0
demo:BE02_0_WD_00,demo,demo:BE02,BE02,5,4,city:2800866,city:2789786,70.0
demo:BE02_0_WD_01,demo,demo:BE02,BE02,5,4,city:2800866,city:2789786,70.0
demo:BE02_0_WD_02,demo,demo:BE02,BE02,5,4,city:2800866,city:2789786,70.0
demo:BE02_0_WD_03,demo,demo:BE02,BE02,5,4,city:2800866,city:2789786,70.0
demo:BE02_0_WD_04,demo,demo:BE02,BE02,5,4,city:2800866,city:2789786,70.0
demo:BE02_0_WD_05,demo,demo:BE02,BE02,5,4,city:2800866,city:2789786,70.0
demo:BE02_0_WD_06,demo,demo:BE02,BE02,5,4,city:2800866,city:2789786,70.0
demo:BE02_0_WD_07,demo,demo:BE02,BE02,5,4,city:2800866,city:2789786,70.0
demo:BE02_0_WD_08,demo,demo:BE02,BE02,5,4,city:2800866,city:2789786,70.0
demo:BE02_0_WD_09,demo,demo:BE02,BE02,5,4,city:2800866,city:2789786,70.0
demo:BE02_0_WD_10,demo,demo:BE02,BE02,5,4,city:2800866,city:2789786,70.0
demo:BE02_0_WD_11,demo,demo:BE02,BE02,5,4,city:2800866,city:2789786,70.0
demo:BE02_0_WD_12,demo,demo:BE02,BE02,5,4,city:2800866,city:2789786,70.0
demo:BE02_0_WD_13,demo,demo:BE02,BE02,5,4,city:2800866,city:2789786,70.0
demo:BE02_0_WD_14,demo,demo:BE02,BE02,5,4,city:2800866,city:2789786,70.0
demo:BE02_0_WD_15,demo,demo:BE02,BE02,5,4,city:2800866,city:2789786,70.0
demo:BE02_0_WE_00,demo,demo:BE02,BE02,2,4,city:2800866,city:2789786,70.0
demo:BE02_0_WE_01,demo,demo:BE02,BE02,2,4,city:2800866,city:2789786,70.0
demo:BE02_0_WE_02,demo,demo:BE02,BE02,2,4,city:2800866,city:2789786,70.0
demo:BE02_0_WE_03,demo,demo:BE02,BE02,2,4,city:2800866,city:2789786,70.0
demo:BE02_0_WE_04,demo,demo:BE02,BE02,2,4,city:2800866,city:2789786,70.0
demo:BE02_0_WE_05,demo,demo:BE02,BE02,2,4,city:2800866,city:2789786,70.0
demo:BE02_0_WE_06,demo,demo:BE02,BE02,2,4,city:2800866,city:2789786,70.0
demo:BE02_0_WE_07,demo,demo:BE02,BE02,2,4,city:2800866,city:2789786,70.0
demo:BE02_0_WE_08,demo,demo:BE02,BE02,2,4,city:2800866,city:2789786,70.0
demo:BE02_0_WE_09,demo,demo:BE02,BE02,2,4,city:2800866,city:2789786,70.0
demo:BE02_0_WE_10,demo,demo:BE02,BE02,2,4,city:2800866,city:2789786,70.0
demo:BE02_0_WE_11,demo,demo:BE02,BE02,2,4,city:2800866,city:2789786,70.0
demo:BE02_0_WE_12,demo,demo:BE02,BE02,2,4,city:2800866,city:2789786,70.0
demo:BE02_0_WE_13,demo,demo:BE02,BE02,2,4,city:2800866,city:2789786,70.0
demo:BE02_1_WD_00,demo,demo:BE02,BE02,5,4,city:2789786,city:2800866,70.0
demo:BE02_1_WD_01,demo,demo:BE02,BE02,5,4,city:2789786,city:2800866,70.0
demo:BE02_1_WD_02,demo,demo:BE02,BE02,5,4,city:2789786,city:2800866,70.0
demo:BE02_1_WD_03,demo,demo:BE02,BE02,5,4,city:2789786,city:2800866,70.0
demo:BE02_1_WD_04,demo,demo:BE02,BE02,5,4,city:2789786,city:2800866,70.0
demo:BE02_1_WD_05,demo,demo:BE02,BE02,5,4,city:2789786,city:2800866,70.0
demo:BE02_1_WD_06,demo,demo:BE02,BE02,5,4,city:2789786,city:2800866,70.0
demo:BE02_1_WD_07,demo,demo:BE02,BE02,5,4,city:2789786,city:2800866,70.0
demo:BE02_1_WD_08,demo,demo:BE02,BE02,5,4,city:2789786,city:2800866,70.0
demo:BE02_1_WD_09,demo,demo:BE02,BE02,5,4,city:2789786,city:2800866,70.0
demo:BE02_1_WD_10,demo,demo:BE02,BE02,5,4,city:2789786,city:2800866,70.0
demo:BE02_1_WD_11,demo,demo:BE02,BE02,5,4,city:2789786,city:2800866,70.0
demo:BE02_1_WD_12,demo,demo:BE02,BE02,5,4,city:2789786,city:2800866,70.0
demo:BE02_1_WD_13,demo,demo:BE02,BE02,5,4,city:2789786,city:2800866,70.0
demo:BE02_1_WD_14,demo,demo:BE02,BE02,5,4,city:2789786,city:2800866,70.0
demo:BE02_1_WD_15,demo,demo:BE02,BE02,5,4,city:2789786,city:2800866,70.0
demo:BE02_1_WE_00,demo,demo:BE02,BE02,2,4,city:2789786,city:2800866,70.0
demo:BE02_1_WE_01,demo,demo:BE02,BE02,2,4,city:2789786,city:2800866,70.0
demo:BE02_1_WE_02,demo,demo:BE02,BE02,2,4,city:2789786,city:2800866,70.0
demo:BE02_1_WE_03,demo,demo:BE02,BE02,2,4,city:2789786,city:2800866,70.0
demo:BE02_1_WE_04,demo,demo:BE02,BE02,2,4,city:2789786,city:2800866,70.0
demo:BE02_1_WE_05,demo,demo:BE02,BE02,2,4,city:2789786,city:2800866,70.0
demo:BE02_1_WE_06,demo,demo:BE02,BE02,2,4,city:2789786,city:2800866,70.0
demo:BE02_1_WE_07,demo,demo:BE02,BE02,2,4,city:2789786,city:2800866,70.0
demo:BE02_1_WE_08,demo,demo:BE02,BE02,2,4,city:2789786,city:2800866,70.0
demo:BE02_1_WE_09,demo,demo:BE02,BE02,2,4,city:2789786,city:2800866,70.0
demo:BE02_1_WE_10,demo,demo:BE02,BE02,2,4,city:2789786,city:2800866,70.0
demo:BE02_1_WE_11,demo,demo:BE02,BE02,2,4,city:2789786,city:2800866,70.0
demo:BE02_1_WE_12,demo,demo:BE02,BE02,2,4,city:2789786,city:2800866,70.0
demo:BE02_1_WE_13,demo,demo:BE02,BE02,2,4,city:2789786,city:2800866,70.0
demo:BE03_0_WD_00,demo,demo:BE03,BE03,5,3,city:2800866,city:2800931,55.0
demo:BE03_0_WD_01,demo,demo:BE03,BE03,5,3,city:2800866,city:2800931,55.0
demo:BE03_0_WD_02,demo,demo:BE03,BE03,5,3,city:2800866,city:2800931,55.0
demo:BE03_0_WD_03,demo,demo:BE03,BE03,5,3,city:2800866,city:2800931,55.0
demo:BE03_0_WD_04,demo,demo:BE03,BE03,5,3,city:2800866,city:2800931,55.0
demo:BE03_0_WD_05,demo,demo:BE03,BE03,5,3,city:2800866,city:2800931,55.0
demo:BE03_0_WD_06,demo,demo:BE03,BE03,5,3,city:2800866,city:2800931,55.0
demo:BE03_0_WD_07,demo,demo:BE03,BE03,5,3,city:2800866,city:2800931,55.0
demo:BE03_0_WD_08,demo,demo:BE03,BE03,5,3,city:2800866,city:2800931,55.0
demo:BE03_0_WD_09,demo,demo:BE03,BE03,5,3,city:2800866,city:2800931,55.0
demo:BE03_0_WD_10,demo,demo:BE03,BE03,5,3,city:2800866,city:2800931,55.0
demo:BE03_0_WD_11,demo,demo:BE03,BE03,5,3,city:2800866,city:2800931,55.0
demo:BE03_0_WD_12,demo,demo:BE03,BE03,5,3,city:2800866,city:2800931,55.0
demo:BE03_0_WD_13,demo,demo:BE03,BE03,5,3,city:2800866,city:2800931,55.0
demo:BE03_0_WD_14,demo,demo:BE03,BE03,5,3,city:2800866,city:2800931,55.0
demo:BE03_0_WD_15,demo,demo:BE03,BE03,5,3,city:2800866,city:2800931,55.0
demo:BE03_0_WE_00,demo,demo:BE03,BE03,2,3,city:2800866,city:2800931,55.0
demo:BE03_0_WE_01,demo,demo:BE03,BE03,2,3,city:2800866,city:2800931,55.0
demo:BE03_0_WE_02,demo,demo:BE03,BE03,2,3,city:2800866,city:2800931,55.0
demo:BE03_0_WE_03,demo,demo:BE03,BE03,2,3,city:2800866,city:2800931,54.0
demo:BE03_0_WE_04,demo,demo:BE03,BE03,2,3,city:2800866,city:2800931,55.0
demo:BE03_0_WE_05,demo,demo:BE03,BE03,2,3,city:2800866,city:2800931,55.0
demo:BE03_0_WE_06,demo,demo:BE03,BE03,2,3,city:2800866,city:2800931,55.0
demo:BE03_0_WE_07,demo,demo:BE03,BE03,2,3,city:2800866,city:2800931,55.0
demo:BE03_0_WE_08,demo,demo:BE03,BE03,2,3,city:2800866,city:2800931,55.0
demo:BE03_0_WE_09,demo,demo:BE03,BE03,2,3,city:2800866,city:2800931,55.0
demo:BE03_0_WE_10,demo,demo:BE03,BE03,2,3,city:2800866,city:2800931,56.0
demo:BE03_0_WE_11,demo,demo:BE03,BE03,2,3,city:2800866,city:2800931,55.0
demo:BE03_0_WE_12,demo,demo:BE03,BE03,2,3,city:2800866,city:2800931,55.0
demo:BE03_0_WE_13,demo,demo:BE03,BE03,2,3,city:2800866,city:2800931,55.0
demo:BE03_1_WD_00,demo,demo:BE03,BE03,5,3,city:2800931,city:2800866,55.0
demo:BE03_1_WD_01,demo,demo:BE03,BE03,5,3,city:2800931,city:2800866,55.0
demo:BE03_1_WD_02,demo,demo:BE03,BE03,5,3,city:2800931,city:2800866,55.0
demo:BE03_1_WD_03,demo,demo:BE03,BE03,5,3,city:2800931,city:2800866,55.0
demo:BE03_1_WD_04,demo,demo:BE03,BE03,5,3,city:2800931,city:2800866,55.0
demo:BE03_1_WD_05,demo,demo:BE03,BE03,5,3,city:2800931,city:2800866,55.0
demo:BE03_1_WD_06,demo,demo:BE03,BE03,5,3,city:2800931,city:2800866,55.0
demo:BE03_1_WD_07,demo,demo:BE03,BE03,5,3,city:2800931,city:2800866,55.0
demo:BE03_1_WD_08,demo,demo:BE03,BE03,5,3,city:2800931,city:2800866,55.0
demo:BE03_1_WD_09,demo,demo:BE03,BE03,5,3,city:2800931,city:2800866,55.0
demo:BE03_1_WD_10,demo,demo:BE03,BE03,5,3,city:2800931,city:2800866,55.0
demo:BE03_1_WD_11,demo,demo:BE03,BE03,5,3,city:2800931,city:2800866,55.0
demo:BE03_1_WD_12,demo,demo:BE03,BE03,5,3,city:2800931,city:2800866,55.0
demo:BE03_1_WD_13,demo,demo:BE03,BE03,5,3,city:2800931,city:2800866,55.0
demo:BE03_1_WD_14,demo,demo:BE03,BE03,5,3,city:2800931,city:2800866,55.0
demo:BE03_1_WD_15,demo,demo:BE03,BE03,5,3,city:2800931,city:2800866,55.0
demo:BE03_1_WE_00,demo,demo:BE03,BE03,2,3,city:2800931,city:2800866,55.0
demo:BE03_1_WE_01,demo,demo:BE03,BE03,2,3,city:2800931,city:2800866,55.0
demo:BE03_1_WE_02,demo,demo:BE03,BE03,2,3,city:2800931,city:2800866,55.0
demo:BE03_1_WE_03,demo,demo:BE03,BE03,2,3,city:2800931,city:2800866,54.0
demo:BE03_1_WE_04,demo,demo:BE03,BE03,2,3,city:2800931,city:2800866,55.0
demo:BE03_1_WE_05,demo,demo:BE03,BE03,2,3,city:2800931,city:2800866,55.0
demo:BE03_1_WE_06,demo,demo:BE03,BE03,2,3,city:2800931,city:2800866,55.0
demo:BE03_1_WE_07,demo,demo:BE03,BE03,2,3,city:2800931,city:2800866,55.0
demo:BE03_1_WE_08,demo,demo:BE03,BE03,2,3,city:2800931,city:2800866,55.0
demo:BE03_1_WE_09,demo,demo:BE03,BE03,2,3,city:2800931,city:2800866,55.0
demo:BE03_1_WE_10,demo,demo:BE03,BE03,2,3,city:2800931,city:2800866,56.0
demo:BE03_1_WE_11,demo,demo:BE03,BE03,2,3,city:2800931,city:2800866,55.0
demo:BE03_1_WE_12,demo,demo:BE03,BE03,2,3,city:2800931,city:2800866,55.0
demo:BE03_1_WE_13,demo,demo:BE03,BE03,2,3,city:2800931,city:2800866,55.0
demo:BE04_0_WD_00,demo,demo:BE04,BE04,5,3,city:2800866,city:2792413,55.0
demo:BE04_0_WD_01,demo,demo:BE04,BE04,5,3,city:2800866,city:2792413,55.0
demo:BE04_0_WD_02,demo,demo:BE04,BE04,5,3,city:2800866,city:2792413,55.0
demo:BE04_0_WD_03,demo,demo:BE04,BE04,5,3,city:2800866,city:2792413,55.0
demo:BE04_0_WD_04,demo,demo:BE04,BE04,5,3,city:2800866,city:2792413,55.0
demo:BE04_0_WD_05,demo,demo:BE04,BE04,5,3,city:2800866,city:2792413,55.0
demo:BE04_0_WD_06,demo,demo:BE04,BE04,5,3,city:2800866,city:2792413,55.0
demo:BE04_0_WD_07,demo,demo:BE04,BE04,5,3,city:2800866,city:2792413,55.0
demo:BE04_0_WD_08,demo,demo:BE04,BE04,5,3,city:2800866,city:2792413,55.0
demo:BE04_0_WD_09,demo,demo:BE04,BE04,5,3,city:2800866,city:2792413,55.0
demo:BE04_0_WD_10,demo,demo:BE04,BE04,5,3,city:2800866,city:2792413,55.0
demo:BE04_0_WD_11,demo,demo:BE04,BE04,5,3,city:2800866,city:2792413,55.0
demo:BE04_0_WD_12,demo,demo:BE04,BE04,5,3,city:2800866,city:2792413,55.0
demo:BE04_0_WD_13,demo,demo:BE04,BE04,5,3,city:2800866,city:2792413,55.0
demo:BE04_0_WD_14,demo,demo:BE04,BE04,5,3,city:2800866,city:2792413,55.0
demo:BE04_0_WD_15,demo,demo:BE04,BE04,5,3,city:2800866,city:2792413,55.0
demo:BE04_0_WE_00,demo,demo:BE04,BE04,2,3,city:2800866,city:2792413,55.0
demo:BE04_0_WE_01,demo,demo:BE04,BE04,2,3,city:2800866,city:2792413,55.0
demo:BE04_0_WE_02,demo,demo:BE04,BE04,2,3,city:2800866,city:2792413,55.0
demo:BE04_0_WE_03,demo,demo:BE04,BE04,2,3,city:2800866,city:2792413,54.0
demo:BE04_0_WE_04,demo,demo:BE04,BE04,2,3,city:2800866,city:2792413,55.0
demo:BE04_0_WE_05,demo,demo:BE04,BE04,2,3,city:2800866,city:2792413,55.0
demo:BE04_0_WE_06,demo,demo:BE04,BE04,2,3,city:2800866,city:2792413,55.0
demo:BE04_0_WE_07,demo,demo:BE04,BE04,2,3,city:2800866,city:2792413,55.0
demo:BE04_0_WE_08,demo,demo:BE04,BE04,2,3,city:2800866,city:2792413,55.0
demo:BE04_0_WE_09,demo,demo:BE04,BE04,2,3,city:2800866,city:2792413,55.0
demo:BE04_0_WE_10,demo,demo:BE04,BE04,2,3,city:2800866,city:2792413,56.0
demo:BE04_0_WE_11,demo,demo:BE04,BE04,2,3,city:2800866,city:2792413,55.0
demo:BE04_0_WE_12,demo,demo:BE04,BE04,2,3,city:2800866,city:2792413,55.0
demo:BE04_0_WE_13,demo,demo:BE04,BE04,2,3,city:2800866,city:2792413,55.0
demo:BE04_1_WD_00,demo,demo:BE04,BE04,5,3,city:2792413,city:2800866,55.0
demo:BE04_1_WD_01,demo,demo:BE04,BE04,5,3,city:2792413,city:2800866,55.0
demo:BE04_1_WD_02,demo,demo:BE04,BE04,5,3,city:2792413,city:2800866,55.0
demo:BE04_1_WD_03,demo,demo:BE04,BE04,5,3,city:2792413,city:2800866,55.0
demo:BE04_1_WD_04,demo,demo:BE04,BE04,5,3,city:2792413,city:2800866,55.0
demo:BE04_1_WD_05,demo,demo:BE04,BE04,5,3,city:2792413,city:2800866,55.0
demo:BE04_1_WD_06,demo,demo:BE04,BE04,5,3,city:2792413,city:2800866,55.0
demo:BE04_1_WD_07,demo,demo:BE04,BE04,5,3,city:2792413,city:2800866,55.0
demo:BE04_1_WD_08,demo,demo:BE04,BE04,5,3,city:2792413,city:2800866,55.0
demo:BE04_1_WD_09,demo,demo:BE04,BE04,5,3,city:2792413,city:2800866,55.0
demo:BE04_1_WD_10,demo,demo:BE04,BE04,5,3,city:2792413,city:2800866,55.0
demo:BE04_1_WD_11,demo,demo:BE04,BE04,5,3,city:2792413,city:2800866,55.0
demo:BE04_1_WD_12,demo,demo:BE04,BE04,5,3,city:2792413,city:2800866,55.0
demo:BE04_1_WD_13,demo,demo:BE04,BE04,5,3,city:2792413,city:2800866,55.0
demo:BE04_1_WD_14,demo,demo:BE04,BE04,5,3,city:2792413,city:2800866,55.0
demo:BE04_1_WD_15,demo,demo:BE04,BE04,5,3,city:2792413,city:2800866,55.0
demo:BE04_1_WE_00,demo,demo:BE04,BE04,2,3,city:2792413,city:2800866,55.0
demo:BE04_1_WE_01,demo,demo:BE04,BE04,2,3,city:2792413,city:2800866,55.0
demo:BE04_1_WE_02,demo,demo:BE04,BE04,2,3,city:2792413,city:2800866,55.0
demo:BE04_1_WE_03,demo,demo:BE04,BE04,2,3,city:2792413,city:2800866,54.0
demo:BE04_1_WE_04,demo,demo:BE04,BE04,2,3,city:2792413,city:2800866,55.0
demo:BE04_1_WE_05,demo,demo:BE04,BE04,2,3,city:2792413,city:2800866,55.0
demo:BE04_1_WE_06,demo,demo:BE04,BE04,2,3,city:2792413,city:2800866,55.0
demo:BE04_1_WE_07,demo,demo:BE04,BE04,2,3,city:2792413,city:2800866,55.0
demo:BE04_1_WE_08,demo,demo:BE04,BE04,2,3,city:2792413,city:2800866,55.0
demo:BE04_1_WE_09,demo,demo:BE04,BE04,2,3,city:2792413,city:2800866,55.0
demo:BE04_1_WE_10,demo,demo:BE04,BE04,2,3,city:2792413,city:2800866,56.0
demo:BE04_1_WE_11,demo,demo:BE04,BE04,2,3,city:2792413,city:2800866,55.0
demo:BE04_1_WE_12,demo,demo:BE04,BE04,2,3,city:2792413,city:2800866,55.0
demo:BE04_1_WE_13,demo,demo:BE04,BE04,2,3,city:2792413,city:2800866,55.0
demo:BE05_0_WD_00,demo,demo:BE05,BE05,5,2,city:2800866,city:2800481,50.0
demo:BE05_0_WD_01,demo,demo:BE05,BE05,5,2,city:2800866,city:2800481,50.0
demo:BE05_0_WD_02,demo,demo:BE05,BE05,5,2,city:2800866,city:2800481,50.0
demo:BE05_0_WD_03,demo,demo:BE05,BE05,5,2,city:2800866,city:2800481,50.0
demo:BE05_0_WD_04,demo,demo:BE05,BE05,5,2,city:2800866,city:2800481,50.0
demo:BE05_0_WD_05,demo,demo:BE05,BE05,5,2,city:2800866,city:2800481,50.0
demo:BE05_0_WD_06,demo,demo:BE05,BE05,5,2,city:2800866,city:2800481,50.0
demo:BE05_0_WD_07,demo,demo:BE05,BE05,5,2,city:2800866,city:2800481,50.0
demo:BE05_0_WD_08,demo,demo:BE05,BE05,5,2,city:2800866,city:2800481,50.0
demo:BE05_0_WD_09,demo,demo:BE05,BE05,5,2,city:2800866,city:2800481,50.0
demo:BE05_0_WD_10,demo,demo:BE05,BE05,5,2,city:2800866,city:2800481,50.0
demo:BE05_0_WD_11,demo,demo:BE05,BE05,5,2,city:2800866,city:2800481,50.0
demo:BE05_0_WD_12,demo,demo:BE05,BE05,5,2,city:2800866,city:2800481,50.0
demo:BE05_0_WD_13,demo,demo:BE05,BE05,5,2,city:2800866,city:2800481,50.0
demo:BE05_0_WD_14,demo,demo:BE05,BE05,5,2,city:2800866,city:2800481,50.0
demo:BE05_0_WD_15,demo,demo:BE05,BE05,5,2,city:2800866,city:2800481,50.0
demo:BE05_0_WE_00,demo,demo:BE05,BE05,2,2,city:2800866,city:2800481,50.0
demo:BE05_0_WE_01,demo,demo:BE05,BE05,2,2,city:2800866,city:2800481,50.0
demo:BE05_0_WE_02,demo,demo:BE05,BE05,2,2,city:2800866,city:2800481,50.0
demo:BE05_0_WE_03,demo,demo:BE05,BE05,2,2,city:2800866,city:2800481,50.0
demo:BE05_0_WE_04,demo,demo:BE05,BE05,2,2,city:2800866,city:2800481,50.0
demo:BE05_0_WE_05,demo,demo:BE05,BE05,2,2,city:2800866,city:2800481,50.0
demo:BE05_0_WE_06,demo,demo:BE05,BE05,2,2,city:2800866,city:2800481,50.0
demo:BE05_0_WE_07,demo,demo:BE05,BE05,2,2,city:2800866,city:2800481,50.0
demo:BE05_0_WE_08,demo,demo:BE05,BE05,2,2,city:2800866,city:2800481,50.0
demo:BE05_0_WE_09,demo,demo:BE05,BE05,2,2,city:2800866,city:2800481,50.0
demo:BE05_0_WE_10,demo,demo:BE05,BE05,2,2,city:2800866,city:2800481,50.0
demo:BE05_0_WE_11,demo,demo:BE05,BE05,2,2,city:2800866,city:2800481,50.0
demo:BE05_0_WE_12,demo,demo:BE05,BE05,2,2,city:2800866,city:2800481,50.0
demo:BE05_0_WE_13,demo,demo:BE05,BE05,2,2,city:2800866,city:2800481,50.0
demo:BE05_1_WD_00,demo,demo:BE05,BE05,5,2,city:2800481,city:2800866,50.0
demo:BE05_1_WD_01,demo,demo:BE05,BE05,5,2,city:2800481,city:2800866,50.0
demo:BE05_1_WD_02,demo,demo:BE05,BE05,5,2,city:2800481,city:2800866,50.0
demo:BE05_1_WD_03,demo,demo:BE05,BE05,5,2,city:2800481,city:2800866,50.0
demo:BE05_1_WD_04,demo,demo:BE05,BE05,5,2,city:2800481,city:2800866,50.0
demo:BE05_1_WD_05,demo,demo:BE05,BE05,5,2,city:2800481,city:2800866,50.0
demo:BE05_1_WD_06,demo,demo:BE05,BE05,5,2,city:2800481,city:2800866,50.0
demo:BE05_1_WD_07,demo,demo:BE05,BE05,5,2,city:2800481,city:2800866,50.0
demo:BE05_1_WD_08,demo,demo:BE05,BE05,5,2,city:2800481,city:2800866,50.0
demo:BE05_1_WD_09,demo,demo:BE05,BE05,5,2,city:2800481,city:2800866,50.0
demo:BE05_1_WD_10,demo,demo:BE05,BE05,5,2,city:2800481,city:2800866,50.0
demo:BE05_1_WD_11,demo,demo:BE05,BE05,5,2,city:2800481,city:2800866,50.0
demo:BE05_1_WD_12,demo,demo:BE05,BE05,5,2,city:2800481,city:2800866,50.0
demo:BE05_1_WD_13,demo,demo:BE05,BE05,5,2,city:2800481,city:2800866,50.0
demo:BE05_1_WD_14,demo,demo:BE05,BE05,5,2,city:2800481,city:2800866,50.0
demo:BE05_1_WD_15,demo,demo:BE05,BE05,5,2,city:2800481,city:2800866,50.0
demo:BE05_1_WE_00,demo,demo:BE05,BE05,2,2,city:2800481,city:2800866,50.0
demo:BE05_1_WE_01,demo,demo:BE05,BE05,2,2,city:2800481,city:2800866,50.0
demo:BE05_1_WE_02,demo,demo:BE05,BE05,2,2,city:2800481,city:2800866,50.0
demo:BE05_1_WE_03,demo,demo:BE05,BE05,2,2,city:2800481,city:2800866,50.0
demo:BE05_1_WE_04,demo,demo:BE05,BE05,2,2,city:2800481,city:2800866,50.0
demo:BE05_1_WE_05,demo,demo:BE05,BE05,2,2,city:2800481,city:2800866,50.0
demo:BE05_1_WE_06,demo,demo:BE05,BE05,2,2,city:2800481,city:2800866,50.0
demo:BE05_1_WE_07,demo,demo:BE05,BE05,2,2,city:2800481,city:2800866,50.0
demo:BE05_1_WE_08,demo,demo:BE05,BE05,2,2,city:2800481,city:2800866,50.0
demo:BE05_1_WE_09,demo,demo:BE05,BE05,2,2,city:2800481,city:2800866,50.0
demo:BE05_1_WE_10,demo,demo:BE05,BE05,2,2,city:2800481,city:2800866,50.0
demo:BE05_1_WE_11,demo,demo:BE05,BE05,2,2,city:2800481,city:2800866,50.0
demo:BE05_1_WE_12,demo,demo:BE05,BE05,2,2,city:2800481,city:2800866,50.0
demo:BE05_1_WE_13,demo,demo:BE05,BE05,2,2,city:2800481,city:2800866,50.0
demo:BE06_0_WD_00,demo,demo:BE06,BE06,5,4,city:2800866,city:2960316,179.0
demo:BE06_0_WD_01,demo,demo:BE06,BE06,5,4,city:2800866,city:2960316,179.0
demo:BE06_0_WD_02,demo,demo:BE06,BE06,5,4,city:2800866,city:2960316,179.0
demo:BE06_0_WD_03,demo,demo:BE06,BE06,5,4,city:2800866,city:2960316,179.0
demo:BE06_0_WD_04,demo,demo:BE06,BE06,5,4,city:2800866,city:2960316,179.0
demo:BE06_0_WD_05,demo,demo:BE06,BE06,5,4,city:2800866,city:2960316,179.0
demo:BE06_0_WD_06,demo,demo:BE06,BE06,5,4,city:2800866,city:2960316,179.0
demo:BE06_0_WD_07,demo,demo:BE06,BE06,5,4,city:2800866,city:2960316,179.0
demo:BE06_0_WE_00,demo,demo:BE06,BE06,2,4,city:2800866,city:2960316,179.0
demo:BE06_0_WE_01,demo,demo:BE06,BE06,2,4,city:2800866,city:2960316,179.0
demo:BE06_0_WE_02,demo,demo:BE06,BE06,2,4,city:2800866,city:2960316,179.0
demo:BE06_0_WE_03,demo,demo:BE06,BE06,2,4,city:2800866,city:2960316,179.0
demo:BE06_0_WE_04,demo,demo:BE06,BE06,2,4,city:2800866,city:2960316,179.0
demo:BE06_0_WE_05,demo,demo:BE06,BE06,2,4,city:2800866,city:2960316,179.0
demo:BE06_0_WE_06,demo,demo:BE06,BE06,2,4,city:2800866,city:2960316,179.0
demo:BE06_1_WD_00,demo,demo:BE06,BE06,5,4,city:2960316,city:2800866,179.0
demo:BE06_1_WD_01,demo,demo:BE06,BE06,5,4,city:2960316,city:2800866,179.0
demo:BE06_1_WD_02,demo,demo:BE06,BE06,5,4,city:2960316,city:2800866,179.0
demo:BE06_1_WD_03,demo,demo:BE06,BE06,5,4,city:2960316,city:2800866,179.0
demo:BE06_1_WD_04,demo,demo:BE06,BE06,5,4,city:2960316,city:2800866,179.0
demo:BE06_1_WD_05,demo,demo:BE06,BE06,5,4,city:2960316,city:2800866,179.0
demo:BE06_1_WD_06,demo,demo:BE06,BE06,5,4,city:2960316,city:2800866,179.0
demo:BE06_1_WD_07,demo,demo:BE06,BE06,5,4,city:2960316,city:2800866,179.0
demo:BE06_1_WE_00,demo,demo:BE06,BE06,2,4,city:2960316,city:2800866,179.0
demo:BE06_1_WE_01,demo,demo:BE06,BE06,2,4,city:2960316,city:2800866,179.0
demo:BE06_1_WE_02,demo,demo:BE06,BE06,2,4,city:2960316,city:2800866,179.0
demo:BE06_1_WE_03,demo,demo:BE06,BE06,2,4,city:2960316,city:2800866,179.0
demo:BE06_1_WE_04,demo,demo:BE06,BE06,2,4,city:2960316,city:2800866,179.0
demo:BE06_1_WE_05,demo,demo:BE06,BE06,2,4,city:2960316,city:2800866,179.0
demo:BE06_1_WE_06,demo,demo:BE06,BE06,2,4,city:2960316,city:2800866,179.0
demo:BE07_0_WD_00,demo,demo:BE07,BE07,5,2,city:2803138,city:2797656,50.0
demo:BE07_0_WD_01,demo,demo:BE07,BE07,5,2,city:2803138,city:2797656,50.0
demo:BE07_0_WD_02,demo,demo:BE07,BE07,5,2,city:2803138,city:2797656,50.0
demo:BE07_0_WD_03,demo,demo:BE07,BE07,5,2,city:2803138,city:2797656,50.0
demo:BE07_0_WD_04,demo,demo:BE07,BE07,5,2,city:2803138,city:2797656,50.0
demo:BE07_0_WD_05,demo,demo:BE07,BE07,5,2,city:2803138,city:2797656,50.0
demo:BE07_0_WD_06,demo,demo:BE07,BE07,5,2,city:2803138,city:2797656,50.0
demo:BE07_0_WD_07,demo,demo:BE07,BE07,5,2,city:2803138,city:2797656,50.0
demo:BE07_0_WD_08,demo,demo:BE07,BE07,5,2,city:2803138,city:2797656,50.0
demo:BE07_0_WD_09,demo,demo:BE07,BE07,5,2,city:2803138,city:2797656,50.0
demo:BE07_0_WD_10,demo,demo:BE07,BE07,5,2,city:2803138,city:2797656,50.0
demo:BE07_0_WD_11,demo,demo:BE07,BE07,5,2,city:2803138,city:2797656,50.0
demo:BE07_0_WD_12,demo,demo:BE07,BE07,5,2,city:2803138,city:2797656,50.0
demo:BE07_0_WD_13,demo,demo:BE07,BE07,5,2,city:2803138,city:2797656,50.0
demo:BE07_0_WD_14,demo,demo:BE07,BE07,5,2,city:2803138,city:2797656,50.0
demo:BE07_0_WD_15,demo,demo:BE07,BE07,5,2,city:2803138,city:2797656,50.0
demo:BE07_0_WE_00,demo,demo:BE07,BE07,2,2,city:2803138,city:2797656,50.0
demo:BE07_0_WE_01,demo,demo:BE07,BE07,2,2,city:2803138,city:2797656,50.0
demo:BE07_0_WE_02,demo,demo:BE07,BE07,2,2,city:2803138,city:2797656,50.0
demo:BE07_0_WE_03,demo,demo:BE07,BE07,2,2,city:2803138,city:2797656,50.0
demo:BE07_0_WE_04,demo,demo:BE07,BE07,2,2,city:2803138,city:2797656,50.0
demo:BE07_0_WE_05,demo,demo:BE07,BE07,2,2,city:2803138,city:2797656,50.0
demo:BE07_0_WE_06,demo,demo:BE07,BE07,2,2,city:2803138,city:2797656,50.0
demo:BE07_0_WE_07,demo,demo:BE07,BE07,2,2,city:2803138,city:2797656,50.0
demo:BE07_0_WE_08,demo,demo:BE07,BE07,2,2,city:2803138,city:2797656,50.0
demo:BE07_0_WE_09,demo,demo:BE07,BE07,2,2,city:2803138,city:2797656,50.0
demo:BE07_0_WE_10,demo,demo:BE07,BE07,2,2,city:2803138,city:2797656,50.0
demo:BE07_0_WE_11,demo,demo:BE07,BE07,2,2,city:2803138,city:2797656,50.0
demo:BE07_0_WE_12,demo,demo:BE07,BE07,2,2,city:2803138,city:2797656,50.0
demo:BE07_0_WE_13,demo,demo:BE07,BE07,2,2,city:2803138,city:2797656,50.0
demo:BE07_1_WD_00,demo,demo:BE07,BE07,5,2,city:2797656,city:2803138,50.0
demo:BE07_1_WD_01,demo,demo:BE07,BE07,5,2,city:2797656,city:2803138,50.0
demo:BE07_1_WD_02,demo,demo:BE07,BE07,5,2,city:2797656,city:2803138,50.0
demo:BE07_1_WD_03,demo,demo:BE07,BE07,5,2,city:2797656,city:2803138,50.0
demo:BE07_1_WD_04,demo,demo:BE07,BE07,5,2,city:2797656,city:2803138,50.0
demo:BE07_1_WD_05,demo,demo:BE07,BE07,5,2,city:2797656,city:2803138,50.0
demo:BE07_1_WD_06,demo,demo:BE07,BE07,5,2,city:2797656,city:2803138,50.0
demo:BE07_1_WD_07,demo,demo:BE07,BE07,5,2,city:2797656,city:2803138,50.0
demo:BE07_1_WD_08,demo,demo:BE07,BE07,5,2,city:2797656,city:2803138,50.0
demo:BE07_1_WD_09,demo,demo:BE07,BE07,5,2,city:2797656,city:2803138,50.0
demo:BE07_1_WD_10,demo,demo:BE07,BE07,5,2,city:2797656,city:2803138,50.0
demo:BE07_1_WD_11,demo,demo:BE07,BE07,5,2,city:2797656,city:2803138,50.0
demo:BE07_1_WD_12,demo,demo:BE07,BE07,5,2,city:2797656,city:2803138,50.0
demo:BE07_1_WD_13,demo,demo:BE07,BE07,5,2,city:2797656,city:2803138,50.0
demo:BE07_1_WD_14,demo,demo:BE07,BE07,5,2,city:2797656,city:2803138,50.0
demo:BE07_1_WD_15,demo,demo:BE07,BE07,5,2,city:2797656,city:2803138,50.0
demo:BE07_1_WE_00,demo,demo:BE07,BE07,2,2,city:2797656,city:2803138,50.0
demo:BE07_1_WE_01,demo,demo:BE07,BE07,2,2,city:2797656,city:2803138,50.0
demo:BE07_1_WE_02,demo,demo:BE07,BE07,2,2,city:2797656,city:2803138,50.0
demo:BE07_1_WE_03,demo,demo:BE07,BE07,2,2,city:2797656,city:2803138,50.0
demo:BE07_1_WE_04,demo,demo:BE07,BE07,2,2,city:2797656,city:2803138,50.0
demo:BE07_1_WE_05,demo,demo:BE07,BE07,2,2,city:2797656,city:2803138,50.0
demo:BE07_1_WE_06,demo,demo:BE07,BE07,2,2,city:2797656,city:2803138,50.0
demo:BE07_1_WE_07,demo,demo:BE07,BE07,2,2,city:2797656,city:2803138,50.0
demo:BE07_1_WE_08,demo,demo:BE07,BE07,2,2,city:2797656,city:2803138,50.0
demo:BE07_1_WE_09,demo,demo:BE07,BE07,2,2,city:2797656,city:2803138,50.0
demo:BE07_1_WE_10,demo,demo:BE07,BE07,2,2,city:2797656,city:2803138,50.0
demo:BE07_1_WE_11,demo,demo:BE07,BE07,2,2,city:2797656,city:2803138,50.0
demo:BE07_1_WE_12,demo,demo:BE07,BE07,2,2,city:2797656,city:2803138,50.0
demo:BE07_1_WE_13,demo,demo:BE07,BE07,2,2,city:2797656,city:2803138,50.0
demo:BE08_0_WD_00,demo,demo:BE08,BE08,5,2,city:2800866,city:2790869,50.0
demo:BE08_0_WD_01,demo,demo:BE08,BE08,5,2,city:2800866,city:2790869,50.0
demo:BE08_0_WD_02,demo,demo:BE08,BE08,5,2,city:2800866,city:2790869,50.0
demo:BE08_0_WD_03,demo,demo:BE08,BE08,5,2,city:2800866,city:2790869,50.0
demo:BE08_0_WD_04,demo,demo:BE08,BE08,5,2,city:2800866,city:2790869,50.0
demo:BE08_0_WD_05,demo,demo:BE08,BE08,5,2,city:2800866,city:2790869,50.0
demo:BE08_0_WD_06,demo,demo:BE08,BE08,5,2,city:2800866,city:2790869,50.0
demo:BE08_0_WD_07,demo,demo:BE08,BE08,5,2,city:2800866,city:2790869,50.0
demo:BE08_0_WD_08,demo,demo:BE08,BE08,5,2,city:2800866,city:2790869,50.0
demo:BE08_0_WD_09,demo,demo:BE08,BE08,5,2,city:2800866,city:2790869,50.0
demo:BE08_0_WD_10,demo,demo:BE08,BE08,5,2,city:2800866,city:2790869,50.0
demo:BE08_0_WD_11,demo,demo:BE08,BE08,5,2,city:2800866,city:2790869,50.0
demo:BE08_0_WD_12,demo,demo:BE08,BE08,5,2,city:2800866,city:2790869,50.0
demo:BE08_0_WD_13,demo,demo:BE08,BE08,5,2,city:2800866,city:2790869,50.0
demo:BE08_0_WD_14,demo,demo:BE08,BE08,5,2,city:2800866,city:2790869,50.0
demo:BE08_0_WD_15,demo,demo:BE08,BE08,5,2,city:2800866,city:2790869,50.0
demo:BE08_0_WE_00,demo,demo:BE08,BE08,2,2,city:2800866,city:2790869,50.0
demo:BE08_0_WE_01,demo,demo:BE08,BE08,2,2,city:2800866,city:2790869,50.0
demo:BE08_0_WE_02,demo,demo:BE08,BE08,2,2,city:2800866,city:2790869,50.0
demo:BE08_0_WE_03,demo,demo:BE08,BE08,2,2,city:2800866,city:2790869,50.0
demo:BE08_0_WE_04,demo,demo:BE08,BE08,2,2,city:2800866,city:2790869,50.0
demo:BE08_0_WE_05,demo,demo:BE08,BE08,2,2,city:2800866,city:2790869,50.0
demo:BE08_0_WE_06,demo,demo:BE08,BE08,2,2,city:2800866,city:2790869,50.0
demo:BE08_0_WE_07,demo,demo:BE08,BE08,2,2,city:2800866,city:2790869,50.0
demo:BE08_0_WE_08,demo,demo:BE08,BE08,2,2,city:2800866,city:2790869,50.0
demo:BE08_0_WE_09,demo,demo:BE08,BE08,2,2,city:2800866,city:2790869,50.0
demo:BE08_0_WE_10,demo,demo:BE08,BE08,2,2,city:2800866,city:2790869,50.0
demo:BE08_0_WE_11,demo,demo:BE08,BE08,2,2,city:2800866,city:2790869,50.0
demo:BE08_0_WE_12,demo,demo:BE08,BE08,2,2,city:2800866,city:2790869,50.0
demo:BE08_0_WE_13,demo,demo:BE08,BE08,2,2,city:2800866,city:2790869,50.0
demo:BE08_1_WD_00,demo,demo:BE08,BE08,5,2,city:2790869,city:2800866,50.0
demo:BE08_1_WD_01,demo,demo:BE08,BE08,5,2,city:2790869,city:2800866,50.0
demo:BE08_1_WD_02,demo,demo:BE08,BE08,5,2,city:2790869,city:2800866,50.0
demo:BE08_1_WD_03,demo,demo:BE08,BE08,5,2,city:2790869,city:2800866,50.0
demo:BE08_1_WD_04,demo,demo:BE08,BE08,5,2,city:2790869,city:2800866,50.0
demo:BE08_1_WD_05,demo,demo:BE08,BE08,5,2,city:2790869,city:2800866,50.0
demo:BE08_1_WD_06,demo,demo:BE08,BE08,5,2,city:2790869,city:2800866,50.0
demo:BE08_1_WD_07,demo,demo:BE08,BE08,5,2,city:2790869,city:2800866,50.0
demo:BE08_1_WD_08,demo,demo:BE08,BE08,5,2,city:2790869,city:2800866,50.0
demo:BE08_1_WD_09,demo,demo:BE08,BE08,5,2,city:2790869,city:2800866,50.0
demo:BE08_1_WD_10,demo,demo:BE08,BE08,5,2,city:2790869,city:2800866,50.0
demo:BE08_1_WD_11,demo,demo:BE08,BE08,5,2,city:2790869,city:2800866,50.0
demo:BE08_1_WD_12,demo,demo:BE08,BE08,5,2,city:2790869,city:2800866,50.0
demo:BE08_1_WD_13,demo,demo:BE08,BE08,5,2,city:2790869,city:2800866,50.0
demo:BE08_1_WD_14,demo,demo:BE08,BE08,5,2,city:2790869,city:2800866,50.0
demo:BE08_1_WD_15,demo,demo:BE08,BE08,5,2,city:2790869,city:2800866,50.0
demo:BE08_1_WE_00,demo,demo:BE08,BE08,2,2,city:2790869,city:2800866,50.0
demo:BE08_1_WE_01,demo,demo:BE08,BE08,2,2,city:2790869,city:2800866,50.0
demo:BE08_1_WE_02,demo,demo:BE08,BE08,2,2,city:2790869,city:2800866,50.0
demo:BE08_1_WE_03,demo,demo:BE08,BE08,2,2,city:2790869,city:2800866,50.0
demo:BE08_1_WE_04,demo,demo:BE08,BE08,2,2,city:2790869,city:2800866,50.0
demo:BE08_1_WE_05,demo,demo:BE08,BE08,2,2,city:2790869,city:2800866,50.0
demo:BE08_1_WE_06,demo,demo:BE08,BE08,2,2,city:2790869,city:2800866,50.0
demo:BE08_1_WE_07,demo,demo:BE08,BE08,2,2,city:2790869,city:2800866,50.0
demo:BE08_1_WE_08,demo,demo:BE08,BE08,2,2,city:2790869,city:2800866,50.0
demo:BE08_1_WE_09,demo,demo:BE08,BE08,2,2,city:2790869,city:2800866,50.0
demo:BE08_1_WE_10,demo,demo:BE08,BE08,2,2,city:2790869,city:2800866,50.0
demo:BE08_1_WE_11,demo,demo:BE08,BE08,2,2,city:2790869,city:2800866,50.0
demo:BE08_1_WE_12,demo,demo:BE08,BE08,2,2,city:2790869,city:2800866,50.0
demo:BE08_1_WE_13,demo,demo:BE08,BE08,2,2,city:2790869,city:2800866,50.0
demo:BE09_0_WD_00,demo,demo:BE09,BE09,5,6,city:2800866,city:2759794,160.0
demo:BE09_0_WD_01,demo,demo:BE09,BE09,5,6,city:2800866,city:2759794,160.0
demo:BE09_0_WD_02,demo,demo:BE09,BE09,5,6,city:2800866,city:2759794,160.0
demo:BE09_0_WD_03,demo,demo:BE09,BE09,5,6,city:2800866,city:2759794,160.0
demo:BE09_0_WD_04,demo,demo:BE09,BE09,5,6,city:2800866,city:2759794,160.0
demo:BE09_0_WD_05,demo,demo:BE09,BE09,5,6,city:2800866,city:2759794,160.0
demo:BE09_0_WD_06,demo,demo:BE09,BE09,5,6,city:2800866,city:2759794,160.0
demo:BE09_0_WD_07,demo,demo:BE09,BE09,5,6,city:2800866,city:2759794,160.0
demo:BE09_0_WD_08,demo,demo:BE09,BE09,5,6,city:2800866,city:2759794,160.0
demo:BE09_0_WD_09,demo,demo:BE09,BE09,5,6,city:2800866,city:2759794,160.0
demo:BE09_0_WD_10,demo,demo:BE09,BE09,5,6,city:2800866,city:2759794,160.0
demo:BE09_0_WD_11,demo,demo:BE09,BE09,5,6,city:2800866,city:2759794,160.0
demo:BE09_0_WD_12,demo,demo:BE09,BE09,5,6,city:2800866,city:2759794,160.0
demo:BE09_0_WD_13,demo,demo:BE09,BE09,5,6,city:2800866,city:2759794,160.0
demo:BE09_0_WD_14,demo,demo:BE09,BE09,5,6,city:2800866,city:2759794,160.0
demo:BE09_0_WD_15,demo,demo:BE09,BE09,5,6,city:2800866,city:2759794,160.0
demo:BE09_0_WE_00,demo,demo:BE09,BE09,2,6,city:2800866,city:2759794,160.0
demo:BE09_0_WE_01,demo,demo:BE09,BE09,2,6,city:2800866,city:2759794,160.0
demo:BE09_0_WE_02,demo,demo:BE09,BE09,2,6,city:2800866,city:2759794,160.0
demo:BE09_0_WE_03,demo,demo:BE09,BE09,2,6,city:2800866,city:2759794,160.0
demo:BE09_0_WE_04,demo,demo:BE09,BE09,2,6,city:2800866,city:2759794,160.0
demo:BE09_0_WE_05,demo,demo:BE09,BE09,2,6,city:2800866,city:2759794,160.0
demo:BE09_0_WE_06,demo,demo:BE09,BE09,2,6,city:2800866,city:2759794,160.0
demo:BE09_0_WE_07,demo,demo:BE09,BE09,2,6,city:2800866,city:2759794,160.0
demo:BE09_0_WE_08,demo,demo:BE09,BE09,2,6,city:2800866,city:2759794,160.0
demo:BE09_0_WE_09,demo,demo:BE09,BE09,2,6,city:2800866,city:2759794,160.0
demo:BE09_0_WE_10,demo,demo:BE09,BE09,2,6,city:2800866,city:2759794,160.0
demo:BE09_0_WE_11,demo,demo:BE09,BE09,2,6,city:2800866,city:2759794,160.0
demo:BE09_0_WE_12,demo,demo:BE09,BE09,2,6,city:2800866,city:2759794,160.0
demo:BE09_0_WE_13,demo,demo:BE09,BE09,2,6,city:2800866,city:2759794,160.0
demo:BE09_1_WD_00,demo,demo:BE09,BE09,5,6,city:2759794,city:2800866,160.0
demo:BE09_1_WD_01,demo,demo:BE09,BE09,5,6,city:2759794,city:2800866,160.0
demo:BE09_1_WD_02,demo,demo:BE09,BE09,5,6,city:2759794,city:2800866,160.0
demo:BE09_1_WD_03,demo,demo:BE09,BE09,5,6,city:2759794,city:2800866,160.0
demo:BE09_1_WD_04,demo,demo:BE09,BE09,5,6,city:2759794,city:2800866,160.0
demo:BE09_1_WD_05,demo,demo:BE09,BE09,5,6,city:2759794,city:2800866,160.0
demo:BE09_1_WD_06,demo,demo:BE09,BE09,5,6,city:2759794,city:2800866,160.0
demo:BE09_1_WD_07,demo,demo:BE09,BE09,5,6,city:2759794,city:2800866,160.0
demo:BE09_1_WD_08,demo,demo:BE09,BE09,5,6,city:2759794,city:2800866,160.0
demo:BE09_1_WD_09,demo,demo:BE09,BE09,5,6,city:2759794,city:2800866,160.0
demo:BE09_1_WD_10,demo,demo:BE09,BE09,5,6,city:2759794,city:2800866,160.0
demo:BE09_1_WD_11,demo,demo:BE09,BE09,5,6,city:2759794,city:2800866,160.0
demo:BE09_1_WD_12,demo,demo:BE09,BE09,5,6,city:2759794,city:2800866,160.0
demo:BE09_1_WD_13,demo,demo:BE09,BE09,5,6,city:2759794,city:2800866,160.0
demo:BE09_1_WD_14,demo,demo:BE09,BE09,5,6,city:2759794,city:2800866,160.0
demo:BE09_1_WD_15,demo,demo:BE09,BE09,5,6,city:2759794,city:2800866,160.0
demo:BE09_1_WE_00,demo,demo:BE09,BE09,2,6,city:2759794,city:2800866,160.0
demo:BE09_1_WE_01,demo,demo:BE09,BE09,2,6,city:2759794,city:2800866,160.0
demo:BE09_1_WE_02,demo,demo:BE09,BE09,2,6,city:2759794,city:2800866,160.0
demo:BE09_1_WE_03,demo,demo:BE09,BE09,2,6,city:2759794,city:2800866,160.0
demo:BE09_1_WE_04,demo,demo:BE09,BE09,2,6,city:2759794,city:2800866,160.0
demo:BE09_1_WE_05,demo,demo:BE09,BE09,2,6,city:2759794,city:2800866,160.0
demo:BE09_1_WE_06,demo,demo:BE09,BE09,2,6,city:2759794,city:2800866,160.0
demo:BE09_1_WE_07,demo,demo:BE09,BE09,2,6,city:2759794,city:2800866,160.0
demo:BE09_1_WE_08,demo,demo:BE09,BE09,2,6,city:2759794,city:2800866,160.0
demo:BE09_1_WE_09,demo,demo:BE09,BE09,2,6,city:2759794,city:2800866,160.0
demo:BE09_1_WE_10,demo,demo:BE09,BE09,2,6,city:2759794,city:2800866,160.0
demo:BE09_1_WE_11,demo,demo:BE09,BE09,2,6,city:2759794,city:2800866,160.0
demo:BE09_1_WE_12,demo,demo:BE09,BE09,2,6,city:2759794,city:2800866,160.0
demo:BE09_1_WE_13,demo,demo:BE09,BE09,2,6,city:2759794,city:2800866,160.0
demo:BG01_0_WD_00,demo,demo:BG01,BG01,5,2,city:727011,city:728193,150.0
demo:BG01_0_WD_01,demo,demo:BG01,BG01,5,2,city:727011,city:728193,150.0
demo:BG01_0_WD_02,demo,demo:BG01,BG01,5,2,city:727011,city:728193,150.0
demo:BG01_0_WD_03,demo,demo:BG01,BG01,5,2,city:727011,city:728193,150.0
demo:BG01_0_WD_04,demo,demo:BG01,BG01,5,2,city:727011,city:728193,150.0
demo:BG01_0_WD_05,demo,demo:BG01,BG01,5,2,city:727011,city:728193,150.0
demo:BG01_0_WE_00,demo,demo:BG01,BG01,2,2,city:727011,city:728193,150.0
demo:BG01_0_WE_01,demo,demo:BG01,BG01,2,2,city:727011,city:728193,150.0
demo:BG01_0_WE_02,demo,demo:BG01,BG01,2,2,city:727011,city:728193,150.0
demo:BG01_0_WE_03,demo,demo:BG01,BG01,2,2,city:727011,city:728193,150.0
demo:BG01_0_WE_04,demo,demo:BG01,BG01,2,2,city:727011,city:728193,150.0
demo:BG01_1_WD_00,demo,demo:BG01,BG01,5,2,city:728193,city:727011,150.0
demo:BG01_1_WD_01,demo,demo:BG01,BG01,5,2,city:728193,city:727011,150.0
demo:BG01_1_WD_02,demo,demo:BG01,BG01,5,2,city:728193,city:727011,150.0
demo:BG01_1_WD_03,demo,demo:BG01,BG01,5,2,city:728193,city:727011,150.0
demo:BG01_1_WD_04,demo,demo:BG01,BG01,5,2,city:728193,city:727011,150.0
demo:BG01_1_WD_05,demo,demo:BG01,BG01,5,2,city:728193,city:727011,150.0
demo:BG01_1_WE_00,demo,demo:BG01,BG01,2,2,city:728193,city:727011,150.0
demo:BG01_1_WE_01,demo,demo:BG01,BG01,2,2,city:728193,city:727011,150.0
demo:BG01_1_WE_02,demo,demo:BG01,BG01,2,2,city:728193,city:727011,150.0
demo:BG01_1_WE_03,demo,demo:BG01,BG01,2,2,city:728193,city:727011,150.0
demo:BG01_1_WE_04,demo,demo:BG01,BG01,2,2,city:728193,city:727011,150.0
demo:BG02_0_WD_00,demo,demo:BG02,BG02,5,4,city:727011,city:732770,400.0
demo:BG02_0_WD_01,demo,demo:BG02,BG02,5,4,city:727011,city:732770,400.0
demo:BG02_0_WD_02,demo,demo:BG02,BG02,5,4,city:727011,city:732770,400.0
demo:BG02_0_WE_00,demo,demo:BG02,BG02,2,4,city:727011,city:732770,400.0
demo:BG02_0_WE_01,demo,demo:BG02,BG02,2,4,city:727011,city:732770,400.0
demo:BG02_0_WE_02,demo,demo:BG02,BG02,2,4,city:727011,city:732770,400.0
demo:BG02_1_WD_00,demo,demo:BG02,BG02,5,4,city:732770,city:727011,400.0
demo:BG02_1_WD_01,demo,demo:BG02,BG02,5,4,city:732770,city:727011,400.0
demo:BG02_1_WD_02,demo,demo:BG02,BG02,5,4,city:732770,city:727011,400.0
demo:BG02_1_WE_00,demo,demo:BG02,BG02,2,4,city:732770,city:727011,400.0
demo:BG02_1_WE_01,demo,demo:BG02,BG02,2,4,city:732770,city:727011,400.0
demo:BG02_1_WE_02,demo,demo:BG02,BG02,2,4,city:732770,city:727011,400.0
demo:BG03_0_WD_00,demo,demo:BG03,BG03,5,4,city:727011,city:726050,470.0
demo:BG03_0_WD_01,demo,demo:BG03,BG03,5,4,city:727011,city:726050,470.0
demo:BG03_0_WD_02,demo,demo:BG03,BG03,5,4,city:727011,city:726050,470.0
demo:BG03_0_WE_00,demo,demo:BG03,BG03,2,4,city:727011,city:726050,470.0
demo:BG03_0_WE_01,demo,demo:BG03,BG03,2,4,city:727011,city:726050,470.0
demo:BG03_0_WE_02,demo,demo:BG03,BG03,2,4,city:727011,city:726050,470.0
demo:BG03_1_WD_00,demo,demo:BG03,BG03,5,4,city:726050,city:727011,470.0
demo:BG03_1_WD_01,demo,demo:BG03,BG03,5,4,city:726050,city:727011,470.0
demo:BG03_1_WD_02,demo,demo:BG03,BG03,5,4,city:726050,city:727011,470.0
demo:BG03_1_WE_00,demo,demo:BG03,BG03,2,4,city:726050,city:727011,470.0
demo:BG03_1_WE_01,demo,demo:BG03,BG03,2,4,city:726050,city:727011,470.0
demo:BG03_1_WE_02,demo,demo:BG03,BG03,2,4,city:726050,city:727011,470.0
demo:CH01_0_WD_00,demo,demo:CH01,CH01,5,9,stn:demo:S0241,city:2658822,230.0
demo:CH01_0_WD_01,demo,demo:CH01,CH01,5,9,stn:demo:S0241,city:2658822,230.0
demo:CH01_0_WD_02,demo,demo:CH01,CH01,5,9,stn:demo:S0241,city:2658822,230.0
demo:CH01_0_WD_03,demo,demo:CH01,CH01,5,9,stn:demo:S0241,city:2658822,230.0
demo:CH01_0_WD_04,demo,demo:CH01,CH01,5,9,stn:demo:S0241,city:2658822,230.0
demo:CH01_0_WD_05,demo,demo:CH01,CH01,5,9,stn:demo:S0241,city:2658822,230.0
demo:CH01_0_WD_06,demo,demo:CH01,CH01,5,9,stn:demo:S0241,city:2658822,230.0
demo:CH01_0_WD_07,demo,demo:CH01,CH01,5,9,stn:demo:S0241,city:2658822,230.0
demo:CH01_0_WD_08,demo,demo:CH01,CH01,5,9,stn:demo:S0241,city:2658822,230.0
demo:CH01_0_WD_09,demo,demo:CH01,CH01,5,9,stn:demo:S0241,city:2658822,230.0
demo:CH01_0_WD_10,demo,demo:CH01,CH01,5,9,stn:demo:S0241,city:2658822,230.0
demo:CH01_0_WD_11,demo,demo:CH01,CH01,5,9,stn:demo:S0241,city:2658822,230.0
demo:CH01_0_WD_12,demo,demo:CH01,CH01,5,9,stn:demo:S0241,city:2658822,230.0
demo:CH01_0_WD_13,demo,demo:CH01,CH01,5,9,stn:demo:S0241,city:2658822,230.0
demo:CH01_0_WD_14,demo,demo:CH01,CH01,5,9,stn:demo:S0241,city:2658822,230.0
demo:CH01_0_WD_15,demo,demo:CH01,CH01,5,9,stn:demo:S0241,city:2658822,230.0
demo:CH01_0_WD_16,demo,demo:CH01,CH01,5,9,stn:demo:S0241,city:2658822,230.0
demo:CH01_0_WD_17,demo,demo:CH01,CH01,5,9,stn:demo:S0241,city:2658822,230.0
demo:CH01_0_WD_18,demo,demo:CH01,CH01,5,9,stn:demo:S0241,city:2658822,230.0
demo:CH01_0_WD_19,demo,demo:CH01,CH01,5,9,stn:demo:S0241,city:2658822,230.0
demo:CH01_0_WD_20,demo,demo:CH01,CH01,5,9,stn:demo:S0241,city:2658822,230.0
demo:CH01_0_WD_21,demo,demo:CH01,CH01,5,9,stn:demo:S0241,city:2658822,230.0
demo:CH01_0_WD_22,demo,demo:CH01,CH01,5,9,stn:demo:S0241,city:2658822,230.0
demo:CH01_0_WD_23,demo,demo:CH01,CH01,5,9,stn:demo:S0241,city:2658822,230.0
demo:CH01_0_WD_24,demo,demo:CH01,CH01,5,9,stn:demo:S0241,city:2658822,230.0
demo:CH01_0_WD_25,demo,demo:CH01,CH01,5,9,stn:demo:S0241,city:2658822,230.0
demo:CH01_0_WD_26,demo,demo:CH01,CH01,5,9,stn:demo:S0241,city:2658822,230.0
demo:CH01_0_WD_27,demo,demo:CH01,CH01,5,9,stn:demo:S0241,city:2658822,230.0
demo:CH01_0_WD_28,demo,demo:CH01,CH01,5,9,stn:demo:S0241,city:2658822,230.0
demo:CH01_0_WD_29,demo,demo:CH01,CH01,5,9,stn:demo:S0241,city:2658822,230.0
demo:CH01_0_WD_30,demo,demo:CH01,CH01,5,9,stn:demo:S0241,city:2658822,230.0
demo:CH01_0_WD_31,demo,demo:CH01,CH01,5,9,stn:demo:S0241,city:2658822,230.0
demo:CH01_0_WE_00,demo,demo:CH01,CH01,2,9,stn:demo:S0241,city:2658822,230.0
demo:CH01_0_WE_01,demo,demo:CH01,CH01,2,9,stn:demo:S0241,city:2658822,230.0
demo:CH01_0_WE_02,demo,demo:CH01,CH01,2,9,stn:demo:S0241,city:2658822,230.0
demo:CH01_0_WE_03,demo,demo:CH01,CH01,2,9,stn:demo:S0241,city:2658822,230.0
demo:CH01_0_WE_04,demo,demo:CH01,CH01,2,9,stn:demo:S0241,city:2658822,230.0
demo:CH01_0_WE_05,demo,demo:CH01,CH01,2,9,stn:demo:S0241,city:2658822,230.0
demo:CH01_0_WE_06,demo,demo:CH01,CH01,2,9,stn:demo:S0241,city:2658822,230.0
demo:CH01_0_WE_07,demo,demo:CH01,CH01,2,9,stn:demo:S0241,city:2658822,230.0
demo:CH01_0_WE_08,demo,demo:CH01,CH01,2,9,stn:demo:S0241,city:2658822,230.0
demo:CH01_0_WE_09,demo,demo:CH01,CH01,2,9,stn:demo:S0241,city:2658822,230.0
demo:CH01_0_WE_10,demo,demo:CH01,CH01,2,9,stn:demo:S0241,city:2658822,230.0
demo:CH01_0_WE_11,demo,demo:CH01,CH01,2,9,stn:demo:S0241,city:2658822,230.0
demo:CH01_0_WE_12,demo,demo:CH01,CH01,2,9,stn:demo:S0241,city:2658822,230.0
demo:CH01_0_WE_13,demo,demo:CH01,CH01,2,9,stn:demo:S0241,city:2658822,230.0
demo:CH01_0_WE_14,demo,demo:CH01,CH01,2,9,stn:demo:S0241,city:2658822,230.0
demo:CH01_0_WE_15,demo,demo:CH01,CH01,2,9,stn:demo:S0241,city:2658822,230.0
demo:CH01_0_WE_16,demo,demo:CH01,CH01,2,9,stn:demo:S0241,city:2658822,230.0
demo:CH01_0_WE_17,demo,demo:CH01,CH01,2,9,stn:demo:S0241,city:2658822,230.0
demo:CH01_0_WE_18,demo,demo:CH01,CH01,2,9,stn:demo:S0241,city:2658822,230.0
demo:CH01_0_WE_19,demo,demo:CH01,CH01,2,9,stn:demo:S0241,city:2658822,230.0
demo:CH01_0_WE_20,demo,demo:CH01,CH01,2,9,stn:demo:S0241,city:2658822,230.0
demo:CH01_0_WE_21,demo,demo:CH01,CH01,2,9,stn:demo:S0241,city:2658822,230.0
demo:CH01_0_WE_22,demo,demo:CH01,CH01,2,9,stn:demo:S0241,city:2658822,230.0
demo:CH01_0_WE_23,demo,demo:CH01,CH01,2,9,stn:demo:S0241,city:2658822,230.0
demo:CH01_0_WE_24,demo,demo:CH01,CH01,2,9,stn:demo:S0241,city:2658822,230.0
demo:CH01_0_WE_25,demo,demo:CH01,CH01,2,9,stn:demo:S0241,city:2658822,230.0
demo:CH01_0_WE_26,demo,demo:CH01,CH01,2,9,stn:demo:S0241,city:2658822,230.0
demo:CH01_1_WD_00,demo,demo:CH01,CH01,5,9,city:2658822,stn:demo:S0241,230.0
demo:CH01_1_WD_01,demo,demo:CH01,CH01,5,9,city:2658822,stn:demo:S0241,230.0
demo:CH01_1_WD_02,demo,demo:CH01,CH01,5,9,city:2658822,stn:demo:S0241,230.0
demo:CH01_1_WD_03,demo,demo:CH01,CH01,5,9,city:2658822,stn:demo:S0241,230.0
demo:CH01_1_WD_04,demo,demo:CH01,CH01,5,9,city:2658822,stn:demo:S0241,230.0
demo:CH01_1_WD_05,demo,demo:CH01,CH01,5,9,city:2658822,stn:demo:S0241,230.0
demo:CH01_1_WD_06,demo,demo:CH01,CH01,5,9,city:2658822,stn:demo:S0241,230.0
demo:CH01_1_WD_07,demo,demo:CH01,CH01,5,9,city:2658822,stn:demo:S0241,230.0
demo:CH01_1_WD_08,demo,demo:CH01,CH01,5,9,city:2658822,stn:demo:S0241,230.0
demo:CH01_1_WD_09,demo,demo:CH01,CH01,5,9,city:2658822,stn:demo:S0241,230.0
demo:CH01_1_WD_10,demo,demo:CH01,CH01,5,9,city:2658822,stn:demo:S0241,230.0
demo:CH01_1_WD_11,demo,demo:CH01,CH01,5,9,city:2658822,stn:demo:S0241,230.0
demo:CH01_1_WD_12,demo,demo:CH01,CH01,5,9,city:2658822,stn:demo:S0241,230.0
demo:CH01_1_WD_13,demo,demo:CH01,CH01,5,9,city:2658822,stn:demo:S0241,230.0
demo:CH01_1_WD_14,demo,demo:CH01,CH01,5,9,city:2658822,stn:demo:S0241,230.0
demo:CH01_1_WD_15,demo,demo:CH01,CH01,5,9,city:2658822,stn:demo:S0241,230.0
demo:CH01_1_WD_16,demo,demo:CH01,CH01,5,9,city:2658822,stn:demo:S0241,230.0
demo:CH01_1_WD_17,demo,demo:CH01,CH01,5,9,city:2658822,stn:demo:S0241,230.0
demo:CH01_1_WD_18,demo,demo:CH01,CH01,5,9,city:2658822,stn:demo:S0241,230.0
demo:CH01_1_WD_19,demo,demo:CH01,CH01,5,9,city:2658822,stn:demo:S0241,230.0
demo:CH01_1_WD_20,demo,demo:CH01,CH01,5,9,city:2658822,stn:demo:S0241,230.0
demo:CH01_1_WD_21,demo,demo:CH01,CH01,5,9,city:2658822,stn:demo:S0241,230.0
demo:CH01_1_WD_22,demo,demo:CH01,CH01,5,9,city:2658822,stn:demo:S0241,230.0
demo:CH01_1_WD_23,demo,demo:CH01,CH01,5,9,city:2658822,stn:demo:S0241,230.0
demo:CH01_1_WD_24,demo,demo:CH01,CH01,5,9,city:2658822,stn:demo:S0241,230.0
demo:CH01_1_WD_25,demo,demo:CH01,CH01,5,9,city:2658822,stn:demo:S0241,230.0
demo:CH01_1_WD_26,demo,demo:CH01,CH01,5,9,city:2658822,stn:demo:S0241,230.0
demo:CH01_1_WD_27,demo,demo:CH01,CH01,5,9,city:2658822,stn:demo:S0241,230.0
demo:CH01_1_WD_28,demo,demo:CH01,CH01,5,9,city:2658822,stn:demo:S0241,230.0
demo:CH01_1_WD_29,demo,demo:CH01,CH01,5,9,city:2658822,stn:demo:S0241,230.0
demo:CH01_1_WD_30,demo,demo:CH01,CH01,5,9,city:2658822,stn:demo:S0241,230.0
demo:CH01_1_WD_31,demo,demo:CH01,CH01,5,9,city:2658822,stn:demo:S0241,230.0
demo:CH01_1_WE_00,demo,demo:CH01,CH01,2,9,city:2658822,stn:demo:S0241,230.0
demo:CH01_1_WE_01,demo,demo:CH01,CH01,2,9,city:2658822,stn:demo:S0241,230.0
demo:CH01_1_WE_02,demo,demo:CH01,CH01,2,9,city:2658822,stn:demo:S0241,230.0
demo:CH01_1_WE_03,demo,demo:CH01,CH01,2,9,city:2658822,stn:demo:S0241,230.0
demo:CH01_1_WE_04,demo,demo:CH01,CH01,2,9,city:2658822,stn:demo:S0241,230.0
demo:CH01_1_WE_05,demo,demo:CH01,CH01,2,9,city:2658822,stn:demo:S0241,230.0
demo:CH01_1_WE_06,demo,demo:CH01,CH01,2,9,city:2658822,stn:demo:S0241,230.0
demo:CH01_1_WE_07,demo,demo:CH01,CH01,2,9,city:2658822,stn:demo:S0241,230.0
demo:CH01_1_WE_08,demo,demo:CH01,CH01,2,9,city:2658822,stn:demo:S0241,230.0
demo:CH01_1_WE_09,demo,demo:CH01,CH01,2,9,city:2658822,stn:demo:S0241,230.0
demo:CH01_1_WE_10,demo,demo:CH01,CH01,2,9,city:2658822,stn:demo:S0241,230.0
demo:CH01_1_WE_11,demo,demo:CH01,CH01,2,9,city:2658822,stn:demo:S0241,230.0
demo:CH01_1_WE_12,demo,demo:CH01,CH01,2,9,city:2658822,stn:demo:S0241,230.0
demo:CH01_1_WE_13,demo,demo:CH01,CH01,2,9,city:2658822,stn:demo:S0241,230.0
demo:CH01_1_WE_14,demo,demo:CH01,CH01,2,9,city:2658822,stn:demo:S0241,230.0
demo:CH01_1_WE_15,demo,demo:CH01,CH01,2,9,city:2658822,stn:demo:S0241,230.0
demo:CH01_1_WE_16,demo,demo:CH01,CH01,2,9,city:2658822,stn:demo:S0241,230.0
demo:CH01_1_WE_17,demo,demo:CH01,CH01,2,9,city:2658822,stn:demo:S0241,230.0
demo:CH01_1_WE_18,demo,demo:CH01,CH01,2,9,city:2658822,stn:demo:S0241,230.0
demo:CH01_1_WE_19,demo,demo:CH01,CH01,2,9,city:2658822,stn:demo:S0241,230.0
demo:CH01_1_WE_20,demo,demo:CH01,CH01,2,9,city:2658822,stn:demo:S0241,230.0
demo:CH01_1_WE_21,demo,demo:CH01,CH01,2,9,city:2658822,stn:demo:S0241,230.0
demo:CH01_1_WE_22,demo,demo:CH01,CH01,2,9,city:2658822,stn:demo:S0241,230.0
demo:CH01_1_WE_23,demo,demo:CH01,CH01,2,9,city:2658822,stn:demo:S0241,230.0
demo:CH01_1_WE_24,demo,demo:CH01,CH01,2,9,city:2658822,stn:demo:S0241,230.0
demo:CH01_1_WE_25,demo,demo:CH01,CH01,2,9,city:2658822,stn:demo:S0241,230.0
demo:CH01_1_WE_26,demo,demo:CH01,CH01,2,9,city:2658822,stn:demo:S0241,230.0
demo:CH02_0_WD_00,demo,demo:CH02,CH02,5,8,city:2660646,city:2657896,175.0
demo:CH02_0_WD_01,demo,demo:CH02,CH02,5,8,city:2660646,city:2657896,175.0
demo:CH02_0_WD_02,demo,demo:CH02,CH02,5,8,city:2660646,city:2657896,175.0
demo:CH02_0_WD_03,demo,demo:CH02,CH02,5,8,city:2660646,city:2657896,175.0
demo:CH02_0_WD_04,demo,demo:CH02,CH02,5,8,city:2660646,city:2657896,175.0
demo:CH02_0_WD_05,demo,demo:CH02,CH02,5,8,city:2660646,city:2657896,175.0
demo:CH02_0_WD_06,demo,demo:CH02,CH02,5,8,city:2660646,city:2657896,175.0
demo:CH02_0_WD_07,demo,demo:CH02,CH02,5,8,city:2660646,city:2657896,175.0
demo:CH02_0_WD_08,demo,demo:CH02,CH02,5,8,city:2660646,city:2657896,175.0
demo:CH02_0_WD_09,demo,demo:CH02,CH02,5,8,city:2660646,city:2657896,175.0
demo:CH02_0_WD_10,demo,demo:CH02,CH02,5,8,city:2660646,city:2657896,175.0
demo:CH02_0_WD_11,demo,demo:CH02,CH02,5,8,city:2660646,city:2657896,175.0
demo:CH02_0_WD_12,demo,demo:CH02,CH02,5,8,city:2660646,city:2657896,175.0
demo:CH02_0_WD_13,demo,demo:CH02,CH02,5,8,city:2660646,city:2657896,175.0
demo:CH02_0_WD_14,demo,demo:CH02,CH02,5,8,city:2660646,city:2657896,175.0
demo:CH02_0_WD_15,demo,demo:CH02,CH02,5,8,city:2660646,city:2657896,175.0
demo:CH02_0_WE_00,demo,demo:CH02,CH02,2,8,city:2660646,city:2657896,175.0
demo:CH02_0_WE_01,demo,demo:CH02,CH02,2,8,city:2660646,city:2657896,175.0
demo:CH02_0_WE_02,demo,demo:CH02,CH02,2,8,city:2660646,city:2657896,175.0
demo:CH02_0_WE_03,demo,demo:CH02,CH02,2,8,city:2660646,city:2657896,174.0
demo:CH02_0_WE_04,demo,demo:CH02,CH02,2,8,city:2660646,city:2657896,175.0
demo:CH02_0_WE_05,demo,demo:CH02,CH02,2,8,city:2660646,city:2657896,175.0
demo:CH02_0_WE_06,demo,demo:CH02,CH02,2,8,city:2660646,city:2657896,175.0
demo:CH02_0_WE_07,demo,demo:CH02,CH02,2,8,city:2660646,city:2657896,175.0
demo:CH02_0_WE_08,demo,demo:CH02,CH02,2,8,city:2660646,city:2657896,175.0
demo:CH02_0_WE_09,demo,demo:CH02,CH02,2,8,city:2660646,city:2657896,175.0
demo:CH02_0_WE_10,demo,demo:CH02,CH02,2,8,city:2660646,city:2657896,176.0
demo:CH02_0_WE_11,demo,demo:CH02,CH02,2,8,city:2660646,city:2657896,175.0
demo:CH02_0_WE_12,demo,demo:CH02,CH02,2,8,city:2660646,city:2657896,175.0
demo:CH02_0_WE_13,demo,demo:CH02,CH02,2,8,city:2660646,city:2657896,175.0
demo:CH02_1_WD_00,demo,demo:CH02,CH02,5,8,city:2657896,city:2660646,175.0
demo:CH02_1_WD_01,demo,demo:CH02,CH02,5,8,city:2657896,city:2660646,175.0
demo:CH02_1_WD_02,demo,demo:CH02,CH02,5,8,city:2657896,city:2660646,175.0
demo:CH02_1_WD_03,demo,demo:CH02,CH02,5,8,city:2657896,city:2660646,175.0
demo:CH02_1_WD_04,demo,demo:CH02,CH02,5,8,city:2657896,city:2660646,175.0
demo:CH02_1_WD_05,demo,demo:CH02,CH02,5,8,city:2657896,city:2660646,175.0
demo:CH02_1_WD_06,demo,demo:CH02,CH02,5,8,city:2657896,city:2660646,175.0
demo:CH02_1_WD_07,demo,demo:CH02,CH02,5,8,city:2657896,city:2660646,175.0
demo:CH02_1_WD_08,demo,demo:CH02,CH02,5,8,city:2657896,city:2660646,175.0
demo:CH02_1_WD_09,demo,demo:CH02,CH02,5,8,city:2657896,city:2660646,175.0
demo:CH02_1_WD_10,demo,demo:CH02,CH02,5,8,city:2657896,city:2660646,175.0
demo:CH02_1_WD_11,demo,demo:CH02,CH02,5,8,city:2657896,city:2660646,175.0
demo:CH02_1_WD_12,demo,demo:CH02,CH02,5,8,city:2657896,city:2660646,175.0
demo:CH02_1_WD_13,demo,demo:CH02,CH02,5,8,city:2657896,city:2660646,175.0
demo:CH02_1_WD_14,demo,demo:CH02,CH02,5,8,city:2657896,city:2660646,175.0
demo:CH02_1_WD_15,demo,demo:CH02,CH02,5,8,city:2657896,city:2660646,175.0
demo:CH02_1_WE_00,demo,demo:CH02,CH02,2,8,city:2657896,city:2660646,175.0
demo:CH02_1_WE_01,demo,demo:CH02,CH02,2,8,city:2657896,city:2660646,175.0
demo:CH02_1_WE_02,demo,demo:CH02,CH02,2,8,city:2657896,city:2660646,175.0
demo:CH02_1_WE_03,demo,demo:CH02,CH02,2,8,city:2657896,city:2660646,174.0
demo:CH02_1_WE_04,demo,demo:CH02,CH02,2,8,city:2657896,city:2660646,175.0
demo:CH02_1_WE_05,demo,demo:CH02,CH02,2,8,city:2657896,city:2660646,175.0
demo:CH02_1_WE_06,demo,demo:CH02,CH02,2,8,city:2657896,city:2660646,175.0
demo:CH02_1_WE_07,demo,demo:CH02,CH02,2,8,city:2657896,city:2660646,175.0
demo:CH02_1_WE_08,demo,demo:CH02,CH02,2,8,city:2657896,city:2660646,175.0
demo:CH02_1_WE_09,demo,demo:CH02,CH02,2,8,city:2657896,city:2660646,175.0
demo:CH02_1_WE_10,demo,demo:CH02,CH02,2,8,city:2657896,city:2660646,176.0
demo:CH02_1_WE_11,demo,demo:CH02,CH02,2,8,city:2657896,city:2660646,175.0
demo:CH02_1_WE_12,demo,demo:CH02,CH02,2,8,city:2657896,city:2660646,175.0
demo:CH02_1_WE_13,demo,demo:CH02,CH02,2,8,city:2657896,city:2660646,175.0
demo:CH03_0_WD_00,demo,demo:CH03,CH03,5,2,city:2661604,city:2657896,53.0
demo:CH03_0_WD_01,demo,demo:CH03,CH03,5,2,city:2661604,city:2657896,53.0
demo:CH03_0_WD_02,demo,demo:CH03,CH03,5,2,city:2661604,city:2657896,53.0
demo:CH03_0_WD_03,demo,demo:CH03,CH03,5,2,city:2661604,city:2657896,53.0
demo:CH03_0_WD_04,demo,demo:CH03,CH03,5,2,city:2661604,city:2657896,53.0
demo:CH03_0_WD_05,demo,demo:CH03,CH03,5,2,city:2661604,city:2657896,53.0
demo:CH03_0_WD_06,demo,demo:CH03,CH03,5,2,city:2661604,city:2657896,53.0
demo:CH03_0_WD_07,demo,demo:CH03,CH03,5,2,city:2661604,city:2657896,53.0
demo:CH03_0_WD_08,demo,demo:CH03,CH03,5,2,city:2661604,city:2657896,53.0
demo:CH03_0_WD_09,demo,demo:CH03,CH03,5,2,city:2661604,city:2657896,53.0
demo:CH03_0_WD_10,demo,demo:CH03,CH03,5,2,city:2661604,city:2657896,53.0
demo:CH03_0_WD_11,demo,demo:CH03,CH03,5,2,city:2661604,city:2657896,53.0
demo:CH03_0_WD_12,demo,demo:CH03,CH03,5,2,city:2661604,city:2657896,53.0
demo:CH03_0_WD_13,demo,demo:CH03,CH03,5,2,city:2661604,city:2657896,53.0
demo:CH03_0_WD_14,demo,demo:CH03,CH03,5,2,city:2661604,city:2657896,53.0
demo:CH03_0_WD_15,demo,demo:CH03,CH03,5,2,city:2661604,city:2657896,53.0
demo:CH03_0_WD_16,demo,demo:CH03,CH03,5,2,city:2661604,city:2657896,53.0
demo:CH03_0_WD_17,demo,demo:CH03,CH03,5,2,city:2661604,city:2657896,53.0
demo:CH03_0_WD_18,demo,demo:CH03,CH03,5,2,city:2661604,city:2657896,53.0
demo:CH03_0_WD_19,demo,demo:CH03,CH03,5,2,city:2661604,city:2657896,53.0
demo:CH03_0_WD_20,demo,demo:CH03,CH03,5,2,city:2661604,city:2657896,53.0
demo:CH03_0_WD_21,demo,demo:CH03,CH03,5,2,city:2661604,city:2657896,53.0
demo:CH03_0_WD_22,demo,demo:CH03,CH03,5,2,city:2661604,city:2657896,53.0
demo:CH03_0_WD_23,demo,demo:CH03,CH03,5,2,city:2661604,city:2657896,53.0
demo:CH03_0_WD_24,demo,demo:CH03,CH03,5,2,city:2661604,city:2657896,53.0
demo:CH03_0_WD_25,demo,demo:CH03,CH03,5,2,city:2661604,city:2657896,53.0
demo:CH03_0_WD_26,demo,demo:CH03,CH03,5,2,city:2661604,city:2657896,53.0
demo:CH03_0_WD_27,demo,demo:CH03,CH03,5,2,city:2661604,city:2657896,53.0
demo:CH03_0_WD_28,demo,demo:CH03,CH03,5,2,city:2661604,city:2657896,53.0
demo:CH03_0_WD_29,demo,demo:CH03,CH03,5,2,city:2661604,city:2657896,53.0
demo:CH03_0_WD_30,demo,demo:CH03,CH03,5,2,city:2661604,city:2657896,53.0
demo:CH03_0_WD_31,demo,demo:CH03,CH03,5,2,city:2661604,city:2657896,53.0
demo:CH03_0_WE_00,demo,demo:CH03,CH03,2,2,city:2661604,city:2657896,53.0
demo:CH03_0_WE_01,demo,demo:CH03,CH03,2,2,city:2661604,city:2657896,53.0
demo:CH03_0_WE_02,demo,demo:CH03,CH03,2,2,city:2661604,city:2657896,53.0
demo:CH03_0_WE_03,demo,demo:CH03,CH03,2,2,city:2661604,city:2657896,53.0
demo:CH03_0_WE_04,demo,demo:CH03,CH03,2,2,city:2661604,city:2657896,53.0
demo:CH03_0_WE_05,demo,demo:CH03,CH03,2,2,city:2661604,city:2657896,53.0
demo:CH03_0_WE_06,demo,demo:CH03,CH03,2,2,city:2661604,city:2657896,53.0
demo:CH03_0_WE_07,demo,demo:CH03,CH03,2,2,city:2661604,city:2657896,53.0
demo:CH03_0_WE_08,demo,demo:CH03,CH03,2,2,city:2661604,city:2657896,53.0
demo:CH03_0_WE_09,demo,demo:CH03,CH03,2,2,city:2661604,city:2657896,53.0
demo:CH03_0_WE_10,demo,demo:CH03,CH03,2,2,city:2661604,city:2657896,53.0
demo:CH03_0_WE_11,demo,demo:CH03,CH03,2,2,city:2661604,city:2657896,53.0
demo:CH03_0_WE_12,demo,demo:CH03,CH03,2,2,city:2661604,city:2657896,53.0
demo:CH03_0_WE_13,demo,demo:CH03,CH03,2,2,city:2661604,city:2657896,53.0
demo:CH03_0_WE_14,demo,demo:CH03,CH03,2,2,city:2661604,city:2657896,53.0
demo:CH03_0_WE_15,demo,demo:CH03,CH03,2,2,city:2661604,city:2657896,53.0
demo:CH03_0_WE_16,demo,demo:CH03,CH03,2,2,city:2661604,city:2657896,53.0
demo:CH03_0_WE_17,demo,demo:CH03,CH03,2,2,city:2661604,city:2657896,53.0
demo:CH03_0_WE_18,demo,demo:CH03,CH03,2,2,city:2661604,city:2657896,53.0
demo:CH03_0_WE_19,demo,demo:CH03,CH03,2,2,city:2661604,city:2657896,53.0
demo:CH03_0_WE_20,demo,demo:CH03,CH03,2,2,city:2661604,city:2657896,53.0
demo:CH03_0_WE_21,demo,demo:CH03,CH03,2,2,city:2661604,city:2657896,53.0
demo:CH03_0_WE_22,demo,demo:CH03,CH03,2,2,city:2661604,city:2657896,53.0
demo:CH03_0_WE_23,demo,demo:CH03,CH03,2,2,city:2661604,city:2657896,53.0
demo:CH03_0_WE_24,demo,demo:CH03,CH03,2,2,city:2661604,city:2657896,53.0
demo:CH03_0_WE_25,demo,demo:CH03,CH03,2,2,city:2661604,city:2657896,53.0
demo:CH03_0_WE_26,demo,demo:CH03,CH03,2,2,city:2661604,city:2657896,53.0
demo:CH03_1_WD_00,demo,demo:CH03,CH03,5,2,city:2657896,city:2661604,53.0
demo:CH03_1_WD_01,demo,demo:CH03,CH03,5,2,city:2657896,city:2661604,53.0
demo:CH03_1_WD_02,demo,demo:CH03,CH03,5,2,city:2657896,city:2661604,53.0
demo:CH03_1_WD_03,demo,demo:CH03,CH03,5,2,city:2657896,city:2661604,53.0
demo:CH03_1_WD_04,demo,demo:CH03,CH03,5,2,city:2657896,city:2661604,53.0
demo:CH03_1_WD_05,demo,demo:CH03,CH03,5,2,city:2657896,city:2661604,53.0
demo:CH03_1_WD_06,demo,demo:CH03,CH03,5,2,city:2657896,city:2661604,53.0
demo:CH03_1_WD_07,demo,demo:CH03,CH03,5,2,city:2657896,city:2661604,53.0
demo:CH03_1_WD_08,demo,demo:CH03,CH03,5,2,city:2657896,city:2661604,53.0
demo:CH03_1_WD_09,demo,demo:CH03,CH03,5,2,city:2657896,city:2661604,53.0
demo:CH03_1_WD_10,demo,demo:CH03,CH03,5,2,city:2657896,city:2661604,53.0
demo:CH03_1_WD_11,demo,demo:CH03,CH03,5,2,city:2657896,city:2661604,53.0
demo:CH03_1_WD_12,demo,demo:CH03,CH03,5,2,city:2657896,city:2661604,53.0
demo:CH03_1_WD_13,demo,demo:CH03,CH03,5,2,city:2657896,city:2661604,53.0
demo:CH03_1_WD_14,demo,demo:CH03,CH03,5,2,city:2657896,city:2661604,53.0
demo:CH03_1_WD_15,demo,demo:CH03,CH03,5,2,city:2657896,city:2661604,53.0
demo:CH03_1_WD_16,demo,demo:CH03,CH03,5,2,city:2657896,city:2661604,53.0
demo:CH03_1_WD_17,demo,demo:CH03,CH03,5,2,city:2657896,city:2661604,53.0
demo:CH03_1_WD_18,demo,demo:CH03,CH03,5,2,city:2657896,city:2661604,53.0
demo:CH03_1_WD_19,demo,demo:CH03,CH03,5,2,city:2657896,city:2661604,53.0
demo:CH03_1_WD_20,demo,demo:CH03,CH03,5,2,city:2657896,city:2661604,53.0
demo:CH03_1_WD_21,demo,demo:CH03,CH03,5,2,city:2657896,city:2661604,53.0
demo:CH03_1_WD_22,demo,demo:CH03,CH03,5,2,city:2657896,city:2661604,53.0
demo:CH03_1_WD_23,demo,demo:CH03,CH03,5,2,city:2657896,city:2661604,53.0
demo:CH03_1_WD_24,demo,demo:CH03,CH03,5,2,city:2657896,city:2661604,53.0
demo:CH03_1_WD_25,demo,demo:CH03,CH03,5,2,city:2657896,city:2661604,53.0
demo:CH03_1_WD_26,demo,demo:CH03,CH03,5,2,city:2657896,city:2661604,53.0
demo:CH03_1_WD_27,demo,demo:CH03,CH03,5,2,city:2657896,city:2661604,53.0
demo:CH03_1_WD_28,demo,demo:CH03,CH03,5,2,city:2657896,city:2661604,53.0
demo:CH03_1_WD_29,demo,demo:CH03,CH03,5,2,city:2657896,city:2661604,53.0
demo:CH03_1_WD_30,demo,demo:CH03,CH03,5,2,city:2657896,city:2661604,53.0
demo:CH03_1_WD_31,demo,demo:CH03,CH03,5,2,city:2657896,city:2661604,53.0
demo:CH03_1_WE_00,demo,demo:CH03,CH03,2,2,city:2657896,city:2661604,53.0
demo:CH03_1_WE_01,demo,demo:CH03,CH03,2,2,city:2657896,city:2661604,53.0
demo:CH03_1_WE_02,demo,demo:CH03,CH03,2,2,city:2657896,city:2661604,53.0
demo:CH03_1_WE_03,demo,demo:CH03,CH03,2,2,city:2657896,city:2661604,53.0
demo:CH03_1_WE_04,demo,demo:CH03,CH03,2,2,city:2657896,city:2661604,53.0
demo:CH03_1_WE_05,demo,demo:CH03,CH03,2,2,city:2657896,city:2661604,53.0
demo:CH03_1_WE_06,demo,demo:CH03,CH03,2,2,city:2657896,city:2661604,53.0
demo:CH03_1_WE_07,demo,demo:CH03,CH03,2,2,city:2657896,city:2661604,53.0
demo:CH03_1_WE_08,demo,demo:CH03,CH03,2,2,city:2657896,city:2661604,53.0
demo:CH03_1_WE_09,demo,demo:CH03,CH03,2,2,city:2657896,city:2661604,53.0
demo:CH03_1_WE_10,demo,demo:CH03,CH03,2,2,city:2657896,city:2661604,53.0
demo:CH03_1_WE_11,demo,demo:CH03,CH03,2,2,city:2657896,city:2661604,53.0
demo:CH03_1_WE_12,demo,demo:CH03,CH03,2,2,city:2657896,city:2661604,53.0
demo:CH03_1_WE_13,demo,demo:CH03,CH03,2,2,city:2657896,city:2661604,53.0
demo:CH03_1_WE_14,demo,demo:CH03,CH03,2,2,city:2657896,city:2661604,53.0
demo:CH03_1_WE_15,demo,demo:CH03,CH03,2,2,city:2657896,city:2661604,53.0
demo:CH03_1_WE_16,demo,demo:CH03,CH03,2,2,city:2657896,city:2661604,53.0
demo:CH03_1_WE_17,demo,demo:CH03,CH03,2,2,city:2657896,city:2661604,53.0
demo:CH03_1_WE_18,demo,demo:CH03,CH03,2,2,city:2657896,city:2661604,53.0
demo:CH03_1_WE_19,demo,demo:CH03,CH03,2,2,city:2657896,city:2661604,53.0
demo:CH03_1_WE_20,demo,demo:CH03,CH03,2,2,city:2657896,city:2661604,53.0
demo:CH03_1_WE_21,demo,demo:CH03,CH03,2,2,city:2657896,city:2661604,53.0
demo:CH03_1_WE_22,demo,demo:CH03,CH03,2,2,city:2657896,city:2661604,53.0
demo:CH03_1_WE_23,demo,demo:CH03,CH03,2,2,city:2657896,city:2661604,53.0
demo:CH03_1_WE_24,demo,demo:CH03,CH03,2,2,city:2657896,city:2661604,53.0
demo:CH03_1_WE_25,demo,demo:CH03,CH03,2,2,city:2657896,city:2661604,53.0
demo:CH03_1_WE_26,demo,demo:CH03,CH03,2,2,city:2657896,city:2661604,53.0
demo:CH04_0_WD_00,demo,demo:CH04,CH04,5,5,city:2661604,city:2661169,145.0
demo:CH04_0_WD_01,demo,demo:CH04,CH04,5,5,city:2661604,city:2661169,145.0
demo:CH04_0_WD_02,demo,demo:CH04,CH04,5,5,city:2661604,city:2661169,145.0
demo:CH04_0_WD_03,demo,demo:CH04,CH04,5,5,city:2661604,city:2661169,145.0
demo:CH04_0_WD_04,demo,demo:CH04,CH04,5,5,city:2661604,city:2661169,145.0
demo:CH04_0_WD_05,demo,demo:CH04,CH04,5,5,city:2661604,city:2661169,145.0
demo:CH04_0_WD_06,demo,demo:CH04,CH04,5,5,city:2661604,city:2661169,145.0
demo:CH04_0_WD_07,demo,demo:CH04,CH04,5,5,city:2661604,city:2661169,145.0
demo:CH04_0_WD_08,demo,demo:CH04,CH04,5,5,city:2661604,city:2661169,145.0
demo:CH04_0_WD_09,demo,demo:CH04,CH04,5,5,city:2661604,city:2661169,145.0
demo:CH04_0_WD_10,demo,demo:CH04,CH04,5,5,city:2661604,city:2661169,145.0
demo:CH04_0_WD_11,demo,demo:CH04,CH04,5,5,city:2661604,city:2661169,145.0
demo:CH04_0_WD_12,demo,demo:CH04,CH04,5,5,city:2661604,city:2661169,145.0
demo:CH04_0_WD_13,demo,demo:CH04,CH04,5,5,city:2661604,city:2661169,145.0
demo:CH04_0_WD_14,demo,demo:CH04,CH04,5,5,city:2661604,city:2661169,145.0
demo:CH04_0_WD_15,demo,demo:CH04,CH04,5,5,city:2661604,city:2661169,145.0
demo:CH04_0_WE_00,demo,demo:CH04,CH04,2,5,city:2661604,city:2661169,145.0
demo:CH04_0_WE_01,demo,demo:CH04,CH04,2,5,city:2661604,city:2661169,145.0
demo:CH04_0_WE_02,demo,demo:CH04,CH04,2,5,city:2661604,city:2661169,145.0
demo:CH04_0_WE_03,demo,demo:CH04,CH04,2,5,city:2661604,city:2661169,144.0
demo:CH04_0_WE_04,demo,demo:CH04,CH04,2,5,city:2661604,city:2661169,145.0
demo:CH04_0_WE_05,demo,demo:CH04,CH04,2,5,city:2661604,city:2661169,145.0
demo:CH04_0_WE_06,demo,demo:CH04,CH04,2,5,city:2661604,city:2661169,145.0
demo:CH04_0_WE_07,demo,demo:CH04,CH04,2,5,city:2661604,city:2661169,145.0
demo:CH04_0_WE_08,demo,demo:CH04,CH04,2,5,city:2661604,city:2661169,145.0
demo:CH04_0_WE_09,demo,demo:CH04,CH04,2,5,city:2661604,city:2661169,145.0
demo:CH04_0_WE_10,demo,demo:CH04,CH04,2,5,city:2661604,city:2661169,146.0
demo:CH04_0_WE_11,demo,demo:CH04,CH04,2,5,city:2661604,city:2661169,145.0
demo:CH04_0_WE_12,demo,demo:CH04,CH04,2,5,city:2661604,city:2661169,145.0
demo:CH04_0_WE_13,demo,demo:CH04,CH04,2,5,city:2661604,city:2661169,145.0
demo:CH04_1_WD_00,demo,demo:CH04,CH04,5,5,city:2661169,city:2661604,145.0
demo:CH04_1_WD_01,demo,demo:CH04,CH04,5,5,city:2661169,city:2661604,145.0
demo:CH04_1_WD_02,demo,demo:CH04,CH04,5,5,city:2661169,city:2661604,145.0
demo:CH04_1_WD_03,demo,demo:CH04,CH04,5,5,city:2661169,city:2661604,145.0
demo:CH04_1_WD_04,demo,demo:CH04,CH04,5,5,city:2661169,city:2661604,145.0
demo:CH04_1_WD_05,demo,demo:CH04,CH04,5,5,city:2661169,city:2661604,145.0
demo:CH04_1_WD_06,demo,demo:CH04,CH04,5,5,city:2661169,city:2661604,145.0
demo:CH04_1_WD_07,demo,demo:CH04,CH04,5,5,city:2661169,city:2661604,145.0
demo:CH04_1_WD_08,demo,demo:CH04,CH04,5,5,city:2661169,city:2661604,145.0
demo:CH04_1_WD_09,demo,demo:CH04,CH04,5,5,city:2661169,city:2661604,145.0
demo:CH04_1_WD_10,demo,demo:CH04,CH04,5,5,city:2661169,city:2661604,145.0
demo:CH04_1_WD_11,demo,demo:CH04,CH04,5,5,city:2661169,city:2661604,145.0
demo:CH04_1_WD_12,demo,demo:CH04,CH04,5,5,city:2661169,city:2661604,145.0
demo:CH04_1_WD_13,demo,demo:CH04,CH04,5,5,city:2661169,city:2661604,145.0
demo:CH04_1_WD_14,demo,demo:CH04,CH04,5,5,city:2661169,city:2661604,145.0
demo:CH04_1_WD_15,demo,demo:CH04,CH04,5,5,city:2661169,city:2661604,145.0
demo:CH04_1_WE_00,demo,demo:CH04,CH04,2,5,city:2661169,city:2661604,145.0
demo:CH04_1_WE_01,demo,demo:CH04,CH04,2,5,city:2661169,city:2661604,145.0
demo:CH04_1_WE_02,demo,demo:CH04,CH04,2,5,city:2661169,city:2661604,145.0
demo:CH04_1_WE_03,demo,demo:CH04,CH04,2,5,city:2661169,city:2661604,144.0
demo:CH04_1_WE_04,demo,demo:CH04,CH04,2,5,city:2661169,city:2661604,145.0
demo:CH04_1_WE_05,demo,demo:CH04,CH04,2,5,city:2661169,city:2661604,145.0
demo:CH04_1_WE_06,demo,demo:CH04,CH04,2,5,city:2661169,city:2661604,145.0
demo:CH04_1_WE_07,demo,demo:CH04,CH04,2,5,city:2661169,city:2661604,145.0
demo:CH04_1_WE_08,demo,demo:CH04,CH04,2,5,city:2661169,city:2661604,145.0
demo:CH04_1_WE_09,demo,demo:CH04,CH04,2,5,city:2661169,city:2661604,145.0
demo:CH04_1_WE_10,demo,demo:CH04,CH04,2,5,city:2661169,city:2661604,146.0
demo:CH04_1_WE_11,demo,demo:CH04,CH04,2,5,city:2661169,city:2661604,145.0
demo:CH04_1_WE_12,demo,demo:CH04,CH04,2,5,city:2661169,city:2661604,145.0
demo:CH04_1_WE_13,demo,demo:CH04,CH04,2,5,city:2661169,city:2661604,145.0
demo:CH05_0_WD_00,demo,demo:CH05,CH05,5,6,city:2661604,stn:demo:S0293,108.0
demo:CH05_0_WD_01,demo,demo:CH05,CH05,5,6,city:2661604,stn:demo:S0293,108.0
demo:CH05_0_WD_02,demo,demo:CH05,CH05,5,6,city:2661604,stn:demo:S0293,108.0
demo:CH05_0_WD_03,demo,demo:CH05,CH05,5,6,city:2661604,stn:demo:S0293,108.0
demo:CH05_0_WD_04,demo,demo:CH05,CH05,5,6,city:2661604,stn:demo:S0293,108.0
demo:CH05_0_WD_05,demo,demo:CH05,CH05,5,6,city:2661604,stn:demo:S0293,108.0
demo:CH05_0_WD_06,demo,demo:CH05,CH05,5,6,city:2661604,stn:demo:S0293,108.0
demo:CH05_0_WD_07,demo,demo:CH05,CH05,5,6,city:2661604,stn:demo:S0293,108.0
demo:CH05_0_WD_08,demo,demo:CH05,CH05,5,6,city:2661604,stn:demo:S0293,108.0
demo:CH05_0_WD_09,demo,demo:CH05,CH05,5,6,city:2661604,stn:demo:S0293,108.0
demo:CH05_0_WD_10,demo,demo:CH05,CH05,5,6,city:2661604,stn:demo:S0293,108.0
demo:CH05_0_WD_11,demo,demo:CH05,CH05,5,6,city:2661604,stn:demo:S0293,108.0
demo:CH05_0_WD_12,demo,demo:CH05,CH05,5,6,city:2661604,stn:demo:S0293,108.0
demo:CH05_0_WD_13,demo,demo:CH05,CH05,5,6,city:2661604,stn:demo:S0293,108.0
demo:CH05_0_WD_14,demo,demo:CH05,CH05,5,6,city:2661604,stn:demo:S0293,108.0
demo:CH05_0_WD_15,demo,demo:CH05,CH05,5,6,city:2661604,stn:demo:S0293,108.0
demo:CH05_0_WE_00,demo,demo:CH05,CH05,2,6,city:2661604,stn:demo:S0293,108.0
demo:CH05_0_WE_01,demo,demo:CH05,CH05,2,6,city:2661604,stn:demo:S0293,108.0
demo:CH05_0_WE_02,demo,demo:CH05,CH05,2,6,city:2661604,stn:demo:S0293,108.0
demo:CH05_0_WE_03,demo,demo:CH05,CH05,2,6,city:2661604,stn:demo:S0293,108.0
demo:CH05_0_WE_04,demo,demo:CH05,CH05,2,6,city:2661604,stn:demo:S0293,108.0
demo:CH05_0_WE_05,demo,demo:CH05,CH05,2,6,city:2661604,stn:demo:S0293,108.0
demo:CH05_0_WE_06,demo,demo:CH05,CH05,2,6,city:2661604,stn:demo:S0293,108.0
demo:CH05_0_WE_07,demo,demo:CH05,CH05,2,6,city:2661604,stn:demo:S0293,108.0
demo:CH05_0_WE_08,demo,demo:CH05,CH05,2,6,city:2661604,stn:demo:S0293,108.0
demo:CH05_0_WE_09,demo,demo:CH05,CH05,2,6,city:2661604,stn:demo:S0293,108.0
demo:CH05_0_WE_10,demo,demo:CH05,CH05,2,6,city:2661604,stn:demo:S0293,108.0
demo:CH05_0_WE_11,demo,demo:CH05,CH05,2,6,city:2661604,stn:demo:S0293,108.0
demo:CH05_0_WE_12,demo,demo:CH05,CH05,2,6,city:2661604,stn:demo:S0293,108.0
demo:CH05_0_WE_13,demo,demo:CH05,CH05,2,6,city:2661604,stn:demo:S0293,108.0
demo:CH05_1_WD_00,demo,demo:CH05,CH05,5,6,stn:demo:S0293,city:2661604,108.0
demo:CH05_1_WD_01,demo,demo:CH05,CH05,5,6,stn:demo:S0293,city:2661604,108.0
demo:CH05_1_WD_02,demo,demo:CH05,CH05,5,6,stn:demo:S0293,city:2661604,108.0
demo:CH05_1_WD_03,demo,demo:CH05,CH05,5,6,stn:demo:S0293,city:2661604,108.0
demo:CH05_1_WD_04,demo,demo:CH05,CH05,5,6,stn:demo:S0293,city:2661604,108.0
demo:CH05_1_WD_05,demo,demo:CH05,CH05,5,6,stn:demo:S0293,city:2661604,108.0
demo:CH05_1_WD_06,demo,demo:CH05,CH05,5,6,stn:demo:S0293,city:2661604,108.0
demo:CH05_1_WD_07,demo,demo:CH05,CH05,5,6,stn:demo:S0293,city:2661604,108.0
demo:CH05_1_WD_08,demo,demo:CH05,CH05,5,6,stn:demo:S0293,city:2661604,108.0
demo:CH05_1_WD_09,demo,demo:CH05,CH05,5,6,stn:demo:S0293,city:2661604,108.0
demo:CH05_1_WD_10,demo,demo:CH05,CH05,5,6,stn:demo:S0293,city:2661604,108.0
demo:CH05_1_WD_11,demo,demo:CH05,CH05,5,6,stn:demo:S0293,city:2661604,108.0
demo:CH05_1_WD_12,demo,demo:CH05,CH05,5,6,stn:demo:S0293,city:2661604,108.0
demo:CH05_1_WD_13,demo,demo:CH05,CH05,5,6,stn:demo:S0293,city:2661604,108.0
demo:CH05_1_WD_14,demo,demo:CH05,CH05,5,6,stn:demo:S0293,city:2661604,108.0
demo:CH05_1_WD_15,demo,demo:CH05,CH05,5,6,stn:demo:S0293,city:2661604,108.0
demo:CH05_1_WE_00,demo,demo:CH05,CH05,2,6,stn:demo:S0293,city:2661604,108.0
demo:CH05_1_WE_01,demo,demo:CH05,CH05,2,6,stn:demo:S0293,city:2661604,108.0
demo:CH05_1_WE_02,demo,demo:CH05,CH05,2,6,stn:demo:S0293,city:2661604,108.0
demo:CH05_1_WE_03,demo,demo:CH05,CH05,2,6,stn:demo:S0293,city:2661604,108.0
demo:CH05_1_WE_04,demo,demo:CH05,CH05,2,6,stn:demo:S0293,city:2661604,108.0
demo:CH05_1_WE_05,demo,demo:CH05,CH05,2,6,stn:demo:S0293,city:2661604,108.0
demo:CH05_1_WE_06,demo,demo:CH05,CH05,2,6,stn:demo:S0293,city:2661604,108.0
demo:CH05_1_WE_07,demo,demo:CH05,CH05,2,6,stn:demo:S0293,city:2661604,108.0
demo:CH05_1_WE_08,demo,demo:CH05,CH05,2,6,stn:demo:S0293,city:2661604,108.0
demo:CH05_1_WE_09,demo,demo:CH05,CH05,2,6,stn:demo:S0293,city:2661604,108.0
demo:CH05_1_WE_10,demo,demo:CH05,CH05,2,6,stn:demo:S0293,city:2661604,108.0
demo:CH05_1_WE_11,demo,demo:CH05,CH05,2,6,stn:demo:S0293,city:2661604,108.0
demo:CH05_1_WE_12,demo,demo:CH05,CH05,2,6,stn:demo:S0293,city:2661604,108.0
demo:CH05_1_WE_13,demo,demo:CH05,CH05,2,6,stn:demo:S0293,city:2661604,108.0
demo:CH06_0_WD_00,demo,demo:CH06,CH06,5,6,city:2661604,stn:demo:S0108,118.0
demo:CH06_0_WD_01,demo,demo:CH06,CH06,5,6,city:2661604,stn:demo:S0108,118.0
demo:CH06_0_WD_02,demo,demo:CH06,CH06,5,6,city:2661604,stn:demo:S0108,118.0
demo:CH06_0_WD_03,demo,demo:CH06,CH06,5,6,city:2661604,stn:demo:S0108,118.0
demo:CH06_0_WD_04,demo,demo:CH06,CH06,5,6,city:2661604,stn:demo:S0108,118.0
demo:CH06_0_WD_05,demo,demo:CH06,CH06,5,6,city:2661604,stn:demo:S0108,118.0
demo:CH06_0_WD_06,demo,demo:CH06,CH06,5,6,city:2661604,stn:demo:S0108,118.0
demo:CH06_0_WD_07,demo,demo:CH06,CH06,5,6,city:2661604,stn:demo:S0108,118.0
demo:CH06_0_WD_08,demo,demo:CH06,CH06,5,6,city:2661604,stn:demo:S0108,118.0
demo:CH06_0_WD_09,demo,demo:CH06,CH06,5,6,city:2661604,stn:demo:S0108,118.0
demo:CH06_0_WD_10,demo,demo:CH06,CH06,5,6,city:2661604,stn:demo:S0108,118.0
demo:CH06_0_WD_11,demo,demo:CH06,CH06,5,6,city:2661604,stn:demo:S0108,118.0
demo:CH06_0_WD_12,demo,demo:CH06,CH06,5,6,city:2661604,stn:demo:S0108,118.0
demo:CH06_0_WD_13,demo,demo:CH06,CH06,5,6,city:2661604,stn:demo:S0108,118.0
demo:CH06_0_WD_14,demo,demo:CH06,CH06,5,6,city:2661604,stn:demo:S0108,118.0
demo:CH06_0_WD_15,demo,demo:CH06,CH06,5,6,city:2661604,stn:demo:S0108,118.0
demo:CH06_0_WE_00,demo,demo:CH06,CH06,2,6,city:2661604,stn:demo:S0108,118.0
demo:CH06_0_WE_01,demo,demo:CH06,CH06,2,6,city:2661604,stn:demo:S0108,118.0
demo:CH06_0_WE_02,demo,demo:CH06,CH06,2,6,city:2661604,stn:demo:S0108,118.0
demo:CH06_0_WE_03,demo,demo:CH06,CH06,2,6,city:2661604,stn:demo:S0108,118.0
demo:CH06_0_WE_04,demo,demo:CH06,CH06,2,6,city:2661604,stn:demo:S0108,118.0
demo:CH06_0_WE_05,demo,demo:CH06,CH06,2,6,city:2661604,stn:demo:S0108,118.0
demo:CH06_0_WE_06,demo,demo:CH06,CH06,2,6,city:2661604,stn:demo:S0108,118.0
demo:CH06_0_WE_07,demo,demo:CH06,CH06,2,6,city:2661604,stn:demo:S0108,118.0
demo:CH06_0_WE_08,demo,demo:CH06,CH06,2,6,city:2661604,stn:demo:S0108,118.0
demo:CH06_0_WE_09,demo,demo:CH06,CH06,2,6,city:2661604,stn:demo:S0108,118.0
demo:CH06_0_WE_10,demo,demo:CH06,CH06,2,6,city:2661604,stn:demo:S0108,118.0
demo:CH06_0_WE_11,demo,demo:CH06,CH06,2,6,city:2661604,stn:demo:S0108,118.0
demo:CH06_0_WE_12,demo,demo:CH06,CH06,2,6,city:2661604,stn:demo:S0108,118.0
demo:CH06_0_WE_13,demo,demo:CH06,CH06,2,6,city:2661604,stn:demo:S0108,118.0
demo:CH06_1_WD_00,demo,demo:CH06,CH06,5,6,stn:demo:S0108,city:2661604,118.0
demo:CH06_1_WD_01,demo,demo:CH06,CH06,5,6,stn:demo:S0108,city:2661604,118.0
demo:CH06_1_WD_02,demo,demo:CH06,CH06,5,6,stn:demo:S0108,city:2661604,118.0
demo:CH06_1_WD_03,demo,demo:CH06,CH06,5,6,stn:demo:S0108,city:2661604,118.0
demo:CH06_1_WD_04,demo,demo:CH06,CH06,5,6,stn:demo:S0108,city:2661604,118.0
demo:CH06_1_WD_05,demo,demo:CH06,CH06,5,6,stn:demo:S0108,city:2661604,118.0
demo:CH06_1_WD_06,demo,demo:CH06,CH06,5,6,stn:demo:S0108,city:2661604,118.0
demo:CH06_1_WD_07,demo,demo:CH06,CH06,5,6,stn:demo:S0108,city:2661604,118.0
demo:CH06_1_WD_08,demo,demo:CH06,CH06,5,6,stn:demo:S0108,city:2661604,118.0
demo:CH06_1_WD_09,demo,demo:CH06,CH06,5,6,stn:demo:S0108,city:2661604,118.0
demo:CH06_1_WD_10,demo,demo:CH06,CH06,5,6,stn:demo:S0108,city:2661604,118.0
demo:CH06_1_WD_11,demo,demo:CH06,CH06,5,6,stn:demo:S0108,city:2661604,118.0
demo:CH06_1_WD_12,demo,demo:CH06,CH06,5,6,stn:demo:S0108,city:2661604,118.0
demo:CH06_1_WD_13,demo,demo:CH06,CH06,5,6,stn:demo:S0108,city:2661604,118.0
demo:CH06_1_WD_14,demo,demo:CH06,CH06,5,6,stn:demo:S0108,city:2661604,118.0
demo:CH06_1_WD_15,demo,demo:CH06,CH06,5,6,stn:demo:S0108,city:2661604,118.0
demo:CH06_1_WE_00,demo,demo:CH06,CH06,2,6,stn:demo:S0108,city:2661604,118.0
demo:CH06_1_WE_01,demo,demo:CH06,CH06,2,6,stn:demo:S0108,city:2661604,118.0
demo:CH06_1_WE_02,demo,demo:CH06,CH06,2,6,stn:demo:S0108,city:2661604,118.0
demo:CH06_1_WE_03,demo,demo:CH06,CH06,2,6,stn:demo:S0108,city:2661604,118.0
demo:CH06_1_WE_04,demo,demo:CH06,CH06,2,6,stn:demo:S0108,city:2661604,118.0
demo:CH06_1_WE_05,demo,demo:CH06,CH06,2,6,stn:demo:S0108,city:2661604,118.0
demo:CH06_1_WE_06,demo,demo:CH06,CH06,2,6,stn:demo:S0108,city:2661604,118.0
demo:CH06_1_WE_07,demo,demo:CH06,CH06,2,6,stn:demo:S0108,city:2661604,118.0
demo:CH06_1_WE_08,demo,demo:CH06,CH06,2,6,stn:demo:S0108,city:2661604,118.0
demo:CH06_1_WE_09,demo,demo:CH06,CH06,2,6,stn:demo:S0108,city:2661604,118.0
demo:CH06_1_WE_10,demo,demo:CH06,CH06,2,6,stn:demo:S0108,city:2661604,118.0
demo:CH06_1_WE_11,demo,demo:CH06,CH06,2,6,stn:demo:S0108,city:2661604,118.0
demo:CH06_1_WE_12,demo,demo:CH06,CH06,2,6,stn:demo:S0108,city:2661604,118.0
demo:CH06_1_WE_13,demo,demo:CH06,CH06,2,6,stn:demo:S0108,city:2661604,118.0
demo:CH07_0_WD_00,demo,demo:CH07,CH07,5,7,city:2657896,city:3173435,198.0
demo:CH07_0_WD_01,demo,demo:CH07,CH07,5,7,city:2657896,city:3173435,198.0
demo:CH07_0_WD_02,demo,demo:CH07,CH07,5,7,city:2657896,city:3173435,198.0
demo:CH07_0_WD_03,demo,demo:CH07,CH07,5,7,city:2657896,city:3173435,198.0
demo:CH07_0_WD_04,demo,demo:CH07,CH07,5,7,city:2657896,city:3173435,198.0
demo:CH07_0_WD_05,demo,demo:CH07,CH07,5,7,city:2657896,city:3173435,198.0
demo:CH07_0_WD_06,demo,demo:CH07,CH07,5,7,city:2657896,city:3173435,198.0
demo:CH07_0_WD_07,demo,demo:CH07,CH07,5,7,city:2657896,city:3173435,198.0
demo:CH07_0_WD_08,demo,demo:CH07,CH07,5,7,city:2657896,city:3173435,198.0
demo:CH07_0_WE_00,demo,demo:CH07,CH07,2,7,city:2657896,city:3173435,198.0
demo:CH07_0_WE_01,demo,demo:CH07,CH07,2,7,city:2657896,city:3173435,198.0
demo:CH07_0_WE_02,demo,demo:CH07,CH07,2,7,city:2657896,city:3173435,198.0
demo:CH07_0_WE_03,demo,demo:CH07,CH07,2,7,city:2657896,city:3173435,198.0
demo:CH07_0_WE_04,demo,demo:CH07,CH07,2,7,city:2657896,city:3173435,198.0
demo:CH07_0_WE_05,demo,demo:CH07,CH07,2,7,city:2657896,city:3173435,198.0
demo:CH07_0_WE_06,demo,demo:CH07,CH07,2,7,city:2657896,city:3173435,198.0
demo:CH07_0_WE_07,demo,demo:CH07,CH07,2,7,city:2657896,city:3173435,198.0
demo:CH07_1_WD_00,demo,demo:CH07,CH07,5,7,city:3173435,city:2657896,198.0
demo:CH07_1_WD_01,demo,demo:CH07,CH07,5,7,city:3173435,city:2657896,198.0
demo:CH07_1_WD_02,demo,demo:CH07,CH07,5,7,city:3173435,city:2657896,198.0
demo:CH07_1_WD_03,demo,demo:CH07,CH07,5,7,city:3173435,city:2657896,198.0
demo:CH07_1_WD_04,demo,demo:CH07,CH07,5,7,city:3173435,city:2657896,198.0
demo:CH07_1_WD_05,demo,demo:CH07,CH07,5,7,city:3173435,city:2657896,198.0
demo:CH07_1_WD_06,demo,demo:CH07,CH07,5,7,city:3173435,city:2657896,198.0
demo:CH07_1_WD_07,demo,demo:CH07,CH07,5,7,city:3173435,city:2657896,198.0
demo:CH07_1_WD_08,demo,demo:CH07,CH07,5,7,city:3173435,city:2657896,198.0
demo:CH07_1_WE_00,demo,demo:CH07,CH07,2,7,city:3173435,city:2657896,198.0
demo:CH07_1_WE_01,demo,demo:CH07,CH07,2,7,city:3173435,city:2657896,198.0
demo:CH07_1_WE_02,demo,demo:CH07,CH07,2,7,city:3173435,city:2657896,198.0
demo:CH07_1_WE_03,demo,demo:CH07,CH07,2,7,city:3173435,city:2657896,198.0
demo:CH07_1_WE_04,demo,demo:CH07,CH07,2,7,city:3173435,city:2657896,198.0
demo:CH07_1_WE_05,demo,demo:CH07,CH07,2,7,city:3173435,city:2657896,198.0
demo:CH07_1_WE_06,demo,demo:CH07,CH07,2,7,city:3173435,city:2657896,198.0
demo:CH07_1_WE_07,demo,demo:CH07,CH07,2,7,city:3173435,city:2657896,198.0
demo:CH08_0_WD_00,demo,demo:CH08,CH08,5,6,city:2661604,city:2659836,167.0
demo:CH08_0_WD_01,demo,demo:CH08,CH08,5,6,city:2661604,city:2659836,167.0
demo:CH08_0_WD_02,demo,demo:CH08,CH08,5,6,city:2661604,city:2659836,167.0
demo:CH08_0_WD_03,demo,demo:CH08,CH08,5,6,city:2661604,city:2659836,167.0
demo:CH08_0_WD_04,demo,demo:CH08,CH08,5,6,city:2661604,city:2659836,167.0
demo:CH08_0_WD_05,demo,demo:CH08,CH08,5,6,city:2661604,city:2659836,167.0
demo:CH08_0_WD_06,demo,demo:CH08,CH08,5,6,city:2661604,city:2659836,167.0
demo:CH08_0_WD_07,demo,demo:CH08,CH08,5,6,city:2661604,city:2659836,167.0
demo:CH08_0_WD_08,demo,demo:CH08,CH08,5,6,city:2661604,city:2659836,167.0
demo:CH08_0_WD_09,demo,demo:CH08,CH08,5,6,city:2661604,city:2659836,167.0
demo:CH08_0_WD_10,demo,demo:CH08,CH08,5,6,city:2661604,city:2659836,167.0
demo:CH08_0_WD_11,demo,demo:CH08,CH08,5,6,city:2661604,city:2659836,167.0
demo:CH08_0_WD_12,demo,demo:CH08,CH08,5,6,city:2661604,city:2659836,167.0
demo:CH08_0_WD_13,demo,demo:CH08,CH08,5,6,city:2661604,city:2659836,167.0
demo:CH08_0_WD_14,demo,demo:CH08,CH08,5,6,city:2661604,city:2659836,167.0
demo:CH08_0_WD_15,demo,demo:CH08,CH08,5,6,city:2661604,city:2659836,167.0
demo:CH08_0_WE_00,demo,demo:CH08,CH08,2,6,city:2661604,city:2659836,167.0
demo:CH08_0_WE_01,demo,demo:CH08,CH08,2,6,city:2661604,city:2659836,167.0
demo:CH08_0_WE_02,demo,demo:CH08,CH08,2,6,city:2661604,city:2659836,167.0
demo:CH08_0_WE_03,demo,demo:CH08,CH08,2,6,city:2661604,city:2659836,166.0
demo:CH08_0_WE_04,demo,demo:CH08,CH08,2,6,city:2661604,city:2659836,167.0
demo:CH08_0_WE_05,demo,demo:CH08,CH08,2,6,city:2661604,city:2659836,167.0
demo:CH08_0_WE_06,demo,demo:CH08,CH08,2,6,city:2661604,city:2659836,167.0
demo:CH08_0_WE_07,demo,demo:CH08,CH08,2,6,city:2661604,city:2659836,167.0
demo:CH08_0_WE_08,demo,demo:CH08,CH08,2,6,city:2661604,city:2659836,167.0
demo:CH08_0_WE_09,demo,demo:CH08,CH08,2,6,city:2661604,city:2659836,167.0
demo:CH08_0_WE_10,demo,demo:CH08,CH08,2,6,city:2661604,city:2659836,168.0
demo:CH08_0_WE_11,demo,demo:CH08,CH08,2,6,city:2661604,city:2659836,167.0
demo:CH08_0_WE_12,demo,demo:CH08,CH08,2,6,city:2661604,city:2659836,167.0
demo:CH08_0_WE_13,demo,demo:CH08,CH08,2,6,city:2661604,city:2659836,167.0
demo:CH08_1_WD_00,demo,demo:CH08,CH08,5,6,city:2659836,city:2661604,167.0
demo:CH08_1_WD_01,demo,demo:CH08,CH08,5,6,city:2659836,city:2661604,167.0
demo:CH08_1_WD_02,demo,demo:CH08,CH08,5,6,city:2659836,city:2661604,167.0
demo:CH08_1_WD_03,demo,demo:CH08,CH08,5,6,city:2659836,city:2661604,167.0
demo:CH08_1_WD_04,demo,demo:CH08,CH08,5,6,city:2659836,city:2661604,167.0
demo:CH08_1_WD_05,demo,demo:CH08,CH08,5,6,city:2659836,city:2661604,167.0
demo:CH08_1_WD_06,demo,demo:CH08,CH08,5,6,city:2659836,city:2661604,167.0
demo:CH08_1_WD_07,demo,demo:CH08,CH08,5,6,city:2659836,city:2661604,167.0
demo:CH08_1_WD_08,demo,demo:CH08,CH08,5,6,city:2659836,city:2661604,167.0
demo:CH08_1_WD_09,demo,demo:CH08,CH08,5,6,city:2659836,city:2661604,167.0
demo:CH08_1_WD_10,demo,demo:CH08,CH08,5,6,city:2659836,city:2661604,167.0
demo:CH08_1_WD_11,demo,demo:CH08,CH08,5,6,city:2659836,city:2661604,167.0
demo:CH08_1_WD_12,demo,demo:CH08,CH08,5,6,city:2659836,city:2661604,167.0
demo:CH08_1_WD_13,demo,demo:CH08,CH08,5,6,city:2659836,city:2661604,167.0
demo:CH08_1_WD_14,demo,demo:CH08,CH08,5,6,city:2659836,city:2661604,167.0
demo:CH08_1_WD_15,demo,demo:CH08,CH08,5,6,city:2659836,city:2661604,167.0
demo:CH08_1_WE_00,demo,demo:CH08,CH08,2,6,city:2659836,city:2661604,167.0
demo:CH08_1_WE_01,demo,demo:CH08,CH08,2,6,city:2659836,city:2661604,167.0
demo:CH08_1_WE_02,demo,demo:CH08,CH08,2,6,city:2659836,city:2661604,167.0
demo:CH08_1_WE_03,demo,demo:CH08,CH08,2,6,city:2659836,city:2661604,166.0
demo:CH08_1_WE_04,demo,demo:CH08,CH08,2,6,city:2659836,city:2661604,167.0
demo:CH08_1_WE_05,demo,demo:CH08,CH08,2,6,city:2659836,city:2661604,167.0
demo:CH08_1_WE_06,demo,demo:CH08,CH08,2,6,city:2659836,city:2661604,167.0
demo:CH08_1_WE_07,demo,demo:CH08,CH08,2,6,city:2659836,city:2661604,167.0
demo:CH08_1_WE_08,demo,demo:CH08,CH08,2,6,city:2659836,city:2661604,167.0
demo:CH08_1_WE_09,demo,demo:CH08,CH08,2,6,city:2659836,city:2661604,167.0
demo:CH08_1_WE_10,demo,demo:CH08,CH08,2,6,city:2659836,city:2661604,168.0
demo:CH08_1_WE_11,demo,demo:CH08,CH08,2,6,city:2659836,city:2661604,167.0
demo:CH08_1_WE_12,demo,demo:CH08,CH08,2,6,city:2659836,city:2661604,167.0
demo:CH08_1_WE_13,demo,demo:CH08,CH08,2,6,city:2659836,city:2661604,167.0
demo:CH09_0_WD_00,demo,demo:CH09,CH09,5,5,city:2657896,city:2659836,120.0
demo:CH09_0_WD_01,demo,demo:CH09,CH09,5,5,city:2657896,city:2659836,120.0
demo:CH09_0_WD_02,demo,demo:CH09,CH09,5,5,city:2657896,city:2659836,120.0
demo:CH09_0_WD_03,demo,demo:CH09,CH09,5,5,city:2657896,city:2659836,120.0
demo:CH09_0_WD_04,demo,demo:CH09,CH09,5,5,city:2657896,city:2659836,120.0
demo:CH09_0_WD_05,demo,demo:CH09,CH09,5,5,city:2657896,city:2659836,120.0
demo:CH09_0_WD_06,demo,demo:CH09,CH09,5,5,city:2657896,city:2659836,120.0
demo:CH09_0_WD_07,demo,demo:CH09,CH09,5,5,city:2657896,city:2659836,120.0
demo:CH09_0_WD_08,demo,demo:CH09,CH09,5,5,city:2657896,city:2659836,120.0
demo:CH09_0_WD_09,demo,demo:CH09,CH09,5,5,city:2657896,city:2659836,120.0
demo:CH09_0_WD_10,demo,demo:CH09,CH09,5,5,city:2657896,city:2659836,120.0
demo:CH09_0_WD_11,demo,demo:CH09,CH09,5,5,city:2657896,city:2659836,120.0
demo:CH09_0_WD_12,demo,demo:CH09,CH09,5,5,city:2657896,city:2659836,120.0
demo:CH09_0_WD_13,demo,demo:CH09,CH09,5,5,city:2657896,city:2659836,120.0
demo:CH09_0_WD_14,demo,demo:CH09,CH09,5,5,city:2657896,city:2659836,120.0
demo:CH09_0_WD_15,demo,demo:CH09,CH09,5,5,city:2657896,city:2659836,120.0
demo:CH09_0_WE_00,demo,demo:CH09,CH09,2,5,city:2657896,city:2659836,120.0
demo:CH09_0_WE_01,demo,demo:CH09,CH09,2,5,city:2657896,city:2659836,120.0
demo:CH09_0_WE_02,demo,demo:CH09,CH09,2,5,city:2657896,city:2659836,120.0
demo:CH09_0_WE_03,demo,demo:CH09,CH09,2,5,city:2657896,city:2659836,120.0
demo:CH09_0_WE_04,demo,demo:CH09,CH09,2,5,city:2657896,city:2659836,120.0
demo:CH09_0_WE_05,demo,demo:CH09,CH09,2,5,city:2657896,city:2659836,120.0
demo:CH09_0_WE_06,demo,demo:CH09,CH09,2,5,city:2657896,city:2659836,120.0
demo:CH09_0_WE_07,demo,demo:CH09,CH09,2,5,city:2657896,city:2659836,120.0
demo:CH09_0_WE_08,demo,demo:CH09,CH09,2,5,city:2657896,city:2659836,120.0
demo:CH09_0_WE_09,demo,demo:CH09,CH09,2,5,city:2657896,city:2659836,120.0
demo:CH09_0_WE_10,demo,demo:CH09,CH09,2,5,city:2657896,city:2659836,120.0
demo:CH09_0_WE_11,demo,demo:CH09,CH09,2,5,city:2657896,city:2659836,120.0
demo:CH09_0_WE_12,demo,demo:CH09,CH09,2,5,city:2657896,city:2659836,120.0
demo:CH09_0_WE_13,demo,demo:CH09,CH09,2,5,city:2657896,city:2659836,120.0
demo:CH09_1_WD_00,demo,demo:CH09,CH09,5,5,city:2659836,city:2657896,120.0
demo:CH09_1_WD_01,demo,demo:CH09,CH09,5,5,city:2659836,city:2657896,120.0
demo:CH09_1_WD_02,demo,demo:CH09,CH09,5,5,city:2659836,city:2657896,120.0
demo:CH09_1_WD_03,demo,demo:CH09,CH09,5,5,city:2659836,city:2657896,120.0
demo:CH09_1_WD_04,demo,demo:CH09,CH09,5,5,city:2659836,city:2657896,120.0
demo:CH09_1_WD_05,demo,demo:CH09,CH09,5,5,city:2659836,city:2657896,120.0
demo:CH09_1_WD_06,demo,demo:CH09,CH09,5,5,city:2659836,city:2657896,120.0
demo:CH09_1_WD_07,demo,demo:CH09,CH09,5,5,city:2659836,city:2657896,120.0
demo:CH09_1_WD_08,demo,demo:CH09,CH09,5,5,city:2659836,city:2657896,120.0
demo:CH09_1_WD_09,demo,demo:CH09,CH09,5,5,city:2659836,city:2657896,120.0
demo:CH09_1_WD_10,demo,demo:CH09,CH09,5,5,city:2659836,city:2657896,120.0
demo:CH09_1_WD_11,demo,demo:CH09,CH09,5,5,city:2659836,city:2657896,120.0
demo:CH09_1_WD_12,demo,demo:CH09,CH09,5,5,city:2659836,city:2657896,120.0
demo:CH09_1_WD_13,demo,demo:CH09,CH09,5,5,city:2659836,city:2657896,120.0
demo:CH09_1_WD_14,demo,demo:CH09,CH09,5,5,city:2659836,city:2657896,120.0
demo:CH09_1_WD_15,demo,demo:CH09,CH09,5,5,city:2659836,city:2657896,120.0
demo:CH09_1_WE_00,demo,demo:CH09,CH09,2,5,city:2659836,city:2657896,120.0
demo:CH09_1_WE_01,demo,demo:CH09,CH09,2,5,city:2659836,city:2657896,120.0
demo:CH09_1_WE_02,demo,demo:CH09,CH09,2,5,city:2659836,city:2657896,120.0
demo:CH09_1_WE_03,demo,demo:CH09,CH09,2,5,city:2659836,city:2657896,120.0
demo:CH09_1_WE_04,demo,demo:CH09,CH09,2,5,city:2659836,city:2657896,120.0
demo:CH09_1_WE_05,demo,demo:CH09,CH09,2,5,city:2659836,city:2657896,120.0
demo:CH09_1_WE_06,demo,demo:CH09,CH09,2,5,city:2659836,city:2657896,120.0
demo:CH09_1_WE_07,demo,demo:CH09,CH09,2,5,city:2659836,city:2657896,120.0
demo:CH09_1_WE_08,demo,demo:CH09,CH09,2,5,city:2659836,city:2657896,120.0
demo:CH09_1_WE_09,demo,demo:CH09,CH09,2,5,city:2659836,city:2657896,120.0
demo:CH09_1_WE_10,demo,demo:CH09,CH09,2,5,city:2659836,city:2657896,120.0
demo:CH09_1_WE_11,demo,demo:CH09,CH09,2,5,city:2659836,city:2657896,120.0
demo:CH09_1_WE_12,demo,demo:CH09,CH09,2,5,city:2659836,city:2657896,120.0
demo:CH09_1_WE_13,demo,demo:CH09,CH09,2,5,city:2659836,city:2657896,120.0
demo:CH10_0_WD_00,demo,demo:CH10,CH10,5,2,city:2657896,city:2659811,41.0
demo:CH10_0_WD_01,demo,demo:CH10,CH10,5,2,city:2657896,city:2659811,41.0
demo:CH10_0_WD_02,demo,demo:CH10,CH10,5,2,city:2657896,city:2659811,41.0
demo:CH10_0_WD_03,demo,demo:CH10,CH10,5,2,city:2657896,city:2659811,41.0
demo:CH10_0_WD_04,demo,demo:CH10,CH10,5,2,city:2657896,city:2659811,41.0
demo:CH10_0_WD_05,demo,demo:CH10,CH10,5,2,city:2657896,city:2659811,41.0
demo:CH10_0_WD_06,demo,demo:CH10,CH10,5,2,city:2657896,city:2659811,41.0
demo:CH10_0_WD_07,demo,demo:CH10,CH10,5,2,city:2657896,city:2659811,41.0
demo:CH10_0_WD_08,demo,demo:CH10,CH10,5,2,city:2657896,city:2659811,41.0
demo:CH10_0_WD_09,demo,demo:CH10,CH10,5,2,city:2657896,city:2659811,41.0
demo:CH10_0_WD_10,demo,demo:CH10,CH10,5,2,city:2657896,city:2659811,41.0
demo:CH10_0_WD_11,demo,demo:CH10,CH10,5,2,city:2657896,city:2659811,41.0
demo:CH10_0_WD_12,demo,demo:CH10,CH10,5,2,city:2657896,city:2659811,41.0
demo:CH10_0_WD_13,demo,demo:CH10,CH10,5,2,city:2657896,city:2659811,41.0
demo:CH10_0_WD_14,demo,demo:CH10,CH10,5,2,city:2657896,city:2659811,41.0
demo:CH10_0_WD_15,demo,demo:CH10,CH10,5,2,city:2657896,city:2659811,41.0
demo:CH10_0_WD_16,demo,demo:CH10,CH10,5,2,city:2657896,city:2659811,41.0
demo:CH10_0_WD_17,demo,demo:CH10,CH10,5,2,city:2657896,city:2659811,41.0
demo:CH10_0_WD_18,demo,demo:CH10,CH10,5,2,city:2657896,city:2659811,41.0
demo:CH10_0_WD_19,demo,demo:CH10,CH10,5,2,city:2657896,city:2659811,41.0
demo:CH10_0_WD_20,demo,demo:CH10,CH10,5,2,city:2657896,city:2659811,41.0
demo:CH10_0_WD_21,demo,demo:CH10,CH10,5,2,city:2657896,city:2659811,41.0
demo:CH10_0_WD_22,demo,demo:CH10,CH10,5,2,city:2657896,city:2659811,41.0
demo:CH10_0_WD_23,demo,demo:CH10,CH10,5,2,city:2657896,city:2659811,41.0
demo:CH10_0_WD_24,demo,demo:CH10,CH10,5,2,city:2657896,city:2659811,41.0
demo:CH10_0_WD_25,demo,demo:CH10,CH10,5,2,city:2657896,city:2659811,41.0
demo:CH10_0_WD_26,demo,demo:CH10,CH10,5,2,city:2657896,city:2659811,41.0
demo:CH10_0_WD_27,demo,demo:CH10,CH10,5,2,city:2657896,city:2659811,41.0
demo:CH10_0_WD_28,demo,demo:CH10,CH10,5,2,city:2657896,city:2659811,41.0
demo:CH10_0_WD_29,demo,demo:CH10,CH10,5,2,city:2657896,city:2659811,41.0
demo:CH10_0_WD_30,demo,demo:CH10,CH10,5,2,city:2657896,city:2659811,41.0
demo:CH10_0_WD_31,demo,demo:CH10,CH10,5,2,city:2657896,city:2659811,41.0
demo:CH10_0_WE_00,demo,demo:CH10,CH10,2,2,city:2657896,city:2659811,41.0
demo:CH10_0_WE_01,demo,demo:CH10,CH10,2,2,city:2657896,city:2659811,41.0
demo:CH10_0_WE_02,demo,demo:CH10,CH10,2,2,city:2657896,city:2659811,41.0
demo:CH10_0_WE_03,demo,demo:CH10,CH10,2,2,city:2657896,city:2659811,41.0
demo:CH10_0_WE_04,demo,demo:CH10,CH10,2,2,city:2657896,city:2659811,41.0
demo:CH10_0_WE_05,demo,demo:CH10,CH10,2,2,city:2657896,city:2659811,41.0
demo:CH10_0_WE_06,demo,demo:CH10,CH10,2,2,city:2657896,city:2659811,41.0
demo:CH10_0_WE_07,demo,demo:CH10,CH10,2,2,city:2657896,city:2659811,41.0
demo:CH10_0_WE_08,demo,demo:CH10,CH10,2,2,city:2657896,city:2659811,41.0
demo:CH10_0_WE_09,demo,demo:CH10,CH10,2,2,city:2657896,city:2659811,41.0
demo:CH10_0_WE_10,demo,demo:CH10,CH10,2,2,city:2657896,city:2659811,41.0
demo:CH10_0_WE_11,demo,demo:CH10,CH10,2,2,city:2657896,city:2659811,41.0
demo:CH10_0_WE_12,demo,demo:CH10,CH10,2,2,city:2657896,city:2659811,41.0
demo:CH10_0_WE_13,demo,demo:CH10,CH10,2,2,city:2657896,city:2659811,41.0
demo:CH10_0_WE_14,demo,demo:CH10,CH10,2,2,city:2657896,city:2659811,41.0
demo:CH10_0_WE_15,demo,demo:CH10,CH10,2,2,city:2657896,city:2659811,41.0
demo:CH10_0_WE_16,demo,demo:CH10,CH10,2,2,city:2657896,city:2659811,41.0
demo:CH10_0_WE_17,demo,demo:CH10,CH10,2,2,city:2657896,city:2659811,41.0
demo:CH10_0_WE_18,demo,demo:CH10,CH10,2,2,city:2657896,city:2659811,41.0
demo:CH10_0_WE_19,demo,demo:CH10,CH10,2,2,city:2657896,city:2659811,41.0
demo:CH10_0_WE_20,demo,demo:CH10,CH10,2,2,city:2657896,city:2659811,41.0
demo:CH10_0_WE_21,demo,demo:CH10,CH10,2,2,city:2657896,city:2659811,41.0
demo:CH10_0_WE_22,demo,demo:CH10,CH10,2,2,city:2657896,city:2659811,41.0
demo:CH10_0_WE_23,demo,demo:CH10,CH10,2,2,city:2657896,city:2659811,41.0
demo:CH10_0_WE_24,demo,demo:CH10,CH10,2,2,city:2657896,city:2659811,41.0
demo:CH10_0_WE_25,demo,demo:CH10,CH10,2,2,city:2657896,city:2659811,41.0
demo:CH10_0_WE_26,demo,demo:CH10,CH10,2,2,city:2657896,city:2659811,41.0
demo:CH10_1_WD_00,demo,demo:CH10,CH10,5,2,city:2659811,city:2657896,41.0
demo:CH10_1_WD_01,demo,demo:CH10,CH10,5,2,city:2659811,city:2657896,41.0
demo:CH10_1_WD_02,demo,demo:CH10,CH10,5,2,city:2659811,city:2657896,41.0
demo:CH10_1_WD_03,demo,demo:CH10,CH10,5,2,city:2659811,city:2657896,41.0
demo:CH10_1_WD_04,demo,demo:CH10,CH10,5,2,city:2659811,city:2657896,41.0
demo:CH10_1_WD_05,demo,demo:CH10,CH10,5,2,city:2659811,city:2657896,41.0
demo:CH10_1_WD_06,demo,demo:CH10,CH10,5,2,city:2659811,city:2657896,41.0
demo:CH10_1_WD_07,demo,demo:CH10,CH10,5,2,city:2659811,city:2657896,41.0
demo:CH10_1_WD_08,demo,demo:CH10,CH10,5,2,city:2659811,city:2657896,41.0
demo:CH10_1_WD_09,demo,demo:CH10,CH10,5,2,city:2659811,city:2657896,41.0
demo:CH10_1_WD_10,demo,demo:CH10,CH10,5,2,city:2659811,city:2657896,41.0
demo:CH10_1_WD_11,demo,demo:CH10,CH10,5,2,city:2659811,city:2657896,41.0
demo:CH10_1_WD_12,demo,demo:CH10,CH10,5,2,city:2659811,city:2657896,41.0
demo:CH10_1_WD_13,demo,demo:CH10,CH10,5,2,city:2659811,city:2657896,41.0
demo:CH10_1_WD_14,demo,demo:CH10,CH10,5,2,city:2659811,city:2657896,41.0
demo:CH10_1_WD_15,demo,demo:CH10,CH10,5,2,city:2659811,city:2657896,41.0
demo:CH10_1_WD_16,demo,demo:CH10,CH10,5,2,city:2659811,city:2657896,41.0
demo:CH10_1_WD_17,demo,demo:CH10,CH10,5,2,city:2659811,city:2657896,41.0
demo:CH10_1_WD_18,demo,demo:CH10,CH10,5,2,city:2659811,city:2657896,41.0
demo:CH10_1_WD_19,demo,demo:CH10,CH10,5,2,city:2659811,city:2657896,41.0
demo:CH10_1_WD_20,demo,demo:CH10,CH10,5,2,city:2659811,city:2657896,41.0
demo:CH10_1_WD_21,demo,demo:CH10,CH10,5,2,city:2659811,city:2657896,41.0
demo:CH10_1_WD_22,demo,demo:CH10,CH10,5,2,city:2659811,city:2657896,41.0
demo:CH10_1_WD_23,demo,demo:CH10,CH10,5,2,city:2659811,city:2657896,41.0
demo:CH10_1_WD_24,demo,demo:CH10,CH10,5,2,city:2659811,city:2657896,41.0
demo:CH10_1_WD_25,demo,demo:CH10,CH10,5,2,city:2659811,city:2657896,41.0
demo:CH10_1_WD_26,demo,demo:CH10,CH10,5,2,city:2659811,city:2657896,41.0
demo:CH10_1_WD_27,demo,demo:CH10,CH10,5,2,city:2659811,city:2657896,41.0
demo:CH10_1_WD_28,demo,demo:CH10,CH10,5,2,city:2659811,city:2657896,41.0
demo:CH10_1_WD_29,demo,demo:CH10,CH10,5,2,city:2659811,city:2657896,41.0
demo:CH10_1_WD_30,demo,demo:CH10,CH10,5,2,city:2659811,city:2657896,41.0
demo:CH10_1_WD_31,demo,demo:CH10,CH10,5,2,city:2659811,city:2657896,41.0
demo:CH10_1_WE_00,demo,demo:CH10,CH10,2,2,city:2659811,city:2657896,41.0
demo:CH10_1_WE_01,demo,demo:CH10,CH10,2,2,city:2659811,city:2657896,41.0
demo:CH10_1_WE_02,demo,demo:CH10,CH10,2,2,city:2659811,city:2657896,41.0
demo:CH10_1_WE_03,demo,demo:CH10,CH10,2,2,city:2659811,city:2657896,41.0
demo:CH10_1_WE_04,demo,demo:CH10,CH10,2,2,city:2659811,city:2657896,41.0
demo:CH10_1_WE_05,demo,demo:CH10,CH10,2,2,city:2659811,city:2657896,41.0
demo:CH10_1_WE_06,demo,demo:CH10,CH10,2,2,city:2659811,city:2657896,41.0
demo:CH10_1_WE_07,demo,demo:CH10,CH10,2,2,city:2659811,city:2657896,41.0
demo:CH10_1_WE_08,demo,demo:CH10,CH10,2,2,city:2659811,city:2657896,41.0
demo:CH10_1_WE_09,demo,demo:CH10,CH10,2,2,city:2659811,city:2657896,41.0
demo:CH10_1_WE_10,demo,demo:CH10,CH10,2,2,city:2659811,city:2657896,41.0
demo:CH10_1_WE_11,demo,demo:CH10,CH10,2,2,city:2659811,city:2657896,41.0
demo:CH10_1_WE_12,demo,demo:CH10,CH10,2,2,city:2659811,city:2657896,41.0
demo:CH10_1_WE_13,demo,demo:CH10,CH10,2,2,city:2659811,city:2657896,41.0
demo:CH10_1_WE_14,demo,demo:CH10,CH10,2,2,city:2659811,city:2657896,41.0
demo:CH10_1_WE_15,demo,demo:CH10,CH10,2,2,city:2659811,city:2657896,41.0
demo:CH10_1_WE_16,demo,demo:CH10,CH10,2,2,city:2659811,city:2657896,41.0
demo:CH10_1_WE_17,demo,demo:CH10,CH10,2,2,city:2659811,city:2657896,41.0
demo:CH10_1_WE_18,demo,demo:CH10,CH10,2,2,city:2659811,city:2657896,41.0
demo:CH10_1_WE_19,demo,demo:CH10,CH10,2,2,city:2659811,city:2657896,41.0
demo:CH10_1_WE_20,demo,demo:CH10,CH10,2,2,city:2659811,city:2657896,41.0
demo:CH10_1_WE_21,demo,demo:CH10,CH10,2,2,city:2659811,city:2657896,41.0
demo:CH10_1_WE_22,demo,demo:CH10,CH10,2,2,city:2659811,city:2657896,41.0
demo:CH10_1_WE_23,demo,demo:CH10,CH10,2,2,city:2659811,city:2657896,41.0
demo:CH10_1_WE_24,demo,demo:CH10,CH10,2,2,city:2659811,city:2657896,41.0
demo:CH10_1_WE_25,demo,demo:CH10,CH10,2,2,city:2659811,city:2657896,41.0
demo:CH10_1_WE_26,demo,demo:CH10,CH10,2,2,city:2659811,city:2657896,41.0
demo:CH11_0_WD_00,demo,demo:CH11,CH11,5,2,city:2661552,city:2659811,60.0
demo:CH11_0_WD_01,demo,demo:CH11,CH11,5,2,city:2661552,city:2659811,60.0
demo:CH11_0_WD_02,demo,demo:CH11,CH11,5,2,city:2661552,city:2659811,60.0
demo:CH11_0_WD_03,demo,demo:CH11,CH11,5,2,city:2661552,city:2659811,60.0
demo:CH11_0_WD_04,demo,demo:CH11,CH11,5,2,city:2661552,city:2659811,60.0
demo:CH11_0_WD_05,demo,demo:CH11,CH11,5,2,city:2661552,city:2659811,60.0
demo:CH11_0_WD_06,demo,demo:CH11,CH11,5,2,city:2661552,city:2659811,60.0
demo:CH11_0_WD_07,demo,demo:CH11,CH11,5,2,city:2661552,city:2659811,60.0
demo:CH11_0_WD_08,demo,demo:CH11,CH11,5,2,city:2661552,city:2659811,60.0
demo:CH11_0_WD_09,demo,demo:CH11,CH11,5,2,city:2661552,city:2659811,60.0
demo:CH11_0_WD_10,demo,demo:CH11,CH11,5,2,city:2661552,city:2659811,60.0
demo:CH11_0_WD_11,demo,demo:CH11,CH11,5,2,city:2661552,city:2659811,60.0
demo:CH11_0_WD_12,demo,demo:CH11,CH11,5,2,city:2661552,city:2659811,60.0
demo:CH11_0_WD_13,demo,demo:CH11,CH11,5,2,city:2661552,city:2659811,60.0
demo:CH11_0_WD_14,demo,demo:CH11,CH11,5,2,city:2661552,city:2659811,60.0
demo:CH11_0_WD_15,demo,demo:CH11,CH11,5,2,city:2661552,city:2659811,60.0
demo:CH11_0_WE_00,demo,demo:CH11,CH11,2,2,city:2661552,city:2659811,60.0
demo:CH11_0_WE_01,demo,demo:CH11,CH11,2,2,city:2661552,city:2659811,60.0
demo:CH11_0_WE_02,demo,demo:CH11,CH11,2,2,city:2661552,city:2659811,60.0
demo:CH11_0_WE_03,demo,demo:CH11,CH11,2,2,city:2661552,city:2659811,60.0
demo:CH11_0_WE_04,demo,demo:CH11,CH11,2,2,city:2661552,city:2659811,60.0
demo:CH11_0_WE_05,demo,demo:CH11,CH11,2,2,city:2661552,city:2659811,60.0
demo:CH11_0_WE_06,demo,demo:CH11,CH11,2,2,city:2661552,city:2659811,60.0
demo:CH11_0_WE_07,demo,demo:CH11,CH11,2,2,city:2661552,city:2659811,60.0
demo:CH11_0_WE_08,demo,demo:CH11,CH11,2,2,city:2661552,city:2659811,60.0
demo:CH11_0_WE_09,demo,demo:CH11,CH11,2,2,city:2661552,city:2659811,60.0
demo:CH11_0_WE_10,demo,demo:CH11,CH11,2,2,city:2661552,city:2659811,60.0
demo:CH11_0_WE_11,demo,demo:CH11,CH11,2,2,city:2661552,city:2659811,60.0
demo:CH11_0_WE_12,demo,demo:CH11,CH11,2,2,city:2661552,city:2659811,60.0
demo:CH11_0_WE_13,demo,demo:CH11,CH11,2,2,city:2661552,city:2659811,60.0
demo:CH11_1_WD_00,demo,demo:CH11,CH11,5,2,city:2659811,city:2661552,60.0
demo:CH11_1_WD_01,demo,demo:CH11,CH11,5,2,city:2659811,city:2661552,60.0
demo:CH11_1_WD_02,demo,demo:CH11,CH11,5,2,city:2659811,city:2661552,60.0
demo:CH11_1_WD_03,demo,demo:CH11,CH11,5,2,city:2659811,city:2661552,60.0
demo:CH11_1_WD_04,demo,demo:CH11,CH11,5,2,city:2659811,city:2661552,60.0
demo:CH11_1_WD_05,demo,demo:CH11,CH11,5,2,city:2659811,city:2661552,60.0
demo:CH11_1_WD_06,demo,demo:CH11,CH11,5,2,city:2659811,city:2661552,60.0
demo:CH11_1_WD_07,demo,demo:CH11,CH11,5,2,city:2659811,city:2661552,60.0
demo:CH11_1_WD_08,demo,demo:CH11,CH11,5,2,city:2659811,city:2661552,60.0
demo:CH11_1_WD_09,demo,demo:CH11,CH11,5,2,city:2659811,city:2661552,60.0
demo:CH11_1_WD_10,demo,demo:CH11,CH11,5,2,city:2659811,city:2661552,60.0
demo:CH11_1_WD_11,demo,demo:CH11,CH11,5,2,city:2659811,city:2661552,60.0
demo:CH11_1_WD_12,demo,demo:CH11,CH11,5,2,city:2659811,city:2661552,60.0
demo:CH11_1_WD_13,demo,demo:CH11,CH11,5,2,city:2659811,city:2661552,60.0
demo:CH11_1_WD_14,demo,demo:CH11,CH11,5,2,city:2659811,city:2661552,60.0
demo:CH11_1_WD_15,demo,demo:CH11,CH11,5,2,city:2659811,city:2661552,60.0
demo:CH11_1_WE_00,demo,demo:CH11,CH11,2,2,city:2659811,city:2661552,60.0
demo:CH11_1_WE_01,demo,demo:CH11,CH11,2,2,city:2659811,city:2661552,60.0
demo:CH11_1_WE_02,demo,demo:CH11,CH11,2,2,city:2659811,city:2661552,60.0
demo:CH11_1_WE_03,demo,demo:CH11,CH11,2,2,city:2659811,city:2661552,60.0
demo:CH11_1_WE_04,demo,demo:CH11,CH11,2,2,city:2659811,city:2661552,60.0
demo:CH11_1_WE_05,demo,demo:CH11,CH11,2,2,city:2659811,city:2661552,60.0
demo:CH11_1_WE_06,demo,demo:CH11,CH11,2,2,city:2659811,city:2661552,60.0
demo:CH11_1_WE_07,demo,demo:CH11,CH11,2,2,city:2659811,city:2661552,60.0
demo:CH11_1_WE_08,demo,demo:CH11,CH11,2,2,city:2659811,city:2661552,60.0
demo:CH11_1_WE_09,demo,demo:CH11,CH11,2,2,city:2659811,city:2661552,60.0
demo:CH11_1_WE_10,demo,demo:CH11,CH11,2,2,city:2659811,city:2661552,60.0
demo:CH11_1_WE_11,demo,demo:CH11,CH11,2,2,city:2659811,city:2661552,60.0
demo:CH11_1_WE_12,demo,demo:CH11,CH11,2,2,city:2659811,city:2661552,60.0
demo:CH11_1_WE_13,demo,demo:CH11,CH11,2,2,city:2659811,city:2661552,60.0
demo:CH12_0_WD_00,demo,demo:CH12,CH12,5,10,city:2660646,stn:demo:S0108,133.0
demo:CH12_0_WD_01,demo,demo:CH12,CH12,5,10,city:2660646,stn:demo:S0108,133.0
demo:CH12_0_WD_02,demo,demo:CH12,CH12,5,10,city:2660646,stn:demo:S0108,133.0
demo:CH12_0_WD_03,demo,demo:CH12,CH12,5,10,city:2660646,stn:demo:S0108,133.0
demo:CH12_0_WD_04,demo,demo:CH12,CH12,5,10,city:2660646,stn:demo:S0108,133.0
demo:CH12_0_WD_05,demo,demo:CH12,CH12,5,10,city:2660646,stn:demo:S0108,133.0
demo:CH12_0_WD_06,demo,demo:CH12,CH12,5,10,city:2660646,stn:demo:S0108,133.0
demo:CH12_0_WD_07,demo,demo:CH12,CH12,5,10,city:2660646,stn:demo:S0108,133.0
demo:CH12_0_WD_08,demo,demo:CH12,CH12,5,10,city:2660646,stn:demo:S0108,133.0
demo:CH12_0_WD_09,demo,demo:CH12,CH12,5,10,city:2660646,stn:demo:S0108,133.0
demo:CH12_0_WD_10,demo,demo:CH12,CH12,5,10,city:2660646,stn:demo:S0108,133.0
demo:CH12_0_WD_11,demo,demo:CH12,CH12,5,10,city:2660646,stn:demo:S0108,133.0
demo:CH12_0_WD_12,demo,demo:CH12,CH12,5,10,city:2660646,stn:demo:S0108,133.0
demo:CH12_0_WD_13,demo,demo:CH12,CH12,5,10,city:2660646,stn:demo:S0108,133.0
demo:CH12_0_WD_14,demo,demo:CH12,CH12,5,10,city:2660646,stn:demo:S0108,133.0
demo:CH12_0_WD_15,demo,demo:CH12,CH12,5,10,city:2660646,stn:demo:S0108,133.0
demo:CH12_0_WE_00,demo,demo:CH12,CH12,2,10,city:2660646,stn:demo:S0108,133.0
demo:CH12_0_WE_01,demo,demo:CH12,CH12,2,10,city:2660646,stn:demo:S0108,133.0
demo:CH12_0_WE_02,demo,demo:CH12,CH12,2,10,city:2660646,stn:demo:S0108,133.0
demo:CH12_0_WE_03,demo,demo:CH12,CH12,2,10,city:2660646,stn:demo:S0108,132.0
demo:CH12_0_WE_04,demo,demo:CH12,CH12,2,10,city:2660646,stn:demo:S0108,133.0
demo:CH12_0_WE_05,demo,demo:CH12,CH12,2,10,city:2660646,stn:demo:S0108,133.0
demo:CH12_0_WE_06,demo,demo:CH12,CH12,2,10,city:2660646,stn:demo:S0108,133.0
demo:CH12_0_WE_07,demo,demo:CH12,CH12,2,10,city:2660646,stn:demo:S0108,133.0
demo:CH12_0_WE_08,demo,demo:CH12,CH12,2,10,city:2660646,stn:demo:S0108,133.0
demo:CH12_0_WE_09,demo,demo:CH12,CH12,2,10,city:2660646,stn:demo:S0108,133.0
demo:CH12_0_WE_10,demo,demo:CH12,CH12,2,10,city:2660646,stn:demo:S0108,134.0
demo:CH12_0_WE_11,demo,demo:CH12,CH12,2,10,city:2660646,stn:demo:S0108,133.0
demo:CH12_0_WE_12,demo,demo:CH12,CH12,2,10,city:2660646,stn:demo:S0108,133.0
demo:CH12_0_WE_13,demo,demo:CH12,CH12,2,10,city:2660646,stn:demo:S0108,133.0
demo:CH12_1_WD_00,demo,demo:CH12,CH12,5,10,stn:demo:S0108,city:2660646,133.0
demo:CH12_1_WD_01,demo,demo:CH12,CH12,5,10,stn:demo:S0108,city:2660646,133.0
demo:CH12_1_WD_02,demo,demo:CH12,CH12,5,10,stn:demo:S0108,city:2660646,133.0
demo:CH12_1_WD_03,demo,demo:CH12,CH12,5,10,stn:demo:S0108,city:2660646,133.0
demo:CH12_1_WD_04,demo,demo:CH12,CH12,5,10,stn:demo:S0108,city:2660646,133.0
demo:CH12_1_WD_05,demo,demo:CH12,CH12,5,10,stn:demo:S0108,city:2660646,133.0
demo:CH12_1_WD_06,demo,demo:CH12,CH12,5,10,stn:demo:S0108,city:2660646,133.0
demo:CH12_1_WD_07,demo,demo:CH12,CH12,5,10,stn:demo:S0108,city:2660646,133.0
demo:CH12_1_WD_08,demo,demo:CH12,CH12,5,10,stn:demo:S0108,city:2660646,133.0
demo:CH12_1_WD_09,demo,demo:CH12,CH12,5,10,stn:demo:S0108,city:2660646,133.0
demo:CH12_1_WD_10,demo,demo:CH12,CH12,5,10,stn:demo:S0108,city:2660646,133.0
demo:CH12_1_WD_11,demo,demo:CH12,CH12,5,10,stn:demo:S0108,city:2660646,133.0
demo:CH12_1_WD_12,demo,demo:CH12,CH12,5,10,stn:demo:S0108,city:2660646,133.0
demo:CH12_1_WD_13,demo,demo:CH12,CH12,5,10,stn:demo:S0108,city:2660646,133.0
demo:CH12_1_WD_14,demo,demo:CH12,CH12,5,10,stn:demo:S0108,city:2660646,133.0
demo:CH12_1_WD_15,demo,demo:CH12,CH12,5,10,stn:demo:S0108,city:2660646,133.0
demo:CH12_1_WE_00,demo,demo:CH12,CH12,2,10,stn:demo:S0108,city:2660646,133.0
demo:CH12_1_WE_01,demo,demo:CH12,CH12,2,10,stn:demo:S0108,city:2660646,133.0
demo:CH12_1_WE_02,demo,demo:CH12,CH12,2,10,stn:demo:S0108,city:2660646,133.0
demo:CH12_1_WE_03,demo,demo:CH12,CH12,2,10,stn:demo:S0108,city:2660646,132.0
demo:CH12_1_WE_04,demo,demo:CH12,CH12,2,10,stn:demo:S0108,city:2660646,133.0
demo:CH12_1_WE_05,demo,demo:CH12,CH12,2,10,stn:demo:S0108,city:2660646,133.0
demo:CH12_1_WE_06,demo,demo:CH12,CH12,2,10,stn:demo:S0108,city:2660646,133.0
demo:CH12_1_WE_07,demo,demo:CH12,CH12,2,10,stn:demo:S0108,city:2660646,133.0
demo:CH12_1_WE_08,demo,demo:CH12,CH12,2,10,stn:demo:S0108,city:2660646,133.0
demo:CH12_1_WE_09,demo,demo:CH12,CH12,2,10,stn:demo:S0108,city:2660646,133.0
demo:CH12_1_WE_10,demo,demo:CH12,CH12,2,10,stn:demo:S0108,city:2660646,134.0
demo:CH12_1_WE_11,demo,demo:CH12,CH12,2,10,stn:demo:S0108,city:2660646,133.0
demo:CH12_1_WE_12,demo,demo:CH12,CH12,2,10,stn:demo:S0108,city:2660646,133.0
demo:CH12_1_WE_13,demo,demo:CH12,CH12,2,10,stn:demo:S0108,city:2660646,133.0
demo:CH13_0_WD_00,demo,demo:CH13,CH13,5,8,city:2660646,city:3173435,245.0
demo:CH13_0_WD_01,demo,demo:CH13,CH13,5,8,city:2660646,city:3173435,245.0
demo:CH13_0_WD_02,demo,demo:CH13,CH13,5,8,city:2660646,city:3173435,245.0
demo:CH13_0_WE_00,demo,demo:CH13,CH13,2,8,city:2660646,city:3173435,245.0
demo:CH13_0_WE_01,demo,demo:CH13,CH13,2,8,city:2660646,city:3173435,245.0
demo:CH13_0_WE_02,demo,demo:CH13,CH13,2,8,city:2660646,city:3173435,245.0
demo:CH13_1_WD_00,demo,demo:CH13,CH13,5,8,city:3173435,city:2660646,245.0
demo:CH13_1_WD_01,demo,demo:CH13,CH13,5,8,city:3173435,city:2660646,245.0
demo:CH13_1_WD_02,demo,demo:CH13,CH13,5,8,city:3173435,city:2660646,245.0
demo:CH13_1_WE_00,demo,demo:CH13,CH13,2,8,city:3173435,city:2660646,245.0
demo:CH13_1_WE_01,demo,demo:CH13,CH13,2,8,city:3173435,city:2660646,245.0
demo:CH13_1_WE_02,demo,demo:CH13,CH13,2,8,city:3173435,city:2660646,245.0
demo:CH14_0_WD_00,demo,demo:CH14,CH14,5,6,city:2661604,city:3173435,240.0
demo:CH14_0_WD_01,demo,demo:CH14,CH14,5,6,city:2661604,city:3173435,240.0
demo:CH14_0_WD_02,demo,demo:CH14,CH14,5,6,city:2661604,city:3173435,240.0
demo:CH14_0_WD_03,demo,demo:CH14,CH14,5,6,city:2661604,city:3173435,240.0
demo:CH14_0_WE_00,demo,demo:CH14,CH14,2,6,city:2661604,city:3173435,240.0
demo:CH14_0_WE_01,demo,demo:CH14,CH14,2,6,city:2661604,city:3173435,240.0
demo:CH14_0_WE_02,demo,demo:CH14,CH14,2,6,city:2661604,city:3173435,240.0
demo:CH14_1_WD_00,demo,demo:CH14,CH14,5,6,city:3173435,city:2661604,240.0
demo:CH14_1_WD_01,demo,demo:CH14,CH14,5,6,city:3173435,city:2661604,240.0
demo:CH14_1_WD_02,demo,demo:CH14,CH14,5,6,city:3173435,city:2661604,240.0
demo:CH14_1_WD_03,demo,demo:CH14,CH14,5,6,city:3173435,city:2661604,240.0
demo:CH14_1_WE_00,demo,demo:CH14,CH14,2,6,city:3173435,city:2661604,240.0
demo:CH14_1_WE_01,demo,demo:CH14,CH14,2,6,city:3173435,city:2661604,240.0
demo:CH14_1_WE_02,demo,demo:CH14,CH14,2,6,city:3173435,city:2661604,240.0
demo:CH15_0_WD_00,demo,demo:CH15,CH15,5,4,city:2661552,city:2657970,82.0
demo:CH15_0_WD_01,demo,demo:CH15,CH15,5,4,city:2661552,city:2657970,82.0
demo:CH15_0_WD_02,demo,demo:CH15,CH15,5,4,city:2661552,city:2657970,82.0
demo:CH15_0_WD_03,demo,demo:CH15,CH15,5,4,city:2661552,city:2657970,82.0
demo:CH15_0_WD_04,demo,demo:CH15,CH15,5,4,city:2661552,city:2657970,82.0
demo:CH15_0_WD_05,demo,demo:CH15,CH15,5,4,city:2661552,city:2657970,82.0
demo:CH15_0_WD_06,demo,demo:CH15,CH15,5,4,city:2661552,city:2657970,82.0
demo:CH15_0_WD_07,demo,demo:CH15,CH15,5,4,city:2661552,city:2657970,82.0
demo:CH15_0_WD_08,demo,demo:CH15,CH15,5,4,city:2661552,city:2657970,82.0
demo:CH15_0_WD_09,demo,demo:CH15,CH15,5,4,city:2661552,city:2657970,82.0
demo:CH15_0_WD_10,demo,demo:CH15,CH15,5,4,city:2661552,city:2657970,82.0
demo:CH15_0_WD_11,demo,demo:CH15,CH15,5,4,city:2661552,city:2657970,82.0
demo:CH15_0_WD_12,demo,demo:CH15,CH15,5,4,city:2661552,city:2657970,82.0
demo:CH15_0_WD_13,demo,demo:CH15,CH15,5,4,city:2661552,city:2657970,82.0
demo:CH15_0_WD_14,demo,demo:CH15,CH15,5,4,city:2661552,city:2657970,82.0
demo:CH15_0_WD_15,demo,demo:CH15,CH15,5,4,city:2661552,city:2657970,82.0
demo:CH15_0_WE_00,demo,demo:CH15,CH15,2,4,city:2661552,city:2657970,82.0
demo:CH15_0_WE_01,demo,demo:CH15,CH15,2,4,city:2661552,city:2657970,82.0
demo:CH15_0_WE_02,demo,demo:CH15,CH15,2,4,city:2661552,city:2657970,82.0
demo:CH15_0_WE_03,demo,demo:CH15,CH15,2,4,city:2661552,city:2657970,82.0
demo:CH15_0_WE_04,demo,demo:CH15,CH15,2,4,city:2661552,city:2657970,82.0
demo:CH15_0_WE_05,demo,demo:CH15,CH15,2,4,city:2661552,city:2657970,82.0
demo:CH15_0_WE_06,demo,demo:CH15,CH15,2,4,city:2661552,city:2657970,82.0
demo:CH15_0_WE_07,demo,demo:CH15,CH15,2,4,city:2661552,city:2657970,82.0
demo:CH15_0_WE_08,demo,demo:CH15,CH15,2,4,city:2661552,city:2657970,82.0
demo:CH15_0_WE_09,demo,demo:CH15,CH15,2,4,city:2661552,city:2657970,82.0
demo:CH15_0_WE_10,demo,demo:CH15,CH15,2,4,city:2661552,city:2657970,82.0
demo:CH15_0_WE_11,demo,demo:CH15,CH15,2,4,city:2661552,city:2657970,82.0
demo:CH15_0_WE_12,demo,demo:CH15,CH15,2,4,city:2661552,city:2657970,82.0
demo:CH15_0_WE_13,demo,demo:CH15,CH15,2,4,city:2661552,city:2657970,82.0
demo:CH15_1_WD_00,demo,demo:CH15,CH15,5,4,city:2657970,city:2661552,82.0
demo:CH15_1_WD_01,demo,demo:CH15,CH15,5,4,city:2657970,city:2661552,82.0
demo:CH15_1_WD_02,demo,demo:CH15,CH15,5,4,city:2657970,city:2661552,82.0
demo:CH15_1_WD_03,demo,demo:CH15,CH15,5,4,city:2657970,city:2661552,82.0
demo:CH15_1_WD_04,demo,demo:CH15,CH15,5,4,city:2657970,city:2661552,82.0
demo:CH15_1_WD_05,demo,demo:CH15,CH15,5,4,city:2657970,city:2661552,82.0
demo:CH15_1_WD_06,demo,demo:CH15,CH15,5,4,city:2657970,city:2661552,82.0
demo:CH15_1_WD_07,demo,demo:CH15,CH15,5,4,city:2657970,city:2661552,82.0
demo:CH15_1_WD_08,demo,demo:CH15,CH15,5,4,city:2657970,city:2661552,82.0
demo:CH15_1_WD_09,demo,demo:CH15,CH15,5,4,city:2657970,city:2661552,82.0
demo:CH15_1_WD_10,demo,demo:CH15,CH15,5,4,city:2657970,city:2661552,82.0
demo:CH15_1_WD_11,demo,demo:CH15,CH15,5,4,city:2657970,city:2661552,82.0
demo:CH15_1_WD_12,demo,demo:CH15,CH15,5,4,city:2657970,city:2661552,82.0
demo:CH15_1_WD_13,demo,demo:CH15,CH15,5,4,city:2657970,city:2661552,82.0
demo:CH15_1_WD_14,demo,demo:CH15,CH15,5,4,city:2657970,city:2661552,82.0
demo:CH15_1_WD_15,demo,demo:CH15,CH15,5,4,city:2657970,city:2661552,82.0
demo:CH15_1_WE_00,demo,demo:CH15,CH15,2,4,city:2657970,city:2661552,82.0
demo:CH15_1_WE_01,demo,demo:CH15,CH15,2,4,city:2657970,city:2661552,82.0
demo:CH15_1_WE_02,demo,demo:CH15,CH15,2,4,city:2657970,city:2661552,82.0
demo:CH15_1_WE_03,demo,demo:CH15,CH15,2,4,city:2657970,city:2661552,82.0
demo:CH15_1_WE_04,demo,demo:CH15,CH15,2,4,city:2657970,city:2661552,82.0
demo:CH15_1_WE_05,demo,demo:CH15,CH15,2,4,city:2657970,city:2661552,82.0
demo:CH15_1_WE_06,demo,demo:CH15,CH15,2,4,city:2657970,city:2661552,82.0
demo:CH15_1_WE_07,demo,demo:CH15,CH15,2,4,city:2657970,city:2661552,82.0
demo:CH15_1_WE_08,demo,demo:CH15,CH15,2,4,city:2657970,city:2661552,82.0
demo:CH15_1_WE_09,demo,demo:CH15,CH15,2,4,city:2657970,city:2661552,82.0
demo:CH15_1_WE_10,demo,demo:CH15,CH15,2,4,city:2657970,city:2661552,82.0
demo:CH15_1_WE_11,demo,demo:CH15,CH15,2,4,city:2657970,city:2661552,82.0
demo:CH15_1_WE_12,demo,demo:CH15,CH15,2,4,city:2657970,city:2661552,82.0
demo:CH15_1_WE_13,demo,demo:CH15,CH15,2,4,city:2657970,city:2661552,82.0
demo:CZ01_0_WD_00,demo,demo:CZ01,CZ01,5,4,city:3067696,city:3068799,190.0
demo:CZ01_0_WD_01,demo,demo:CZ01,CZ01,5,4,city:3067696,city:3068799,190.0
demo:CZ01_0_WD_02,demo,demo:CZ01,CZ01,5,4,city:3067696,city:3068799,190.0
demo:CZ01_0_WD_03,demo,demo:CZ01,CZ01,5,4,city:3067696,city:3068799,190.0
demo:CZ01_0_WD_04,demo,demo:CZ01,CZ01,5,4,city:3067696,city:3068799,190.0
demo:CZ01_0_WD_05,demo,demo:CZ01,CZ01,5,4,city:3067696,city:3068799,190.0
demo:CZ01_0_WD_06,demo,demo:CZ01,CZ01,5,4,city:3067696,city:3068799,190.0
demo:CZ01_0_WD_07,demo,demo:CZ01,CZ01,5,4,city:3067696,city:3068799,190.0
demo:CZ01_0_WD_08,demo,demo:CZ01,CZ01,5,4,city:3067696,city:3068799,190.0
demo:CZ01_0_WD_09,demo,demo:CZ01,CZ01,5,4,city:3067696,city:3068799,190.0
demo:CZ01_0_WD_10,demo,demo:CZ01,CZ01,5,4,city:3067696,city:3068799,190.0
demo:CZ01_0_WD_11,demo,demo:CZ01,CZ01,5,4,city:3067696,city:3068799,190.0
demo:CZ01_0_WD_12,demo,demo:CZ01,CZ01,5,4,city:3067696,city:3068799,190.0
demo:CZ01_0_WD_13,demo,demo:CZ01,CZ01,5,4,city:3067696,city:3068799,190.0
demo:CZ01_0_WD_14,demo,demo:CZ01,CZ01,5,4,city:3067696,city:3068799,190.0
demo:CZ01_0_WD_15,demo,demo:CZ01,CZ01,5,4,city:3067696,city:3068799,190.0
demo:CZ01_0_WD_16,demo,demo:CZ01,CZ01,5,4,city:3067696,city:3068799,190.0
demo:CZ01_0_WD_17,demo,demo:CZ01,CZ01,5,4,city:3067696,city:3068799,190.0
demo:CZ01_0_WD_18,demo,demo:CZ01,CZ01,5,4,city:3067696,city:3068799,190.0
demo:CZ01_0_WD_19,demo,demo:CZ01,CZ01,5,4,city:3067696,city:3068799,190.0
demo:CZ01_0_WD_20,demo,demo:CZ01,CZ01,5,4,city:3067696,city:3068799,190.0
demo:CZ01_0_WD_21,demo,demo:CZ01,CZ01,5,4,city:3067696,city:3068799,190.0
demo:CZ01_0_WD_22,demo,demo:CZ01,CZ01,5,4,city:3067696,city:3068799,190.0
demo:CZ01_0_WD_23,demo,demo:CZ01,CZ01,5,4,city:3067696,city:3068799,190.0
demo:CZ01_0_WE_00,demo,demo:CZ01,CZ01,2,4,city:3067696,city:3068799,190.0
demo:CZ01_0_WE_01,demo,demo:CZ01,CZ01,2,4,city:3067696,city:3068799,190.0
demo:CZ01_0_WE_02,demo,demo:CZ01,CZ01,2,4,city:3067696,city:3068799,190.0
demo:CZ01_0_WE_03,demo,demo:CZ01,CZ01,2,4,city:3067696,city:3068799,190.0
demo:CZ01_0_WE_04,demo,demo:CZ01,CZ01,2,4,city:3067696,city:3068799,190.0
demo:CZ01_0_WE_05,demo,demo:CZ01,CZ01,2,4,city:3067696,city:3068799,190.0
demo:CZ01_0_WE_06,demo,demo:CZ01,CZ01,2,4,city:3067696,city:3068799,190.0
demo:CZ01_0_WE_07,demo,demo:CZ01,CZ01,2,4,city:3067696,city:3068799,190.0
demo:CZ01_0_WE_08,demo,demo:CZ01,CZ01,2,4,city:3067696,city:3068799,190.0
demo:CZ01_0_WE_09,demo,demo:CZ01,CZ01,2,4,city:3067696,city:3068799,190.0
demo:CZ01_0_WE_10,demo,demo:CZ01,CZ01,2,4,city:3067696,city:3068799,190.0
demo:CZ01_0_WE_11,demo,demo:CZ01,CZ01,2,4,city:3067696,city:3068799,190.0
demo:CZ01_0_WE_12,demo,demo:CZ01,CZ01,2,4,city:3067696,city:3068799,190.0
demo:CZ01_0_WE_13,demo,demo:CZ01,CZ01,2,4,city:3067696,city:3068799,190.0
demo:CZ01_0_WE_14,demo,demo:CZ01,CZ01,2,4,city:3067696,city:3068799,190.0
demo:CZ01_0_WE_15,demo,demo:CZ01,CZ01,2,4,city:3067696,city:3068799,190.0
demo:CZ01_0_WE_16,demo,demo:CZ01,CZ01,2,4,city:3067696,city:3068799,190.0
demo:CZ01_0_WE_17,demo,demo:CZ01,CZ01,2,4,city:3067696,city:3068799,190.0
demo:CZ01_0_WE_18,demo,demo:CZ01,CZ01,2,4,city:3067696,city:3068799,190.0
demo:CZ01_0_WE_19,demo,demo:CZ01,CZ01,2,4,city:3067696,city:3068799,190.0
demo:CZ01_1_WD_00,demo,demo:CZ01,CZ01,5,4,city:3068799,city:3067696,190.0
demo:CZ01_1_WD_01,demo,demo:CZ01,CZ01,5,4,city:3068799,city:3067696,190.0
demo:CZ01_1_WD_02,demo,demo:CZ01,CZ01,5,4,city:3068799,city:3067696,190.0
demo:CZ01_1_WD_03,demo,demo:CZ01,CZ01,5,4,city:3068799,city:3067696,190.0
demo:CZ01_1_WD_04,demo,demo:CZ01,CZ01,5,4,city:3068799,city:3067696,190.0
demo:CZ01_1_WD_05,demo,demo:CZ01,CZ01,5,4,city:3068799,city:3067696,190.0
demo:CZ01_1_WD_06,demo,demo:CZ01,CZ01,5,4,city:3068799,city:3067696,190.0
demo:CZ01_1_WD_07,demo,demo:CZ01,CZ01,5,4,city:3068799,city:3067696,190.0
demo:CZ01_1_WD_08,demo,demo:CZ01,CZ01,5,4,city:3068799,city:3067696,190.0
demo:CZ01_1_WD_09,demo,demo:CZ01,CZ01,5,4,city:3068799,city:3067696,190.0
demo:CZ01_1_WD_10,demo,demo:CZ01,CZ01,5,4,city:3068799,city:3067696,190.0
demo:CZ01_1_WD_11,demo,demo:CZ01,CZ01,5,4,city:3068799,city:3067696,190.0
demo:CZ01_1_WD_12,demo,demo:CZ01,CZ01,5,4,city:3068799,city:3067696,190.0
demo:CZ01_1_WD_13,demo,demo:CZ01,CZ01,5,4,city:3068799,city:3067696,190.0
demo:CZ01_1_WD_14,demo,demo:CZ01,CZ01,5,4,city:3068799,city:3067696,190.0
demo:CZ01_1_WD_15,demo,demo:CZ01,CZ01,5,4,city:3068799,city:3067696,190.0
demo:CZ01_1_WD_16,demo,demo:CZ01,CZ01,5,4,city:3068799,city:3067696,190.0
demo:CZ01_1_WD_17,demo,demo:CZ01,CZ01,5,4,city:3068799,city:3067696,190.0
demo:CZ01_1_WD_18,demo,demo:CZ01,CZ01,5,4,city:3068799,city:3067696,190.0
demo:CZ01_1_WD_19,demo,demo:CZ01,CZ01,5,4,city:3068799,city:3067696,190.0
demo:CZ01_1_WD_20,demo,demo:CZ01,CZ01,5,4,city:3068799,city:3067696,190.0
demo:CZ01_1_WD_21,demo,demo:CZ01,CZ01,5,4,city:3068799,city:3067696,190.0
demo:CZ01_1_WD_22,demo,demo:CZ01,CZ01,5,4,city:3068799,city:3067696,190.0
demo:CZ01_1_WD_23,demo,demo:CZ01,CZ01,5,4,city:3068799,city:3067696,190.0
demo:CZ01_1_WE_00,demo,demo:CZ01,CZ01,2,4,city:3068799,city:3067696,190.0
demo:CZ01_1_WE_01,demo,demo:CZ01,CZ01,2,4,city:3068799,city:3067696,190.0
demo:CZ01_1_WE_02,demo,demo:CZ01,CZ01,2,4,city:3068799,city:3067696,190.0
demo:CZ01_1_WE_03,demo,demo:CZ01,CZ01,2,4,city:3068799,city:3067696,190.0
demo:CZ01_1_WE_04,demo,demo:CZ01,CZ01,2,4,city:3068799,city:3067696,190.0
demo:CZ01_1_WE_05,demo,demo:CZ01,CZ01,2,4,city:3068799,city:3067696,190.0
demo:CZ01_1_WE_06,demo,demo:CZ01,CZ01,2,4,city:3068799,city:3067696,190.0
demo:CZ01_1_WE_07,demo,demo:CZ01,CZ01,2,4,city:3068799,city:3067696,190.0
demo:CZ01_1_WE_08,demo,demo:CZ01,CZ01,2,4,city:3068799,city:3067696,190.0
demo:CZ01_1_WE_09,demo,demo:CZ01,CZ01,2,4,city:3068799,city:3067696,190.0
demo:CZ01_1_WE_10,demo,demo:CZ01,CZ01,2,4,city:3068799,city:3067696,190.0
demo:CZ01_1_WE_11,demo,demo:CZ01,CZ01,2,4,city:3068799,city:3067696,190.0
demo:CZ01_1_WE_12,demo,demo:CZ01,CZ01,2,4,city:3068799,city:3067696,190.0
demo:CZ01_1_WE_13,demo,demo:CZ01,CZ01,2,4,city:3068799,city:3067696,190.0
demo:CZ01_1_WE_14,demo,demo:CZ01,CZ01,2,4,city:3068799,city:3067696,190.0
demo:CZ01_1_WE_15,demo,demo:CZ01,CZ01,2,4,city:3068799,city:3067696,190.0
demo:CZ01_1_WE_16,demo,demo:CZ01,CZ01,2,4,city:3068799,city:3067696,190.0
demo:CZ01_1_WE_17,demo,demo:CZ01,CZ01,2,4,city:3068799,city:3067696,190.0
demo:CZ01_1_WE_18,demo,demo:CZ01,CZ01,2,4,city:3068799,city:3067696,190.0
demo:CZ01_1_WE_19,demo,demo:CZ01,CZ01,2,4,city:3068799,city:3067696,190.0
demo:CZ02_0_WD_00,demo,demo:CZ02,CZ02,5,5,city:3067696,city:3078610,155.0
demo:CZ02_0_WD_01,demo,demo:CZ02,CZ02,5,5,city:3067696,city:3078610,155.0
demo:CZ02_0_WD_02,demo,demo:CZ02,CZ02,5,5,city:3067696,city:3078610,155.0
demo:CZ02_0_WD_03,demo,demo:CZ02,CZ02,5,5,city:3067696,city:3078610,155.0
demo:CZ02_0_WD_04,demo,demo:CZ02,CZ02,5,5,city:3067696,city:3078610,155.0
demo:CZ02_0_WD_05,demo,demo:CZ02,CZ02,5,5,city:3067696,city:3078610,155.0
demo:CZ02_0_WD_06,demo,demo:CZ02,CZ02,5,5,city:3067696,city:3078610,155.0
demo:CZ02_0_WD_07,demo,demo:CZ02,CZ02,5,5,city:3067696,city:3078610,155.0
demo:CZ02_0_WE_00,demo,demo:CZ02,CZ02,2,5,city:3067696,city:3078610,155.0
demo:CZ02_0_WE_01,demo,demo:CZ02,CZ02,2,5,city:3067696,city:3078610,155.0
demo:CZ02_0_WE_02,demo,demo:CZ02,CZ02,2,5,city:3067696,city:3078610,155.0
demo:CZ02_0_WE_03,demo,demo:CZ02,CZ02,2,5,city:3067696,city:3078610,155.0
demo:CZ02_0_WE_04,demo,demo:CZ02,CZ02,2,5,city:3067696,city:3078610,155.0
demo:CZ02_0_WE_05,demo,demo:CZ02,CZ02,2,5,city:3067696,city:3078610,155.0
demo:CZ02_0_WE_06,demo,demo:CZ02,CZ02,2,5,city:3067696,city:3078610,155.0
demo:CZ02_1_WD_00,demo,demo:CZ02,CZ02,5,5,city:3078610,city:3067696,155.0
demo:CZ02_1_WD_01,demo,demo:CZ02,CZ02,5,5,city:3078610,city:3067696,155.0
demo:CZ02_1_WD_02,demo,demo:CZ02,CZ02,5,5,city:3078610,city:3067696,155.0
demo:CZ02_1_WD_03,demo,demo:CZ02,CZ02,5,5,city:3078610,city:3067696,155.0
demo:CZ02_1_WD_04,demo,demo:CZ02,CZ02,5,5,city:3078610,city:3067696,155.0
demo:CZ02_1_WD_05,demo,demo:CZ02,CZ02,5,5,city:3078610,city:3067696,155.0
demo:CZ02_1_WD_06,demo,demo:CZ02,CZ02,5,5,city:3078610,city:3067696,155.0
demo:CZ02_1_WD_07,demo,demo:CZ02,CZ02,5,5,city:3078610,city:3067696,155.0
demo:CZ02_1_WE_00,demo,demo:CZ02,CZ02,2,5,city:3078610,city:3067696,155.0
demo:CZ02_1_WE_01,demo,demo:CZ02,CZ02,2,5,city:3078610,city:3067696,155.0
demo:CZ02_1_WE_02,demo,demo:CZ02,CZ02,2,5,city:3078610,city:3067696,155.0
demo:CZ02_1_WE_03,demo,demo:CZ02,CZ02,2,5,city:3078610,city:3067696,155.0
demo:CZ02_1_WE_04,demo,demo:CZ02,CZ02,2,5,city:3078610,city:3067696,155.0
demo:CZ02_1_WE_05,demo,demo:CZ02,CZ02,2,5,city:3078610,city:3067696,155.0
demo:CZ02_1_WE_06,demo,demo:CZ02,CZ02,2,5,city:3078610,city:3067696,155.0
demo:CZ03_0_WD_00,demo,demo:CZ03,CZ03,5,2,city:3067696,city:3068160,90.0
demo:CZ03_0_WD_01,demo,demo:CZ03,CZ03,5,2,city:3067696,city:3068160,90.0
demo:CZ03_0_WD_02,demo,demo:CZ03,CZ03,5,2,city:3067696,city:3068160,90.0
demo:CZ03_0_WD_03,demo,demo:CZ03,CZ03,5,2,city:3067696,city:3068160,90.0
demo:CZ03_0_WD_04,demo,demo:CZ03,CZ03,5,2,city:3067696,city:3068160,90.0
demo:CZ03_0_WD_05,demo,demo:CZ03,CZ03,5,2,city:3067696,city:3068160,90.0
demo:CZ03_0_WD_06,demo,demo:CZ03,CZ03,5,2,city:3067696,city:3068160,90.0
demo:CZ03_0_WD_07,demo,demo:CZ03,CZ03,5,2,city:3067696,city:3068160,90.0
demo:CZ03_0_WD_08,demo,demo:CZ03,CZ03,5,2,city:3067696,city:3068160,90.0
demo:CZ03_0_WD_09,demo,demo:CZ03,CZ03,5,2,city:3067696,city:3068160,90.0
demo:CZ03_0_WD_10,demo,demo:CZ03,CZ03,5,2,city:3067696,city:3068160,90.0
demo:CZ03_0_WD_11,demo,demo:CZ03,CZ03,5,2,city:3067696,city:3068160,90.0
demo:CZ03_0_WD_12,demo,demo:CZ03,CZ03,5,2,city:3067696,city:3068160,90.0
demo:CZ03_0_WD_13,demo,demo:CZ03,CZ03,5,2,city:3067696,city:3068160,90.0
demo:CZ03_0_WD_14,demo,demo:CZ03,CZ03,5,2,city:3067696,city:3068160,90.0
demo:CZ03_0_WD_15,demo,demo:CZ03,CZ03,5,2,city:3067696,city:3068160,90.0
demo:CZ03_0_WE_00,demo,demo:CZ03,CZ03,2,2,city:3067696,city:3068160,90.0
demo:CZ03_0_WE_01,demo,demo:CZ03,CZ03,2,2,city:3067696,city:3068160,90.0
demo:CZ03_0_WE_02,demo,demo:CZ03,CZ03,2,2,city:3067696,city:3068160,90.0
demo:CZ03_0_WE_03,demo,demo:CZ03,CZ03,2,2,city:3067696,city:3068160,90.0
demo:CZ03_0_WE_04,demo,demo:CZ03,CZ03,2,2,city:3067696,city:3068160,90.0
demo:CZ03_0_WE_05,demo,demo:CZ03,CZ03,2,2,city:3067696,city:3068160,90.0
demo:CZ03_0_WE_06,demo,demo:CZ03,CZ03,2,2,city:3067696,city:3068160,90.0
demo:CZ03_0_WE_07,demo,demo:CZ03,CZ03,2,2,city:3067696,city:3068160,90.0
demo:CZ03_0_WE_08,demo,demo:CZ03,CZ03,2,2,city:3067696,city:3068160,90.0
demo:CZ03_0_WE_09,demo,demo:CZ03,CZ03,2,2,city:3067696,city:3068160,90.0
demo:CZ03_0_WE_10,demo,demo:CZ03,CZ03,2,2,city:3067696,city:3068160,90.0
demo:CZ03_0_WE_11,demo,demo:CZ03,CZ03,2,2,city:3067696,city:3068160,90.0
demo:CZ03_0_WE_12,demo,demo:CZ03,CZ03,2,2,city:3067696,city:3068160,90.0
demo:CZ03_0_WE_13,demo,demo:CZ03,CZ03,2,2,city:3067696,city:3068160,90.0
demo:CZ03_1_WD_00,demo,demo:CZ03,CZ03,5,2,city:3068160,city:3067696,90.0
demo:CZ03_1_WD_01,demo,demo:CZ03,CZ03,5,2,city:3068160,city:3067696,90.0
demo:CZ03_1_WD_02,demo,demo:CZ03,CZ03,5,2,city:3068160,city:3067696,90.0
demo:CZ03_1_WD_03,demo,demo:CZ03,CZ03,5,2,city:3068160,city:3067696,90.0
demo:CZ03_1_WD_04,demo,demo:CZ03,CZ03,5,2,city:3068160,city:3067696,90.0
demo:CZ03_1_WD_05,demo,demo:CZ03,CZ03,5,2,city:3068160,city:3067696,90.0
demo:CZ03_1_WD_06,demo,demo:CZ03,CZ03,5,2,city:3068160,city:3067696,90.0
demo:CZ03_1_WD_07,demo,demo:CZ03,CZ03,5,2,city:3068160,city:3067696,90.0
demo:CZ03_1_WD_08,demo,demo:CZ03,CZ03,5,2,city:3068160,city:3067696,90.0
demo:CZ03_1_WD_09,demo,demo:CZ03,CZ03,5,2,city:3068160,city:3067696,90.0
demo:CZ03_1_WD_10,demo,demo:CZ03,CZ03,5,2,city:3068160,city:3067696,90.0
demo:CZ03_1_WD_11,demo,demo:CZ03,CZ03,5,2,city:3068160,city:3067696,90.0
demo:CZ03_1_WD_12,demo,demo:CZ03,CZ03,5,2,city:3068160,city:3067696,90.0
demo:CZ03_1_WD_13,demo,demo:CZ03,CZ03,5,2,city:3068160,city:3067696,90.0
demo:CZ03_1_WD_14,demo,demo:CZ03,CZ03,5,2,city:3068160,city:3067696,90.0
demo:CZ03_1_WD_15,demo,demo:CZ03,CZ03,5,2,city:3068160,city:3067696,90.0
demo:CZ03_1_WE_00,demo,demo:CZ03,CZ03,2,2,city:3068160,city:3067696,90.0
demo:CZ03_1_WE_01,demo,demo:CZ03,CZ03,2,2,city:3068160,city:3067696,90.0
demo:CZ03_1_WE_02,demo,demo:CZ03,CZ03,2,2,city:3068160,city:3067696,90.0
demo:CZ03_1_WE_03,demo,demo:CZ03,CZ03,2,2,city:3068160,city:3067696,90.0
demo:CZ03_1_WE_04,demo,demo:CZ03,CZ03,2,2,city:3068160,city:3067696,90.0
demo:CZ03_1_WE_05,demo,demo:CZ03,CZ03,2,2,city:3068160,city:3067696,90.0
demo:CZ03_1_WE_06,demo,demo:CZ03,CZ03,2,2,city:3068160,city:3067696,90.0
demo:CZ03_1_WE_07,demo,demo:CZ03,CZ03,2,2,city:3068160,city:3067696,90.0
demo:CZ03_1_WE_08,demo,demo:CZ03,CZ03,2,2,city:3068160,city:3067696,90.0
demo:CZ03_1_WE_09,demo,demo:CZ03,CZ03,2,2,city:3068160,city:3067696,90.0
demo:CZ03_1_WE_10,demo,demo:CZ03,CZ03,2,2,city:3068160,city:3067696,90.0
demo:CZ03_1_WE_11,demo,demo:CZ03,CZ03,2,2,city:3068160,city:3067696,90.0
demo:CZ03_1_WE_12,demo,demo:CZ03,CZ03,2,2,city:3068160,city:3067696,90.0
demo:CZ03_1_WE_13,demo,demo:CZ03,CZ03,2,2,city:3068160,city:3067696,90.0
demo:CZ04_0_WD_00,demo,demo:CZ04,CZ04,5,7,city:3067696,city:3054643,370.0
demo:CZ04_0_WD_01,demo,demo:CZ04,CZ04,5,7,city:3067696,city:3054643,370.0
demo:CZ04_0_WD_02,demo,demo:CZ04,CZ04,5,7,city:3067696,city:3054643,370.0
demo:CZ04_0_WD_03,demo,demo:CZ04,CZ04,5,7,city:3067696,city:3054643,370.0
demo:CZ04_0_WD_04,demo,demo:CZ04,CZ04,5,7,city:3067696,city:3054643,370.0
demo:CZ04_0_WD_05,demo,demo:CZ04,CZ04,5,7,city:3067696,city:3054643,370.0
demo:CZ04_0_WE_00,demo,demo:CZ04,CZ04,2,7,city:3067696,city:3054643,370.0
demo:CZ04_0_WE_01,demo,demo:CZ04,CZ04,2,7,city:3067696,city:3054643,370.0
demo:CZ04_0_WE_02,demo,demo:CZ04,CZ04,2,7,city:3067696,city:3054643,370.0
demo:CZ04_0_WE_03,demo,demo:CZ04,CZ04,2,7,city:3067696,city:3054643,370.0
demo:CZ04_0_WE_04,demo,demo:CZ04,CZ04,2,7,city:3067696,city:3054643,370.0
demo:CZ04_1_WD_00,demo,demo:CZ04,CZ04,5,7,city:3054643,city:3067696,370.0
demo:CZ04_1_WD_01,demo,demo:CZ04,CZ04,5,7,city:3054643,city:3067696,370.0
demo:CZ04_1_WD_02,demo,demo:CZ04,CZ04,5,7,city:3054643,city:3067696,370.0
demo:CZ04_1_WD_03,demo,demo:CZ04,CZ04,5,7,city:3054643,city:3067696,370.0
demo:CZ04_1_WD_04,demo,demo:CZ04,CZ04,5,7,city:3054643,city:3067696,370.0
demo:CZ04_1_WD_05,demo,demo:CZ04,CZ04,5,7,city:3054643,city:3067696,370.0
demo:CZ04_1_WE_00,demo,demo:CZ04,CZ04,2,7,city:3054643,city:3067696,370.0
demo:CZ04_1_WE_01,demo,demo:CZ04,CZ04,2,7,city:3054643,city:3067696,370.0
demo:CZ04_1_WE_02,demo,demo:CZ04,CZ04,2,7,city:3054643,city:3067696,370.0
demo:CZ04_1_WE_03,demo,demo:CZ04,CZ04,2,7,city:3054643,city:3067696,370.0
demo:CZ04_1_WE_04,demo,demo:CZ04,CZ04,2,7,city:3054643,city:3067696,370.0
demo:CZ05_0_WD_00,demo,demo:CZ05,CZ05,5,3,city:3067696,city:3077916,145.0
demo:CZ05_0_WD_01,demo,demo:CZ05,CZ05,5,3,city:3067696,city:3077916,145.0
demo:CZ05_0_WD_02,demo,demo:CZ05,CZ05,5,3,city:3067696,city:3077916,145.0
demo:CZ05_0_WD_03,demo,demo:CZ05,CZ05,5,3,city:3067696,city:3077916,145.0
demo:CZ05_0_WD_04,demo,demo:CZ05,CZ05,5,3,city:3067696,city:3077916,145.0
demo:CZ05_0_WD_05,demo,demo:CZ05,CZ05,5,3,city:3067696,city:3077916,145.0
demo:CZ05_0_WD_06,demo,demo:CZ05,CZ05,5,3,city:3067696,city:3077916,145.0
demo:CZ05_0_WD_07,demo,demo:CZ05,CZ05,5,3,city:3067696,city:3077916,145.0
demo:CZ05_0_WE_00,demo,demo:CZ05,CZ05,2,3,city:3067696,city:3077916,145.0
demo:CZ05_0_WE_01,demo,demo:CZ05,CZ05,2,3,city:3067696,city:3077916,145.0
demo:CZ05_0_WE_02,demo,demo:CZ05,CZ05,2,3,city:3067696,city:3077916,145.0
demo:CZ05_0_WE_03,demo,demo:CZ05,CZ05,2,3,city:3067696,city:3077916,145.0
demo:CZ05_0_WE_04,demo,demo:CZ05,CZ05,2,3,city:3067696,city:3077916,145.0
demo:CZ05_0_WE_05,demo,demo:CZ05,CZ05,2,3,city:3067696,city:3077916,145.0
demo:CZ05_0_WE_06,demo,demo:CZ05,CZ05,2,3,city:3067696,city:3077916,145.0
demo:CZ05_1_WD_00,demo,demo:CZ05,CZ05,5,3,city:3077916,city:3067696,145.0
demo:CZ05_1_WD_01,demo,demo:CZ05,CZ05,5,3,city:3077916,city:3067696,145.0
demo:CZ05_1_WD_02,demo,demo:CZ05,CZ05,5,3,city:3077916,city:3067696,145.0
demo:CZ05_1_WD_03,demo,demo:CZ05,CZ05,5,3,city:3077916,city:3067696,145.0
demo:CZ05_1_WD_04,demo,demo:CZ05,CZ05,5,3,city:3077916,city:3067696,145.0
demo:CZ05_1_WD_05,demo,demo:CZ05,CZ05,5,3,city:3077916,city:3067696,145.0
demo:CZ05_1_WD_06,demo,demo:CZ05,CZ05,5,3,city:3077916,city:3067696,145.0
demo:CZ05_1_WD_07,demo,demo:CZ05,CZ05,5,3,city:3077916,city:3067696,145.0
demo:CZ05_1_WE_00,demo,demo:CZ05,CZ05,2,3,city:3077916,city:3067696,145.0
demo:CZ05_1_WE_01,demo,demo:CZ05,CZ05,2,3,city:3077916,city:3067696,145.0
demo:CZ05_1_WE_02,demo,demo:CZ05,CZ05,2,3,city:3077916,city:3067696,145.0
demo:CZ05_1_WE_03,demo,demo:CZ05,CZ05,2,3,city:3077916,city:3067696,145.0
demo:CZ05_1_WE_04,demo,demo:CZ05,CZ05,2,3,city:3077916,city:3067696,145.0
demo:CZ05_1_WE_05,demo,demo:CZ05,CZ05,2,3,city:3077916,city:3067696,145.0
demo:CZ05_1_WE_06,demo,demo:CZ05,CZ05,2,3,city:3077916,city:3067696,145.0
demo:DE01_0_WD_00,demo,demo:DE01,DE01,5,6,city:2911298,city:2867714,365.0
demo:DE01_0_WD_01,demo,demo:DE01,DE01,5,6,city:2911298,city:2867714,365.0
demo:DE01_0_WD_02,demo,demo:DE01,DE01,5,6,city:2911298,city:2867714,365.0
demo:DE01_0_WD_03,demo,demo:DE01,DE01,5,6,city:2911298,city:2867714,365.0
demo:DE01_0_WD_04,demo,demo:DE01,DE01,5,6,city:2911298,city:2867714,365.0
demo:DE01_0_WD_05,demo,demo:DE01,DE01,5,6,city:2911298,city:2867714,365.0
demo:DE01_0_WD_06,demo,demo:DE01,DE01,5,6,city:2911298,city:2867714,365.0
demo:DE01_0_WD_07,demo,demo:DE01,DE01,5,6,city:2911298,city:2867714,365.0
demo:DE01_0_WE_00,demo,demo:DE01,DE01,2,6,city:2911298,city:2867714,365.0
demo:DE01_0_WE_01,demo,demo:DE01,DE01,2,6,city:2911298,city:2867714,365.0
demo:DE01_0_WE_02,demo,demo:DE01,DE01,2,6,city:2911298,city:2867714,365.0
demo:DE01_0_WE_03,demo,demo:DE01,DE01,2,6,city:2911298,city:2867714,365.0
demo:DE01_0_WE_04,demo,demo:DE01,DE01,2,6,city:2911298,city:2867714,365.0
demo:DE01_0_WE_05,demo,demo:DE01,DE01,2,6,city:2911298,city:2867714,365.0
demo:DE01_0_WE_06,demo,demo:DE01,DE01,2,6,city:2911298,city:2867714,365.0
demo:DE01_1_WD_00,demo,demo:DE01,DE01,5,6,city:2867714,city:2911298,365.0
demo:DE01_1_WD_01,demo,demo:DE01,DE01,5,6,city:2867714,city:2911298,365.0
demo:DE01_1_WD_02,demo,demo:DE01,DE01,5,6,city:2867714,city:2911298,365.0
demo:DE01_1_WD_03,demo,demo:DE01,DE01,5,6,city:2867714,city:2911298,365.0
demo:DE01_1_WD_04,demo,demo:DE01,DE01,5,6,city:2867714,city:2911298,365.0
demo:DE01_1_WD_05,demo,demo:DE01,DE01,5,6,city:2867714,city:2911298,365.0
demo:DE01_1_WD_06,demo,demo:DE01,DE01,5,6,city:2867714,city:2911298,365.0
demo:DE01_1_WD_07,demo,demo:DE01,DE01,5,6,city:2867714,city:2911298,365.0
demo:DE01_1_WE_00,demo,demo:DE01,DE01,2,6,city:2867714,city:2911298,365.0
demo:DE01_1_WE_01,demo,demo:DE01,DE01,2,6,city:2867714,city:2911298,365.0
demo:DE01_1_WE_02,demo,demo:DE01,DE01,2,6,city:2867714,city:2911298,365.0
demo:DE01_1_WE_03,demo,demo:DE01,DE01,2,6,city:2867714,city:2911298,365.0
demo:DE01_1_WE_04,demo,demo:DE01,DE01,2,6,city:2867714,city:2911298,365.0
demo:DE01_1_WE_05,demo,demo:DE01,DE01,2,6,city:2867714,city:2911298,365.0
demo:DE01_1_WE_06,demo,demo:DE01,DE01,2,6,city:2867714,city:2911298,365.0
demo:DE02_0_WD_00,demo,demo:DE02,DE02,5,7,city:2911298,city:3067696,358.0
demo:DE02_0_WD_01,demo,demo:DE02,DE02,5,7,city:2911298,city:3067696,358.0
demo:DE02_0_WD_02,demo,demo:DE02,DE02,5,7,city:2911298,city:3067696,358.0
demo:DE02_0_WD_03,demo,demo:DE02,DE02,5,7,city:2911298,city:3067696,358.0
demo:DE02_0_WD_04,demo,demo:DE02,DE02,5,7,city:2911298,city:3067696,358.0
demo:DE02_0_WD_05,demo,demo:DE02,DE02,5,7,city:2911298,city:3067696,358.0
demo:DE02_0_WE_00,demo,demo:DE02,DE02,2,7,city:2911298,city:3067696,358.0
demo:DE02_0_WE_01,demo,demo:DE02,DE02,2,7,city:2911298,city:3067696,358.0
demo:DE02_0_WE_02,demo,demo:DE02,DE02,2,7,city:2911298,city:3067696,358.0
demo:DE02_0_WE_03,demo,demo:DE02,DE02,2,7,city:2911298,city:3067696,358.0
demo:DE02_0_WE_04,demo,demo:DE02,DE02,2,7,city:2911298,city:3067696,358.0
demo:DE02_1_WD_00,demo,demo:DE02,DE02,5,7,city:3067696,city:2911298,358.0
demo:DE02_1_WD_01,demo,demo:DE02,DE02,5,7,city:3067696,city:2911298,358.0
demo:DE02_1_WD_02,demo,demo:DE02,DE02,5,7,city:3067696,city:2911298,358.0
demo:DE02_1_WD_03,demo,demo:DE02,DE02,5,7,city:3067696,city:2911298,358.0
demo:DE02_1_WD_04,demo,demo:DE02,DE02,5,7,city:3067696,city:2911298,358.0
demo:DE02_1_WD_05,demo,demo:DE02,DE02,5,7,city:3067696,city:2911298,358.0
demo:DE02_1_WE_00,demo,demo:DE02,DE02,2,7,city:3067696,city:2911298,358.0
demo:DE02_1_WE_01,demo,demo:DE02,DE02,2,7,city:3067696,city:2911298,358.0
demo:DE02_1_WE_02,demo,demo:DE02,DE02,2,7,city:3067696,city:2911298,358.0
demo:DE02_1_WE_03,demo,demo:DE02,DE02,2,7,city:3067696,city:2911298,358.0
demo:DE02_1_WE_04,demo,demo:DE02,DE02,2,7,city:3067696,city:2911298,358.0
demo:DE03_0_WD_00,demo,demo:DE03,DE03,5,2,city:2911298,city:2950159,104.0
demo:DE03_0_WD_01,demo,demo:DE03,DE03,5,2,city:2911298,city:2950159,104.0
demo:DE03_0_WD_02,demo,demo:DE03,DE03,5,2,city:2911298,city:2950159,104.0
demo:DE03_0_WD_03,demo,demo:DE03,DE03,5,2,city:2911298,city:2950159,104.0
demo:DE03_0_WE_00,demo,demo:DE03,DE03,2,2,city:2911298,city:2950159,104.0
demo:DE03_0_WE_01,demo,demo:DE03,DE03,2,2,city:2911298,city:2950159,104.0
demo:DE03_0_WE_02,demo,demo:DE03,DE03,2,2,city:2911298,city:2950159,104.0
demo:DE03_1_WD_00,demo,demo:DE03,DE03,5,2,city:2950159,city:2911298,104.0
demo:DE03_1_WD_01,demo,demo:DE03,DE03,5,2,city:2950159,city:2911298,104.0
demo:DE03_1_WD_02,demo,demo:DE03,DE03,5,2,city:2950159,city:2911298,104.0
demo:DE03_1_WD_03,demo,demo:DE03,DE03,5,2,city:2950159,city:2911298,104.0
demo:DE03_1_WE_00,demo,demo:DE03,DE03,2,2,city:2950159,city:2911298,104.0
demo:DE03_1_WE_01,demo,demo:DE03,DE03,2,2,city:2950159,city:2911298,104.0
demo:DE03_1_WE_02,demo,demo:DE03,DE03,2,2,city:2950159,city:2911298,104.0
demo:DE04_0_WD_00,demo,demo:DE04,DE04,5,5,city:2950159,city:2867714,234.0
demo:DE04_0_WD_01,demo,demo:DE04,DE04,5,5,city:2950159,city:2867714,234.0
demo:DE04_0_WD_02,demo,demo:DE04,DE04,5,5,city:2950159,city:2867714,234.0
demo:DE04_0_WD_03,demo,demo:DE04,DE04,5,5,city:2950159,city:2867714,234.0
demo:DE04_0_WD_04,demo,demo:DE04,DE04,5,5,city:2950159,city:2867714,234.0
demo:DE04_0_WD_05,demo,demo:DE04,DE04,5,5,city:2950159,city:2867714,234.0
demo:DE04_0_WD_06,demo,demo:DE04,DE04,5,5,city:2950159,city:2867714,234.0
demo:DE04_0_WD_07,demo,demo:DE04,DE04,5,5,city:2950159,city:2867714,234.0
demo:DE04_0_WE_00,demo,demo:DE04,DE04,2,5,city:2950159,city:2867714,234.0
demo:DE04_0_WE_01,demo,demo:DE04,DE04,2,5,city:2950159,city:2867714,234.0
demo:DE04_0_WE_02,demo,demo:DE04,DE04,2,5,city:2950159,city:2867714,234.0
demo:DE04_0_WE_03,demo,demo:DE04,DE04,2,5,city:2950159,city:2867714,234.0
demo:DE04_0_WE_04,demo,demo:DE04,DE04,2,5,city:2950159,city:2867714,234.0
demo:DE04_0_WE_05,demo,demo:DE04,DE04,2,5,city:2950159,city:2867714,234.0
demo:DE04_0_WE_06,demo,demo:DE04,DE04,2,5,city:2950159,city:2867714,234.0
demo:DE04_1_WD_00,demo,demo:DE04,DE04,5,5,city:2867714,city:2950159,234.0
demo:DE04_1_WD_01,demo,demo:DE04,DE04,5,5,city:2867714,city:2950159,234.0
demo:DE04_1_WD_02,demo,demo:DE04,DE04,5,5,city:2867714,city:2950159,234.0
demo:DE04_1_WD_03,demo,demo:DE04,DE04,5,5,city:2867714,city:2950159,234.0
demo:DE04_1_WD_04,demo,demo:DE04,DE04,5,5,city:2867714,city:2950159,234.0
demo:DE04_1_WD_05,demo,demo:DE04,DE04,5,5,city:2867714,city:2950159,234.0
demo:DE04_1_WD_06,demo,demo:DE04,DE04,5,5,city:2867714,city:2950159,234.0
demo:DE04_1_WD_07,demo,demo:DE04,DE04,5,5,city:2867714,city:2950159,234.0
demo:DE04_1_WE_00,demo,demo:DE04,DE04,2,5,city:2867714,city:2950159,234.0
demo:DE04_1_WE_01,demo,demo:DE04,DE04,2,5,city:2867714,city:2950159,234.0
demo:DE04_1_WE_02,demo,demo:DE04,DE04,2,5,city:2867714,city:2950159,234.0
demo:DE04_1_WE_03,demo,demo:DE04,DE04,2,5,city:2867714,city:2950159,234.0
demo:DE04_1_WE_04,demo,demo:DE04,DE04,2,5,city:2867714,city:2950159,234.0
demo:DE04_1_WE_05,demo,demo:DE04,DE04,2,5,city:2867714,city:2950159,234.0
demo:DE04_1_WE_06,demo,demo:DE04,DE04,2,5,city:2867714,city:2950159,234.0
demo:DE05_0_WD_00,demo,demo:DE05,DE05,5,7,city:2950159,city:2925533,230.0
demo:DE05_0_WD_01,demo,demo:DE05,DE05,5,7,city:2950159,city:2925533,230.0
demo:DE05_0_WD_02,demo,demo:DE05,DE05,5,7,city:2950159,city:2925533,230.0
demo:DE05_0_WD_03,demo,demo:DE05,DE05,5,7,city:2950159,city:2925533,230.0
demo:DE05_0_WD_04,demo,demo:DE05,DE05,5,7,city:2950159,city:2925533,230.0
demo:DE05_0_WD_05,demo,demo:DE05,DE05,5,7,city:2950159,city:2925533,230.0
demo:DE05_0_WD_06,demo,demo:DE05,DE05,5,7,city:2950159,city:2925533,230.0
demo:DE05_0_WD_07,demo,demo:DE05,DE05,5,7,city:2950159,city:2925533,230.0
demo:DE05_0_WE_00,demo,demo:DE05,DE05,2,7,city:2950159,city:2925533,230.0
demo:DE05_0_WE_01,demo,demo:DE05,DE05,2,7,city:2950159,city:2925533,230.0
demo:DE05_0_WE_02,demo,demo:DE05,DE05,2,7,city:2950159,city:2925533,230.0
demo:DE05_0_WE_03,demo,demo:DE05,DE05,2,7,city:2950159,city:2925533,230.0
demo:DE05_0_WE_04,demo,demo:DE05,DE05,2,7,city:2950159,city:2925533,230.0
demo:DE05_0_WE_05,demo,demo:DE05,DE05,2,7,city:2950159,city:2925533,230.0
demo:DE05_0_WE_06,demo,demo:DE05,DE05,2,7,city:2950159,city:2925533,230.0
demo:DE05_1_WD_00,demo,demo:DE05,DE05,5,7,city:2925533,city:2950159,230.0
demo:DE05_1_WD_01,demo,demo:DE05,DE05,5,7,city:2925533,city:2950159,230.0
demo:DE05_1_WD_02,demo,demo:DE05,DE05,5,7,city:2925533,city:2950159,230.0
demo:DE05_1_WD_03,demo,demo:DE05,DE05,5,7,city:2925533,city:2950159,230.0
demo:DE05_1_WD_04,demo,demo:DE05,DE05,5,7,city:2925533,city:2950159,230.0
demo:DE05_1_WD_05,demo,demo:DE05,DE05,5,7,city:2925533,city:2950159,230.0
demo:DE05_1_WD_06,demo,demo:DE05,DE05,5,7,city:2925533,city:2950159,230.0
demo:DE05_1_WD_07,demo,demo:DE05,DE05,5,7,city:2925533,city:2950159,230.0
demo:DE05_1_WE_00,demo,demo:DE05,DE05,2,7,city:2925533,city:2950159,230.0
demo:DE05_1_WE_01,demo,demo:DE05,DE05,2,7,city:2925533,city:2950159,230.0
demo:DE05_1_WE_02,demo,demo:DE05,DE05,2,7,city:2925533,city:2950159,230.0
demo:DE05_1_WE_03,demo,demo:DE05,DE05,2,7,city:2925533,city:2950159,230.0
demo:DE05_1_WE_04,demo,demo:DE05,DE05,2,7,city:2925533,city:2950159,230.0
demo:DE05_1_WE_05,demo,demo:DE05,DE05,2,7,city:2925533,city:2950159,230.0
demo:DE05_1_WE_06,demo,demo:DE05,DE05,2,7,city:2925533,city:2950159,230.0
demo:DE06_0_WD_00,demo,demo:DE06,DE06,5,9,city:2935022,city:2809346,275.0
demo:DE06_0_WD_01,demo,demo:DE06,DE06,5,9,city:2935022,city:2809346,275.0
demo:DE06_0_WD_02,demo,demo:DE06,DE06,5,9,city:2935022,city:2809346,275.0
demo:DE06_0_WD_03,demo,demo:DE06,DE06,5,9,city:2935022,city:2809346,275.0
demo:DE06_0_WD_04,demo,demo:DE06,DE06,5,9,city:2935022,city:2809346,275.0
demo:DE06_0_WD_05,demo,demo:DE06,DE06,5,9,city:2935022,city:2809346,275.0
demo:DE06_0_WD_06,demo,demo:DE06,DE06,5,9,city:2935022,city:2809346,275.0
demo:DE06_0_WD_07,demo,demo:DE06,DE06,5,9,city:2935022,city:2809346,275.0
demo:DE06_0_WE_00,demo,demo:DE06,DE06,2,9,city:2935022,city:2809346,275.0
demo:DE06_0_WE_01,demo,demo:DE06,DE06,2,9,city:2935022,city:2809346,275.0
demo:DE06_0_WE_02,demo,demo:DE06,DE06,2,9,city:2935022,city:2809346,275.0
demo:DE06_0_WE_03,demo,demo:DE06,DE06,2,9,city:2935022,city:2809346,275.0
demo:DE06_0_WE_04,demo,demo:DE06,DE06,2,9,city:2935022,city:2809346,275.0
demo:DE06_0_WE_05,demo,demo:DE06,DE06,2,9,city:2935022,city:2809346,275.0
demo:DE06_0_WE_06,demo,demo:DE06,DE06,2,9,city:2935022,city:2809346,275.0
demo:DE06_1_WD_00,demo,demo:DE06,DE06,5,9,city:2809346,city:2935022,275.0
demo:DE06_1_WD_01,demo,demo:DE06,DE06,5,9,city:2809346,city:2935022,275.0
demo:DE06_1_WD_02,demo,demo:DE06,DE06,5,9,city:2809346,city:2935022,275.0
demo:DE06_1_WD_03,demo,demo:DE06,DE06,5,9,city:2809346,city:2935022,275.0
demo:DE06_1_WD_04,demo,demo:DE06,DE06,5,9,city:2809346,city:2935022,275.0
demo:DE06_1_WD_05,demo,demo:DE06,DE06,5,9,city:2809346,city:2935022,275.0
demo:DE06_1_WD_06,demo,demo:DE06,DE06,5,9,city:2809346,city:2935022,275.0
demo:DE06_1_WD_07,demo,demo:DE06,DE06,5,9,city:2809346,city:2935022,275.0
demo:DE06_1_WE_00,demo,demo:DE06,DE06,2,9,city:2809346,city:2935022,275.0
demo:DE06_1_WE_01,demo,demo:DE06,DE06,2,9,city:2809346,city:2935022,275.0
demo:DE06_1_WE_02,demo,demo:DE06,DE06,2,9,city:2809346,city:2935022,275.0
demo:DE06_1_WE_03,demo,demo:DE06,DE06,2,9,city:2809346,city:2935022,275.0
demo:DE06_1_WE_04,demo,demo:DE06,DE06,2,9,city:2809346,city:2935022,275.0
demo:DE06_1_WE_05,demo,demo:DE06,DE06,2,9,city:2809346,city:2935022,275.0
demo:DE06_1_WE_06,demo,demo:DE06,DE06,2,9,city:2809346,city:2935022,275.0
demo:DE07_0_WD_00,demo,demo:DE07,DE07,5,12,city:2950159,city:2661604,398.0
demo:DE07_0_WD_01,demo,demo:DE07,DE07,5,12,city:2950159,city:2661604,398.0
demo:DE07_0_WD_02,demo,demo:DE07,DE07,5,12,city:2950159,city:2661604,398.0
demo:DE07_0_WD_03,demo,demo:DE07,DE07,5,12,city:2950159,city:2661604,398.0
demo:DE07_0_WD_04,demo,demo:DE07,DE07,5,12,city:2950159,city:2661604,398.0
demo:DE07_0_WD_05,demo,demo:DE07,DE07,5,12,city:2950159,city:2661604,398.0
demo:DE07_0_WD_06,demo,demo:DE07,DE07,5,12,city:2950159,city:2661604,398.0
demo:DE07_0_WD_07,demo,demo:DE07,DE07,5,12,city:2950159,city:2661604,398.0
demo:DE07_0_WE_00,demo,demo:DE07,DE07,2,12,city:2950159,city:2661604,398.0
demo:DE07_0_WE_01,demo,demo:DE07,DE07,2,12,city:2950159,city:2661604,398.0
demo:DE07_0_WE_02,demo,demo:DE07,DE07,2,12,city:2950159,city:2661604,398.0
demo:DE07_0_WE_03,demo,demo:DE07,DE07,2,12,city:2950159,city:2661604,398.0
demo:DE07_0_WE_04,demo,demo:DE07,DE07,2,12,city:2950159,city:2661604,398.0
demo:DE07_0_WE_05,demo,demo:DE07,DE07,2,12,city:2950159,city:2661604,398.0
demo:DE07_0_WE_06,demo,demo:DE07,DE07,2,12,city:2950159,city:2661604,398.0
demo:DE07_1_WD_00,demo,demo:DE07,DE07,5,12,city:2661604,city:2950159,398.0
demo:DE07_1_WD_01,demo,demo:DE07,DE07,5,12,city:2661604,city:2950159,398.0
demo:DE07_1_WD_02,demo,demo:DE07,DE07,5,12,city:2661604,city:2950159,398.0
demo:DE07_1_WD_03,demo,demo:DE07,DE07,5,12,city:2661604,city:2950159,398.0
demo:DE07_1_WD_04,demo,demo:DE07,DE07,5,12,city:2661604,city:2950159,398.0
demo:DE07_1_WD_05,demo,demo:DE07,DE07,5,12,city:2661604,city:2950159,398.0
demo:DE07_1_WD_06,demo,demo:DE07,DE07,5,12,city:2661604,city:2950159,398.0
demo:DE07_1_WD_07,demo,demo:DE07,DE07,5,12,city:2661604,city:2950159,398.0
demo:DE07_1_WE_00,demo,demo:DE07,DE07,2,12,city:2661604,city:2950159,398.0
demo:DE07_1_WE_01,demo,demo:DE07,DE07,2,12,city:2661604,city:2950159,398.0
demo:DE07_1_WE_02,demo,demo:DE07,DE07,2,12,city:2661604,city:2950159,398.0
demo:DE07_1_WE_03,demo,demo:DE07,DE07,2,12,city:2661604,city:2950159,398.0
demo:DE07_1_WE_04,demo,demo:DE07,DE07,2,12,city:2661604,city:2950159,398.0
demo:DE07_1_WE_05,demo,demo:DE07,DE07,2,12,city:2661604,city:2950159,398.0
demo:DE07_1_WE_06,demo,demo:DE07,DE07,2,12,city:2661604,city:2950159,398.0
demo:DE08_0_WD_00,demo,demo:DE08,DE08,5,8,city:2950159,city:2886242,236.0
demo:DE08_0_WD_01,demo,demo:DE08,DE08,5,8,city:2950159,city:2886242,236.0
demo:DE08_0_WD_02,demo,demo:DE08,DE08,5,8,city:2950159,city:2886242,236.0
demo:DE08_0_WD_03,demo,demo:DE08,DE08,5,8,city:2950159,city:2886242,236.0
demo:DE08_0_WD_04,demo,demo:DE08,DE08,5,8,city:2950159,city:2886242,236.0
demo:DE08_0_WD_05,demo,demo:DE08,DE08,5,8,city:2950159,city:2886242,236.0
demo:DE08_0_WD_06,demo,demo:DE08,DE08,5,8,city:2950159,city:2886242,236.0
demo:DE08_0_WD_07,demo,demo:DE08,DE08,5,8,city:2950159,city:2886242,236.0
demo:DE08_0_WE_00,demo,demo:DE08,DE08,2,8,city:2950159,city:2886242,236.0
demo:DE08_0_WE_01,demo,demo:DE08,DE08,2,8,city:2950159,city:2886242,236.0
demo:DE08_0_WE_02,demo,demo:DE08,DE08,2,8,city:2950159,city:2886242,236.0
demo:DE08_0_WE_03,demo,demo:DE08,DE08,2,8,city:2950159,city:2886242,236.0
demo:DE08_0_WE_04,demo,demo:DE08,DE08,2,8,city:2950159,city:2886242,236.0
demo:DE08_0_WE_05,demo,demo:DE08,DE08,2,8,city:2950159,city:2886242,236.0
demo:DE08_0_WE_06,demo,demo:DE08,DE08,2,8,city:2950159,city:2886242,236.0
demo:DE08_1_WD_00,demo,demo:DE08,DE08,5,8,city:2886242,city:2950159,236.0
demo:DE08_1_WD_01,demo,demo:DE08,DE08,5,8,city:2886242,city:2950159,236.0
demo:DE08_1_WD_02,demo,demo:DE08,DE08,5,8,city:2886242,city:2950159,236.0
demo:DE08_1_WD_03,demo,demo:DE08,DE08,5,8,city:2886242,city:2950159,236.0
demo:DE08_1_WD_04,demo,demo:DE08,DE08,5,8,city:2886242,city:2950159,236.0
demo:DE08_1_WD_05,demo,demo:DE08,DE08,5,8,city:2886242,city:2950159,236.0
demo:DE08_1_WD_06,demo,demo:DE08,DE08,5,8,city:2886242,city:2950159,236.0
demo:DE08_1_WD_07,demo,demo:DE08,DE08,5,8,city:2886242,city:2950159,236.0
demo:DE08_1_WE_00,demo,demo:DE08,DE08,2,8,city:2886242,city:2950159,236.0
demo:DE08_1_WE_01,demo,demo:DE08,DE08,2,8,city:2886242,city:2950159,236.0
demo:DE08_1_WE_02,demo,demo:DE08,DE08,2,8,city:2886242,city:2950159,236.0
demo:DE08_1_WE_03,demo,demo:DE08,DE08,2,8,city:2886242,city:2950159,236.0
demo:DE08_1_WE_04,demo,demo:DE08,DE08,2,8,city:2886242,city:2950159,236.0
demo:DE08_1_WE_05,demo,demo:DE08,DE08,2,8,city:2886242,city:2950159,236.0
demo:DE08_1_WE_06,demo,demo:DE08,DE08,2,8,city:2886242,city:2950159,236.0
demo:DE09_0_WD_00,demo,demo:DE09,DE09,5,10,city:2950159,city:2886242,257.0
demo:DE09_0_WD_01,demo,demo:DE09,DE09,5,10,city:2950159,city:2886242,257.0
demo:DE09_0_WD_02,demo,demo:DE09,DE09,5,10,city:2950159,city:2886242,257.0
demo:DE09_0_WD_03,demo,demo:DE09,DE09,5,10,city:2950159,city:2886242,257.0
demo:DE09_0_WD_04,demo,demo:DE09,DE09,5,10,city:2950159,city:2886242,257.0
demo:DE09_0_WD_05,demo,demo:DE09,DE09,5,10,city:2950159,city:2886242,257.0
demo:DE09_0_WD_06,demo,demo:DE09,DE09,5,10,city:2950159,city:2886242,257.0
demo:DE09_0_WD_07,demo,demo:DE09,DE09,5,10,city:2950159,city:2886242,257.0
demo:DE09_0_WE_00,demo,demo:DE09,DE09,2,10,city:2950159,city:2886242,257.0
demo:DE09_0_WE_01,demo,demo:DE09,DE09,2,10,city:2950159,city:2886242,257.0
demo:DE09_0_WE_02,demo,demo:DE09,DE09,2,10,city:2950159,city:2886242,257.0
demo:DE09_0_WE_03,demo,demo:DE09,DE09,2,10,city:2950159,city:2886242,257.0
demo:DE09_0_WE_04,demo,demo:DE09,DE09,2,10,city:2950159,city:2886242,257.0
demo:DE09_0_WE_05,demo,demo:DE09,DE09,2,10,city:2950159,city:2886242,257.0
demo:DE09_0_WE_06,demo,demo:DE09,DE09,2,10,city:2950159,city:2886242,257.0
demo:DE09_1_WD_00,demo,demo:DE09,DE09,5,10,city:2886242,city:2950159,257.0
demo:DE09_1_WD_01,demo,demo:DE09,DE09,5,10,city:2886242,city:2950159,257.0
demo:DE09_1_WD_02,demo,demo:DE09,DE09,5,10,city:2886242,city:2950159,257.0
demo:DE09_1_WD_03,demo,demo:DE09,DE09,5,10,city:2886242,city:2950159,257.0
demo:DE09_1_WD_04,demo,demo:DE09,DE09,5,10,city:2886242,city:2950159,257.0
demo:DE09_1_WD_05,demo,demo:DE09,DE09,5,10,city:2886242,city:2950159,257.0
demo:DE09_1_WD_06,demo,demo:DE09,DE09,5,10,city:2886242,city:2950159,257.0
demo:DE09_1_WD_07,demo,demo:DE09,DE09,5,10,city:2886242,city:2950159,257.0
demo:DE09_1_WE_00,demo,demo:DE09,DE09,2,10,city:2886242,city:2950159,257.0
demo:DE09_1_WE_01,demo,demo:DE09,DE09,2,10,city:2886242,city:2950159,257.0
demo:DE09_1_WE_02,demo,demo:DE09,DE09,2,10,city:2886242,city:2950159,257.0
demo:DE09_1_WE_03,demo,demo:DE09,DE09,2,10,city:2886242,city:2950159,257.0
demo:DE09_1_WE_04,demo,demo:DE09,DE09,2,10,city:2886242,city:2950159,257.0
demo:DE09_1_WE_05,demo,demo:DE09,DE09,2,10,city:2886242,city:2950159,257.0
demo:DE09_1_WE_06,demo,demo:DE09,DE09,2,10,city:2886242,city:2950159,257.0
demo:DE10_0_WD_00,demo,demo:DE10,DE10,5,12,city:2950159,city:2759794,336.0
demo:DE10_0_WD_01,demo,demo:DE10,DE10,5,12,city:2950159,city:2759794,336.0
demo:DE10_0_WD_02,demo,demo:DE10,DE10,5,12,city:2950159,city:2759794,336.0
demo:DE10_0_WD_03,demo,demo:DE10,DE10,5,12,city:2950159,city:2759794,336.0
demo:DE10_0_WD_04,demo,demo:DE10,DE10,5,12,city:2950159,city:2759794,336.0
demo:DE10_0_WD_05,demo,demo:DE10,DE10,5,12,city:2950159,city:2759794,336.0
demo:DE10_0_WD_06,demo,demo:DE10,DE10,5,12,city:2950159,city:2759794,336.0
demo:DE10_0_WE_00,demo,demo:DE10,DE10,2,12,city:2950159,city:2759794,336.0
demo:DE10_0_WE_01,demo,demo:DE10,DE10,2,12,city:2950159,city:2759794,336.0
demo:DE10_0_WE_02,demo,demo:DE10,DE10,2,12,city:2950159,city:2759794,336.0
demo:DE10_0_WE_03,demo,demo:DE10,DE10,2,12,city:2950159,city:2759794,336.0
demo:DE10_0_WE_04,demo,demo:DE10,DE10,2,12,city:2950159,city:2759794,336.0
demo:DE10_0_WE_05,demo,demo:DE10,DE10,2,12,city:2950159,city:2759794,336.0
demo:DE10_1_WD_00,demo,demo:DE10,DE10,5,12,city:2759794,city:2950159,336.0
demo:DE10_1_WD_01,demo,demo:DE10,DE10,5,12,city:2759794,city:2950159,336.0
demo:DE10_1_WD_02,demo,demo:DE10,DE10,5,12,city:2759794,city:2950159,336.0
demo:DE10_1_WD_03,demo,demo:DE10,DE10,5,12,city:2759794,city:2950159,336.0
demo:DE10_1_WD_04,demo,demo:DE10,DE10,5,12,city:2759794,city:2950159,336.0
demo:DE10_1_WD_05,demo,demo:DE10,DE10,5,12,city:2759794,city:2950159,336.0
demo:DE10_1_WD_06,demo,demo:DE10,DE10,5,12,city:2759794,city:2950159,336.0
demo:DE10_1_WE_00,demo,demo:DE10,DE10,2,12,city:2759794,city:2950159,336.0
demo:DE10_1_WE_01,demo,demo:DE10,DE10,2,12,city:2759794,city:2950159,336.0
demo:DE10_1_WE_02,demo,demo:DE10,DE10,2,12,city:2759794,city:2950159,336.0
demo:DE10_1_WE_03,demo,demo:DE10,DE10,2,12,city:2759794,city:2950159,336.0
demo:DE10_1_WE_04,demo,demo:DE10,DE10,2,12,city:2759794,city:2950159,336.0
demo:DE10_1_WE_05,demo,demo:DE10,DE10,2,12,city:2759794,city:2950159,336.0
demo:DE11_0_WD_00,demo,demo:DE11,DE11,5,10,city:2911298,city:2886242,233.0
demo:DE11_0_WD_01,demo,demo:DE11,DE11,5,10,city:2911298,city:2886242,233.0
demo:DE11_0_WD_02,demo,demo:DE11,DE11,5,10,city:2911298,city:2886242,233.0
demo:DE11_0_WD_03,demo,demo:DE11,DE11,5,10,city:2911298,city:2886242,233.0
demo:DE11_0_WD_04,demo,demo:DE11,DE11,5,10,city:2911298,city:2886242,233.0
demo:DE11_0_WD_05,demo,demo:DE11,DE11,5,10,city:2911298,city:2886242,233.0
demo:DE11_0_WD_06,demo,demo:DE11,DE11,5,10,city:2911298,city:2886242,233.0
demo:DE11_0_WD_07,demo,demo:DE11,DE11,5,10,city:2911298,city:2886242,233.0
demo:DE11_0_WD_08,demo,demo:DE11,DE11,5,10,city:2911298,city:2886242,233.0
demo:DE11_0_WD_09,demo,demo:DE11,DE11,5,10,city:2911298,city:2886242,233.0
demo:DE11_0_WD_10,demo,demo:DE11,DE11,5,10,city:2911298,city:2886242,233.0
demo:DE11_0_WD_11,demo,demo:DE11,DE11,5,10,city:2911298,city:2886242,233.0
demo:DE11_0_WD_12,demo,demo:DE11,DE11,5,10,city:2911298,city:2886242,233.0
demo:DE11_0_WD_13,demo,demo:DE11,DE11,5,10,city:2911298,city:2886242,233.0
demo:DE11_0_WD_14,demo,demo:DE11,DE11,5,10,city:2911298,city:2886242,233.0
demo:DE11_0_WD_15,demo,demo:DE11,DE11,5,10,city:2911298,city:2886242,233.0
demo:DE11_0_WE_00,demo,demo:DE11,DE11,2,10,city:2911298,city:2886242,233.0
demo:DE11_0_WE_01,demo,demo:DE11,DE11,2,10,city:2911298,city:2886242,233.0
demo:DE11_0_WE_02,demo,demo:DE11,DE11,2,10,city:2911298,city:2886242,233.0
demo:DE11_0_WE_03,demo,demo:DE11,DE11,2,10,city:2911298,city:2886242,232.0
demo:DE11_0_WE_04,demo,demo:DE11,DE11,2,10,city:2911298,city:2886242,233.0
demo:DE11_0_WE_05,demo,demo:DE11,DE11,2,10,city:2911298,city:2886242,233.0
demo:DE11_0_WE_06,demo,demo:DE11,DE11,2,10,city:2911298,city:2886242,233.0
demo:DE11_0_WE_07,demo,demo:DE11,DE11,2,10,city:2911298,city:2886242,233.0
demo:DE11_0_WE_08,demo,demo:DE11,DE11,2,10,city:2911298,city:2886242,233.0
demo:DE11_0_WE_09,demo,demo:DE11,DE11,2,10,city:2911298,city:2886242,233.0
demo:DE11_0_WE_10,demo,demo:DE11,DE11,2,10,city:2911298,city:2886242,234.0
demo:DE11_0_WE_11,demo,demo:DE11,DE11,2,10,city:2911298,city:2886242,233.0
demo:DE11_0_WE_12,demo,demo:DE11,DE11,2,10,city:2911298,city:2886242,233.0
demo:DE11_0_WE_13,demo,demo:DE11,DE11,2,10,city:2911298,city:2886242,233.0
demo:DE11_1_WD_00,demo,demo:DE11,DE11,5,10,city:2886242,city:2911298,233.0
demo:DE11_1_WD_01,demo,demo:DE11,DE11,5,10,city:2886242,city:2911298,233.0
demo:DE11_1_WD_02,demo,demo:DE11,DE11,5,10,city:2886242,city:2911298,233.0
demo:DE11_1_WD_03,demo,demo:DE11,DE11,5,10,city:2886242,city:2911298,233.0
demo:DE11_1_WD_04,demo,demo:DE11,DE11,5,10,city:2886242,city:2911298,233.0
demo:DE11_1_WD_05,demo,demo:DE11,DE11,5,10,city:2886242,city:2911298,233.0
demo:DE11_1_WD_06,demo,demo:DE11,DE11,5,10,city:2886242,city:2911298,233.0
demo:DE11_1_WD_07,demo,demo:DE11,DE11,5,10,city:2886242,city:2911298,233.0
demo:DE11_1_WD_08,demo,demo:DE11,DE11,5,10,city:2886242,city:2911298,233.0
demo:DE11_1_WD_09,demo,demo:DE11,DE11,5,10,city:2886242,city:2911298,233.0
demo:DE11_1_WD_10,demo,demo:DE11,DE11,5,10,city:2886242,city:2911298,233.0
demo:DE11_1_WD_11,demo,demo:DE11,DE11,5,10,city:2886242,city:2911298,233.0
demo:DE11_1_WD_12,demo,demo:DE11,DE11,5,10,city:2886242,city:2911298,233.0
demo:DE11_1_WD_13,demo,demo:DE11,DE11,5,10,city:2886242,city:2911298,233.0
demo:DE11_1_WD_14,demo,demo:DE11,DE11,5,10,city:2886242,city:2911298,233.0
demo:DE11_1_WD_15,demo,demo:DE11,DE11,5,10,city:2886242,city:2911298,233.0
demo:DE11_1_WE_00,demo,demo:DE11,DE11,2,10,city:2886242,city:2911298,233.0
demo:DE11_1_WE_01,demo,demo:DE11,DE11,2,10,city:2886242,city:2911298,233.0
demo:DE11_1_WE_02,demo,demo:DE11,DE11,2,10,city:2886242,city:2911298,233.0
demo:DE11_1_WE_03,demo,demo:DE11,DE11,2,10,city:2886242,city:2911298,232.0
demo:DE11_1_WE_04,demo,demo:DE11,DE11,2,10,city:2886242,city:2911298,233.0
demo:DE11_1_WE_05,demo,demo:DE11,DE11,2,10,city:2886242,city:2911298,233.0
demo:DE11_1_WE_06,demo,demo:DE11,DE11,2,10,city:2886242,city:2911298,233.0
demo:DE11_1_WE_07,demo,demo:DE11,DE11,2,10,city:2886242,city:2911298,233.0
demo:DE11_1_WE_08,demo,demo:DE11,DE11,2,10,city:2886242,city:2911298,233.0
demo:DE11_1_WE_09,demo,demo:DE11,DE11,2,10,city:2886242,city:2911298,233.0
demo:DE11_1_WE_10,demo,demo:DE11,DE11,2,10,city:2886242,city:2911298,234.0
demo:DE11_1_WE_11,demo,demo:DE11,DE11,2,10,city:2886242,city:2911298,233.0
demo:DE11_1_WE_12,demo,demo:DE11,DE11,2,10,city:2886242,city:2911298,233.0
demo:DE11_1_WE_13,demo,demo:DE11,DE11,2,10,city:2886242,city:2911298,233.0
demo:DE12_0_WD_00,demo,demo:DE12,DE12,5,10,city:2911298,city:2661604,390.0
demo:DE12_0_WD_01,demo,demo:DE12,DE12,5,10,city:2911298,city:2661604,390.0
demo:DE12_0_WD_02,demo,demo:DE12,DE12,5,10,city:2911298,city:2661604,390.0
demo:DE12_0_WD_03,demo,demo:DE12,DE12,5,10,city:2911298,city:2661604,390.0
demo:DE12_0_WD_04,demo,demo:DE12,DE12,5,10,city:2911298,city:2661604,390.0
demo:DE12_0_WD_05,demo,demo:DE12,DE12,5,10,city:2911298,city:2661604,390.0
demo:DE12_0_WD_06,demo,demo:DE12,DE12,5,10,city:2911298,city:2661604,390.0
demo:DE12_0_WD_07,demo,demo:DE12,DE12,5,10,city:2911298,city:2661604,390.0
demo:DE12_0_WE_00,demo,demo:DE12,DE12,2,10,city:2911298,city:2661604,390.0
demo:DE12_0_WE_01,demo,demo:DE12,DE12,2,10,city:2911298,city:2661604,390.0
demo:DE12_0_WE_02,demo,demo:DE12,DE12,2,10,city:2911298,city:2661604,390.0
demo:DE12_0_WE_03,demo,demo:DE12,DE12,2,10,city:2911298,city:2661604,390.0
demo:DE12_0_WE_04,demo,demo:DE12,DE12,2,10,city:2911298,city:2661604,390.0
demo:DE12_0_WE_05,demo,demo:DE12,DE12,2,10,city:2911298,city:2661604,390.0
demo:DE12_0_WE_06,demo,demo:DE12,DE12,2,10,city:2911298,city:2661604,390.0
demo:DE12_1_WD_00,demo,demo:DE12,DE12,5,10,city:2661604,city:2911298,390.0
demo:DE12_1_WD_01,demo,demo:DE12,DE12,5,10,city:2661604,city:2911298,390.0
demo:DE12_1_WD_02,demo,demo:DE12,DE12,5,10,city:2661604,city:2911298,390.0
demo:DE12_1_WD_03,demo,demo:DE12,DE12,5,10,city:2661604,city:2911298,390.0
demo:DE12_1_WD_04,demo,demo:DE12,DE12,5,10,city:2661604,city:2911298,390.0
demo:DE12_1_WD_05,demo,demo:DE12,DE12,5,10,city:2661604,city:2911298,390.0
demo:DE12_1_WD_06,demo,demo:DE12,DE12,5,10,city:2661604,city:2911298,390.0
demo:DE12_1_WD_07,demo,demo:DE12,DE12,5,10,city:2661604,city:2911298,390.0
demo:DE12_1_WE_00,demo,demo:DE12,DE12,2,10,city:2661604,city:2911298,390.0
demo:DE12_1_WE_01,demo,demo:DE12,DE12,2,10,city:2661604,city:2911298,390.0
demo:DE12_1_WE_02,demo,demo:DE12,DE12,2,10,city:2661604,city:2911298,390.0
demo:DE12_1_WE_03,demo,demo:DE12,DE12,2,10,city:2661604,city:2911298,390.0
demo:DE12_1_WE_04,demo,demo:DE12,DE12,2,10,city:2661604,city:2911298,390.0
demo:DE12_1_WE_05,demo,demo:DE12,DE12,2,10,city:2661604,city:2911298,390.0
demo:DE12_1_WE_06,demo,demo:DE12,DE12,2,10,city:2661604,city:2911298,390.0
demo:DE13_0_WD_00,demo,demo:DE13,DE13,5,8,city:2911298,city:2825297,298.0
demo:DE13_0_WD_01,demo,demo:DE13,DE13,5,8,city:2911298,city:2825297,298.0
demo:DE13_0_WD_02,demo,demo:DE13,DE13,5,8,city:2911298,city:2825297,298.0
demo:DE13_0_WD_03,demo,demo:DE13,DE13,5,8,city:2911298,city:2825297,298.0
demo:DE13_0_WD_04,demo,demo:DE13,DE13,5,8,city:2911298,city:2825297,298.0
demo:DE13_0_WD_05,demo,demo:DE13,DE13,5,8,city:2911298,city:2825297,298.0
demo:DE13_0_WD_06,demo,demo:DE13,DE13,5,8,city:2911298,city:2825297,298.0
demo:DE13_0_WD_07,demo,demo:DE13,DE13,5,8,city:2911298,city:2825297,298.0
demo:DE13_0_WE_00,demo,demo:DE13,DE13,2,8,city:2911298,city:2825297,298.0
demo:DE13_0_WE_01,demo,demo:DE13,DE13,2,8,city:2911298,city:2825297,298.0
demo:DE13_0_WE_02,demo,demo:DE13,DE13,2,8,city:2911298,city:2825297,298.0
demo:DE13_0_WE_03,demo,demo:DE13,DE13,2,8,city:2911298,city:2825297,298.0
demo:DE13_0_WE_04,demo,demo:DE13,DE13,2,8,city:2911298,city:2825297,298.0
demo:DE13_0_WE_05,demo,demo:DE13,DE13,2,8,city:2911298,city:2825297,298.0
demo:DE13_0_WE_06,demo,demo:DE13,DE13,2,8,city:2911298,city:2825297,298.0
demo:DE13_1_WD_00,demo,demo:DE13,DE13,5,8,city:2825297,city:2911298,298.0
demo:DE13_1_WD_01,demo,demo:DE13,DE13,5,8,city:2825297,city:2911298,298.0
demo:DE13_1_WD_02,demo,demo:DE13,DE13,5,8,city:2825297,city:2911298,298.0
demo:DE13_1_WD_03,demo,demo:DE13,DE13,5,8,city:2825297,city:2911298,298.0
demo:DE13_1_WD_04,demo,demo:DE13,DE13,5,8,city:2825297,city:2911298,298.0
demo:DE13_1_WD_05,demo,demo:DE13,DE13,5,8,city:2825297,city:2911298,298.0
demo:DE13_1_WD_06,demo,demo:DE13,DE13,5,8,city:2825297,city:2911298,298.0
demo:DE13_1_WD_07,demo,demo:DE13,DE13,5,8,city:2825297,city:2911298,298.0
demo:DE13_1_WE_00,demo,demo:DE13,DE13,2,8,city:2825297,city:2911298,298.0
demo:DE13_1_WE_01,demo,demo:DE13,DE13,2,8,city:2825297,city:2911298,298.0
demo:DE13_1_WE_02,demo,demo:DE13,DE13,2,8,city:2825297,city:2911298,298.0
demo:DE13_1_WE_03,demo,demo:DE13,DE13,2,8,city:2825297,city:2911298,298.0
demo:DE13_1_WE_04,demo,demo:DE13,DE13,2,8,city:2825297,city:2911298,298.0
demo:DE13_1_WE_05,demo,demo:DE13,DE13,2,8,city:2825297,city:2911298,298.0
demo:DE13_1_WE_06,demo,demo:DE13,DE13,2,8,city:2825297,city:2911298,298.0
demo:DE14_0_WD_00,demo,demo:DE14,DE14,5,9,city:2911298,city:2867714,333.0
demo:DE14_0_WD_01,demo,demo:DE14,DE14,5,9,city:2911298,city:2867714,333.0
demo:DE14_0_WD_02,demo,demo:DE14,DE14,5,9,city:2911298,city:2867714,333.0
demo:DE14_0_WD_03,demo,demo:DE14,DE14,5,9,city:2911298,city:2867714,333.0
demo:DE14_0_WD_04,demo,demo:DE14,DE14,5,9,city:2911298,city:2867714,333.0
demo:DE14_0_WD_05,demo,demo:DE14,DE14,5,9,city:2911298,city:2867714,333.0
demo:DE14_0_WD_06,demo,demo:DE14,DE14,5,9,city:2911298,city:2867714,333.0
demo:DE14_0_WD_07,demo,demo:DE14,DE14,5,9,city:2911298,city:2867714,333.0
demo:DE14_0_WE_00,demo,demo:DE14,DE14,2,9,city:2911298,city:2867714,333.0
demo:DE14_0_WE_01,demo,demo:DE14,DE14,2,9,city:2911298,city:2867714,333.0
demo:DE14_0_WE_02,demo,demo:DE14,DE14,2,9,city:2911298,city:2867714,333.0
demo:DE14_0_WE_03,demo,demo:DE14,DE14,2,9,city:2911298,city:2867714,333.0
demo:DE14_0_WE_04,demo,demo:DE14,DE14,2,9,city:2911298,city:2867714,333.0
demo:DE14_0_WE_05,demo,demo:DE14,DE14,2,9,city:2911298,city:2867714,333.0
demo:DE14_0_WE_06,demo,demo:DE14,DE14,2,9,city:2911298,city:2867714,333.0
demo:DE14_1_WD_00,demo,demo:DE14,DE14,5,9,city:2867714,city:2911298,333.0
demo:DE14_1_WD_01,demo,demo:DE14,DE14,5,9,city:2867714,city:2911298,333.0
demo:DE14_1_WD_02,demo,demo:DE14,DE14,5,9,city:2867714,city:2911298,333.0
demo:DE14_1_WD_03,demo,demo:DE14,DE14,5,9,city:2867714,city:2911298,333.0
demo:DE14_1_WD_04,demo,demo:DE14,DE14,5,9,city:2867714,city:2911298,333.0
demo:DE14_1_WD_05,demo,demo:DE14,DE14,5,9,city:2867714,city:2911298,333.0
demo:DE14_1_WD_06,demo,demo:DE14,DE14,5,9,city:2867714,city:2911298,333.0
demo:DE14_1_WD_07,demo,demo:DE14,DE14,5,9,city:2867714,city:2911298,333.0
demo:DE14_1_WE_00,demo,demo:DE14,DE14,2,9,city:2867714,city:2911298,333.0
demo:DE14_1_WE_01,demo,demo:DE14,DE14,2,9,city:2867714,city:2911298,333.0
demo:DE14_1_WE_02,demo,demo:DE14,DE14,2,9,city:2867714,city:2911298,333.0
demo:DE14_1_WE_03,demo,demo:DE14,DE14,2,9,city:2867714,city:2911298,333.0
demo:DE14_1_WE_04,demo,demo:DE14,DE14,2,9,city:2867714,city:2911298,333.0
demo:DE14_1_WE_05,demo,demo:DE14,DE14,2,9,city:2867714,city:2911298,333.0
demo:DE14_1_WE_06,demo,demo:DE14,DE14,2,9,city:2867714,city:2911298,333.0
demo:DE15_0_WD_00,demo,demo:DE15,DE15,5,11,city:2935517,city:2867714,322.0
demo:DE15_0_WD_01,demo,demo:DE15,DE15,5,11,city:2935517,city:2867714,322.0
demo:DE15_0_WD_02,demo,demo:DE15,DE15,5,11,city:2935517,city:2867714,322.0
demo:DE15_0_WD_03,demo,demo:DE15,DE15,5,11,city:2935517,city:2867714,322.0
demo:DE15_0_WD_04,demo,demo:DE15,DE15,5,11,city:2935517,city:2867714,322.0
demo:DE15_0_WD_05,demo,demo:DE15,DE15,5,11,city:2935517,city:2867714,322.0
demo:DE15_0_WD_06,demo,demo:DE15,DE15,5,11,city:2935517,city:2867714,322.0
demo:DE15_0_WD_07,demo,demo:DE15,DE15,5,11,city:2935517,city:2867714,322.0
demo:DE15_0_WE_00,demo,demo:DE15,DE15,2,11,city:2935517,city:2867714,322.0
demo:DE15_0_WE_01,demo,demo:DE15,DE15,2,11,city:2935517,city:2867714,322.0
demo:DE15_0_WE_02,demo,demo:DE15,DE15,2,11,city:2935517,city:2867714,322.0
demo:DE15_0_WE_03,demo,demo:DE15,DE15,2,11,city:2935517,city:2867714,322.0
demo:DE15_0_WE_04,demo,demo:DE15,DE15,2,11,city:2935517,city:2867714,322.0
demo:DE15_0_WE_05,demo,demo:DE15,DE15,2,11,city:2935517,city:2867714,322.0
demo:DE15_0_WE_06,demo,demo:DE15,DE15,2,11,city:2935517,city:2867714,322.0
demo:DE15_1_WD_00,demo,demo:DE15,DE15,5,11,city:2867714,city:2935517,322.0
demo:DE15_1_WD_01,demo,demo:DE15,DE15,5,11,city:2867714,city:2935517,322.0
demo:DE15_1_WD_02,demo,demo:DE15,DE15,5,11,city:2867714,city:2935517,322.0
demo:DE15_1_WD_03,demo,demo:DE15,DE15,5,11,city:2867714,city:2935517,322.0
demo:DE15_1_WD_04,demo,demo:DE15,DE15,5,11,city:2867714,city:2935517,322.0
demo:DE15_1_WD_05,demo,demo:DE15,DE15,5,11,city:2867714,city:2935517,322.0
demo:DE15_1_WD_06,demo,demo:DE15,DE15,5,11,city:2867714,city:2935517,322.0
demo:DE15_1_WD_07,demo,demo:DE15,DE15,5,11,city:2867714,city:2935517,322.0
demo:DE15_1_WE_00,demo,demo:DE15,DE15,2,11,city:2867714,city:2935517,322.0
demo:DE15_1_WE_01,demo,demo:DE15,DE15,2,11,city:2867714,city:2935517,322.0
demo:DE15_1_WE_02,demo,demo:DE15,DE15,2,11,city:2867714,city:2935517,322.0
demo:DE15_1_WE_03,demo,demo:DE15,DE15,2,11,city:2867714,city:2935517,322.0
demo:DE15_1_WE_04,demo,demo:DE15,DE15,2,11,city:2867714,city:2935517,322.0
demo:DE15_1_WE_05,demo,demo:DE15,DE15,2,11,city:2867714,city:2935517,322.0
demo:DE15_1_WE_06,demo,demo:DE15,DE15,2,11,city:2867714,city:2935517,322.0
demo:DE16_0_WD_00,demo,demo:DE16,DE16,5,9,city:2928810,city:2867714,305.0
demo:DE16_0_WD_01,demo,demo:DE16,DE16,5,9,city:2928810,city:2867714,305.0
demo:DE16_0_WD_02,demo,demo:DE16,DE16,5,9,city:2928810,city:2867714,305.0
demo:DE16_0_WD_03,demo,demo:DE16,DE16,5,9,city:2928810,city:2867714,305.0
demo:DE16_0_WD_04,demo,demo:DE16,DE16,5,9,city:2928810,city:2867714,305.0
demo:DE16_0_WD_05,demo,demo:DE16,DE16,5,9,city:2928810,city:2867714,305.0
demo:DE16_0_WD_06,demo,demo:DE16,DE16,5,9,city:2928810,city:2867714,305.0
demo:DE16_0_WD_07,demo,demo:DE16,DE16,5,9,city:2928810,city:2867714,305.0
demo:DE16_0_WE_00,demo,demo:DE16,DE16,2,9,city:2928810,city:2867714,305.0
demo:DE16_0_WE_01,demo,demo:DE16,DE16,2,9,city:2928810,city:2867714,305.0
demo:DE16_0_WE_02,demo,demo:DE16,DE16,2,9,city:2928810,city:2867714,305.0
demo:DE16_0_WE_03,demo,demo:DE16,DE16,2,9,city:2928810,city:2867714,305.0
demo:DE16_0_WE_04,demo,demo:DE16,DE16,2,9,city:2928810,city:2867714,305.0
demo:DE16_0_WE_05,demo,demo:DE16,DE16,2,9,city:2928810,city:2867714,305.0
demo:DE16_0_WE_06,demo,demo:DE16,DE16,2,9,city:2928810,city:2867714,305.0
demo:DE16_1_WD_00,demo,demo:DE16,DE16,5,9,city:2867714,city:2928810,305.0
demo:DE16_1_WD_01,demo,demo:DE16,DE16,5,9,city:2867714,city:2928810,305.0
demo:DE16_1_WD_02,demo,demo:DE16,DE16,5,9,city:2867714,city:2928810,305.0
demo:DE16_1_WD_03,demo,demo:DE16,DE16,5,9,city:2867714,city:2928810,305.0
demo:DE16_1_WD_04,demo,demo:DE16,DE16,5,9,city:2867714,city:2928810,305.0
demo:DE16_1_WD_05,demo,demo:DE16,DE16,5,9,city:2867714,city:2928810,305.0
demo:DE16_1_WD_06,demo,demo:DE16,DE16,5,9,city:2867714,city:2928810,305.0
demo:DE16_1_WD_07,demo,demo:DE16,DE16,5,9,city:2867714,city:2928810,305.0
demo:DE16_1_WE_00,demo,demo:DE16,DE16,2,9,city:2867714,city:2928810,305.0
demo:DE16_1_WE_01,demo,demo:DE16,DE16,2,9,city:2867714,city:2928810,305.0
demo:DE16_1_WE_02,demo,demo:DE16,DE16,2,9,city:2867714,city:2928810,305.0
demo:DE16_1_WE_03,demo,demo:DE16,DE16,2,9,city:2867714,city:2928810,305.0
demo:DE16_1_WE_04,demo,demo:DE16,DE16,2,9,city:2867714,city:2928810,305.0
demo:DE16_1_WE_05,demo,demo:DE16,DE16,2,9,city:2867714,city:2928810,305.0
demo:DE16_1_WE_06,demo,demo:DE16,DE16,2,9,city:2867714,city:2928810,305.0
demo:DE17_0_WD_00,demo,demo:DE17,DE17,5,5,city:2886242,city:2925533,68.0
demo:DE17_0_WD_01,demo,demo:DE17,DE17,5,5,city:2886242,city:2925533,68.0
demo:DE17_0_WD_02,demo,demo:DE17,DE17,5,5,city:2886242,city:2925533,68.0
demo:DE17_0_WD_03,demo,demo:DE17,DE17,5,5,city:2886242,city:2925533,68.0
demo:DE17_0_WD_04,demo,demo:DE17,DE17,5,5,city:2886242,city:2925533,68.0
demo:DE17_0_WD_05,demo,demo:DE17,DE17,5,5,city:2886242,city:2925533,68.0
demo:DE17_0_WD_06,demo,demo:DE17,DE17,5,5,city:2886242,city:2925533,68.0
demo:DE17_0_WD_07,demo,demo:DE17,DE17,5,5,city:2886242,city:2925533,68.0
demo:DE17_0_WD_08,demo,demo:DE17,DE17,5,5,city:2886242,city:2925533,68.0
demo:DE17_0_WD_09,demo,demo:DE17,DE17,5,5,city:2886242,city:2925533,68.0
demo:DE17_0_WD_10,demo,demo:DE17,DE17,5,5,city:2886242,city:2925533,68.0
demo:DE17_0_WD_11,demo,demo:DE17,DE17,5,5,city:2886242,city:2925533,68.0
demo:DE17_0_WD_12,demo,demo:DE17,DE17,5,5,city:2886242,city:2925533,68.0
demo:DE17_0_WD_13,demo,demo:DE17,DE17,5,5,city:2886242,city:2925533,68.0
demo:DE17_0_WD_14,demo,demo:DE17,DE17,5,5,city:2886242,city:2925533,68.0
demo:DE17_0_WD_15,demo,demo:DE17,DE17,5,5,city:2886242,city:2925533,68.0
demo:DE17_0_WE_00,demo,demo:DE17,DE17,2,5,city:2886242,city:2925533,68.0
demo:DE17_0_WE_01,demo,demo:DE17,DE17,2,5,city:2886242,city:2925533,68.0
demo:DE17_0_WE_02,demo,demo:DE17,DE17,2,5,city:2886242,city:2925533,68.0
demo:DE17_0_WE_03,demo,demo:DE17,DE17,2,5,city:2886242,city:2925533,68.0
demo:DE17_0_WE_04,demo,demo:DE17,DE17,2,5,city:2886242,city:2925533,68.0
demo:DE17_0_WE_05,demo,demo:DE17,DE17,2,5,city:2886242,city:2925533,68.0
demo:DE17_0_WE_06,demo,demo:DE17,DE17,2,5,city:2886242,city:2925533,68.0
demo:DE17_0_WE_07,demo,demo:DE17,DE17,2,5,city:2886242,city:2925533,68.0
demo:DE17_0_WE_08,demo,demo:DE17,DE17,2,5,city:2886242,city:2925533,68.0
demo:DE17_0_WE_09,demo,demo:DE17,DE17,2,5,city:2886242,city:2925533,68.0
demo:DE17_0_WE_10,demo,demo:DE17,DE17,2,5,city:2886242,city:2925533,68.0
demo:DE17_0_WE_11,demo,demo:DE17,DE17,2,5,city:2886242,city:2925533,68.0
demo:DE17_0_WE_12,demo,demo:DE17,DE17,2,5,city:2886242,city:2925533,68.0
demo:DE17_0_WE_13,demo,demo:DE17,DE17,2,5,city:2886242,city:2925533,68.0
demo:DE17_1_WD_00,demo,demo:DE17,DE17,5,5,city:2925533,city:2886242,68.0
demo:DE17_1_WD_01,demo,demo:DE17,DE17,5,5,city:2925533,city:2886242,68.0
demo:DE17_1_WD_02,demo,demo:DE17,DE17,5,5,city:2925533,city:2886242,68.0
demo:DE17_1_WD_03,demo,demo:DE17,DE17,5,5,city:2925533,city:2886242,68.0
demo:DE17_1_WD_04,demo,demo:DE17,DE17,5,5,city:2925533,city:2886242,68.0
demo:DE17_1_WD_05,demo,demo:DE17,DE17,5,5,city:2925533,city:2886242,68.0
demo:DE17_1_WD_06,demo,demo:DE17,DE17,5,5,city:2925533,city:2886242,68.0
demo:DE17_1_WD_07,demo,demo:DE17,DE17,5,5,city:2925533,city:2886242,68.0
demo:DE17_1_WD_08,demo,demo:DE17,DE17,5,5,city:2925533,city:2886242,68.0
demo:DE17_1_WD_09,demo,demo:DE17,DE17,5,5,city:2925533,city:2886242,68.0
demo:DE17_1_WD_10,demo,demo:DE17,DE17,5,5,city:2925533,city:2886242,68.0
demo:DE17_1_WD_11,demo,demo:DE17,DE17,5,5,city:2925533,city:2886242,68.0
demo:DE17_1_WD_12,demo,demo:DE17,DE17,5,5,city:2925533,city:2886242,68.0
demo:DE17_1_WD_13,demo,demo:DE17,DE17,5,5,city:2925533,city:2886242,68.0
demo:DE17_1_WD_14,demo,demo:DE17,DE17,5,5,city:2925533,city:2886242,68.0
demo:DE17_1_WD_15,demo,demo:DE17,DE17,5,5,city:2925533,city:2886242,68.0
demo:DE17_1_WE_00,demo,demo:DE17,DE17,2,5,city:2925533,city:2886242,68.0
demo:DE17_1_WE_01,demo,demo:DE17,DE17,2,5,city:2925533,city:2886242,68.0
demo:DE17_1_WE_02,demo,demo:DE17,DE17,2,5,city:2925533,city:2886242,68.0
demo:DE17_1_WE_03,demo,demo:DE17,DE17,2,5,city:2925533,city:2886242,68.0
demo:DE17_1_WE_04,demo,demo:DE17,DE17,2,5,city:2925533,city:2886242,68.0
demo:DE17_1_WE_05,demo,demo:DE17,DE17,2,5,city:2925533,city:2886242,68.0
demo:DE17_1_WE_06,demo,demo:DE17,DE17,2,5,city:2925533,city:2886242,68.0
demo:DE17_1_WE_07,demo,demo:DE17,DE17,2,5,city:2925533,city:2886242,68.0
demo:DE17_1_WE_08,demo,demo:DE17,DE17,2,5,city:2925533,city:2886242,68.0
demo:DE17_1_WE_09,demo,demo:DE17,DE17,2,5,city:2925533,city:2886242,68.0
demo:DE17_1_WE_10,demo,demo:DE17,DE17,2,5,city:2925533,city:2886242,68.0
demo:DE17_1_WE_11,demo,demo:DE17,DE17,2,5,city:2925533,city:2886242,68.0
demo:DE17_1_WE_12,demo,demo:DE17,DE17,2,5,city:2925533,city:2886242,68.0
demo:DE17_1_WE_13,demo,demo:DE17,DE17,2,5,city:2925533,city:2886242,68.0
demo:DE18_0_WD_00,demo,demo:DE18,DE18,5,8,city:2759794,city:2925533,235.0
demo:DE18_0_WD_01,demo,demo:DE18,DE18,5,8,city:2759794,city:2925533,235.0
demo:DE18_0_WD_02,demo,demo:DE18,DE18,5,8,city:2759794,city:2925533,235.0
demo:DE18_0_WD_03,demo,demo:DE18,DE18,5,8,city:2759794,city:2925533,235.0
demo:DE18_0_WD_04,demo,demo:DE18,DE18,5,8,city:2759794,city:2925533,235.0
demo:DE18_0_WD_05,demo,demo:DE18,DE18,5,8,city:2759794,city:2925533,235.0
demo:DE18_0_WD_06,demo,demo:DE18,DE18,5,8,city:2759794,city:2925533,235.0
demo:DE18_0_WE_00,demo,demo:DE18,DE18,2,8,city:2759794,city:2925533,236.0
demo:DE18_0_WE_01,demo,demo:DE18,DE18,2,8,city:2759794,city:2925533,234.0
demo:DE18_0_WE_02,demo,demo:DE18,DE18,2,8,city:2759794,city:2925533,236.0
demo:DE18_0_WE_03,demo,demo:DE18,DE18,2,8,city:2759794,city:2925533,234.0
demo:DE18_0_WE_04,demo,demo:DE18,DE18,2,8,city:2759794,city:2925533,236.0
demo:DE18_0_WE_05,demo,demo:DE18,DE18,2,8,city:2759794,city:2925533,234.0
demo:DE18_1_WD_00,demo,demo:DE18,DE18,5,8,city:2925533,city:2759794,235.0
demo:DE18_1_WD_01,demo,demo:DE18,DE18,5,8,city:2925533,city:2759794,235.0
demo:DE18_1_WD_02,demo,demo:DE18,DE18,5,8,city:2925533,city:2759794,235.0
demo:DE18_1_WD_03,demo,demo:DE18,DE18,5,8,city:2925533,city:2759794,235.0
demo:DE18_1_WD_04,demo,demo:DE18,DE18,5,8,city:2925533,city:2759794,235.0
demo:DE18_1_WD_05,demo,demo:DE18,DE18,5,8,city:2925533,city:2759794,235.0
demo:DE18_1_WD_06,demo,demo:DE18,DE18,5,8,city:2925533,city:2759794,235.0
demo:DE18_1_WE_00,demo,demo:DE18,DE18,2,8,city:2925533,city:2759794,236.0
demo:DE18_1_WE_01,demo,demo:DE18,DE18,2,8,city:2925533,city:2759794,234.0
demo:DE18_1_WE_02,demo,demo:DE18,DE18,2,8,city:2925533,city:2759794,236.0
demo:DE18_1_WE_03,demo,demo:DE18,DE18,2,8,city:2925533,city:2759794,234.0
demo:DE18_1_WE_04,demo,demo:DE18,DE18,2,8,city:2925533,city:2759794,236.0
demo:DE18_1_WE_05,demo,demo:DE18,DE18,2,8,city:2925533,city:2759794,234.0
demo:DE19_0_WD_00,demo,demo:DE19,DE19,5,6,city:2800866,city:2925533,189.0
demo:DE19_0_WD_01,demo,demo:DE19,DE19,5,6,city:2800866,city:2925533,189.0
demo:DE19_0_WD_02,demo,demo:DE19,DE19,5,6,city:2800866,city:2925533,189.0
demo:DE19_0_WD_03,demo,demo:DE19,DE19,5,6,city:2800866,city:2925533,189.0
demo:DE19_0_WD_04,demo,demo:DE19,DE19,5,6,city:2800866,city:2925533,189.0
demo:DE19_0_WE_00,demo,demo:DE19,DE19,2,6,city:2800866,city:2925533,189.0
demo:DE19_0_WE_01,demo,demo:DE19,DE19,2,6,city:2800866,city:2925533,189.0
demo:DE19_0_WE_02,demo,demo:DE19,DE19,2,6,city:2800866,city:2925533,189.0
demo:DE19_0_WE_03,demo,demo:DE19,DE19,2,6,city:2800866,city:2925533,189.0
demo:DE19_1_WD_00,demo,demo:DE19,DE19,5,6,city:2925533,city:2800866,189.0
demo:DE19_1_WD_01,demo,demo:DE19,DE19,5,6,city:2925533,city:2800866,189.0
demo:DE19_1_WD_02,demo,demo:DE19,DE19,5,6,city:2925533,city:2800866,189.0
demo:DE19_1_WD_03,demo,demo:DE19,DE19,5,6,city:2925533,city:2800866,189.0
demo:DE19_1_WD_04,demo,demo:DE19,DE19,5,6,city:2925533,city:2800866,189.0
demo:DE19_1_WE_00,demo,demo:DE19,DE19,2,6,city:2925533,city:2800866,189.0
demo:DE19_1_WE_01,demo,demo:DE19,DE19,2,6,city:2925533,city:2800866,189.0
demo:DE19_1_WE_02,demo,demo:DE19,DE19,2,6,city:2925533,city:2800866,189.0
demo:DE19_1_WE_03,demo,demo:DE19,DE19,2,6,city:2925533,city:2800866,189.0
demo:DE20_0_WD_00,demo,demo:DE20,DE20,5,6,city:2925533,city:2867714,193.0
demo:DE20_0_WD_01,demo,demo:DE20,DE20,5,6,city:2925533,city:2867714,193.0
demo:DE20_0_WD_02,demo,demo:DE20,DE20,5,6,city:2925533,city:2867714,193.0
demo:DE20_0_WD_03,demo,demo:DE20,DE20,5,6,city:2925533,city:2867714,193.0
demo:DE20_0_WD_04,demo,demo:DE20,DE20,5,6,city:2925533,city:2867714,193.0
demo:DE20_0_WD_05,demo,demo:DE20,DE20,5,6,city:2925533,city:2867714,193.0
demo:DE20_0_WD_06,demo,demo:DE20,DE20,5,6,city:2925533,city:2867714,193.0
demo:DE20_0_WD_07,demo,demo:DE20,DE20,5,6,city:2925533,city:2867714,193.0
demo:DE20_0_WE_00,demo,demo:DE20,DE20,2,6,city:2925533,city:2867714,193.0
demo:DE20_0_WE_01,demo,demo:DE20,DE20,2,6,city:2925533,city:2867714,193.0
demo:DE20_0_WE_02,demo,demo:DE20,DE20,2,6,city:2925533,city:2867714,193.0
demo:DE20_0_WE_03,demo,demo:DE20,DE20,2,6,city:2925533,city:2867714,193.0
demo:DE20_0_WE_04,demo,demo:DE20,DE20,2,6,city:2925533,city:2867714,193.0
demo:DE20_0_WE_05,demo,demo:DE20,DE20,2,6,city:2925533,city:2867714,193.0
demo:DE20_0_WE_06,demo,demo:DE20,DE20,2,6,city:2925533,city:2867714,193.0
demo:DE20_1_WD_00,demo,demo:DE20,DE20,5,6,city:2867714,city:2925533,193.0
demo:DE20_1_WD_01,demo,demo:DE20,DE20,5,6,city:2867714,city:2925533,193.0
demo:DE20_1_WD_02,demo,demo:DE20,DE20,5,6,city:2867714,city:2925533,193.0
demo:DE20_1_WD_03,demo,demo:DE20,DE20,5,6,city:2867714,city:2925533,193.0
demo:DE20_1_WD_04,demo,demo:DE20,DE20,5,6,city:2867714,city:2925533,193.0
demo:DE20_1_WD_05,demo,demo:DE20,DE20,5,6,city:2867714,city:2925533,193.0
demo:DE20_1_WD_06,demo,demo:DE20,DE20,5,6,city:2867714,city:2925533,193.0
demo:DE20_1_WD_07,demo,demo:DE20,DE20,5,6,city:2867714,city:2925533,193.0
demo:DE20_1_WE_00,demo,demo:DE20,DE20,2,6,city:2867714,city:2925533,193.0
demo:DE20_1_WE_01,demo,demo:DE20,DE20,2,6,city:2867714,city:2925533,193.0
demo:DE20_1_WE_02,demo,demo:DE20,DE20,2,6,city:2867714,city:2925533,193.0
demo:DE20_1_WE_03,demo,demo:DE20,DE20,2,6,city:2867714,city:2925533,193.0
demo:DE20_1_WE_04,demo,demo:DE20,DE20,2,6,city:2867714,city:2925533,193.0
demo:DE20_1_WE_05,demo,demo:DE20,DE20,2,6,city:2867714,city:2925533,193.0
demo:DE20_1_WE_06,demo,demo:DE20,DE20,2,6,city:2867714,city:2925533,193.0
demo:DE21_0_WD_00,demo,demo:DE21,DE21,5,5,city:2892794,city:2867714,158.0
demo:DE21_0_WD_01,demo,demo:DE21,DE21,5,5,city:2892794,city:2867714,158.0
demo:DE21_0_WD_02,demo,demo:DE21,DE21,5,5,city:2892794,city:2867714,158.0
demo:DE21_0_WD_03,demo,demo:DE21,DE21,5,5,city:2892794,city:2867714,158.0
demo:DE21_0_WD_04,demo,demo:DE21,DE21,5,5,city:2892794,city:2867714,158.0
demo:DE21_0_WD_05,demo,demo:DE21,DE21,5,5,city:2892794,city:2867714,158.0
demo:DE21_0_WD_06,demo,demo:DE21,DE21,5,5,city:2892794,city:2867714,158.0
demo:DE21_0_WD_07,demo,demo:DE21,DE21,5,5,city:2892794,city:2867714,158.0
demo:DE21_0_WE_00,demo,demo:DE21,DE21,2,5,city:2892794,city:2867714,158.0
demo:DE21_0_WE_01,demo,demo:DE21,DE21,2,5,city:2892794,city:2867714,158.0
demo:DE21_0_WE_02,demo,demo:DE21,DE21,2,5,city:2892794,city:2867714,158.0
demo:DE21_0_WE_03,demo,demo:DE21,DE21,2,5,city:2892794,city:2867714,158.0
demo:DE21_0_WE_04,demo,demo:DE21,DE21,2,5,city:2892794,city:2867714,158.0
demo:DE21_0_WE_05,demo,demo:DE21,DE21,2,5,city:2892794,city:2867714,158.0
demo:DE21_0_WE_06,demo,demo:DE21,DE21,2,5,city:2892794,city:2867714,158.0
demo:DE21_1_WD_00,demo,demo:DE21,DE21,5,5,city:2867714,city:2892794,158.0
demo:DE21_1_WD_01,demo,demo:DE21,DE21,5,5,city:2867714,city:2892794,158.0
demo:DE21_1_WD_02,demo,demo:DE21,DE21,5,5,city:2867714,city:2892794,158.0
demo:DE21_1_WD_03,demo,demo:DE21,DE21,5,5,city:2867714,city:2892794,158.0
demo:DE21_1_WD_04,demo,demo:DE21,DE21,5,5,city:2867714,city:2892794,158.0
demo:DE21_1_WD_05,demo,demo:DE21,DE21,5,5,city:2867714,city:2892794,158.0
demo:DE21_1_WD_06,demo,demo:DE21,DE21,5,5,city:2867714,city:2892794,158.0
demo:DE21_1_WD_07,demo,demo:DE21,DE21,5,5,city:2867714,city:2892794,158.0
demo:DE21_1_WE_00,demo,demo:DE21,DE21,2,5,city:2867714,city:2892794,158.0
demo:DE21_1_WE_01,demo,demo:DE21,DE21,2,5,city:2867714,city:2892794,158.0
demo:DE21_1_WE_02,demo,demo:DE21,DE21,2,5,city:2867714,city:2892794,158.0
demo:DE21_1_WE_03,demo,demo:DE21,DE21,2,5,city:2867714,city:2892794,158.0
demo:DE21_1_WE_04,demo,demo:DE21,DE21,2,5,city:2867714,city:2892794,158.0
demo:DE21_1_WE_05,demo,demo:DE21,DE21,2,5,city:2867714,city:2892794,158.0
demo:DE21_1_WE_06,demo,demo:DE21,DE21,2,5,city:2867714,city:2892794,158.0
demo:DE22_0_WD_00,demo,demo:DE22,DE22,5,8,city:2925533,city:2761369,385.0
demo:DE22_0_WD_01,demo,demo:DE22,DE22,5,8,city:2925533,city:2761369,385.0
demo:DE22_0_WD_02,demo,demo:DE22,DE22,5,8,city:2925533,city:2761369,385.0
demo:DE22_0_WD_03,demo,demo:DE22,DE22,5,8,city:2925533,city:2761369,385.0
demo:DE22_0_WD_04,demo,demo:DE22,DE22,5,8,city:2925533,city:2761369,385.0
demo:DE22_0_WD_05,demo,demo:DE22,DE22,5,8,city:2925533,city:2761369,385.0
demo:DE22_0_WD_06,demo,demo:DE22,DE22,5,8,city:2925533,city:2761369,385.0
demo:DE22_0_WE_00,demo,demo:DE22,DE22,2,8,city:2925533,city:2761369,386.0
demo:DE22_0_WE_01,demo,demo:DE22,DE22,2,8,city:2925533,city:2761369,384.0
demo:DE22_0_WE_02,demo,demo:DE22,DE22,2,8,city:2925533,city:2761369,386.0
demo:DE22_0_WE_03,demo,demo:DE22,DE22,2,8,city:2925533,city:2761369,384.0
demo:DE22_0_WE_04,demo,demo:DE22,DE22,2,8,city:2925533,city:2761369,386.0
demo:DE22_0_WE_05,demo,demo:DE22,DE22,2,8,city:2925533,city:2761369,384.0
demo:DE22_1_WD_00,demo,demo:DE22,DE22,5,8,city:2761369,city:2925533,385.0
demo:DE22_1_WD_01,demo,demo:DE22,DE22,5,8,city:2761369,city:2925533,385.0
demo:DE22_1_WD_02,demo,demo:DE22,DE22,5,8,city:2761369,city:2925533,385.0
demo:DE22_1_WD_03,demo,demo:DE22,DE22,5,8,city:2761369,city:2925533,385.0
demo:DE22_1_WD_04,demo,demo:DE22,DE22,5,8,city:2761369,city:2925533,385.0
demo:DE22_1_WD_05,demo,demo:DE22,DE22,5,8,city:2761369,city:2925533,385.0
demo:DE22_1_WD_06,demo,demo:DE22,DE22,5,8,city:2761369,city:2925533,385.0
demo:DE22_1_WE_00,demo,demo:DE22,DE22,2,8,city:2761369,city:2925533,386.0
demo:DE22_1_WE_01,demo,demo:DE22,DE22,2,8,city:2761369,city:2925533,384.0
demo:DE22_1_WE_02,demo,demo:DE22,DE22,2,8,city:2761369,city:2925533,386.0
demo:DE22_1_WE_03,demo,demo:DE22,DE22,2,8,city:2761369,city:2925533,384.0
demo:DE22_1_WE_04,demo,demo:DE22,DE22,2,8,city:2761369,city:2925533,386.0
demo:DE22_1_WE_05,demo,demo:DE22,DE22,2,8,city:2761369,city:2925533,384.0
demo:DE23_0_WD_00,demo,demo:DE23,DE23,5,5,city:2825297,city:2861650,130.0
demo:DE23_0_WD_01,demo,demo:DE23,DE23,5,5,city:2825297,city:2861650,130.0
demo:DE23_0_WD_02,demo,demo:DE23,DE23,5,5,city:2825297,city:2861650,130.0
demo:DE23_0_WD_03,demo,demo:DE23,DE23,5,5,city:2825297,city:2861650,130.0
demo:DE23_0_WD_04,demo,demo:DE23,DE23,5,5,city:2825297,city:2861650,130.0
demo:DE23_0_WD_05,demo,demo:DE23,DE23,5,5,city:2825297,city:2861650,130.0
demo:DE23_0_WD_06,demo,demo:DE23,DE23,5,5,city:2825297,city:2861650,130.0
demo:DE23_0_WD_07,demo,demo:DE23,DE23,5,5,city:2825297,city:2861650,130.0
demo:DE23_0_WE_00,demo,demo:DE23,DE23,2,5,city:2825297,city:2861650,130.0
demo:DE23_0_WE_01,demo,demo:DE23,DE23,2,5,city:2825297,city:2861650,130.0
demo:DE23_0_WE_02,demo,demo:DE23,DE23,2,5,city:2825297,city:2861650,130.0
demo:DE23_0_WE_03,demo,demo:DE23,DE23,2,5,city:2825297,city:2861650,130.0
demo:DE23_0_WE_04,demo,demo:DE23,DE23,2,5,city:2825297,city:2861650,130.0
demo:DE23_0_WE_05,demo,demo:DE23,DE23,2,5,city:2825297,city:2861650,130.0
demo:DE23_0_WE_06,demo,demo:DE23,DE23,2,5,city:2825297,city:2861650,130.0
demo:DE23_1_WD_00,demo,demo:DE23,DE23,5,5,city:2861650,city:2825297,130.0
demo:DE23_1_WD_01,demo,demo:DE23,DE23,5,5,city:2861650,city:2825297,130.0
demo:DE23_1_WD_02,demo,demo:DE23,DE23,5,5,city:2861650,city:2825297,130.0
demo:DE23_1_WD_03,demo,demo:DE23,DE23,5,5,city:2861650,city:2825297,130.0
demo:DE23_1_WD_04,demo,demo:DE23,DE23,5,5,city:2861650,city:2825297,130.0
demo:DE23_1_WD_05,demo,demo:DE23,DE23,5,5,city:2861650,city:2825297,130.0
demo:DE23_1_WD_06,demo,demo:DE23,DE23,5,5,city:2861650,city:2825297,130.0
demo:DE23_1_WD_07,demo,demo:DE23,DE23,5,5,city:2861650,city:2825297,130.0
demo:DE23_1_WE_00,demo,demo:DE23,DE23,2,5,city:2861650,city:2825297,130.0
demo:DE23_1_WE_01,demo,demo:DE23,DE23,2,5,city:2861650,city:2825297,130.0
demo:DE23_1_WE_02,demo,demo:DE23,DE23,2,5,city:2861650,city:2825297,130.0
demo:DE23_1_WE_03,demo,demo:DE23,DE23,2,5,city:2861650,city:2825297,130.0
demo:DE23_1_WE_04,demo,demo:DE23,DE23,2,5,city:2861650,city:2825297,130.0
demo:DE23_1_WE_05,demo,demo:DE23,DE23,2,5,city:2861650,city:2825297,130.0
demo:DE23_1_WE_06,demo,demo:DE23,DE23,2,5,city:2861650,city:2825297,130.0
demo:DE24_0_WD_00,demo,demo:DE24,DE24,5,8,city:2825297,city:2657896,175.0
demo:DE24_0_WD_01,demo,demo:DE24,DE24,5,8,city:2825297,city:2657896,175.0
demo:DE24_0_WD_02,demo,demo:DE24,DE24,5,8,city:2825297,city:2657896,175.0
demo:DE24_0_WD_03,demo,demo:DE24,DE24,5,8,city:2825297,city:2657896,175.0
demo:DE24_0_WD_04,demo,demo:DE24,DE24,5,8,city:2825297,city:2657896,175.0
demo:DE24_0_WD_05,demo,demo:DE24,DE24,5,8,city:2825297,city:2657896,175.0
demo:DE24_0_WD_06,demo,demo:DE24,DE24,5,8,city:2825297,city:2657896,175.0
demo:DE24_0_WD_07,demo,demo:DE24,DE24,5,8,city:2825297,city:2657896,175.0
demo:DE24_0_WE_00,demo,demo:DE24,DE24,2,8,city:2825297,city:2657896,175.0
demo:DE24_0_WE_01,demo,demo:DE24,DE24,2,8,city:2825297,city:2657896,175.0
demo:DE24_0_WE_02,demo,demo:DE24,DE24,2,8,city:2825297,city:2657896,175.0
demo:DE24_0_WE_03,demo,demo:DE24,DE24,2,8,city:2825297,city:2657896,175.0
demo:DE24_0_WE_04,demo,demo:DE24,DE24,2,8,city:2825297,city:2657896,175.0
demo:DE24_0_WE_05,demo,demo:DE24,DE24,2,8,city:2825297,city:2657896,175.0
demo:DE24_0_WE_06,demo,demo:DE24,DE24,2,8,city:2825297,city:2657896,175.0
demo:DE24_1_WD_00,demo,demo:DE24,DE24,5,8,city:2657896,city:2825297,175.0
demo:DE24_1_WD_01,demo,demo:DE24,DE24,5,8,city:2657896,city:2825297,175.0
demo:DE24_1_WD_02,demo,demo:DE24,DE24,5,8,city:2657896,city:2825297,175.0
demo:DE24_1_WD_03,demo,demo:DE24,DE24,5,8,city:2657896,city:2825297,175.0
demo:DE24_1_WD_04,demo,demo:DE24,DE24,5,8,city:2657896,city:2825297,175.0
demo:DE24_1_WD_05,demo,demo:DE24,DE24,5,8,city:2657896,city:2825297,175.0
demo:DE24_1_WD_06,demo,demo:DE24,DE24,5,8,city:2657896,city:2825297,175.0
demo:DE24_1_WD_07,demo,demo:DE24,DE24,5,8,city:2657896,city:2825297,175.0
demo:DE24_1_WE_00,demo,demo:DE24,DE24,2,8,city:2657896,city:2825297,175.0
demo:DE24_1_WE_01,demo,demo:DE24,DE24,2,8,city:2657896,city:2825297,175.0
demo:DE24_1_WE_02,demo,demo:DE24,DE24,2,8,city:2657896,city:2825297,175.0
demo:DE24_1_WE_03,demo,demo:DE24,DE24,2,8,city:2657896,city:2825297,175.0
demo:DE24_1_WE_04,demo,demo:DE24,DE24,2,8,city:2657896,city:2825297,175.0
demo:DE24_1_WE_05,demo,demo:DE24,DE24,2,8,city:2657896,city:2825297,175.0
demo:DE24_1_WE_06,demo,demo:DE24,DE24,2,8,city:2657896,city:2825297,175.0
demo:DE25_0_WD_00,demo,demo:DE25,DE25,5,7,city:2867714,city:2657896,220.0
demo:DE25_0_WD_01,demo,demo:DE25,DE25,5,7,city:2867714,city:2657896,220.0
demo:DE25_0_WD_02,demo,demo:DE25,DE25,5,7,city:2867714,city:2657896,220.0
demo:DE25_0_WD_03,demo,demo:DE25,DE25,5,7,city:2867714,city:2657896,220.0
demo:DE25_0_WD_04,demo,demo:DE25,DE25,5,7,city:2867714,city:2657896,220.0
demo:DE25_0_WD_05,demo,demo:DE25,DE25,5,7,city:2867714,city:2657896,220.0
demo:DE25_0_WE_00,demo,demo:DE25,DE25,2,7,city:2867714,city:2657896,220.0
demo:DE25_0_WE_01,demo,demo:DE25,DE25,2,7,city:2867714,city:2657896,220.0
demo:DE25_0_WE_02,demo,demo:DE25,DE25,2,7,city:2867714,city:2657896,220.0
demo:DE25_0_WE_03,demo,demo:DE25,DE25,2,7,city:2867714,city:2657896,220.0
demo:DE25_0_WE_04,demo,demo:DE25,DE25,2,7,city:2867714,city:2657896,220.0
demo:DE25_1_WD_00,demo,demo:DE25,DE25,5,7,city:2657896,city:2867714,220.0
demo:DE25_1_WD_01,demo,demo:DE25,DE25,5,7,city:2657896,city:2867714,220.0
demo:DE25_1_WD_02,demo,demo:DE25,DE25,5,7,city:2657896,city:2867714,220.0
demo:DE25_1_WD_03,demo,demo:DE25,DE25,5,7,city:2657896,city:2867714,220.0
demo:DE25_1_WD_04,demo,demo:DE25,DE25,5,7,city:2657896,city:2867714,220.0
demo:DE25_1_WD_05,demo,demo:DE25,DE25,5,7,city:2657896,city:2867714,220.0
demo:DE25_1_WE_00,demo,demo:DE25,DE25,2,7,city:2657896,city:2867714,220.0
demo:DE25_1_WE_01,demo,demo:DE25,DE25,2,7,city:2657896,city:2867714,220.0
demo:DE25_1_WE_02,demo,demo:DE25,DE25,2,7,city:2657896,city:2867714,220.0
demo:DE25_1_WE_03,demo,demo:DE25,DE25,2,7,city:2657896,city:2867714,220.0
demo:DE25_1_WE_04,demo,demo:DE25,DE25,2,7,city:2657896,city:2867714,220.0
demo:DE26_0_WD_00,demo,demo:DE26,DE26,5,12,city:2879139,city:2886242,327.0
demo:DE26_0_WD_01,demo,demo:DE26,DE26,5,12,city:2879139,city:2886242,327.0
demo:DE26_0_WD_02,demo,demo:DE26,DE26,5,12,city:2879139,city:2886242,327.0
demo:DE26_0_WD_03,demo,demo:DE26,DE26,5,12,city:2879139,city:2886242,327.0
demo:DE26_0_WD_04,demo,demo:DE26,DE26,5,12,city:2879139,city:2886242,327.0
demo:DE26_0_WD_05,demo,demo:DE26,DE26,5,12,city:2879139,city:2886242,327.0
demo:DE26_0_WD_06,demo,demo:DE26,DE26,5,12,city:2879139,city:2886242,327.0
demo:DE26_0_WD_07,demo,demo:DE26,DE26,5,12,city:2879139,city:2886242,327.0
demo:DE26_0_WE_00,demo,demo:DE26,DE26,2,12,city:2879139,city:2886242,327.0
demo:DE26_0_WE_01,demo,demo:DE26,DE26,2,12,city:2879139,city:2886242,327.0
demo:DE26_0_WE_02,demo,demo:DE26,DE26,2,12,city:2879139,city:2886242,327.0
demo:DE26_0_WE_03,demo,demo:DE26,DE26,2,12,city:2879139,city:2886242,327.0
demo:DE26_0_WE_04,demo,demo:DE26,DE26,2,12,city:2879139,city:2886242,327.0
demo:DE26_0_WE_05,demo,demo:DE26,DE26,2,12,city:2879139,city:2886242,327.0
demo:DE26_0_WE_06,demo,demo:DE26,DE26,2,12,city:2879139,city:2886242,327.0
demo:DE26_1_WD_00,demo,demo:DE26,DE26,5,12,city:2886242,city:2879139,327.0
demo:DE26_1_WD_01,demo,demo:DE26,DE26,5,12,city:2886242,city:2879139,327.0
demo:DE26_1_WD_02,demo,demo:DE26,DE26,5,12,city:2886242,city:2879139,327.0
demo:DE26_1_WD_03,demo,demo:DE26,DE26,5,12,city:2886242,city:2879139,327.0
demo:DE26_1_WD_04,demo,demo:DE26,DE26,5,12,city:2886242,city:2879139,327.0
demo:DE26_1_WD_05,demo,demo:DE26,DE26,5,12,city:2886242,city:2879139,327.0
demo:DE26_1_WD_06,demo,demo:DE26,DE26,5,12,city:2886242,city:2879139,327.0
demo:DE26_1_WD_07,demo,demo:DE26,DE26,5,12,city:2886242,city:2879139,327.0
demo:DE26_1_WE_00,demo,demo:DE26,DE26,2,12,city:2886242,city:2879139,327.0
demo:DE26_1_WE_01,demo,demo:DE26,DE26,2,12,city:2886242,city:2879139,327.0
demo:DE26_1_WE_02,demo,demo:DE26,DE26,2,12,city:2886242,city:2879139,327.0
demo:DE26_1_WE_03,demo,demo:DE26,DE26,2,12,city:2886242,city:2879139,327.0
demo:DE26_1_WE_04,demo,demo:DE26,DE26,2,12,city:2886242,city:2879139,327.0
demo:DE26_1_WE_05,demo,demo:DE26,DE26,2,12,city:2886242,city:2879139,327.0
demo:DE26_1_WE_06,demo,demo:DE26,DE26,2,12,city:2886242,city:2879139,327.0
demo:DE27_0_WD_00,demo,demo:DE27,DE27,5,3,city:2844588,city:2935022,270.0
demo:DE27_0_WD_01,demo,demo:DE27,DE27,5,3,city:2844588,city:2935022,270.0
demo:DE27_0_WD_02,demo,demo:DE27,DE27,5,3,city:2844588,city:2935022,270.0
demo:DE27_0_WD_03,demo,demo:DE27,DE27,5,3,city:2844588,city:2935022,270.0
demo:DE27_0_WD_04,demo,demo:DE27,DE27,5,3,city:2844588,city:2935022,270.0
demo:DE27_0_WD_05,demo,demo:DE27,DE27,5,3,city:2844588,city:2935022,270.0
demo:DE27_0_WD_06,demo,demo:DE27,DE27,5,3,city:2844588,city:2935022,270.0
demo:DE27_0_WE_00,demo,demo:DE27,DE27,2,3,city:2844588,city:2935022,270.0
demo:DE27_0_WE_01,demo,demo:DE27,DE27,2,3,city:2844588,city:2935022,270.0
demo:DE27_0_WE_02,demo,demo:DE27,DE27,2,3,city:2844588,city:2935022,270.0
demo:DE27_0_WE_03,demo,demo:DE27,DE27,2,3,city:2844588,city:2935022,270.0
demo:DE27_0_WE_04,demo,demo:DE27,DE27,2,3,city:2844588,city:2935022,270.0
demo:DE27_0_WE_05,demo,demo:DE27,DE27,2,3,city:2844588,city:2935022,270.0
demo:DE27_1_WD_00,demo,demo:DE27,DE27,5,3,city:2935022,city:2844588,270.0
demo:DE27_1_WD_01,demo,demo:DE27,DE27,5,3,city:2935022,city:2844588,270.0
demo:DE27_1_WD_02,demo,demo:DE27,DE27,5,3,city:2935022,city:2844588,270.0
demo:DE27_1_WD_03,demo,demo:DE27,DE27,5,3,city:2935022,city:2844588,270.0
demo:DE27_1_WD_04,demo,demo:DE27,DE27,5,3,city:2935022,city:2844588,270.0
demo:DE27_1_WD_05,demo,demo:DE27,DE27,5,3,city:2935022,city:2844588,270.0
demo:DE27_1_WD_06,demo,demo:DE27,DE27,5,3,city:2935022,city:2844588,270.0
demo:DE27_1_WE_00,demo,demo:DE27,DE27,2,3,city:2935022,city:2844588,270.0
demo:DE27_1_WE_01,demo,demo:DE27,DE27,2,3,city:2935022,city:2844588,270.0
demo:DE27_1_WE_02,demo,demo:DE27,DE27,2,3,city:2935022,city:2844588,270.0
demo:DE27_1_WE_03,demo,demo:DE27,DE27,2,3,city:2935022,city:2844588,270.0
demo:DE27_1_WE_04,demo,demo:DE27,DE27,2,3,city:2935022,city:2844588,270.0
demo:DE27_1_WE_05,demo,demo:DE27,DE27,2,3,city:2935022,city:2844588,270.0
demo:DE28_0_WD_00,demo,demo:DE28,DE28,5,3,city:2911298,city:2891122,72.0
demo:DE28_0_WD_01,demo,demo:DE28,DE28,5,3,city:2911298,city:2891122,72.0
demo:DE28_0_WD_02,demo,demo:DE28,DE28,5,3,city:2911298,city:2891122,72.0
demo:DE28_0_WD_03,demo,demo:DE28,DE28,5,3,city:2911298,city:2891122,72.0
demo:DE28_0_WD_04,demo,demo:DE28,DE28,5,3,city:2911298,city:2891122,72.0
demo:DE28_0_WD_05,demo,demo:DE28,DE28,5,3,city:2911298,city:2891122,72.0
demo:DE28_0_WD_06,demo,demo:DE28,DE28,5,3,city:2911298,city:2891122,72.0
demo:DE28_0_WD_07,demo,demo:DE28,DE28,5,3,city:2911298,city:2891122,72.0
demo:DE28_0_WE_00,demo,demo:DE28,DE28,2,3,city:2911298,city:2891122,72.0
demo:DE28_0_WE_01,demo,demo:DE28,DE28,2,3,city:2911298,city:2891122,72.0
demo:DE28_0_WE_02,demo,demo:DE28,DE28,2,3,city:2911298,city:2891122,72.0
demo:DE28_0_WE_03,demo,demo:DE28,DE28,2,3,city:2911298,city:2891122,72.0
demo:DE28_0_WE_04,demo,demo:DE28,DE28,2,3,city:2911298,city:2891122,72.0
demo:DE28_0_WE_05,demo,demo:DE28,DE28,2,3,city:2911298,city:2891122,72.0
demo:DE28_0_WE_06,demo,demo:DE28,DE28,2,3,city:2911298,city:2891122,72.0
demo:DE28_1_WD_00,demo,demo:DE28,DE28,5,3,city:2891122,city:2911298,72.0
demo:DE28_1_WD_01,demo,demo:DE28,DE28,5,3,city:2891122,city:2911298,72.0
demo:DE28_1_WD_02,demo,demo:DE28,DE28,5,3,city:2891122,city:2911298,72.0
demo:DE28_1_WD_03,demo,demo:DE28,DE28,5,3,city:2891122,city:2911298,72.0
demo:DE28_1_WD_04,demo,demo:DE28,DE28,5,3,city:2891122,city:2911298,72.0
demo:DE28_1_WD_05,demo,demo:DE28,DE28,5,3,city:2891122,city:2911298,72.0
demo:DE28_1_WD_06,demo,demo:DE28,DE28,5,3,city:2891122,city:2911298,72.0
demo:DE28_1_WD_07,demo,demo:DE28,DE28,5,3,city:2891122,city:2911298,72.0
demo:DE28_1_WE_00,demo,demo:DE28,DE28,2,3,city:2891122,city:2911298,72.0
demo:DE28_1_WE_01,demo,demo:DE28,DE28,2,3,city:2891122,city:2911298,72.0
demo:DE28_1_WE_02,demo,demo:DE28,DE28,2,3,city:2891122,city:2911298,72.0
demo:DE28_1_WE_03,demo,demo:DE28,DE28,2,3,city:2891122,city:2911298,72.0
demo:DE28_1_WE_04,demo,demo:DE28,DE28,2,3,city:2891122,city:2911298,72.0
demo:DE28_1_WE_05,demo,demo:DE28,DE28,2,3,city:2891122,city:2911298,72.0
demo:DE28_1_WE_06,demo,demo:DE28,DE28,2,3,city:2891122,city:2911298,72.0
demo:DE29_0_WD_00,demo,demo:DE29,DE29,5,5,city:2910831,city:2930596,145.0
demo:DE29_0_WD_01,demo,demo:DE29,DE29,5,5,city:2910831,city:2930596,145.0
demo:DE29_0_WD_02,demo,demo:DE29,DE29,5,5,city:2910831,city:2930596,145.0
demo:DE29_0_WD_03,demo,demo:DE29,DE29,5,5,city:2910831,city:2930596,145.0
demo:DE29_0_WD_04,demo,demo:DE29,DE29,5,5,city:2910831,city:2930596,145.0
demo:DE29_0_WD_05,demo,demo:DE29,DE29,5,5,city:2910831,city:2930596,145.0
demo:DE29_0_WD_06,demo,demo:DE29,DE29,5,5,city:2910831,city:2930596,145.0
demo:DE29_0_WD_07,demo,demo:DE29,DE29,5,5,city:2910831,city:2930596,145.0
demo:DE29_0_WE_00,demo,demo:DE29,DE29,2,5,city:2910831,city:2930596,145.0
demo:DE29_0_WE_01,demo,demo:DE29,DE29,2,5,city:2910831,city:2930596,145.0
demo:DE29_0_WE_02,demo,demo:DE29,DE29,2,5,city:2910831,city:2930596,145.0
demo:DE29_0_WE_03,demo,demo:DE29,DE29,2,5,city:2910831,city:2930596,145.0
demo:DE29_0_WE_04,demo,demo:DE29,DE29,2,5,city:2910831,city:2930596,145.0
demo:DE29_0_WE_05,demo,demo:DE29,DE29,2,5,city:2910831,city:2930596,145.0
demo:DE29_0_WE_06,demo,demo:DE29,DE29,2,5,city:2910831,city:2930596,145.0
demo:DE29_1_WD_00,demo,demo:DE29,DE29,5,5,city:2930596,city:2910831,145.0
demo:DE29_1_WD_01,demo,demo:DE29,DE29,5,5,city:2930596,city:2910831,145.0
demo:DE29_1_WD_02,demo,demo:DE29,DE29,5,5,city:2930596,city:2910831,145.0
demo:DE29_1_WD_03,demo,demo:DE29,DE29,5,5,city:2930596,city:2910831,145.0
demo:DE29_1_WD_04,demo,demo:DE29,DE29,5,5,city:2930596,city:2910831,145.0
demo:DE29_1_WD_05,demo,demo:DE29,DE29,5,5,city:2930596,city:2910831,145.0
demo:DE29_1_WD_06,demo,demo:DE29,DE29,5,5,city:2930596,city:2910831,145.0
demo:DE29_1_WD_07,demo,demo:DE29,DE29,5,5,city:2930596,city:2910831,145.0
demo:DE29_1_WE_00,demo,demo:DE29,DE29,2,5,city:2930596,city:2910831,145.0
demo:DE29_1_WE_01,demo,demo:DE29,DE29,2,5,city:2930596,city:2910831,145.0
demo:DE29_1_WE_02,demo,demo:DE29,DE29,2,5,city:2930596,city:2910831,145.0
demo:DE29_1_WE_03,demo,demo:DE29,DE29,2,5,city:2930596,city:2910831,145.0
demo:DE29_1_WE_04,demo,demo:DE29,DE29,2,5,city:2930596,city:2910831,145.0
demo:DE29_1_WE_05,demo,demo:DE29,DE29,2,5,city:2930596,city:2910831,145.0
demo:DE29_1_WE_06,demo,demo:DE29,DE29,2,5,city:2930596,city:2910831,145.0
demo:DE30_0_WD_00,demo,demo:DE30,DE30,5,11,city:2825297,city:2935517,283.0
demo:DE30_0_WD_01,demo,demo:DE30,DE30,5,11,city:2825297,city:2935517,283.0
demo:DE30_0_WD_02,demo,demo:DE30,DE30,5,11,city:2825297,city:2935517,283.0
demo:DE30_0_WD_03,demo,demo:DE30,DE30,5,11,city:2825297,city:2935517,283.0
demo:DE30_0_WD_04,demo,demo:DE30,DE30,5,11,city:2825297,city:2935517,283.0
demo:DE30_0_WD_05,demo,demo:DE30,DE30,5,11,city:2825297,city:2935517,283.0
demo:DE30_0_WD_06,demo,demo:DE30,DE30,5,11,city:2825297,city:2935517,283.0
demo:DE30_0_WD_07,demo,demo:DE30,DE30,5,11,city:2825297,city:2935517,283.0
demo:DE30_0_WE_00,demo,demo:DE30,DE30,2,11,city:2825297,city:2935517,283.0
demo:DE30_0_WE_01,demo,demo:DE30,DE30,2,11,city:2825297,city:2935517,283.0
demo:DE30_0_WE_02,demo,demo:DE30,DE30,2,11,city:2825297,city:2935517,283.0
demo:DE30_0_WE_03,demo,demo:DE30,DE30,2,11,city:2825297,city:2935517,283.0
demo:DE30_0_WE_04,demo,demo:DE30,DE30,2,11,city:2825297,city:2935517,283.0
demo:DE30_0_WE_05,demo,demo:DE30,DE30,2,11,city:2825297,city:2935517,283.0
demo:DE30_0_WE_06,demo,demo:DE30,DE30,2,11,city:2825297,city:2935517,283.0
demo:DE30_1_WD_00,demo,demo:DE30,DE30,5,11,city:2935517,city:2825297,283.0
demo:DE30_1_WD_01,demo,demo:DE30,DE30,5,11,city:2935517,city:2825297,283.0
demo:DE30_1_WD_02,demo,demo:DE30,DE30,5,11,city:2935517,city:2825297,283.0
demo:DE30_1_WD_03,demo,demo:DE30,DE30,5,11,city:2935517,city:2825297,283.0
demo:DE30_1_WD_04,demo,demo:DE30,DE30,5,11,city:2935517,city:2825297,283.0
demo:DE30_1_WD_05,demo,demo:DE30,DE30,5,11,city:2935517,city:2825297,283.0
demo:DE30_1_WD_06,demo,demo:DE30,DE30,5,11,city:2935517,city:2825297,283.0
demo:DE30_1_WD_07,demo,demo:DE30,DE30,5,11,city:2935517,city:2825297,283.0
demo:DE30_1_WE_00,demo,demo:DE30,DE30,2,11,city:2935517,city:2825297,283.0
demo:DE30_1_WE_01,demo,demo:DE30,DE30,2,11,city:2935517,city:2825297,283.0
demo:DE30_1_WE_02,demo,demo:DE30,DE30,2,11,city:2935517,city:2825297,283.0
demo:DE30_1_WE_03,demo,demo:DE30,DE30,2,11,city:2935517,city:2825297,283.0
demo:DE30_1_WE_04,demo,demo:DE30,DE30,2,11,city:2935517,city:2825297,283.0
demo:DE30_1_WE_05,demo,demo:DE30,DE30,2,11,city:2935517,city:2825297,283.0
demo:DE30_1_WE_06,demo,demo:DE30,DE30,2,11,city:2935517,city:2825297,283.0
demo:DE31_0_WD_00,demo,demo:DE31,DE31,5,4,city:2925533,city:2892794,80.0
demo:DE31_0_WD_01,demo,demo:DE31,DE31,5,4,city:2925533,city:2892794,80.0
demo:DE31_0_WD_02,demo,demo:DE31,DE31,5,4,city:2925533,city:2892794,80.0
demo:DE31_0_WD_03,demo,demo:DE31,DE31,5,4,city:2925533,city:2892794,80.0
demo:DE31_0_WD_04,demo,demo:DE31,DE31,5,4,city:2925533,city:2892794,80.0
demo:DE31_0_WD_05,demo,demo:DE31,DE31,5,4,city:2925533,city:2892794,80.0
demo:DE31_0_WD_06,demo,demo:DE31,DE31,5,4,city:2925533,city:2892794,80.0
demo:DE31_0_WD_07,demo,demo:DE31,DE31,5,4,city:2925533,city:2892794,80.0
demo:DE31_0_WE_00,demo,demo:DE31,DE31,2,4,city:2925533,city:2892794,80.0
demo:DE31_0_WE_01,demo,demo:DE31,DE31,2,4,city:2925533,city:2892794,80.0
demo:DE31_0_WE_02,demo,demo:DE31,DE31,2,4,city:2925533,city:2892794,80.0
demo:DE31_0_WE_03,demo,demo:DE31,DE31,2,4,city:2925533,city:2892794,80.0
demo:DE31_0_WE_04,demo,demo:DE31,DE31,2,4,city:2925533,city:2892794,80.0
demo:DE31_0_WE_05,demo,demo:DE31,DE31,2,4,city:2925533,city:2892794,80.0
demo:DE31_0_WE_06,demo,demo:DE31,DE31,2,4,city:2925533,city:2892794,80.0
demo:DE31_1_WD_00,demo,demo:DE31,DE31,5,4,city:2892794,city:2925533,80.0
demo:DE31_1_WD_01,demo,demo:DE31,DE31,5,4,city:2892794,city:2925533,80.0
demo:DE31_1_WD_02,demo,demo:DE31,DE31,5,4,city:2892794,city:2925533,80.0
demo:DE31_1_WD_03,demo,demo:DE31,DE31,5,4,city:2892794,city:2925533,80.0
demo:DE31_1_WD_04,demo,demo:DE31,DE31,5,4,city:2892794,city:2925533,80.0
demo:DE31_1_WD_05,demo,demo:DE31,DE31,5,4,city:2892794,city:2925533,80.0
demo:DE31_1_WD_06,demo,demo:DE31,DE31,5,4,city:2892794,city:2925533,80.0
demo:DE31_1_WD_07,demo,demo:DE31,DE31,5,4,city:2892794,city:2925533,80.0
demo:DE31_1_WE_00,demo,demo:DE31,DE31,2,4,city:2892794,city:2925533,80.0
demo:DE31_1_WE_01,demo,demo:DE31,DE31,2,4,city:2892794,city:2925533,80.0
demo:DE31_1_WE_02,demo,demo:DE31,DE31,2,4,city:2892794,city:2925533,80.0
demo:DE31_1_WE_03,demo,demo:DE31,DE31,2,4,city:2892794,city:2925533,80.0
demo:DE31_1_WE_04,demo,demo:DE31,DE31,2,4,city:2892794,city:2925533,80.0
demo:DE31_1_WE_05,demo,demo:DE31,DE31,2,4,city:2892794,city:2925533,80.0
demo:DE31_1_WE_06,demo,demo:DE31,DE31,2,4,city:2892794,city:2925533,80.0
demo:DE32_0_WD_00,demo,demo:DE32,DE32,5,5,city:2988507,city:2925533,225.0
demo:DE32_0_WD_01,demo,demo:DE32,DE32,5,5,city:2988507,city:2925533,225.0
demo:DE32_0_WD_02,demo,demo:DE32,DE32,5,5,city:2988507,city:2925533,225.0
demo:DE32_0_WD_03,demo,demo:DE32,DE32,5,5,city:2988507,city:2925533,225.0
demo:DE32_0_WD_04,demo,demo:DE32,DE32,5,5,city:2988507,city:2925533,225.0
demo:DE32_0_WE_00,demo,demo:DE32,DE32,2,5,city:2988507,city:2925533,225.0
demo:DE32_0_WE_01,demo,demo:DE32,DE32,2,5,city:2988507,city:2925533,225.0
demo:DE32_0_WE_02,demo,demo:DE32,DE32,2,5,city:2988507,city:2925533,225.0
demo:DE32_0_WE_03,demo,demo:DE32,DE32,2,5,city:2988507,city:2925533,225.0
demo:DE32_1_WD_00,demo,demo:DE32,DE32,5,5,city:2925533,city:2988507,225.0
demo:DE32_1_WD_01,demo,demo:DE32,DE32,5,5,city:2925533,city:2988507,225.0
demo:DE32_1_WD_02,demo,demo:DE32,DE32,5,5,city:2925533,city:2988507,225.0
demo:DE32_1_WD_03,demo,demo:DE32,DE32,5,5,city:2925533,city:2988507,225.0
demo:DE32_1_WD_04,demo,demo:DE32,DE32,5,5,city:2925533,city:2988507,225.0
demo:DE32_1_WE_00,demo,demo:DE32,DE32,2,5,city:2925533,city:2988507,225.0
demo:DE32_1_WE_01,demo,demo:DE32,DE32,2,5,city:2925533,city:2988507,225.0
demo:DE32_1_WE_02,demo,demo:DE32,DE32,2,5,city:2925533,city:2988507,225.0
demo:DE32_1_WE_03,demo,demo:DE32,DE32,2,5,city:2925533,city:2988507,225.0
demo:DE33_0_WD_00,demo,demo:DE33,DE33,5,4,city:2988507,city:2825297,190.0
demo:DE33_0_WD_01,demo,demo:DE33,DE33,5,4,city:2988507,city:2825297,190.0
demo:DE33_0_WD_02,demo,demo:DE33,DE33,5,4,city:2988507,city:2825297,190.0
demo:DE33_0_WE_00,demo,demo:DE33,DE33,2,4,city:2988507,city:2825297,190.0
demo:DE33_0_WE_01,demo,demo:DE33,DE33,2,4,city:2988507,city:2825297,190.0
demo:DE33_0_WE_02,demo,demo:DE33,DE33,2,4,city:2988507,city:2825297,190.0
demo:DE33_1_WD_00,demo,demo:DE33,DE33,5,4,city:2825297,city:2988507,190.0
demo:DE33_1_WD_01,demo,demo:DE33,DE33,5,4,city:2825297,city:2988507,190.0
demo:DE33_1_WD_02,demo,demo:DE33,DE33,5,4,city:2825297,city:2988507,190.0
demo:DE33_1_WE_00,demo,demo:DE33,DE33,2,4,city:2825297,city:2988507,190.0
demo:DE33_1_WE_01,demo,demo:DE33,DE33,2,4,city:2825297,city:2988507,190.0
demo:DE33_1_WE_02,demo,demo:DE33,DE33,2,4,city:2825297,city:2988507,190.0
demo:DE34_0_WD_00,demo,demo:DE34,DE34,5,7,city:2988507,city:2867714,318.0
demo:DE34_0_WD_01,demo,demo:DE34,DE34,5,7,city:2988507,city:2867714,318.0
demo:DE34_0_WE_00,demo,demo:DE34,DE34,2,7,city:2988507,city:2867714,318.0
demo:DE34_0_WE_01,demo,demo:DE34,DE34,2,7,city:2988507,city:2867714,318.0
demo:DE34_1_WD_00,demo,demo:DE34,DE34,5,7,city:2867714,city:2988507,318.0
demo:DE34_1_WD_01,demo,demo:DE34,DE34,5,7,city:2867714,city:2988507,318.0
demo:DE34_1_WE_00,demo,demo:DE34,DE34,2,7,city:2867714,city:2988507,318.0
demo:DE34_1_WE_01,demo,demo:DE34,DE34,2,7,city:2867714,city:2988507,318.0
demo:DE35_0_WD_00,demo,demo:DE35,DE35,5,11,city:2995469,city:2925533,415.0
demo:DE35_0_WE_00,demo,demo:DE35,DE35,2,11,city:2995469,city:2925533,415.0
demo:DE35_1_WD_00,demo,demo:DE35,DE35,5,11,city:2925533,city:2995469,415.0
demo:DE35_1_WE_00,demo,demo:DE35,DE35,2,11,city:2925533,city:2995469,415.0
demo:DE36_0_WD_00,demo,demo:DE36,DE36,5,5,city:2950159,city:756135,320.0
demo:DE36_0_WD_01,demo,demo:DE36,DE36,5,5,city:2950159,city:756135,320.0
demo:DE36_0_WD_02,demo,demo:DE36,DE36,5,5,city:2950159,city:756135,320.0
demo:DE36_0_WD_03,demo,demo:DE36,DE36,5,5,city:2950159,city:756135,320.0
demo:DE36_0_WE_00,demo,demo:DE36,DE36,2,5,city:2950159,city:756135,320.0
demo:DE36_0_WE_01,demo,demo:DE36,DE36,2,5,city:2950159,city:756135,320.0
demo:DE36_0_WE_02,demo,demo:DE36,DE36,2,5,city:2950159,city:756135,320.0
demo:DE36_1_WD_00,demo,demo:DE36,DE36,5,5,city:756135,city:2950159,320.0
demo:DE36_1_WD_01,demo,demo:DE36,DE36,5,5,city:756135,city:2950159,320.0
demo:DE36_1_WD_02,demo,demo:DE36,DE36,5,5,city:756135,city:2950159,320.0
demo:DE36_1_WD_03,demo,demo:DE36,DE36,5,5,city:756135,city:2950159,320.0
demo:DE36_1_WE_00,demo,demo:DE36,DE36,2,5,city:756135,city:2950159,320.0
demo:DE36_1_WE_01,demo,demo:DE36,DE36,2,5,city:756135,city:2950159,320.0
demo:DE36_1_WE_02,demo,demo:DE36,DE36,2,5,city:756135,city:2950159,320.0
demo:DE37_0_WD_00,demo,demo:DE37,DE37,5,7,city:2867714,city:3067696,336.0
demo:DE37_0_WD_01,demo,demo:DE37,DE37,5,7,city:2867714,city:3067696,334.0
demo:DE37_0_WD_02,demo,demo:DE37,DE37,5,7,city:2867714,city:3067696,336.0
demo:DE37_0_WD_03,demo,demo:DE37,DE37,5,7,city:2867714,city:3067696,334.0
demo:DE37_0_WD_04,demo,demo:DE37,DE37,5,7,city:2867714,city:3067696,336.0
demo:DE37_0_WD_05,demo,demo:DE37,DE37,5,7,city:2867714,city:3067696,334.0
demo:DE37_0_WE_00,demo,demo:DE37,DE37,2,7,city:2867714,city:3067696,335.0
demo:DE37_0_WE_01,demo,demo:DE37,DE37,2,7,city:2867714,city:3067696,335.0
demo:DE37_0_WE_02,demo,demo:DE37,DE37,2,7,city:2867714,city:3067696,335.0
demo:DE37_0_WE_03,demo,demo:DE37,DE37,2,7,city:2867714,city:3067696,335.0
demo:DE37_0_WE_04,demo,demo:DE37,DE37,2,7,city:2867714,city:3067696,335.0
demo:DE37_1_WD_00,demo,demo:DE37,DE37,5,7,city:3067696,city:2867714,336.0
demo:DE37_1_WD_01,demo,demo:DE37,DE37,5,7,city:3067696,city:2867714,334.0
demo:DE37_1_WD_02,demo,demo:DE37,DE37,5,7,city:3067696,city:2867714,336.0
demo:DE37_1_WD_03,demo,demo:DE37,DE37,5,7,city:3067696,city:2867714,334.0
demo:DE37_1_WD_04,demo,demo:DE37,DE37,5,7,city:3067696,city:2867714,336.0
demo:DE37_1_WD_05,demo,demo:DE37,DE37,5,7,city:3067696,city:2867714,334.0
demo:DE37_1_WE_00,demo,demo:DE37,DE37,2,7,city:3067696,city:2867714,335.0
demo:DE37_1_WE_01,demo,demo:DE37,DE37,2,7,city:3067696,city:2867714,335.0
demo:DE37_1_WE_02,demo,demo:DE37,DE37,2,7,city:3067696,city:2867714,335.0
demo:DE37_1_WE_03,demo,demo:DE37,DE37,2,7,city:3067696,city:2867714,335.0
demo:DE37_1_WE_04,demo,demo:DE37,DE37,2,7,city:3067696,city:2867714,335.0
demo:DE38_0_WD_00,demo,demo:DE38,DE38,5,10,city:2911298,city:2618425,290.0
demo:DE38_0_WD_01,demo,demo:DE38,DE38,5,10,city:2911298,city:2618425,290.0
demo:DE38_0_WD_02,demo,demo:DE38,DE38,5,10,city:2911298,city:2618425,290.0
demo:DE38_0_WD_03,demo,demo:DE38,DE38,5,10,city:2911298,city:2618425,290.0
demo:DE38_0_WD_04,demo,demo:DE38,DE38,5,10,city:2911298,city:2618425,290.0
demo:DE38_0_WE_00,demo,demo:DE38,DE38,2,10,city:2911298,city:2618425,290.0
demo:DE38_0_WE_01,demo,demo:DE38,DE38,2,10,city:2911298,city:2618425,290.0
demo:DE38_0_WE_02,demo,demo:DE38,DE38,2,10,city:2911298,city:2618425,290.0
demo:DE38_0_WE_03,demo,demo:DE38,DE38,2,10,city:2911298,city:2618425,290.0
demo:DE38_1_WD_00,demo,demo:DE38,DE38,5,10,city:2618425,city:2911298,290.0
demo:DE38_1_WD_01,demo,demo:DE38,DE38,5,10,city:2618425,city:2911298,290.0
demo:DE38_1_WD_02,demo,demo:DE38,DE38,5,10,city:2618425,city:2911298,290.0
demo:DE38_1_WD_03,demo,demo:DE38,DE38,5,10,city:2618425,city:2911298,290.0
demo:DE38_1_WD_04,demo,demo:DE38,DE38,5,10,city:2618425,city:2911298,290.0
demo:DE38_1_WE_00,demo,demo:DE38,DE38,2,10,city:2618425,city:2911298,290.0
demo:DE38_1_WE_01,demo,demo:DE38,DE38,2,10,city:2618425,city:2911298,290.0
demo:DE38_1_WE_02,demo,demo:DE38,DE38,2,10,city:2618425,city:2911298,290.0
demo:DE38_1_WE_03,demo,demo:DE38,DE38,2,10,city:2618425,city:2911298,290.0
demo:DE39_0_WD_00,demo,demo:DE39,DE39,5,2,city:2867714,city:2861650,62.0
demo:DE39_0_WD_01,demo,demo:DE39,DE39,5,2,city:2867714,city:2861650,62.0
demo:DE39_0_WD_02,demo,demo:DE39,DE39,5,2,city:2867714,city:2861650,62.0
demo:DE39_0_WD_03,demo,demo:DE39,DE39,5,2,city:2867714,city:2861650,62.0
demo:DE39_0_WD_04,demo,demo:DE39,DE39,5,2,city:2867714,city:2861650,62.0
demo:DE39_0_WD_05,demo,demo:DE39,DE39,5,2,city:2867714,city:2861650,62.0
demo:DE39_0_WE_00,demo,demo:DE39,DE39,2,2,city:2867714,city:2861650,62.0
demo:DE39_0_WE_01,demo,demo:DE39,DE39,2,2,city:2867714,city:2861650,62.0
demo:DE39_0_WE_02,demo,demo:DE39,DE39,2,2,city:2867714,city:2861650,62.0
demo:DE39_0_WE_03,demo,demo:DE39,DE39,2,2,city:2867714,city:2861650,62.0
demo:DE39_0_WE_04,demo,demo:DE39,DE39,2,2,city:2867714,city:2861650,62.0
demo:DE39_1_WD_00,demo,demo:DE39,DE39,5,2,city:2861650,city:2867714,62.0
demo:DE39_1_WD_01,demo,demo:DE39,DE39,5,2,city:2861650,city:2867714,62.0
demo:DE39_1_WD_02,demo,demo:DE39,DE39,5,2,city:2861650,city:2867714,62.0
demo:DE39_1_WD_03,demo,demo:DE39,DE39,5,2,city:2861650,city:2867714,62.0
demo:DE39_1_WD_04,demo,demo:DE39,DE39,5,2,city:2861650,city:2867714,62.0
demo:DE39_1_WD_05,demo,demo:DE39,DE39,5,2,city:2861650,city:2867714,62.0
demo:DE39_1_WE_00,demo,demo:DE39,DE39,2,2,city:2861650,city:2867714,62.0
demo:DE39_1_WE_01,demo,demo:DE39,DE39,2,2,city:2861650,city:2867714,62.0
demo:DE39_1_WE_02,demo,demo:DE39,DE39,2,2,city:2861650,city:2867714,62.0
demo:DE39_1_WE_03,demo,demo:DE39,DE39,2,2,city:2861650,city:2867714,62.0
demo:DE39_1_WE_04,demo,demo:DE39,DE39,2,2,city:2861650,city:2867714,62.0
demo:DE40_0_WD_00,demo,demo:DE40,DE40,5,2,city:2911298,city:2875601,45.0
demo:DE40_0_WD_01,demo,demo:DE40,DE40,5,2,city:2911298,city:2875601,45.0
demo:DE40_0_WD_02,demo,demo:DE40,DE40,5,2,city:2911298,city:2875601,45.0
demo:DE40_0_WD_03,demo,demo:DE40,DE40,5,2,city:2911298,city:2875601,45.0
demo:DE40_0_WD_04,demo,demo:DE40,DE40,5,2,city:2911298,city:2875601,45.0
demo:DE40_0_WD_05,demo,demo:DE40,DE40,5,2,city:2911298,city:2875601,45.0
demo:DE40_0_WD_06,demo,demo:DE40,DE40,5,2,city:2911298,city:2875601,45.0
demo:DE40_0_WD_07,demo,demo:DE40,DE40,5,2,city:2911298,city:2875601,45.0
demo:DE40_0_WE_00,demo,demo:DE40,DE40,2,2,city:2911298,city:2875601,45.0
demo:DE40_0_WE_01,demo,demo:DE40,DE40,2,2,city:2911298,city:2875601,45.0
demo:DE40_0_WE_02,demo,demo:DE40,DE40,2,2,city:2911298,city:2875601,45.0
demo:DE40_0_WE_03,demo,demo:DE40,DE40,2,2,city:2911298,city:2875601,45.0
demo:DE40_0_WE_04,demo,demo:DE40,DE40,2,2,city:2911298,city:2875601,45.0
demo:DE40_0_WE_05,demo,demo:DE40,DE40,2,2,city:2911298,city:2875601,45.0
demo:DE40_0_WE_06,demo,demo:DE40,DE40,2,2,city:2911298,city:2875601,45.0
demo:DE40_1_WD_00,demo,demo:DE40,DE40,5,2,city:2875601,city:2911298,45.0
demo:DE40_1_WD_01,demo,demo:DE40,DE40,5,2,city:2875601,city:2911298,45.0
demo:DE40_1_WD_02,demo,demo:DE40,DE40,5,2,city:2875601,city:2911298,45.0
demo:DE40_1_WD_03,demo,demo:DE40,DE40,5,2,city:2875601,city:2911298,45.0
demo:DE40_1_WD_04,demo,demo:DE40,DE40,5,2,city:2875601,city:2911298,45.0
demo:DE40_1_WD_05,demo,demo:DE40,DE40,5,2,city:2875601,city:2911298,45.0
demo:DE40_1_WD_06,demo,demo:DE40,DE40,5,2,city:2875601,city:2911298,45.0
demo:DE40_1_WD_07,demo,demo:DE40,DE40,5,2,city:2875601,city:2911298,45.0
demo:DE40_1_WE_00,demo,demo:DE40,DE40,2,2,city:2875601,city:2911298,45.0
demo:DE40_1_WE_01,demo,demo:DE40,DE40,2,2,city:2875601,city:2911298,45.0
demo:DE40_1_WE_02,demo,demo:DE40,DE40,2,2,city:2875601,city:2911298,45.0
demo:DE40_1_WE_03,demo,demo:DE40,DE40,2,2,city:2875601,city:2911298,45.0
demo:DE40_1_WE_04,demo,demo:DE40,DE40,2,2,city:2875601,city:2911298,45.0
demo:DE40_1_WE_05,demo,demo:DE40,DE40,2,2,city:2875601,city:2911298,45.0
demo:DE40_1_WE_06,demo,demo:DE40,DE40,2,2,city:2875601,city:2911298,45.0
demo:DK01_0_WD_00,demo,demo:DK01,DK01,5,9,city:2618425,city:2624652,165.0
demo:DK01_0_WD_01,demo,demo:DK01,DK01,5,9,city:2618425,city:2624652,165.0
demo:DK01_0_WD_02,demo,demo:DK01,DK01,5,9,city:2618425,city:2624652,165.0
demo:DK01_0_WD_03,demo,demo:DK01,DK01,5,9,city:2618425,city:2624652,165.0
demo:DK01_0_WD_04,demo,demo:DK01,DK01,5,9,city:2618425,city:2624652,165.0
demo:DK01_0_WD_05,demo,demo:DK01,DK01,5,9,city:2618425,city:2624652,165.0
demo:DK01_0_WD_06,demo,demo:DK01,DK01,5,9,city:2618425,city:2624652,165.0
demo:DK01_0_WD_07,demo,demo:DK01,DK01,5,9,city:2618425,city:2624652,165.0
demo:DK01_0_WD_08,demo,demo:DK01,DK01,5,9,city:2618425,city:2624652,165.0
demo:DK01_0_WD_09,demo,demo:DK01,DK01,5,9,city:2618425,city:2624652,165.0
demo:DK01_0_WD_10,demo,demo:DK01,DK01,5,9,city:2618425,city:2624652,165.0
demo:DK01_0_WD_11,demo,demo:DK01,DK01,5,9,city:2618425,city:2624652,165.0
demo:DK01_0_WD_12,demo,demo:DK01,DK01,5,9,city:2618425,city:2624652,165.0
demo:DK01_0_WD_13,demo,demo:DK01,DK01,5,9,city:2618425,city:2624652,165.0
demo:DK01_0_WD_14,demo,demo:DK01,DK01,5,9,city:2618425,city:2624652,165.0
demo:DK01_0_WD_15,demo,demo:DK01,DK01,5,9,city:2618425,city:2624652,165.0
demo:DK01_0_WD_16,demo,demo:DK01,DK01,5,9,city:2618425,city:2624652,165.0
demo:DK01_0_WD_17,demo,demo:DK01,DK01,5,9,city:2618425,city:2624652,165.0
demo:DK01_0_WD_18,demo,demo:DK01,DK01,5,9,city:2618425,city:2624652,165.0
demo:DK01_0_WD_19,demo,demo:DK01,DK01,5,9,city:2618425,city:2624652,165.0
demo:DK01_0_WD_20,demo,demo:DK01,DK01,5,9,city:2618425,city:2624652,165.0
demo:DK01_0_WD_21,demo,demo:DK01,DK01,5,9,city:2618425,city:2624652,165.0
demo:DK01_0_WD_22,demo,demo:DK01,DK01,5,9,city:2618425,city:2624652,165.0
demo:DK01_0_WD_23,demo,demo:DK01,DK01,5,9,city:2618425,city:2624652,165.0
demo:DK01_0_WD_24,demo,demo:DK01,DK01,5,9,city:2618425,city:2624652,165.0
demo:DK01_0_WD_25,demo,demo:DK01,DK01,5,9,city:2618425,city:2624652,165.0
demo:DK01_0_WD_26,demo,demo:DK01,DK01,5,9,city:2618425,city:2624652,165.0
demo:DK01_0_WD_27,demo,demo:DK01,DK01,5,9,city:2618425,city:2624652,165.0
demo:DK01_0_WD_28,demo,demo:DK01,DK01,5,9,city:2618425,city:2624652,165.0
demo:DK01_0_WD_29,demo,demo:DK01,DK01,5,9,city:2618425,city:2624652,165.0
demo:DK01_0_WD_30,demo,demo:DK01,DK01,5,9,city:2618425,city:2624652,165.0
demo:DK01_0_WD_31,demo,demo:DK01,DK01,5,9,city:2618425,city:2624652,165.0
demo:DK01_0_WE_00,demo,demo:DK01,DK01,2,9,city:2618425,city:2624652,165.0
demo:DK01_0_WE_01,demo,demo:DK01,DK01,2,9,city:2618425,city:2624652,165.0
demo:DK01_0_WE_02,demo,demo:DK01,DK01,2,9,city:2618425,city:2624652,165.0
demo:DK01_0_WE_03,demo,demo:DK01,DK01,2,9,city:2618425,city:2624652,165.0
demo:DK01_0_WE_04,demo,demo:DK01,DK01,2,9,city:2618425,city:2624652,165.0
demo:DK01_0_WE_05,demo,demo:DK01,DK01,2,9,city:2618425,city:2624652,165.0
demo:DK01_0_WE_06,demo,demo:DK01,DK01,2,9,city:2618425,city:2624652,165.0
demo:DK01_0_WE_07,demo,demo:DK01,DK01,2,9,city:2618425,city:2624652,165.0
demo:DK01_0_WE_08,demo,demo:DK01,DK01,2,9,city:2618425,city:2624652,165.0
demo:DK01_0_WE_09,demo,demo:DK01,DK01,2,9,city:2618425,city:2624652,165.0
demo:DK01_0_WE_10,demo,demo:DK01,DK01,2,9,city:2618425,city:2624652,165.0
demo:DK01_0_WE_11,demo,demo:DK01,DK01,2,9,city:2618425,city:2624652,165.0
demo:DK01_0_WE_12,demo,demo:DK01,DK01,2,9,city:2618425,city:2624652,165.0
demo:DK01_0_WE_13,demo,demo:DK01,DK01,2,9,city:2618425,city:2624652,165.0
demo:DK01_0_WE_14,demo,demo:DK01,DK01,2,9,city:2618425,city:2624652,165.0
demo:DK01_0_WE_15,demo,demo:DK01,DK01,2,9,city:2618425,city:2624652,165.0
demo:DK01_0_WE_16,demo,demo:DK01,DK01,2,9,city:2618425,city:2624652,165.0
demo:DK01_0_WE_17,demo,demo:DK01,DK01,2,9,city:2618425,city:2624652,165.0
demo:DK01_0_WE_18,demo,demo:DK01,DK01,2,9,city:2618425,city:2624652,165.0
demo:DK01_0_WE_19,demo,demo:DK01,DK01,2,9,city:2618425,city:2624652,165.0
demo:DK01_0_WE_20,demo,demo:DK01,DK01,2,9,city:2618425,city:2624652,165.0
demo:DK01_0_WE_21,demo,demo:DK01,DK01,2,9,city:2618425,city:2624652,165.0
demo:DK01_0_WE_22,demo,demo:DK01,DK01,2,9,city:2618425,city:2624652,165.0
demo:DK01_0_WE_23,demo,demo:DK01,DK01,2,9,city:2618425,city:2624652,165.0
demo:DK01_0_WE_24,demo,demo:DK01,DK01,2,9,city:2618425,city:2624652,165.0
demo:DK01_0_WE_25,demo,demo:DK01,DK01,2,9,city:2618425,city:2624652,165.0
demo:DK01_0_WE_26,demo,demo:DK01,DK01,2,9,city:2618425,city:2624652,165.0
demo:DK01_1_WD_00,demo,demo:DK01,DK01,5,9,city:2624652,city:2618425,165.0
demo:DK01_1_WD_01,demo,demo:DK01,DK01,5,9,city:2624652,city:2618425,165.0
demo:DK01_1_WD_02,demo,demo:DK01,DK01,5,9,city:2624652,city:2618425,165.0
demo:DK01_1_WD_03,demo,demo:DK01,DK01,5,9,city:2624652,city:2618425,165.0
demo:DK01_1_WD_04,demo,demo:DK01,DK01,5,9,city:2624652,city:2618425,165.0
demo:DK01_1_WD_05,demo,demo:DK01,DK01,5,9,city:2624652,city:2618425,165.0
demo:DK01_1_WD_06,demo,demo:DK01,DK01,5,9,city:2624652,city:2618425,165.0
demo:DK01_1_WD_07,demo,demo:DK01,DK01,5,9,city:2624652,city:2618425,165.0
demo:DK01_1_WD_08,demo,demo:DK01,DK01,5,9,city:2624652,city:2618425,165.0
demo:DK01_1_WD_09,demo,demo:DK01,DK01,5,9,city:2624652,city:2618425,165.0
demo:DK01_1_WD_10,demo,demo:DK01,DK01,5,9,city:2624652,city:2618425,165.0
demo:DK01_1_WD_11,demo,demo:DK01,DK01,5,9,city:2624652,city:2618425,165.0
demo:DK01_1_WD_12,demo,demo:DK01,DK01,5,9,city:2624652,city:2618425,165.0
demo:DK01_1_WD_13,demo,demo:DK01,DK01,5,9,city:2624652,city:2618425,165.0
demo:DK01_1_WD_14,demo,demo:DK01,DK01,5,9,city:2624652,city:2618425,165.0
demo:DK01_1_WD_15,demo,demo:DK01,DK01,5,9,city:2624652,city:2618425,165.0
demo:DK01_1_WD_16,demo,demo:DK01,DK01,5,9,city:2624652,city:2618425,165.0
demo:DK01_1_WD_17,demo,demo:DK01,DK01,5,9,city:2624652,city:2618425,165.0
demo:DK01_1_WD_18,demo,demo:DK01,DK01,5,9,city:2624652,city:2618425,165.0
demo:DK01_1_WD_19,demo,demo:DK01,DK01,5,9,city:2624652,city:2618425,165.0
demo:DK01_1_WD_20,demo,demo:DK01,DK01,5,9,city:2624652,city:2618425,165.0
demo:DK01_1_WD_21,demo,demo:DK01,DK01,5,9,city:2624652,city:2618425,165.0
demo:DK01_1_WD_22,demo,demo:DK01,DK01,5,9,city:2624652,city:2618425,165.0
demo:DK01_1_WD_23,demo,demo:DK01,DK01,5,9,city:2624652,city:2618425,165.0
demo:DK01_1_WD_24,demo,demo:DK01,DK01,5,9,city:2624652,city:2618425,165.0
demo:DK01_1_WD_25,demo,demo:DK01,DK01,5,9,city:2624652,city:2618425,165.0
demo:DK01_1_WD_26,demo,demo:DK01,DK01,5,9,city:2624652,city:2618425,165.0
demo:DK01_1_WD_27,demo,demo:DK01,DK01,5,9,city:2624652,city:2618425,165.0
demo:DK01_1_WD_28,demo,demo:DK01,DK01,5,9,city:2624652,city:2618425,165.0
demo:DK01_1_WD_29,demo,demo:DK01,DK01,5,9,city:2624652,city:2618425,165.0
demo:DK01_1_WD_30,demo,demo:DK01,DK01,5,9,city:2624652,city:2618425,165.0
demo:DK01_1_WD_31,demo,demo:DK01,DK01,5,9,city:2624652,city:2618425,165.0
demo:DK01_1_WE_00,demo,demo:DK01,DK01,2,9,city:2624652,city:2618425,165.0
demo:DK01_1_WE_01,demo,demo:DK01,DK01,2,9,city:2624652,city:2618425,165.0
demo:DK01_1_WE_02,demo,demo:DK01,DK01,2,9,city:2624652,city:2618425,165.0
demo:DK01_1_WE_03,demo,demo:DK01,DK01,2,9,city:2624652,city:2618425,165.0
demo:DK01_1_WE_04,demo,demo:DK01,DK01,2,9,city:2624652,city:2618425,165.0
demo:DK01_1_WE_05,demo,demo:DK01,DK01,2,9,city:2624652,city:2618425,165.0
demo:DK01_1_WE_06,demo,demo:DK01,DK01,2,9,city:2624652,city:2618425,165.0
demo:DK01_1_WE_07,demo,demo:DK01,DK01,2,9,city:2624652,city:2618425,165.0
demo:DK01_1_WE_08,demo,demo:DK01,DK01,2,9,city:2624652,city:2618425,165.0
demo:DK01_1_WE_09,demo,demo:DK01,DK01,2,9,city:2624652,city:2618425,165.0
demo:DK01_1_WE_10,demo,demo:DK01,DK01,2,9,city:2624652,city:2618425,165.0
demo:DK01_1_WE_11,demo,demo:DK01,DK01,2,9,city:2624652,city:2618425,165.0
demo:DK01_1_WE_12,demo,demo:DK01,DK01,2,9,city:2624652,city:2618425,165.0
demo:DK01_1_WE_13,demo,demo:DK01,DK01,2,9,city:2624652,city:2618425,165.0
demo:DK01_1_WE_14,demo,demo:DK01,DK01,2,9,city:2624652,city:2618425,165.0
demo:DK01_1_WE_15,demo,demo:DK01,DK01,2,9,city:2624652,city:2618425,165.0
demo:DK01_1_WE_16,demo,demo:DK01,DK01,2,9,city:2624652,city:2618425,165.0
demo:DK01_1_WE_17,demo,demo:DK01,DK01,2,9,city:2624652,city:2618425,165.0
demo:DK01_1_WE_18,demo,demo:DK01,DK01,2,9,city:2624652,city:2618425,165.0
demo:DK01_1_WE_19,demo,demo:DK01,DK01,2,9,city:2624652,city:2618425,165.0
demo:DK01_1_WE_20,demo,demo:DK01,DK01,2,9,city:2624652,city:2618425,165.0
demo:DK01_1_WE_21,demo,demo:DK01,DK01,2,9,city:2624652,city:2618425,165.0
demo:DK01_1_WE_22,demo,demo:DK01,DK01,2,9,city:2624652,city:2618425,165.0
demo:DK01_1_WE_23,demo,demo:DK01,DK01,2,9,city:2624652,city:2618425,165.0
demo:DK01_1_WE_24,demo,demo:DK01,DK01,2,9,city:2624652,city:2618425,165.0
demo:DK01_1_WE_25,demo,demo:DK01,DK01,2,9,city:2624652,city:2618425,165.0
demo:DK01_1_WE_26,demo,demo:DK01,DK01,2,9,city:2624652,city:2618425,165.0
demo:DK02_0_WD_00,demo,demo:DK02,DK02,5,7,city:2618425,city:2624886,245.0
demo:DK02_0_WD_01,demo,demo:DK02,DK02,5,7,city:2618425,city:2624886,245.0
demo:DK02_0_WD_02,demo,demo:DK02,DK02,5,7,city:2618425,city:2624886,245.0
demo:DK02_0_WD_03,demo,demo:DK02,DK02,5,7,city:2618425,city:2624886,245.0
demo:DK02_0_WD_04,demo,demo:DK02,DK02,5,7,city:2618425,city:2624886,245.0
demo:DK02_0_WD_05,demo,demo:DK02,DK02,5,7,city:2618425,city:2624886,245.0
demo:DK02_0_WD_06,demo,demo:DK02,DK02,5,7,city:2618425,city:2624886,245.0
demo:DK02_0_WD_07,demo,demo:DK02,DK02,5,7,city:2618425,city:2624886,245.0
demo:DK02_0_WD_08,demo,demo:DK02,DK02,5,7,city:2618425,city:2624886,245.0
demo:DK02_0_WD_09,demo,demo:DK02,DK02,5,7,city:2618425,city:2624886,245.0
demo:DK02_0_WD_10,demo,demo:DK02,DK02,5,7,city:2618425,city:2624886,245.0
demo:DK02_0_WD_11,demo,demo:DK02,DK02,5,7,city:2618425,city:2624886,245.0
demo:DK02_0_WD_12,demo,demo:DK02,DK02,5,7,city:2618425,city:2624886,245.0
demo:DK02_0_WD_13,demo,demo:DK02,DK02,5,7,city:2618425,city:2624886,245.0
demo:DK02_0_WD_14,demo,demo:DK02,DK02,5,7,city:2618425,city:2624886,245.0
demo:DK02_0_WD_15,demo,demo:DK02,DK02,5,7,city:2618425,city:2624886,245.0
demo:DK02_0_WE_00,demo,demo:DK02,DK02,2,7,city:2618425,city:2624886,245.0
demo:DK02_0_WE_01,demo,demo:DK02,DK02,2,7,city:2618425,city:2624886,245.0
demo:DK02_0_WE_02,demo,demo:DK02,DK02,2,7,city:2618425,city:2624886,245.0
demo:DK02_0_WE_03,demo,demo:DK02,DK02,2,7,city:2618425,city:2624886,244.0
demo:DK02_0_WE_04,demo,demo:DK02,DK02,2,7,city:2618425,city:2624886,245.0
demo:DK02_0_WE_05,demo,demo:DK02,DK02,2,7,city:2618425,city:2624886,245.0
demo:DK02_0_WE_06,demo,demo:DK02,DK02,2,7,city:2618425,city:2624886,245.0
demo:DK02_0_WE_07,demo,demo:DK02,DK02,2,7,city:2618425,city:2624886,245.0
demo:DK02_0_WE_08,demo,demo:DK02,DK02,2,7,city:2618425,city:2624886,245.0
demo:DK02_0_WE_09,demo,demo:DK02,DK02,2,7,city:2618425,city:2624886,245.0
demo:DK02_0_WE_10,demo,demo:DK02,DK02,2,7,city:2618425,city:2624886,246.0
demo:DK02_0_WE_11,demo,demo:DK02,DK02,2,7,city:2618425,city:2624886,245.0
demo:DK02_0_WE_12,demo,demo:DK02,DK02,2,7,city:2618425,city:2624886,245.0
demo:DK02_0_WE_13,demo,demo:DK02,DK02,2,7,city:2618425,city:2624886,245.0
demo:DK02_1_WD_00,demo,demo:DK02,DK02,5,7,city:2624886,city:2618425,245.0
demo:DK02_1_WD_01,demo,demo:DK02,DK02,5,7,city:2624886,city:2618425,245.0
demo:DK02_1_WD_02,demo,demo:DK02,DK02,5,7,city:2624886,city:2618425,245.0
demo:DK02_1_WD_03,demo,demo:DK02,DK02,5,7,city:2624886,city:2618425,245.0
demo:DK02_1_WD_04,demo,demo:DK02,DK02,5,7,city:2624886,city:2618425,245.0
demo:DK02_1_WD_05,demo,demo:DK02,DK02,5,7,city:2624886,city:2618425,245.0
demo:DK02_1_WD_06,demo,demo:DK02,DK02,5,7,city:2624886,city:2618425,245.0
demo:DK02_1_WD_07,demo,demo:DK02,DK02,5,7,city:2624886,city:2618425,245.0
demo:DK02_1_WD_08,demo,demo:DK02,DK02,5,7,city:2624886,city:2618425,245.0
demo:DK02_1_WD_09,demo,demo:DK02,DK02,5,7,city:2624886,city:2618425,245.0
demo:DK02_1_WD_10,demo,demo:DK02,DK02,5,7,city:2624886,city:2618425,245.0
demo:DK02_1_WD_11,demo,demo:DK02,DK02,5,7,city:2624886,city:2618425,245.0
demo:DK02_1_WD_12,demo,demo:DK02,DK02,5,7,city:2624886,city:2618425,245.0
demo:DK02_1_WD_13,demo,demo:DK02,DK02,5,7,city:2624886,city:2618425,245.0
demo:DK02_1_WD_14,demo,demo:DK02,DK02,5,7,city:2624886,city:2618425,245.0
demo:DK02_1_WD_15,demo,demo:DK02,DK02,5,7,city:2624886,city:2618425,245.0
demo:DK02_1_WE_00,demo,demo:DK02,DK02,2,7,city:2624886,city:2618425,245.0
demo:DK02_1_WE_01,demo,demo:DK02,DK02,2,7,city:2624886,city:2618425,245.0
demo:DK02_1_WE_02,demo,demo:DK02,DK02,2,7,city:2624886,city:2618425,245.0
demo:DK02_1_WE_03,demo,demo:DK02,DK02,2,7,city:2624886,city:2618425,244.0
demo:DK02_1_WE_04,demo,demo:DK02,DK02,2,7,city:2624886,city:2618425,245.0
demo:DK02_1_WE_05,demo,demo:DK02,DK02,2,7,city:2624886,city:2618425,245.0
demo:DK02_1_WE_06,demo,demo:DK02,DK02,2,7,city:2624886,city:2618425,245.0
demo:DK02_1_WE_07,demo,demo:DK02,DK02,2,7,city:2624886,city:2618425,245.0
demo:DK02_1_WE_08,demo,demo:DK02,DK02,2,7,city:2624886,city:2618425,245.0
demo:DK02_1_WE_09,demo,demo:DK02,DK02,2,7,city:2624886,city:2618425,245.0
demo:DK02_1_WE_10,demo,demo:DK02,DK02,2,7,city:2624886,city:2618425,246.0
demo:DK02_1_WE_11,demo,demo:DK02,DK02,2,7,city:2624886,city:2618425,245.0
demo:DK02_1_WE_12,demo,demo:DK02,DK02,2,7,city:2624886,city:2618425,245.0
demo:DK02_1_WE_13,demo,demo:DK02,DK02,2,7,city:2624886,city:2618425,245.0
demo:DK03_0_WD_00,demo,demo:DK03,DK03,5,6,city:2618425,city:2622447,165.0
demo:DK03_0_WD_01,demo,demo:DK03,DK03,5,6,city:2618425,city:2622447,165.0
demo:DK03_0_WD_02,demo,demo:DK03,DK03,5,6,city:2618425,city:2622447,165.0
demo:DK03_0_WD_03,demo,demo:DK03,DK03,5,6,city:2618425,city:2622447,165.0
demo:DK03_0_WD_04,demo,demo:DK03,DK03,5,6,city:2618425,city:2622447,165.0
demo:DK03_0_WD_05,demo,demo:DK03,DK03,5,6,city:2618425,city:2622447,165.0
demo:DK03_0_WD_06,demo,demo:DK03,DK03,5,6,city:2618425,city:2622447,165.0
demo:DK03_0_WD_07,demo,demo:DK03,DK03,5,6,city:2618425,city:2622447,165.0
demo:DK03_0_WD_08,demo,demo:DK03,DK03,5,6,city:2618425,city:2622447,165.0
demo:DK03_0_WD_09,demo,demo:DK03,DK03,5,6,city:2618425,city:2622447,165.0
demo:DK03_0_WD_10,demo,demo:DK03,DK03,5,6,city:2618425,city:2622447,165.0
demo:DK03_0_WD_11,demo,demo:DK03,DK03,5,6,city:2618425,city:2622447,165.0
demo:DK03_0_WD_12,demo,demo:DK03,DK03,5,6,city:2618425,city:2622447,165.0
demo:DK03_0_WD_13,demo,demo:DK03,DK03,5,6,city:2618425,city:2622447,165.0
demo:DK03_0_WD_14,demo,demo:DK03,DK03,5,6,city:2618425,city:2622447,165.0
demo:DK03_0_WD_15,demo,demo:DK03,DK03,5,6,city:2618425,city:2622447,165.0
demo:DK03_0_WE_00,demo,demo:DK03,DK03,2,6,city:2618425,city:2622447,165.0
demo:DK03_0_WE_01,demo,demo:DK03,DK03,2,6,city:2618425,city:2622447,165.0
demo:DK03_0_WE_02,demo,demo:DK03,DK03,2,6,city:2618425,city:2622447,165.0
demo:DK03_0_WE_03,demo,demo:DK03,DK03,2,6,city:2618425,city:2622447,164.0
demo:DK03_0_WE_04,demo,demo:DK03,DK03,2,6,city:2618425,city:2622447,165.0
demo:DK03_0_WE_05,demo,demo:DK03,DK03,2,6,city:2618425,city:2622447,165.0
demo:DK03_0_WE_06,demo,demo:DK03,DK03,2,6,city:2618425,city:2622447,165.0
demo:DK03_0_WE_07,demo,demo:DK03,DK03,2,6,city:2618425,city:2622447,165.0
demo:DK03_0_WE_08,demo,demo:DK03,DK03,2,6,city:2618425,city:2622447,165.0
demo:DK03_0_WE_09,demo,demo:DK03,DK03,2,6,city:2618425,city:2622447,165.0
demo:DK03_0_WE_10,demo,demo:DK03,DK03,2,6,city:2618425,city:2622447,166.0
demo:DK03_0_WE_11,demo,demo:DK03,DK03,2,6,city:2618425,city:2622447,165.0
demo:DK03_0_WE_12,demo,demo:DK03,DK03,2,6,city:2618425,city:2622447,165.0
demo:DK03_0_WE_13,demo,demo:DK03,DK03,2,6,city:2618425,city:2622447,165.0
demo:DK03_1_WD_00,demo,demo:DK03,DK03,5,6,city:2622447,city:2618425,165.0
demo:DK03_1_WD_01,demo,demo:DK03,DK03,5,6,city:2622447,city:2618425,165.0
demo:DK03_1_WD_02,demo,demo:DK03,DK03,5,6,city:2622447,city:2618425,165.0
demo:DK03_1_WD_03,demo,demo:DK03,DK03,5,6,city:2622447,city:2618425,165.0
demo:DK03_1_WD_04,demo,demo:DK03,DK03,5,6,city:2622447,city:2618425,165.0
demo:DK03_1_WD_05,demo,demo:DK03,DK03,5,6,city:2622447,city:2618425,165.0
demo:DK03_1_WD_06,demo,demo:DK03,DK03,5,6,city:2622447,city:2618425,165.0
demo:DK03_1_WD_07,demo,demo:DK03,DK03,5,6,city:2622447,city:2618425,165.0
demo:DK03_1_WD_08,demo,demo:DK03,DK03,5,6,city:2622447,city:2618425,165.0
demo:DK03_1_WD_09,demo,demo:DK03,DK03,5,6,city:2622447,city:2618425,165.0
demo:DK03_1_WD_10,demo,demo:DK03,DK03,5,6,city:2622447,city:2618425,165.0
demo:DK03_1_WD_11,demo,demo:DK03,DK03,5,6,city:2622447,city:2618425,165.0
demo:DK03_1_WD_12,demo,demo:DK03,DK03,5,6,city:2622447,city:2618425,165.0
demo:DK03_1_WD_13,demo,demo:DK03,DK03,5,6,city:2622447,city:2618425,165.0
demo:DK03_1_WD_14,demo,demo:DK03,DK03,5,6,city:2622447,city:2618425,165.0
demo:DK03_1_WD_15,demo,demo:DK03,DK03,5,6,city:2622447,city:2618425,165.0
demo:DK03_1_WE_00,demo,demo:DK03,DK03,2,6,city:2622447,city:2618425,165.0
demo:DK03_1_WE_01,demo,demo:DK03,DK03,2,6,city:2622447,city:2618425,165.0
demo:DK03_1_WE_02,demo,demo:DK03,DK03,2,6,city:2622447,city:2618425,165.0
demo:DK03_1_WE_03,demo,demo:DK03,DK03,2,6,city:2622447,city:2618425,164.0
demo:DK03_1_WE_04,demo,demo:DK03,DK03,2,6,city:2622447,city:2618425,165.0
demo:DK03_1_WE_05,demo,demo:DK03,DK03,2,6,city:2622447,city:2618425,165.0
demo:DK03_1_WE_06,demo,demo:DK03,DK03,2,6,city:2622447,city:2618425,165.0
demo:DK03_1_WE_07,demo,demo:DK03,DK03,2,6,city:2622447,city:2618425,165.0
demo:DK03_1_WE_08,demo,demo:DK03,DK03,2,6,city:2622447,city:2618425,165.0
demo:DK03_1_WE_09,demo,demo:DK03,DK03,2,6,city:2622447,city:2618425,165.0
demo:DK03_1_WE_10,demo,demo:DK03,DK03,2,6,city:2622447,city:2618425,166.0
demo:DK03_1_WE_11,demo,demo:DK03,DK03,2,6,city:2622447,city:2618425,165.0
demo:DK03_1_WE_12,demo,demo:DK03,DK03,2,6,city:2622447,city:2618425,165.0
demo:DK03_1_WE_13,demo,demo:DK03,DK03,2,6,city:2622447,city:2618425,165.0
demo:ES01_0_WD_00,demo,demo:ES01,ES01,5,2,city:3117735,city:3128760,150.0
demo:ES01_0_WD_01,demo,demo:ES01,ES01,5,2,city:3117735,city:3128760,150.0
demo:ES01_0_WD_02,demo,demo:ES01,ES01,5,2,city:3117735,city:3128760,150.0
demo:ES01_0_WD_03,demo,demo:ES01,ES01,5,2,city:3117735,city:3128760,150.0
demo:ES01_0_WD_04,demo,demo:ES01,ES01,5,2,city:3117735,city:3128760,150.0
demo:ES01_0_WD_05,demo,demo:ES01,ES01,5,2,city:3117735,city:3128760,150.0
demo:ES01_0_WD_06,demo,demo:ES01,ES01,5,2,city:3117735,city:3128760,150.0
demo:ES01_0_WD_07,demo,demo:ES01,ES01,5,2,city:3117735,city:3128760,150.0
demo:ES01_0_WD_08,demo,demo:ES01,ES01,5,2,city:3117735,city:3128760,150.0
demo:ES01_0_WD_09,demo,demo:ES01,ES01,5,2,city:3117735,city:3128760,150.0
demo:ES01_0_WD_10,demo,demo:ES01,ES01,5,2,city:3117735,city:3128760,150.0
demo:ES01_0_WD_11,demo,demo:ES01,ES01,5,2,city:3117735,city:3128760,150.0
demo:ES01_0_WD_12,demo,demo:ES01,ES01,5,2,city:3117735,city:3128760,150.0
demo:ES01_0_WD_13,demo,demo:ES01,ES01,5,2,city:3117735,city:3128760,150.0
demo:ES01_0_WE_00,demo,demo:ES01,ES01,2,2,city:3117735,city:3128760,150.0
demo:ES01_0_WE_01,demo,demo:ES01,ES01,2,2,city:3117735,city:3128760,150.0
demo:ES01_0_WE_02,demo,demo:ES01,ES01,2,2,city:3117735,city:3128760,150.0
demo:ES01_0_WE_03,demo,demo:ES01,ES01,2,2,city:3117735,city:3128760,150.0
demo:ES01_0_WE_04,demo,demo:ES01,ES01,2,2,city:3117735,city:3128760,150.0
demo:ES01_0_WE_05,demo,demo:ES01,ES01,2,2,city:3117735,city:3128760,150.0
demo:ES01_0_WE_06,demo,demo:ES01,ES01,2,2,city:3117735,city:3128760,150.0
demo:ES01_0_WE_07,demo,demo:ES01,ES01,2,2,city:3117735,city:3128760,150.0
demo:ES01_0_WE_08,demo,demo:ES01,ES01,2,2,city:3117735,city:3128760,150.0
demo:ES01_0_WE_09,demo,demo:ES01,ES01,2,2,city:3117735,city:3128760,150.0
demo:ES01_0_WE_10,demo,demo:ES01,ES01,2,2,city:3117735,city:3128760,150.0
demo:ES01_0_WE_11,demo,demo:ES01,ES01,2,2,city:3117735,city:3128760,150.0
demo:ES01_1_WD_00,demo,demo:ES01,ES01,5,2,city:3128760,city:3117735,150.0
demo:ES01_1_WD_01,demo,demo:ES01,ES01,5,2,city:3128760,city:3117735,150.0
demo:ES01_1_WD_02,demo,demo:ES01,ES01,5,2,city:3128760,city:3117735,150.0
demo:ES01_1_WD_03,demo,demo:ES01,ES01,5,2,city:3128760,city:3117735,150.0
demo:ES01_1_WD_04,demo,demo:ES01,ES01,5,2,city:3128760,city:3117735,150.0
demo:ES01_1_WD_05,demo,demo:ES01,ES01,5,2,city:3128760,city:3117735,150.0
demo:ES01_1_WD_06,demo,demo:ES01,ES01,5,2,city:3128760,city:3117735,150.0
demo:ES01_1_WD_07,demo,demo:ES01,ES01,5,2,city:3128760,city:3117735,150.0
demo:ES01_1_WD_08,demo,demo:ES01,ES01,5,2,city:3128760,city:3117735,150.0
demo:ES01_1_WD_09,demo,demo:ES01,ES01,5,2,city:3128760,city:3117735,150.0
demo:ES01_1_WD_10,demo,demo:ES01,ES01,5,2,city:3128760,city:3117735,150.0
demo:ES01_1_WD_11,demo,demo:ES01,ES01,5,2,city:3128760,city:3117735,150.0
demo:ES01_1_WD_12,demo,demo:ES01,ES01,5,2,city:3128760,city:3117735,150.0
demo:ES01_1_WD_13,demo,demo:ES01,ES01,5,2,city:3128760,city:3117735,150.0
demo:ES01_1_WE_00,demo,demo:ES01,ES01,2,2,city:3128760,city:3117735,150.0
demo:ES01_1_WE_01,demo,demo:ES01,ES01,2,2,city:3128760,city:3117735,150.0
demo:ES01_1_WE_02,demo,demo:ES01,ES01,2,2,city:3128760,city:3117735,150.0
demo:ES01_1_WE_03,demo,demo:ES01,ES01,2,2,city:3128760,city:3117735,150.0
demo:ES01_1_WE_04,demo,demo:ES01,ES01,2,2,city:3128760,city:3117735,150.0
demo:ES01_1_WE_05,demo,demo:ES01,ES01,2,2,city:3128760,city:3117735,150.0
demo:ES01_1_WE_06,demo,demo:ES01,ES01,2,2,city:3128760,city:3117735,150.0
demo:ES01_1_WE_07,demo,demo:ES01,ES01,2,2,city:3128760,city:3117735,150.0
demo:ES01_1_WE_08,demo,demo:ES01,ES01,2,2,city:3128760,city:3117735,150.0
demo:ES01_1_WE_09,demo,demo:ES01,ES01,2,2,city:3128760,city:3117735,150.0
demo:ES01_1_WE_10,demo,demo:ES01,ES01,2,2,city:3128760,city:3117735,150.0
demo:ES01_1_WE_11,demo,demo:ES01,ES01,2,2,city:3128760,city:3117735,150.0
demo:ES02_0_WD_00,demo,demo:ES02,ES02,5,7,city:3117735,city:3128760,180.0
demo:ES02_0_WD_01,demo,demo:ES02,ES02,5,7,city:3117735,city:3128760,180.0
demo:ES02_0_WD_02,demo,demo:ES02,ES02,5,7,city:3117735,city:3128760,180.0
demo:ES02_0_WD_03,demo,demo:ES02,ES02,5,7,city:3117735,city:3128760,180.0
demo:ES02_0_WD_04,demo,demo:ES02,ES02,5,7,city:3117735,city:3128760,180.0
demo:ES02_0_WD_05,demo,demo:ES02,ES02,5,7,city:3117735,city:3128760,180.0
demo:ES02_0_WD_06,demo,demo:ES02,ES02,5,7,city:3117735,city:3128760,180.0
demo:ES02_0_WD_07,demo,demo:ES02,ES02,5,7,city:3117735,city:3128760,180.0
demo:ES02_0_WD_08,demo,demo:ES02,ES02,5,7,city:3117735,city:3128760,180.0
demo:ES02_0_WD_09,demo,demo:ES02,ES02,5,7,city:3117735,city:3128760,180.0
demo:ES02_0_WD_10,demo,demo:ES02,ES02,5,7,city:3117735,city:3128760,180.0
demo:ES02_0_WD_11,demo,demo:ES02,ES02,5,7,city:3117735,city:3128760,180.0
demo:ES02_0_WE_00,demo,demo:ES02,ES02,2,7,city:3117735,city:3128760,180.0
demo:ES02_0_WE_01,demo,demo:ES02,ES02,2,7,city:3117735,city:3128760,180.0
demo:ES02_0_WE_02,demo,demo:ES02,ES02,2,7,city:3117735,city:3128760,180.0
demo:ES02_0_WE_03,demo,demo:ES02,ES02,2,7,city:3117735,city:3128760,180.0
demo:ES02_0_WE_04,demo,demo:ES02,ES02,2,7,city:3117735,city:3128760,180.0
demo:ES02_0_WE_05,demo,demo:ES02,ES02,2,7,city:3117735,city:3128760,180.0
demo:ES02_0_WE_06,demo,demo:ES02,ES02,2,7,city:3117735,city:3128760,180.0
demo:ES02_0_WE_07,demo,demo:ES02,ES02,2,7,city:3117735,city:3128760,180.0
demo:ES02_0_WE_08,demo,demo:ES02,ES02,2,7,city:3117735,city:3128760,180.0
demo:ES02_0_WE_09,demo,demo:ES02,ES02,2,7,city:3117735,city:3128760,180.0
demo:ES02_1_WD_00,demo,demo:ES02,ES02,5,7,city:3128760,city:3117735,180.0
demo:ES02_1_WD_01,demo,demo:ES02,ES02,5,7,city:3128760,city:3117735,180.0
demo:ES02_1_WD_02,demo,demo:ES02,ES02,5,7,city:3128760,city:3117735,180.0
demo:ES02_1_WD_03,demo,demo:ES02,ES02,5,7,city:3128760,city:3117735,180.0
demo:ES02_1_WD_04,demo,demo:ES02,ES02,5,7,city:3128760,city:3117735,180.0
demo:ES02_1_WD_05,demo,demo:ES02,ES02,5,7,city:3128760,city:3117735,180.0
demo:ES02_1_WD_06,demo,demo:ES02,ES02,5,7,city:3128760,city:3117735,180.0
demo:ES02_1_WD_07,demo,demo:ES02,ES02,5,7,city:3128760,city:3117735,180.0
demo:ES02_1_WD_08,demo,demo:ES02,ES02,5,7,city:3128760,city:3117735,180.0
demo:ES02_1_WD_09,demo,demo:ES02,ES02,5,7,city:3128760,city:3117735,180.0
demo:ES02_1_WD_10,demo,demo:ES02,ES02,5,7,city:3128760,city:3117735,180.0
demo:ES02_1_WD_11,demo,demo:ES02,ES02,5,7,city:3128760,city:3117735,180.0
demo:ES02_1_WE_00,demo,demo:ES02,ES02,2,7,city:3128760,city:3117735,180.0
demo:ES02_1_WE_01,demo,demo:ES02,ES02,2,7,city:3128760,city:3117735,180.0
demo:ES02_1_WE_02,demo,demo:ES02,ES02,2,7,city:3128760,city:3117735,180.0
demo:ES02_1_WE_03,demo,demo:ES02,ES02,2,7,city:3128760,city:3117735,180.0
demo:ES02_1_WE_04,demo,demo:ES02,ES02,2,7,city:3128760,city:3117735,180.0
demo:ES02_1_WE_05,demo,demo:ES02,ES02,2,7,city:3128760,city:3117735,180.0
demo:ES02_1_WE_06,demo,demo:ES02,ES02,2,7,city:3128760,city:3117735,180.0
demo:ES02_1_WE_07,demo,demo:ES02,ES02,2,7,city:3128760,city:3117735,180.0
demo:ES02_1_WE_08,demo,demo:ES02,ES02,2,7,city:3128760,city:3117735,180.0
demo:ES02_1_WE_09,demo,demo:ES02,ES02,2,7,city:3128760,city:3117735,180.0
demo:ES03_0_WD_00,demo,demo:ES03,ES03,5,5,city:3117735,city:2510911,150.0
demo:ES03_0_WD_01,demo,demo:ES03,ES03,5,5,city:3117735,city:2510911,150.0
demo:ES03_0_WD_02,demo,demo:ES03,ES03,5,5,city:3117735,city:2510911,150.0
demo:ES03_0_WD_03,demo,demo:ES03,ES03,5,5,city:3117735,city:2510911,150.0
demo:ES03_0_WD_04,demo,demo:ES03,ES03,5,5,city:3117735,city:2510911,150.0
demo:ES03_0_WD_05,demo,demo:ES03,ES03,5,5,city:3117735,city:2510911,150.0
demo:ES03_0_WD_06,demo,demo:ES03,ES03,5,5,city:3117735,city:2510911,150.0
demo:ES03_0_WD_07,demo,demo:ES03,ES03,5,5,city:3117735,city:2510911,150.0
demo:ES03_0_WD_08,demo,demo:ES03,ES03,5,5,city:3117735,city:2510911,150.0
demo:ES03_0_WD_09,demo,demo:ES03,ES03,5,5,city:3117735,city:2510911,150.0
demo:ES03_0_WD_10,demo,demo:ES03,ES03,5,5,city:3117735,city:2510911,150.0
demo:ES03_0_WD_11,demo,demo:ES03,ES03,5,5,city:3117735,city:2510911,150.0
demo:ES03_0_WD_12,demo,demo:ES03,ES03,5,5,city:3117735,city:2510911,150.0
demo:ES03_0_WD_13,demo,demo:ES03,ES03,5,5,city:3117735,city:2510911,150.0
demo:ES03_0_WD_14,demo,demo:ES03,ES03,5,5,city:3117735,city:2510911,150.0
demo:ES03_0_WD_15,demo,demo:ES03,ES03,5,5,city:3117735,city:2510911,150.0
demo:ES03_0_WD_16,demo,demo:ES03,ES03,5,5,city:3117735,city:2510911,150.0
demo:ES03_0_WD_17,demo,demo:ES03,ES03,5,5,city:3117735,city:2510911,150.0
demo:ES03_0_WE_00,demo,demo:ES03,ES03,2,5,city:3117735,city:2510911,150.0
demo:ES03_0_WE_01,demo,demo:ES03,ES03,2,5,city:3117735,city:2510911,150.0
demo:ES03_0_WE_02,demo,demo:ES03,ES03,2,5,city:3117735,city:2510911,150.0
demo:ES03_0_WE_03,demo,demo:ES03,ES03,2,5,city:3117735,city:2510911,150.0
demo:ES03_0_WE_04,demo,demo:ES03,ES03,2,5,city:3117735,city:2510911,150.0
demo:ES03_0_WE_05,demo,demo:ES03,ES03,2,5,city:3117735,city:2510911,150.0
demo:ES03_0_WE_06,demo,demo:ES03,ES03,2,5,city:3117735,city:2510911,150.0
demo:ES03_0_WE_07,demo,demo:ES03,ES03,2,5,city:3117735,city:2510911,150.0
demo:ES03_0_WE_08,demo,demo:ES03,ES03,2,5,city:3117735,city:2510911,150.0
demo:ES03_0_WE_09,demo,demo:ES03,ES03,2,5,city:3117735,city:2510911,150.0
demo:ES03_0_WE_10,demo,demo:ES03,ES03,2,5,city:3117735,city:2510911,150.0
demo:ES03_0_WE_11,demo,demo:ES03,ES03,2,5,city:3117735,city:2510911,150.0
demo:ES03_0_WE_12,demo,demo:ES03,ES03,2,5,city:3117735,city:2510911,150.0
demo:ES03_0_WE_13,demo,demo:ES03,ES03,2,5,city:3117735,city:2510911,150.0
demo:ES03_0_WE_14,demo,demo:ES03,ES03,2,5,city:3117735,city:2510911,150.0
demo:ES03_1_WD_00,demo,demo:ES03,ES03,5,5,city:2510911,city:3117735,150.0
demo:ES03_1_WD_01,demo,demo:ES03,ES03,5,5,city:2510911,city:3117735,150.0
demo:ES03_1_WD_02,demo,demo:ES03,ES03,5,5,city:2510911,city:3117735,150.0
demo:ES03_1_WD_03,demo,demo:ES03,ES03,5,5,city:2510911,city:3117735,150.0
demo:ES03_1_WD_04,demo,demo:ES03,ES03,5,5,city:2510911,city:3117735,150.0
demo:ES03_1_WD_05,demo,demo:ES03,ES03,5,5,city:2510911,city:3117735,150.0
demo:ES03_1_WD_06,demo,demo:ES03,ES03,5,5,city:2510911,city:3117735,150.0
demo:ES03_1_WD_07,demo,demo:ES03,ES03,5,5,city:2510911,city:3117735,150.0
demo:ES03_1_WD_08,demo,demo:ES03,ES03,5,5,city:2510911,city:3117735,150.0
demo:ES03_1_WD_09,demo,demo:ES03,ES03,5,5,city:2510911,city:3117735,150.0
demo:ES03_1_WD_10,demo,demo:ES03,ES03,5,5,city:2510911,city:3117735,150.0
demo:ES03_1_WD_11,demo,demo:ES03,ES03,5,5,city:2510911,city:3117735,150.0
demo:ES03_1_WD_12,demo,demo:ES03,ES03,5,5,city:2510911,city:3117735,150.0
demo:ES03_1_WD_13,demo,demo:ES03,ES03,5,5,city:2510911,city:3117735,150.0
demo:ES03_1_WD_14,demo,demo:ES03,ES03,5,5,city:2510911,city:3117735,150.0
demo:ES03_1_WD_15,demo,demo:ES03,ES03,5,5,city:2510911,city:3117735,150.0
demo:ES03_1_WD_16,demo,demo:ES03,ES03,5,5,city:2510911,city:3117735,150.0
demo:ES03_1_WD_17,demo,demo:ES03,ES03,5,5,city:2510911,city:3117735,150.0
demo:ES03_1_WE_00,demo,demo:ES03,ES03,2,5,city:2510911,city:3117735,150.0
demo:ES03_1_WE_01,demo,demo:ES03,ES03,2,5,city:2510911,city:3117735,150.0
demo:ES03_1_WE_02,demo,demo:ES03,ES03,2,5,city:2510911,city:3117735,150.0
demo:ES03_1_WE_03,demo,demo:ES03,ES03,2,5,city:2510911,city:3117735,150.0
demo:ES03_1_WE_04,demo,demo:ES03,ES03,2,5,city:2510911,city:3117735,150.0
demo:ES03_1_WE_05,demo,demo:ES03,ES03,2,5,city:2510911,city:3117735,150.0
demo:ES03_1_WE_06,demo,demo:ES03,ES03,2,5,city:2510911,city:3117735,150.0
demo:ES03_1_WE_07,demo,demo:ES03,ES03,2,5,city:2510911,city:3117735,150.0
demo:ES03_1_WE_08,demo,demo:ES03,ES03,2,5,city:2510911,city:3117735,150.0
demo:ES03_1_WE_09,demo,demo:ES03,ES03,2,5,city:2510911,city:3117735,150.0
demo:ES03_1_WE_10,demo,demo:ES03,ES03,2,5,city:2510911,city:3117735,150.0
demo:ES03_1_WE_11,demo,demo:ES03,ES03,2,5,city:2510911,city:3117735,150.0
demo:ES03_1_WE_12,demo,demo:ES03,ES03,2,5,city:2510911,city:3117735,150.0
demo:ES03_1_WE_13,demo,demo:ES03,ES03,2,5,city:2510911,city:3117735,150.0
demo:ES03_1_WE_14,demo,demo:ES03,ES03,2,5,city:2510911,city:3117735,150.0
demo:ES04_0_WD_00,demo,demo:ES04,ES04,5,4,city:3117735,city:2514256,162.0
demo:ES04_0_WD_01,demo,demo:ES04,ES04,5,4,city:3117735,city:2514256,162.0
demo:ES04_0_WD_02,demo,demo:ES04,ES04,5,4,city:3117735,city:2514256,162.0
demo:ES04_0_WD_03,demo,demo:ES04,ES04,5,4,city:3117735,city:2514256,162.0
demo:ES04_0_WD_04,demo,demo:ES04,ES04,5,4,city:3117735,city:2514256,162.0
demo:ES04_0_WD_05,demo,demo:ES04,ES04,5,4,city:3117735,city:2514256,162.0
demo:ES04_0_WD_06,demo,demo:ES04,ES04,5,4,city:3117735,city:2514256,162.0
demo:ES04_0_WD_07,demo,demo:ES04,ES04,5,4,city:3117735,city:2514256,162.0
demo:ES04_0_WD_08,demo,demo:ES04,ES04,5,4,city:3117735,city:2514256,162.0
demo:ES04_0_WD_09,demo,demo:ES04,ES04,5,4,city:3117735,city:2514256,162.0
demo:ES04_0_WD_10,demo,demo:ES04,ES04,5,4,city:3117735,city:2514256,162.0
demo:ES04_0_WD_11,demo,demo:ES04,ES04,5,4,city:3117735,city:2514256,162.0
demo:ES04_0_WE_00,demo,demo:ES04,ES04,2,4,city:3117735,city:2514256,162.0
demo:ES04_0_WE_01,demo,demo:ES04,ES04,2,4,city:3117735,city:2514256,162.0
demo:ES04_0_WE_02,demo,demo:ES04,ES04,2,4,city:3117735,city:2514256,162.0
demo:ES04_0_WE_03,demo,demo:ES04,ES04,2,4,city:3117735,city:2514256,162.0
demo:ES04_0_WE_04,demo,demo:ES04,ES04,2,4,city:3117735,city:2514256,162.0
demo:ES04_0_WE_05,demo,demo:ES04,ES04,2,4,city:3117735,city:2514256,162.0
demo:ES04_0_WE_06,demo,demo:ES04,ES04,2,4,city:3117735,city:2514256,162.0
demo:ES04_0_WE_07,demo,demo:ES04,ES04,2,4,city:3117735,city:2514256,162.0
demo:ES04_0_WE_08,demo,demo:ES04,ES04,2,4,city:3117735,city:2514256,162.0
demo:ES04_0_WE_09,demo,demo:ES04,ES04,2,4,city:3117735,city:2514256,162.0
demo:ES04_1_WD_00,demo,demo:ES04,ES04,5,4,city:2514256,city:3117735,162.0
demo:ES04_1_WD_01,demo,demo:ES04,ES04,5,4,city:2514256,city:3117735,162.0
demo:ES04_1_WD_02,demo,demo:ES04,ES04,5,4,city:2514256,city:3117735,162.0
demo:ES04_1_WD_03,demo,demo:ES04,ES04,5,4,city:2514256,city:3117735,162.0
demo:ES04_1_WD_04,demo,demo:ES04,ES04,5,4,city:2514256,city:3117735,162.0
demo:ES04_1_WD_05,demo,demo:ES04,ES04,5,4,city:2514256,city:3117735,162.0
demo:ES04_1_WD_06,demo,demo:ES04,ES04,5,4,city:2514256,city:3117735,162.0
demo:ES04_1_WD_07,demo,demo:ES04,ES04,5,4,city:2514256,city:3117735,162.0
demo:ES04_1_WD_08,demo,demo:ES04,ES04,5,4,city:2514256,city:3117735,162.0
demo:ES04_1_WD_09,demo,demo:ES04,ES04,5,4,city:2514256,city:3117735,162.0
demo:ES04_1_WD_10,demo,demo:ES04,ES04,5,4,city:2514256,city:3117735,162.0
demo:ES04_1_WD_11,demo,demo:ES04,ES04,5,4,city:2514256,city:3117735,162.0
demo:ES04_1_WE_00,demo,demo:ES04,ES04,2,4,city:2514256,city:3117735,162.0
demo:ES04_1_WE_01,demo,demo:ES04,ES04,2,4,city:2514256,city:3117735,162.0
demo:ES04_1_WE_02,demo,demo:ES04,ES04,2,4,city:2514256,city:3117735,162.0
demo:ES04_1_WE_03,demo,demo:ES04,ES04,2,4,city:2514256,city:3117735,162.0
demo:ES04_1_WE_04,demo,demo:ES04,ES04,2,4,city:2514256,city:3117735,162.0
demo:ES04_1_WE_05,demo,demo:ES04,ES04,2,4,city:2514256,city:3117735,162.0
demo:ES04_1_WE_06,demo,demo:ES04,ES04,2,4,city:2514256,city:3117735,162.0
demo:ES04_1_WE_07,demo,demo:ES04,ES04,2,4,city:2514256,city:3117735,162.0
demo:ES04_1_WE_08,demo,demo:ES04,ES04,2,4,city:2514256,city:3117735,162.0
demo:ES04_1_WE_09,demo,demo:ES04,ES04,2,4,city:2514256,city:3117735,162.0
demo:ES05_0_WD_00,demo,demo:ES05,ES05,5,4,city:3117735,city:2509954,110.0
demo:ES05_0_WD_01,demo,demo:ES05,ES05,5,4,city:3117735,city:2509954,110.0
demo:ES05_0_WD_02,demo,demo:ES05,ES05,5,4,city:3117735,city:2509954,110.0
demo:ES05_0_WD_03,demo,demo:ES05,ES05,5,4,city:3117735,city:2509954,110.0
demo:ES05_0_WD_04,demo,demo:ES05,ES05,5,4,city:3117735,city:2509954,110.0
demo:ES05_0_WD_05,demo,demo:ES05,ES05,5,4,city:3117735,city:2509954,110.0
demo:ES05_0_WD_06,demo,demo:ES05,ES05,5,4,city:3117735,city:2509954,110.0
demo:ES05_0_WD_07,demo,demo:ES05,ES05,5,4,city:3117735,city:2509954,110.0
demo:ES05_0_WD_08,demo,demo:ES05,ES05,5,4,city:3117735,city:2509954,110.0
demo:ES05_0_WD_09,demo,demo:ES05,ES05,5,4,city:3117735,city:2509954,110.0
demo:ES05_0_WD_10,demo,demo:ES05,ES05,5,4,city:3117735,city:2509954,110.0
demo:ES05_0_WD_11,demo,demo:ES05,ES05,5,4,city:3117735,city:2509954,110.0
demo:ES05_0_WD_12,demo,demo:ES05,ES05,5,4,city:3117735,city:2509954,110.0
demo:ES05_0_WD_13,demo,demo:ES05,ES05,5,4,city:3117735,city:2509954,110.0
demo:ES05_0_WD_14,demo,demo:ES05,ES05,5,4,city:3117735,city:2509954,110.0
demo:ES05_0_WD_15,demo,demo:ES05,ES05,5,4,city:3117735,city:2509954,110.0
demo:ES05_0_WD_16,demo,demo:ES05,ES05,5,4,city:3117735,city:2509954,110.0
demo:ES05_0_WD_17,demo,demo:ES05,ES05,5,4,city:3117735,city:2509954,110.0
demo:ES05_0_WE_00,demo,demo:ES05,ES05,2,4,city:3117735,city:2509954,110.0
demo:ES05_0_WE_01,demo,demo:ES05,ES05,2,4,city:3117735,city:2509954,110.0
demo:ES05_0_WE_02,demo,demo:ES05,ES05,2,4,city:3117735,city:2509954,110.0
demo:ES05_0_WE_03,demo,demo:ES05,ES05,2,4,city:3117735,city:2509954,110.0
demo:ES05_0_WE_04,demo,demo:ES05,ES05,2,4,city:3117735,city:2509954,110.0
demo:ES05_0_WE_05,demo,demo:ES05,ES05,2,4,city:3117735,city:2509954,110.0
demo:ES05_0_WE_06,demo,demo:ES05,ES05,2,4,city:3117735,city:2509954,110.0
demo:ES05_0_WE_07,demo,demo:ES05,ES05,2,4,city:3117735,city:2509954,110.0
demo:ES05_0_WE_08,demo,demo:ES05,ES05,2,4,city:3117735,city:2509954,110.0
demo:ES05_0_WE_09,demo,demo:ES05,ES05,2,4,city:3117735,city:2509954,110.0
demo:ES05_0_WE_10,demo,demo:ES05,ES05,2,4,city:3117735,city:2509954,110.0
demo:ES05_0_WE_11,demo,demo:ES05,ES05,2,4,city:3117735,city:2509954,110.0
demo:ES05_0_WE_12,demo,demo:ES05,ES05,2,4,city:3117735,city:2509954,110.0
demo:ES05_0_WE_13,demo,demo:ES05,ES05,2,4,city:3117735,city:2509954,110.0
demo:ES05_0_WE_14,demo,demo:ES05,ES05,2,4,city:3117735,city:2509954,110.0
demo:ES05_1_WD_00,demo,demo:ES05,ES05,5,4,city:2509954,city:3117735,110.0
demo:ES05_1_WD_01,demo,demo:ES05,ES05,5,4,city:2509954,city:3117735,110.0
demo:ES05_1_WD_02,demo,demo:ES05,ES05,5,4,city:2509954,city:3117735,110.0
demo:ES05_1_WD_03,demo,demo:ES05,ES05,5,4,city:2509954,city:3117735,110.0
demo:ES05_1_WD_04,demo,demo:ES05,ES05,5,4,city:2509954,city:3117735,110.0
demo:ES05_1_WD_05,demo,demo:ES05,ES05,5,4,city:2509954,city:3117735,110.0
demo:ES05_1_WD_06,demo,demo:ES05,ES05,5,4,city:2509954,city:3117735,110.0
demo:ES05_1_WD_07,demo,demo:ES05,ES05,5,4,city:2509954,city:3117735,110.0
demo:ES05_1_WD_08,demo,demo:ES05,ES05,5,4,city:2509954,city:3117735,110.0
demo:ES05_1_WD_09,demo,demo:ES05,ES05,5,4,city:2509954,city:3117735,110.0
demo:ES05_1_WD_10,demo,demo:ES05,ES05,5,4,city:2509954,city:3117735,110.0
demo:ES05_1_WD_11,demo,demo:ES05,ES05,5,4,city:2509954,city:3117735,110.0
demo:ES05_1_WD_12,demo,demo:ES05,ES05,5,4,city:2509954,city:3117735,110.0
demo:ES05_1_WD_13,demo,demo:ES05,ES05,5,4,city:2509954,city:3117735,110.0
demo:ES05_1_WD_14,demo,demo:ES05,ES05,5,4,city:2509954,city:3117735,110.0
demo:ES05_1_WD_15,demo,demo:ES05,ES05,5,4,city:2509954,city:3117735,110.0
demo:ES05_1_WD_16,demo,demo:ES05,ES05,5,4,city:2509954,city:3117735,110.0
demo:ES05_1_WD_17,demo,demo:ES05,ES05,5,4,city:2509954,city:3117735,110.0
demo:ES05_1_WE_00,demo,demo:ES05,ES05,2,4,city:2509954,city:3117735,110.0
demo:ES05_1_WE_01,demo,demo:ES05,ES05,2,4,city:2509954,city:3117735,110.0
demo:ES05_1_WE_02,demo,demo:ES05,ES05,2,4,city:2509954,city:3117735,110.0
demo:ES05_1_WE_03,demo,demo:ES05,ES05,2,4,city:2509954,city:3117735,110.0
demo:ES05_1_WE_04,demo,demo:ES05,ES05,2,4,city:2509954,city:3117735,110.0
demo:ES05_1_WE_05,demo,demo:ES05,ES05,2,4,city:2509954,city:3117735,110.0
demo:ES05_1_WE_06,demo,demo:ES05,ES05,2,4,city:2509954,city:3117735,110.0
demo:ES05_1_WE_07,demo,demo:ES05,ES05,2,4,city:2509954,city:3117735,110.0
demo:ES05_1_WE_08,demo,demo:ES05,ES05,2,4,city:2509954,city:3117735,110.0
demo:ES05_1_WE_09,demo,demo:ES05,ES05,2,4,city:2509954,city:3117735,110.0
demo:ES05_1_WE_10,demo,demo:ES05,ES05,2,4,city:2509954,city:3117735,110.0
demo:ES05_1_WE_11,demo,demo:ES05,ES05,2,4,city:2509954,city:3117735,110.0
demo:ES05_1_WE_12,demo,demo:ES05,ES05,2,4,city:2509954,city:3117735,110.0
demo:ES05_1_WE_13,demo,demo:ES05,ES05,2,4,city:2509954,city:3117735,110.0
demo:ES05_1_WE_14,demo,demo:ES05,ES05,2,4,city:2509954,city:3117735,110.0
demo:ES06_0_WD_00,demo,demo:ES06,ES06,5,5,city:3117735,city:2521978,140.0
demo:ES06_0_WD_01,demo,demo:ES06,ES06,5,5,city:3117735,city:2521978,140.0
demo:ES06_0_WD_02,demo,demo:ES06,ES06,5,5,city:3117735,city:2521978,140.0
demo:ES06_0_WD_03,demo,demo:ES06,ES06,5,5,city:3117735,city:2521978,140.0
demo:ES06_0_WD_04,demo,demo:ES06,ES06,5,5,city:3117735,city:2521978,140.0
demo:ES06_0_WD_05,demo,demo:ES06,ES06,5,5,city:3117735,city:2521978,140.0
demo:ES06_0_WD_06,demo,demo:ES06,ES06,5,5,city:3117735,city:2521978,140.0
demo:ES06_0_WD_07,demo,demo:ES06,ES06,5,5,city:3117735,city:2521978,140.0
demo:ES06_0_WD_08,demo,demo:ES06,ES06,5,5,city:3117735,city:2521978,140.0
demo:ES06_0_WD_09,demo,demo:ES06,ES06,5,5,city:3117735,city:2521978,140.0
demo:ES06_0_WE_00,demo,demo:ES06,ES06,2,5,city:3117735,city:2521978,140.0
demo:ES06_0_WE_01,demo,demo:ES06,ES06,2,5,city:3117735,city:2521978,140.0
demo:ES06_0_WE_02,demo,demo:ES06,ES06,2,5,city:3117735,city:2521978,140.0
demo:ES06_0_WE_03,demo,demo:ES06,ES06,2,5,city:3117735,city:2521978,140.0
demo:ES06_0_WE_04,demo,demo:ES06,ES06,2,5,city:3117735,city:2521978,140.0
demo:ES06_0_WE_05,demo,demo:ES06,ES06,2,5,city:3117735,city:2521978,140.0
demo:ES06_0_WE_06,demo,demo:ES06,ES06,2,5,city:3117735,city:2521978,140.0
demo:ES06_0_WE_07,demo,demo:ES06,ES06,2,5,city:3117735,city:2521978,140.0
demo:ES06_1_WD_00,demo,demo:ES06,ES06,5,5,city:2521978,city:3117735,140.0
demo:ES06_1_WD_01,demo,demo:ES06,ES06,5,5,city:2521978,city:3117735,140.0
demo:ES06_1_WD_02,demo,demo:ES06,ES06,5,5,city:2521978,city:3117735,140.0
demo:ES06_1_WD_03,demo,demo:ES06,ES06,5,5,city:2521978,city:3117735,140.0
demo:ES06_1_WD_04,demo,demo:ES06,ES06,5,5,city:2521978,city:3117735,140.0
demo:ES06_1_WD_05,demo,demo:ES06,ES06,5,5,city:2521978,city:3117735,140.0
demo:ES06_1_WD_06,demo,demo:ES06,ES06,5,5,city:2521978,city:3117735,140.0
demo:ES06_1_WD_07,demo,demo:ES06,ES06,5,5,city:2521978,city:3117735,140.0
demo:ES06_1_WD_08,demo,demo:ES06,ES06,5,5,city:2521978,city:3117735,140.0
demo:ES06_1_WD_09,demo,demo:ES06,ES06,5,5,city:2521978,city:3117735,140.0
demo:ES06_1_WE_00,demo,demo:ES06,ES06,2,5,city:2521978,city:3117735,140.0
demo:ES06_1_WE_01,demo,demo:ES06,ES06,2,5,city:2521978,city:3117735,140.0
demo:ES06_1_WE_02,demo,demo:ES06,ES06,2,5,city:2521978,city:3117735,140.0
demo:ES06_1_WE_03,demo,demo:ES06,ES06,2,5,city:2521978,city:3117735,140.0
demo:ES06_1_WE_04,demo,demo:ES06,ES06,2,5,city:2521978,city:3117735,140.0
demo:ES06_1_WE_05,demo,demo:ES06,ES06,2,5,city:2521978,city:3117735,140.0
demo:ES06_1_WE_06,demo,demo:ES06,ES06,2,5,city:2521978,city:3117735,140.0
demo:ES06_1_WE_07,demo,demo:ES06,ES06,2,5,city:2521978,city:3117735,140.0
demo:ES07_0_WD_00,demo,demo:ES07,ES07,5,7,city:3117735,city:2513416,165.0
demo:ES07_0_WD_01,demo,demo:ES07,ES07,5,7,city:3117735,city:2513416,165.0
demo:ES07_0_WD_02,demo,demo:ES07,ES07,5,7,city:3117735,city:2513416,165.0
demo:ES07_0_WD_03,demo,demo:ES07,ES07,5,7,city:3117735,city:2513416,165.0
demo:ES07_0_WE_00,demo,demo:ES07,ES07,2,7,city:3117735,city:2513416,165.0
demo:ES07_0_WE_01,demo,demo:ES07,ES07,2,7,city:3117735,city:2513416,165.0
demo:ES07_0_WE_02,demo,demo:ES07,ES07,2,7,city:3117735,city:2513416,165.0
demo:ES07_1_WD_00,demo,demo:ES07,ES07,5,7,city:2513416,city:3117735,165.0
demo:ES07_1_WD_01,demo,demo:ES07,ES07,5,7,city:2513416,city:3117735,165.0
demo:ES07_1_WD_02,demo,demo:ES07,ES07,5,7,city:2513416,city:3117735,165.0
demo:ES07_1_WD_03,demo,demo:ES07,ES07,5,7,city:2513416,city:3117735,165.0
demo:ES07_1_WE_00,demo,demo:ES07,ES07,2,7,city:2513416,city:3117735,165.0
demo:ES07_1_WE_01,demo,demo:ES07,ES07,2,7,city:2513416,city:3117735,165.0
demo:ES07_1_WE_02,demo,demo:ES07,ES07,2,7,city:2513416,city:3117735,165.0
demo:ES08_0_WD_00,demo,demo:ES08,ES08,5,3,city:3117735,city:3106672,58.0
demo:ES08_0_WD_01,demo,demo:ES08,ES08,5,3,city:3117735,city:3106672,58.0
demo:ES08_0_WD_02,demo,demo:ES08,ES08,5,3,city:3117735,city:3106672,58.0
demo:ES08_0_WD_03,demo,demo:ES08,ES08,5,3,city:3117735,city:3106672,58.0
demo:ES08_0_WD_04,demo,demo:ES08,ES08,5,3,city:3117735,city:3106672,58.0
demo:ES08_0_WD_05,demo,demo:ES08,ES08,5,3,city:3117735,city:3106672,58.0
demo:ES08_0_WD_06,demo,demo:ES08,ES08,5,3,city:3117735,city:3106672,58.0
demo:ES08_0_WD_07,demo,demo:ES08,ES08,5,3,city:3117735,city:3106672,58.0
demo:ES08_0_WD_08,demo,demo:ES08,ES08,5,3,city:3117735,city:3106672,58.0
demo:ES08_0_WD_09,demo,demo:ES08,ES08,5,3,city:3117735,city:3106672,58.0
demo:ES08_0_WD_10,demo,demo:ES08,ES08,5,3,city:3117735,city:3106672,58.0
demo:ES08_0_WD_11,demo,demo:ES08,ES08,5,3,city:3117735,city:3106672,58.0
demo:ES08_0_WD_12,demo,demo:ES08,ES08,5,3,city:3117735,city:3106672,58.0
demo:ES08_0_WD_13,demo,demo:ES08,ES08,5,3,city:3117735,city:3106672,58.0
demo:ES08_0_WD_14,demo,demo:ES08,ES08,5,3,city:3117735,city:3106672,58.0
demo:ES08_0_WD_15,demo,demo:ES08,ES08,5,3,city:3117735,city:3106672,58.0
demo:ES08_0_WE_00,demo,demo:ES08,ES08,2,3,city:3117735,city:3106672,58.0
demo:ES08_0_WE_01,demo,demo:ES08,ES08,2,3,city:3117735,city:3106672,58.0
demo:ES08_0_WE_02,demo,demo:ES08,ES08,2,3,city:3117735,city:3106672,58.0
demo:ES08_0_WE_03,demo,demo:ES08,ES08,2,3,city:3117735,city:3106672,58.0
demo:ES08_0_WE_04,demo,demo:ES08,ES08,2,3,city:3117735,city:3106672,58.0
demo:ES08_0_WE_05,demo,demo:ES08,ES08,2,3,city:3117735,city:3106672,58.0
demo:ES08_0_WE_06,demo,demo:ES08,ES08,2,3,city:3117735,city:3106672,58.0
demo:ES08_0_WE_07,demo,demo:ES08,ES08,2,3,city:3117735,city:3106672,58.0
demo:ES08_0_WE_08,demo,demo:ES08,ES08,2,3,city:3117735,city:3106672,58.0
demo:ES08_0_WE_09,demo,demo:ES08,ES08,2,3,city:3117735,city:3106672,58.0
demo:ES08_0_WE_10,demo,demo:ES08,ES08,2,3,city:3117735,city:3106672,58.0
demo:ES08_0_WE_11,demo,demo:ES08,ES08,2,3,city:3117735,city:3106672,58.0
demo:ES08_0_WE_12,demo,demo:ES08,ES08,2,3,city:3117735,city:3106672,58.0
demo:ES08_0_WE_13,demo,demo:ES08,ES08,2,3,city:3117735,city:3106672,58.0
demo:ES08_1_WD_00,demo,demo:ES08,ES08,5,3,city:3106672,city:3117735,58.0
demo:ES08_1_WD_01,demo,demo:ES08,ES08,5,3,city:3106672,city:3117735,58.0
demo:ES08_1_WD_02,demo,demo:ES08,ES08,5,3,city:3106672,city:3117735,58.0
demo:ES08_1_WD_03,demo,demo:ES08,ES08,5,3,city:3106672,city:3117735,58.0
demo:ES08_1_WD_04,demo,demo:ES08,ES08,5,3,city:3106672,city:3117735,58.0
demo:ES08_1_WD_05,demo,demo:ES08,ES08,5,3,city:3106672,city:3117735,58.0
demo:ES08_1_WD_06,demo,demo:ES08,ES08,5,3,city:3106672,city:3117735,58.0
demo:ES08_1_WD_07,demo,demo:ES08,ES08,5,3,city:3106672,city:3117735,58.0
demo:ES08_1_WD_08,demo,demo:ES08,ES08,5,3,city:3106672,city:3117735,58.0
demo:ES08_1_WD_09,demo,demo:ES08,ES08,5,3,city:3106672,city:3117735,58.0
demo:ES08_1_WD_10,demo,demo:ES08,ES08,5,3,city:3106672,city:3117735,58.0
demo:ES08_1_WD_11,demo,demo:ES08,ES08,5,3,city:3106672,city:3117735,58.0
demo:ES08_1_WD_12,demo,demo:ES08,ES08,5,3,city:3106672,city:3117735,58.0
demo:ES08_1_WD_13,demo,demo:ES08,ES08,5,3,city:3106672,city:3117735,58.0
demo:ES08_1_WD_14,demo,demo:ES08,ES08,5,3,city:3106672,city:3117735,58.0
demo:ES08_1_WD_15,demo,demo:ES08,ES08,5,3,city:3106672,city:3117735,58.0
demo:ES08_1_WE_00,demo,demo:ES08,ES08,2,3,city:3106672,city:3117735,58.0
demo:ES08_1_WE_01,demo,demo:ES08,ES08,2,3,city:3106672,city:3117735,58.0
demo:ES08_1_WE_02,demo,demo:ES08,ES08,2,3,city:3106672,city:3117735,58.0
demo:ES08_1_WE_03,demo,demo:ES08,ES08,2,3,city:3106672,city:3117735,58.0
demo:ES08_1_WE_04,demo,demo:ES08,ES08,2,3,city:3106672,city:3117735,58.0
demo:ES08_1_WE_05,demo,demo:ES08,ES08,2,3,city:3106672,city:3117735,58.0
demo:ES08_1_WE_06,demo,demo:ES08,ES08,2,3,city:3106672,city:3117735,58.0
demo:ES08_1_WE_07,demo,demo:ES08,ES08,2,3,city:3106672,city:3117735,58.0
demo:ES08_1_WE_08,demo,demo:ES08,ES08,2,3,city:3106672,city:3117735,58.0
demo:ES08_1_WE_09,demo,demo:ES08,ES08,2,3,city:3106672,city:3117735,58.0
demo:ES08_1_WE_10,demo,demo:ES08,ES08,2,3,city:3106672,city:3117735,58.0
demo:ES08_1_WE_11,demo,demo:ES08,ES08,2,3,city:3106672,city:3117735,58.0
demo:ES08_1_WE_12,demo,demo:ES08,ES08,2,3,city:3106672,city:3117735,58.0
demo:ES08_1_WE_13,demo,demo:ES08,ES08,2,3,city:3106672,city:3117735,58.0
demo:ES09_0_WD_00,demo,demo:ES09,ES09,5,7,city:3117735,city:3121424,235.0
demo:ES09_0_WD_01,demo,demo:ES09,ES09,5,7,city:3117735,city:3121424,235.0
demo:ES09_0_WD_02,demo,demo:ES09,ES09,5,7,city:3117735,city:3121424,235.0
demo:ES09_0_WD_03,demo,demo:ES09,ES09,5,7,city:3117735,city:3121424,235.0
demo:ES09_0_WD_04,demo,demo:ES09,ES09,5,7,city:3117735,city:3121424,235.0
demo:ES09_0_WE_00,demo,demo:ES09,ES09,2,7,city:3117735,city:3121424,235.0
demo:ES09_0_WE_01,demo,demo:ES09,ES09,2,7,city:3117735,city:3121424,235.0
demo:ES09_0_WE_02,demo,demo:ES09,ES09,2,7,city:3117735,city:3121424,235.0
demo:ES09_0_WE_03,demo,demo:ES09,ES09,2,7,city:3117735,city:3121424,235.0
demo:ES09_1_WD_00,demo,demo:ES09,ES09,5,7,city:3121424,city:3117735,235.0
demo:ES09_1_WD_01,demo,demo:ES09,ES09,5,7,city:3121424,city:3117735,235.0
demo:ES09_1_WD_02,demo,demo:ES09,ES09,5,7,city:3121424,city:3117735,235.0
demo:ES09_1_WD_03,demo,demo:ES09,ES09,5,7,city:3121424,city:3117735,235.0
demo:ES09_1_WD_04,demo,demo:ES09,ES09,5,7,city:3121424,city:3117735,235.0
demo:ES09_1_WE_00,demo,demo:ES09,ES09,2,7,city:3121424,city:3117735,235.0
demo:ES09_1_WE_01,demo,demo:ES09,ES09,2,7,city:3121424,city:3117735,235.0
demo:ES09_1_WE_02,demo,demo:ES09,ES09,2,7,city:3121424,city:3117735,235.0
demo:ES09_1_WE_03,demo,demo:ES09,ES09,2,7,city:3121424,city:3117735,235.0
demo:ES10_0_WD_00,demo,demo:ES10,ES10,5,6,city:3117735,city:3119841,210.0
demo:ES10_0_WD_01,demo,demo:ES10,ES10,5,6,city:3117735,city:3119841,210.0
demo:ES10_0_WD_02,demo,demo:ES10,ES10,5,6,city:3117735,city:3119841,210.0
demo:ES10_0_WD_03,demo,demo:ES10,ES10,5,6,city:3117735,city:3119841,210.0
demo:ES10_0_WD_04,demo,demo:ES10,ES10,5,6,city:3117735,city:3119841,210.0
demo:ES10_0_WD_05,demo,demo:ES10,ES10,5,6,city:3117735,city:3119841,210.0
demo:ES10_0_WD_06,demo,demo:ES10,ES10,5,6,city:3117735,city:3119841,210.0
demo:ES10_0_WE_00,demo,demo:ES10,ES10,2,6,city:3117735,city:3119841,210.0
demo:ES10_0_WE_01,demo,demo:ES10,ES10,2,6,city:3117735,city:3119841,210.0
demo:ES10_0_WE_02,demo,demo:ES10,ES10,2,6,city:3117735,city:3119841,210.0
demo:ES10_0_WE_03,demo,demo:ES10,ES10,2,6,city:3117735,city:3119841,210.0
demo:ES10_0_WE_04,demo,demo:ES10,ES10,2,6,city:3117735,city:3119841,210.0
demo:ES10_0_WE_05,demo,demo:ES10,ES10,2,6,city:3117735,city:3119841,210.0
demo:ES10_1_WD_00,demo,demo:ES10,ES10,5,6,city:3119841,city:3117735,210.0
demo:ES10_1_WD_01,demo,demo:ES10,ES10,5,6,city:3119841,city:3117735,210.0
demo:ES10_1_WD_02,demo,demo:ES10,ES10,5,6,city:3119841,city:3117735,210.0
demo:ES10_1_WD_03,demo,demo:ES10,ES10,5,6,city:3119841,city:3117735,210.0
demo:ES10_1_WD_04,demo,demo:ES10,ES10,5,6,city:3119841,city:3117735,210.0
demo:ES10_1_WD_05,demo,demo:ES10,ES10,5,6,city:3119841,city:3117735,210.0
demo:ES10_1_WD_06,demo,demo:ES10,ES10,5,6,city:3119841,city:3117735,210.0
demo:ES10_1_WE_00,demo,demo:ES10,ES10,2,6,city:3119841,city:3117735,210.0
demo:ES10_1_WE_01,demo,demo:ES10,ES10,2,6,city:3119841,city:3117735,210.0
demo:ES10_1_WE_02,demo,demo:ES10,ES10,2,6,city:3119841,city:3117735,210.0
demo:ES10_1_WE_03,demo,demo:ES10,ES10,2,6,city:3119841,city:3117735,210.0
demo:ES10_1_WE_04,demo,demo:ES10,ES10,2,6,city:3119841,city:3117735,210.0
demo:ES10_1_WE_05,demo,demo:ES10,ES10,2,6,city:3119841,city:3117735,210.0
demo:ES11_0_WD_00,demo,demo:ES11,ES11,5,5,city:3117735,city:3105976,255.0
demo:ES11_0_WD_01,demo,demo:ES11,ES11,5,5,city:3117735,city:3105976,255.0
demo:ES11_0_WD_02,demo,demo:ES11,ES11,5,5,city:3117735,city:3105976,255.0
demo:ES11_0_WE_00,demo,demo:ES11,ES11,2,5,city:3117735,city:3105976,255.0
demo:ES11_0_WE_01,demo,demo:ES11,ES11,2,5,city:3117735,city:3105976,255.0
demo:ES11_0_WE_02,demo,demo:ES11,ES11,2,5,city:3117735,city:3105976,255.0
demo:ES11_1_WD_00,demo,demo:ES11,ES11,5,5,city:3105976,city:3117735,255.0
demo:ES11_1_WD_01,demo,demo:ES11,ES11,5,5,city:3105976,city:3117735,255.0
demo:ES11_1_WD_02,demo,demo:ES11,ES11,5,5,city:3105976,city:3117735,255.0
demo:ES11_1_WE_00,demo,demo:ES11,ES11,2,5,city:3105976,city:3117735,255.0
demo:ES11_1_WE_01,demo,demo:ES11,ES11,2,5,city:3105976,city:3117735,255.0
demo:ES11_1_WE_02,demo,demo:ES11,ES11,2,5,city:3105976,city:3117735,255.0
demo:ES12_0_WD_00,demo,demo:ES12,ES12,5,7,city:3117735,city:3120304,280.0
demo:ES12_0_WD_01,demo,demo:ES12,ES12,5,7,city:3117735,city:3120304,280.0
demo:ES12_0_WD_02,demo,demo:ES12,ES12,5,7,city:3117735,city:3120304,280.0
demo:ES12_0_WE_00,demo,demo:ES12,ES12,2,7,city:3117735,city:3120304,280.0
demo:ES12_0_WE_01,demo,demo:ES12,ES12,2,7,city:3117735,city:3120304,280.0
demo:ES12_0_WE_02,demo,demo:ES12,ES12,2,7,city:3117735,city:3120304,280.0
demo:ES12_1_WD_00,demo,demo:ES12,ES12,5,7,city:3120304,city:3117735,280.0
demo:ES12_1_WD_01,demo,demo:ES12,ES12,5,7,city:3120304,city:3117735,280.0
demo:ES12_1_WD_02,demo,demo:ES12,ES12,5,7,city:3120304,city:3117735,280.0
demo:ES12_1_WE_00,demo,demo:ES12,ES12,2,7,city:3120304,city:3117735,280.0
demo:ES12_1_WE_01,demo,demo:ES12,ES12,2,7,city:3120304,city:3117735,280.0
demo:ES12_1_WE_02,demo,demo:ES12,ES12,2,7,city:3120304,city:3117735,280.0
demo:ES13_0_WD_00,demo,demo:ES13,ES13,5,5,city:3117735,city:3128026,244.0
demo:ES13_0_WD_01,demo,demo:ES13,ES13,5,5,city:3117735,city:3128026,246.0
demo:ES13_0_WE_00,demo,demo:ES13,ES13,2,5,city:3117735,city:3128026,244.0
demo:ES13_0_WE_01,demo,demo:ES13,ES13,2,5,city:3117735,city:3128026,246.0
demo:ES13_1_WD_00,demo,demo:ES13,ES13,5,5,city:3128026,city:3117735,244.0
demo:ES13_1_WD_01,demo,demo:ES13,ES13,5,5,city:3128026,city:3117735,246.0
demo:ES13_1_WE_00,demo,demo:ES13,ES13,2,5,city:3128026,city:3117735,244.0
demo:ES13_1_WE_01,demo,demo:ES13,ES13,2,5,city:3128026,city:3117735,246.0
demo:ES14_0_WD_00,demo,demo:ES14,ES14,5,4,city:3128760,city:2509954,170.0
demo:ES14_0_WD_01,demo,demo:ES14,ES14,5,4,city:3128760,city:2509954,170.0
demo:ES14_0_WD_02,demo,demo:ES14,ES14,5,4,city:3128760,city:2509954,170.0
demo:ES14_0_WD_03,demo,demo:ES14,ES14,5,4,city:3128760,city:2509954,170.0
demo:ES14_0_WD_04,demo,demo:ES14,ES14,5,4,city:3128760,city:2509954,170.0
demo:ES14_0_WD_05,demo,demo:ES14,ES14,5,4,city:3128760,city:2509954,170.0
demo:ES14_0_WD_06,demo,demo:ES14,ES14,5,4,city:3128760,city:2509954,170.0
demo:ES14_0_WD_07,demo,demo:ES14,ES14,5,4,city:3128760,city:2509954,170.0
demo:ES14_0_WD_08,demo,demo:ES14,ES14,5,4,city:3128760,city:2509954,170.0
demo:ES14_0_WD_09,demo,demo:ES14,ES14,5,4,city:3128760,city:2509954,170.0
demo:ES14_0_WD_10,demo,demo:ES14,ES14,5,4,city:3128760,city:2509954,170.0
demo:ES14_0_WD_11,demo,demo:ES14,ES14,5,4,city:3128760,city:2509954,170.0
demo:ES14_0_WE_00,demo,demo:ES14,ES14,2,4,city:3128760,city:2509954,170.0
demo:ES14_0_WE_01,demo,demo:ES14,ES14,2,4,city:3128760,city:2509954,170.0
demo:ES14_0_WE_02,demo,demo:ES14,ES14,2,4,city:3128760,city:2509954,170.0
demo:ES14_0_WE_03,demo,demo:ES14,ES14,2,4,city:3128760,city:2509954,170.0
demo:ES14_0_WE_04,demo,demo:ES14,ES14,2,4,city:3128760,city:2509954,170.0
demo:ES14_0_WE_05,demo,demo:ES14,ES14,2,4,city:3128760,city:2509954,170.0
demo:ES14_0_WE_06,demo,demo:ES14,ES14,2,4,city:3128760,city:2509954,170.0
demo:ES14_0_WE_07,demo,demo:ES14,ES14,2,4,city:3128760,city:2509954,170.0
demo:ES14_0_WE_08,demo,demo:ES14,ES14,2,4,city:3128760,city:2509954,170.0
demo:ES14_0_WE_09,demo,demo:ES14,ES14,2,4,city:3128760,city:2509954,170.0
demo:ES14_1_WD_00,demo,demo:ES14,ES14,5,4,city:2509954,city:3128760,170.0
demo:ES14_1_WD_01,demo,demo:ES14,ES14,5,4,city:2509954,city:3128760,170.0
demo:ES14_1_WD_02,demo,demo:ES14,ES14,5,4,city:2509954,city:3128760,170.0
demo:ES14_1_WD_03,demo,demo:ES14,ES14,5,4,city:2509954,city:3128760,170.0
demo:ES14_1_WD_04,demo,demo:ES14,ES14,5,4,city:2509954,city:3128760,170.0
demo:ES14_1_WD_05,demo,demo:ES14,ES14,5,4,city:2509954,city:3128760,170.0
demo:ES14_1_WD_06,demo,demo:ES14,ES14,5,4,city:2509954,city:3128760,170.0
demo:ES14_1_WD_07,demo,demo:ES14,ES14,5,4,city:2509954,city:3128760,170.0
demo:ES14_1_WD_08,demo,demo:ES14,ES14,5,4,city:2509954,city:3128760,170.0
demo:ES14_1_WD_09,demo,demo:ES14,ES14,5,4,city:2509954,city:3128760,170.0
demo:ES14_1_WD_10,demo,demo:ES14,ES14,5,4,city:2509954,city:3128760,170.0
demo:ES14_1_WD_11,demo,demo:ES14,ES14,5,4,city:2509954,city:3128760,170.0
demo:ES14_1_WE_00,demo,demo:ES14,ES14,2,4,city:2509954,city:3128760,170.0
demo:ES14_1_WE_01,demo,demo:ES14,ES14,2,4,city:2509954,city:3128760,170.0
demo:ES14_1_WE_02,demo,demo:ES14,ES14,2,4,city:2509954,city:3128760,170.0
demo:ES14_1_WE_03,demo,demo:ES14,ES14,2,4,city:2509954,city:3128760,170.0
demo:ES14_1_WE_04,demo,demo:ES14,ES14,2,4,city:2509954,city:3128760,170.0
demo:ES14_1_WE_05,demo,demo:ES14,ES14,2,4,city:2509954,city:3128760,170.0
demo:ES14_1_WE_06,demo,demo:ES14,ES14,2,4,city:2509954,city:3128760,170.0
demo:ES14_1_WE_07,demo,demo:ES14,ES14,2,4,city:2509954,city:3128760,170.0
demo:ES14_1_WE_08,demo,demo:ES14,ES14,2,4,city:2509954,city:3128760,170.0
demo:ES14_1_WE_09,demo,demo:ES14,ES14,2,4,city:2509954,city:3128760,170.0
demo:ES15_0_WD_00,demo,demo:ES15,ES15,5,3,city:3128760,city:3122453,55.0
demo:ES15_0_WD_01,demo,demo:ES15,ES15,5,3,city:3128760,city:3122453,55.0
demo:ES15_0_WD_02,demo,demo:ES15,ES15,5,3,city:3128760,city:3122453,55.0
demo:ES15_0_WD_03,demo,demo:ES15,ES15,5,3,city:3128760,city:3122453,55.0
demo:ES15_0_WD_04,demo,demo:ES15,ES15,5,3,city:3128760,city:3122453,55.0
demo:ES15_0_WD_05,demo,demo:ES15,ES15,5,3,city:3128760,city:3122453,55.0
demo:ES15_0_WD_06,demo,demo:ES15,ES15,5,3,city:3128760,city:3122453,55.0
demo:ES15_0_WD_07,demo,demo:ES15,ES15,5,3,city:3128760,city:3122453,55.0
demo:ES15_0_WD_08,demo,demo:ES15,ES15,5,3,city:3128760,city:3122453,55.0
demo:ES15_0_WD_09,demo,demo:ES15,ES15,5,3,city:3128760,city:3122453,55.0
demo:ES15_0_WD_10,demo,demo:ES15,ES15,5,3,city:3128760,city:3122453,55.0
demo:ES15_0_WD_11,demo,demo:ES15,ES15,5,3,city:3128760,city:3122453,55.0
demo:ES15_0_WE_00,demo,demo:ES15,ES15,2,3,city:3128760,city:3122453,54.0
demo:ES15_0_WE_01,demo,demo:ES15,ES15,2,3,city:3128760,city:3122453,56.0
demo:ES15_0_WE_02,demo,demo:ES15,ES15,2,3,city:3128760,city:3122453,54.0
demo:ES15_0_WE_03,demo,demo:ES15,ES15,2,3,city:3128760,city:3122453,56.0
demo:ES15_0_WE_04,demo,demo:ES15,ES15,2,3,city:3128760,city:3122453,54.0
demo:ES15_0_WE_05,demo,demo:ES15,ES15,2,3,city:3128760,city:3122453,56.0
demo:ES15_0_WE_06,demo,demo:ES15,ES15,2,3,city:3128760,city:3122453,54.0
demo:ES15_0_WE_07,demo,demo:ES15,ES15,2,3,city:3128760,city:3122453,56.0
demo:ES15_0_WE_08,demo,demo:ES15,ES15,2,3,city:3128760,city:3122453,54.0
demo:ES15_0_WE_09,demo,demo:ES15,ES15,2,3,city:3128760,city:3122453,56.0
demo:ES15_1_WD_00,demo,demo:ES15,ES15,5,3,city:3122453,city:3128760,55.0
demo:ES15_1_WD_01,demo,demo:ES15,ES15,5,3,city:3122453,city:3128760,55.0
demo:ES15_1_WD_02,demo,demo:ES15,ES15,5,3,city:3122453,city:3128760,55.0
demo:ES15_1_WD_03,demo,demo:ES15,ES15,5,3,city:3122453,city:3128760,55.0
demo:ES15_1_WD_04,demo,demo:ES15,ES15,5,3,city:3122453,city:3128760,55.0
demo:ES15_1_WD_05,demo,demo:ES15,ES15,5,3,city:3122453,city:3128760,55.0
demo:ES15_1_WD_06,demo,demo:ES15,ES15,5,3,city:3122453,city:3128760,55.0
demo:ES15_1_WD_07,demo,demo:ES15,ES15,5,3,city:3122453,city:3128760,55.0
demo:ES15_1_WD_08,demo,demo:ES15,ES15,5,3,city:3122453,city:3128760,55.0
demo:ES15_1_WD_09,demo,demo:ES15,ES15,5,3,city:3122453,city:3128760,55.0
demo:ES15_1_WD_10,demo,demo:ES15,ES15,5,3,city:3122453,city:3128760,55.0
demo:ES15_1_WD_11,demo,demo:ES15,ES15,5,3,city:3122453,city:3128760,55.0
demo:ES15_1_WE_00,demo,demo:ES15,ES15,2,3,city:3122453,city:3128760,54.0
demo:ES15_1_WE_01,demo,demo:ES15,ES15,2,3,city:3122453,city:3128760,56.0
demo:ES15_1_WE_02,demo,demo:ES15,ES15,2,3,city:3122453,city:3128760,54.0
demo:ES15_1_WE_03,demo,demo:ES15,ES15,2,3,city:3122453,city:3128760,56.0
demo:ES15_1_WE_04,demo,demo:ES15,ES15,2,3,city:3122453,city:3128760,54.0
demo:ES15_1_WE_05,demo,demo:ES15,ES15,2,3,city:3122453,city:3128760,56.0
demo:ES15_1_WE_06,demo,demo:ES15,ES15,2,3,city:3122453,city:3128760,54.0
demo:ES15_1_WE_07,demo,demo:ES15,ES15,2,3,city:3122453,city:3128760,56.0
demo:ES15_1_WE_08,demo,demo:ES15,ES15,2,3,city:3122453,city:3128760,54.0
demo:ES15_1_WE_09,demo,demo:ES15,ES15,2,3,city:3122453,city:3128760,56.0
demo:ES16_0_WD_00,demo,demo:ES16,ES16,5,10,city:3128760,city:2988507,390.0
demo:ES16_0_WD_01,demo,demo:ES16,ES16,5,10,city:3128760,city:2988507,390.0
demo:ES16_0_WE_00,demo,demo:ES16,ES16,2,10,city:3128760,city:2988507,390.0
demo:ES16_0_WE_01,demo,demo:ES16,ES16,2,10,city:3128760,city:2988507,390.0
demo:ES16_1_WD_00,demo,demo:ES16,ES16,5,10,city:2988507,city:3128760,390.0
demo:ES16_1_WD_01,demo,demo:ES16,ES16,5,10,city:2988507,city:3128760,390.0
demo:ES16_1_WE_00,demo,demo:ES16,ES16,2,10,city:2988507,city:3128760,390.0
demo:ES16_1_WE_01,demo,demo:ES16,ES16,2,10,city:2988507,city:3128760,390.0
demo:ES17_0_WD_00,demo,demo:ES17,ES17,5,8,city:3128760,city:2996944,290.0
demo:ES17_0_WD_01,demo,demo:ES17,ES17,5,8,city:3128760,city:2996944,290.0
demo:ES17_0_WE_00,demo,demo:ES17,ES17,2,8,city:3128760,city:2996944,290.0
demo:ES17_0_WE_01,demo,demo:ES17,ES17,2,8,city:3128760,city:2996944,290.0
demo:ES17_1_WD_00,demo,demo:ES17,ES17,5,8,city:2996944,city:3128760,290.0
demo:ES17_1_WD_01,demo,demo:ES17,ES17,5,8,city:2996944,city:3128760,290.0
demo:ES17_1_WE_00,demo,demo:ES17,ES17,2,8,city:2996944,city:3128760,290.0
demo:ES17_1_WE_01,demo,demo:ES17,ES17,2,8,city:2996944,city:3128760,290.0
demo:ES18_0_WD_00,demo,demo:ES18,ES18,5,2,city:3117735,city:2510409,33.0
demo:ES18_0_WD_01,demo,demo:ES18,ES18,5,2,city:3117735,city:2510409,33.0
demo:ES18_0_WD_02,demo,demo:ES18,ES18,5,2,city:3117735,city:2510409,33.0
demo:ES18_0_WD_03,demo,demo:ES18,ES18,5,2,city:3117735,city:2510409,32.0
demo:ES18_0_WD_04,demo,demo:ES18,ES18,5,2,city:3117735,city:2510409,33.0
demo:ES18_0_WD_05,demo,demo:ES18,ES18,5,2,city:3117735,city:2510409,33.0
demo:ES18_0_WD_06,demo,demo:ES18,ES18,5,2,city:3117735,city:2510409,33.0
demo:ES18_0_WD_07,demo,demo:ES18,ES18,5,2,city:3117735,city:2510409,33.0
demo:ES18_0_WD_08,demo,demo:ES18,ES18,5,2,city:3117735,city:2510409,33.0
demo:ES18_0_WD_09,demo,demo:ES18,ES18,5,2,city:3117735,city:2510409,33.0
demo:ES18_0_WD_10,demo,demo:ES18,ES18,5,2,city:3117735,city:2510409,34.0
demo:ES18_0_WD_11,demo,demo:ES18,ES18,5,2,city:3117735,city:2510409,33.0
demo:ES18_0_WD_12,demo,demo:ES18,ES18,5,2,city:3117735,city:2510409,33.0
demo:ES18_0_WD_13,demo,demo:ES18,ES18,5,2,city:3117735,city:2510409,33.0
demo:ES18_0_WE_00,demo,demo:ES18,ES18,2,2,city:3117735,city:2510409,33.0
demo:ES18_0_WE_01,demo,demo:ES18,ES18,2,2,city:3117735,city:2510409,33.0
demo:ES18_0_WE_02,demo,demo:ES18,ES18,2,2,city:3117735,city:2510409,33.0
demo:ES18_0_WE_03,demo,demo:ES18,ES18,2,2,city:3117735,city:2510409,33.0
demo:ES18_0_WE_04,demo,demo:ES18,ES18,2,2,city:3117735,city:2510409,33.0
demo:ES18_0_WE_05,demo,demo:ES18,ES18,2,2,city:3117735,city:2510409,33.0
demo:ES18_0_WE_06,demo,demo:ES18,ES18,2,2,city:3117735,city:2510409,33.0
demo:ES18_0_WE_07,demo,demo:ES18,ES18,2,2,city:3117735,city:2510409,33.0
demo:ES18_0_WE_08,demo,demo:ES18,ES18,2,2,city:3117735,city:2510409,33.0
demo:ES18_0_WE_09,demo,demo:ES18,ES18,2,2,city:3117735,city:2510409,33.0
demo:ES18_0_WE_10,demo,demo:ES18,ES18,2,2,city:3117735,city:2510409,33.0
demo:ES18_0_WE_11,demo,demo:ES18,ES18,2,2,city:3117735,city:2510409,33.0
demo:ES18_1_WD_00,demo,demo:ES18,ES18,5,2,city:2510409,city:3117735,33.0
demo:ES18_1_WD_01,demo,demo:ES18,ES18,5,2,city:2510409,city:3117735,33.0
demo:ES18_1_WD_02,demo,demo:ES18,ES18,5,2,city:2510409,city:3117735,33.0
demo:ES18_1_WD_03,demo,demo:ES18,ES18,5,2,city:2510409,city:3117735,32.0
demo:ES18_1_WD_04,demo,demo:ES18,ES18,5,2,city:2510409,city:3117735,33.0
demo:ES18_1_WD_05,demo,demo:ES18,ES18,5,2,city:2510409,city:3117735,33.0
demo:ES18_1_WD_06,demo,demo:ES18,ES18,5,2,city:2510409,city:3117735,33.0
demo:ES18_1_WD_07,demo,demo:ES18,ES18,5,2,city:2510409,city:3117735,33.0
demo:ES18_1_WD_08,demo,demo:ES18,ES18,5,2,city:2510409,city:3117735,33.0
demo:ES18_1_WD_09,demo,demo:ES18,ES18,5,2,city:2510409,city:3117735,33.0
demo:ES18_1_WD_10,demo,demo:ES18,ES18,5,2,city:2510409,city:3117735,34.0
demo:ES18_1_WD_11,demo,demo:ES18,ES18,5,2,city:2510409,city:3117735,33.0
demo:ES18_1_WD_12,demo,demo:ES18,ES18,5,2,city:2510409,city:3117735,33.0
demo:ES18_1_WD_13,demo,demo:ES18,ES18,5,2,city:2510409,city:3117735,33.0
demo:ES18_1_WE_00,demo,demo:ES18,ES18,2,2,city:2510409,city:3117735,33.0
demo:ES18_1_WE_01,demo,demo:ES18,ES18,2,2,city:2510409,city:3117735,33.0
demo:ES18_1_WE_02,demo,demo:ES18,ES18,2,2,city:2510409,city:3117735,33.0
demo:ES18_1_WE_03,demo,demo:ES18,ES18,2,2,city:2510409,city:3117735,33.0
demo:ES18_1_WE_04,demo,demo:ES18,ES18,2,2,city:2510409,city:3117735,33.0
demo:ES18_1_WE_05,demo,demo:ES18,ES18,2,2,city:2510409,city:3117735,33.0
demo:ES18_1_WE_06,demo,demo:ES18,ES18,2,2,city:2510409,city:3117735,33.0
demo:ES18_1_WE_07,demo,demo:ES18,ES18,2,2,city:2510409,city:3117735,33.0
demo:ES18_1_WE_08,demo,demo:ES18,ES18,2,2,city:2510409,city:3117735,33.0
demo:ES18_1_WE_09,demo,demo:ES18,ES18,2,2,city:2510409,city:3117735,33.0
demo:ES18_1_WE_10,demo,demo:ES18,ES18,2,2,city:2510409,city:3117735,33.0
demo:ES18_1_WE_11,demo,demo:ES18,ES18,2,2,city:2510409,city:3117735,33.0
demo:ES19_0_WD_00,demo,demo:ES19,ES19,5,4,city:3117735,city:2517117,195.0
demo:ES19_0_WD_01,demo,demo:ES19,ES19,5,4,city:3117735,city:2517117,195.0
demo:ES19_0_WD_02,demo,demo:ES19,ES19,5,4,city:3117735,city:2517117,195.0
demo:ES19_0_WD_03,demo,demo:ES19,ES19,5,4,city:3117735,city:2517117,195.0
demo:ES19_0_WD_04,demo,demo:ES19,ES19,5,4,city:3117735,city:2517117,195.0
demo:ES19_0_WE_00,demo,demo:ES19,ES19,2,4,city:3117735,city:2517117,195.0
demo:ES19_0_WE_01,demo,demo:ES19,ES19,2,4,city:3117735,city:2517117,195.0
demo:ES19_0_WE_02,demo,demo:ES19,ES19,2,4,city:3117735,city:2517117,195.0
demo:ES19_0_WE_03,demo,demo:ES19,ES19,2,4,city:3117735,city:2517117,195.0
demo:ES19_1_WD_00,demo,demo:ES19,ES19,5,4,city:2517117,city:3117735,195.0
demo:ES19_1_WD_01,demo,demo:ES19,ES19,5,4,city:2517117,city:3117735,195.0
demo:ES19_1_WD_02,demo,demo:ES19,ES19,5,4,city:2517117,city:3117735,195.0
demo:ES19_1_WD_03,demo,demo:ES19,ES19,5,4,city:2517117,city:3117735,195.0
demo:ES19_1_WD_04,demo,demo:ES19,ES19,5,4,city:2517117,city:3117735,195.0
demo:ES19_1_WE_00,demo,demo:ES19,ES19,2,4,city:2517117,city:3117735,195.0
demo:ES19_1_WE_01,demo,demo:ES19,ES19,2,4,city:2517117,city:3117735,195.0
demo:ES19_1_WE_02,demo,demo:ES19,ES19,2,4,city:2517117,city:3117735,195.0
demo:ES19_1_WE_03,demo,demo:ES19,ES19,2,4,city:2517117,city:3117735,195.0
demo:ES20_0_WD_00,demo,demo:ES20,ES20,5,3,city:2510911,city:2520600,94.0
demo:ES20_0_WD_01,demo,demo:ES20,ES20,5,3,city:2510911,city:2520600,96.0
demo:ES20_0_WD_02,demo,demo:ES20,ES20,5,3,city:2510911,city:2520600,94.0
demo:ES20_0_WD_03,demo,demo:ES20,ES20,5,3,city:2510911,city:2520600,96.0
demo:ES20_0_WD_04,demo,demo:ES20,ES20,5,3,city:2510911,city:2520600,94.0
demo:ES20_0_WD_05,demo,demo:ES20,ES20,5,3,city:2510911,city:2520600,96.0
demo:ES20_0_WD_06,demo,demo:ES20,ES20,5,3,city:2510911,city:2520600,94.0
demo:ES20_0_WD_07,demo,demo:ES20,ES20,5,3,city:2510911,city:2520600,96.0
demo:ES20_0_WD_08,demo,demo:ES20,ES20,5,3,city:2510911,city:2520600,94.0
demo:ES20_0_WD_09,demo,demo:ES20,ES20,5,3,city:2510911,city:2520600,96.0
demo:ES20_0_WE_00,demo,demo:ES20,ES20,2,3,city:2510911,city:2520600,95.0
demo:ES20_0_WE_01,demo,demo:ES20,ES20,2,3,city:2510911,city:2520600,95.0
demo:ES20_0_WE_02,demo,demo:ES20,ES20,2,3,city:2510911,city:2520600,95.0
demo:ES20_0_WE_03,demo,demo:ES20,ES20,2,3,city:2510911,city:2520600,95.0
demo:ES20_0_WE_04,demo,demo:ES20,ES20,2,3,city:2510911,city:2520600,95.0
demo:ES20_0_WE_05,demo,demo:ES20,ES20,2,3,city:2510911,city:2520600,95.0
demo:ES20_0_WE_06,demo,demo:ES20,ES20,2,3,city:2510911,city:2520600,95.0
demo:ES20_0_WE_07,demo,demo:ES20,ES20,2,3,city:2510911,city:2520600,95.0
demo:ES20_1_WD_00,demo,demo:ES20,ES20,5,3,city:2520600,city:2510911,94.0
demo:ES20_1_WD_01,demo,demo:ES20,ES20,5,3,city:2520600,city:2510911,96.0
demo:ES20_1_WD_02,demo,demo:ES20,ES20,5,3,city:2520600,city:2510911,94.0
demo:ES20_1_WD_03,demo,demo:ES20,ES20,5,3,city:2520600,city:2510911,96.0
demo:ES20_1_WD_04,demo,demo:ES20,ES20,5,3,city:2520600,city:2510911,94.0
demo:ES20_1_WD_05,demo,demo:ES20,ES20,5,3,city:2520600,city:2510911,96.0
demo:ES20_1_WD_06,demo,demo:ES20,ES20,5,3,city:2520600,city:2510911,94.0
demo:ES20_1_WD_07,demo,demo:ES20,ES20,5,3,city:2520600,city:2510911,96.0
demo:ES20_1_WD_08,demo,demo:ES20,ES20,5,3,city:2520600,city:2510911,94.0
demo:ES20_1_WD_09,demo,demo:ES20,ES20,5,3,city:2520600,city:2510911,96.0
demo:ES20_1_WE_00,demo,demo:ES20,ES20,2,3,city:2520600,city:2510911,95.0
demo:ES20_1_WE_01,demo,demo:ES20,ES20,2,3,city:2520600,city:2510911,95.0
demo:ES20_1_WE_02,demo,demo:ES20,ES20,2,3,city:2520600,city:2510911,95.0
demo:ES20_1_WE_03,demo,demo:ES20,ES20,2,3,city:2520600,city:2510911,95.0
demo:ES20_1_WE_04,demo,demo:ES20,ES20,2,3,city:2520600,city:2510911,95.0
demo:ES20_1_WE_05,demo,demo:ES20,ES20,2,3,city:2520600,city:2510911,95.0
demo:ES20_1_WE_06,demo,demo:ES20,ES20,2,3,city:2520600,city:2510911,95.0
demo:ES20_1_WE_07,demo,demo:ES20,ES20,2,3,city:2520600,city:2510911,95.0
demo:ES21_0_WD_00,demo,demo:ES21,ES21,5,6,city:3117735,city:3114472,175.0
demo:ES21_0_WD_01,demo,demo:ES21,ES21,5,6,city:3117735,city:3114472,175.0
demo:ES21_0_WD_02,demo,demo:ES21,ES21,5,6,city:3117735,city:3114472,175.0
demo:ES21_0_WE_00,demo,demo:ES21,ES21,2,6,city:3117735,city:3114472,175.0
demo:ES21_0_WE_01,demo,demo:ES21,ES21,2,6,city:3117735,city:3114472,175.0
demo:ES21_0_WE_02,demo,demo:ES21,ES21,2,6,city:3117735,city:3114472,175.0
demo:ES21_1_WD_00,demo,demo:ES21,ES21,5,6,city:3114472,city:3117735,175.0
demo:ES21_1_WD_01,demo,demo:ES21,ES21,5,6,city:3114472,city:3117735,175.0
demo:ES21_1_WD_02,demo,demo:ES21,ES21,5,6,city:3114472,city:3117735,175.0
demo:ES21_1_WE_00,demo,demo:ES21,ES21,2,6,city:3114472,city:3117735,175.0
demo:ES21_1_WE_01,demo,demo:ES21,ES21,2,6,city:3114472,city:3117735,175.0
demo:ES21_1_WE_02,demo,demo:ES21,ES21,2,6,city:3114472,city:3117735,175.0
demo:EU01_0_WD_00,demo,demo:EU01,EU01,5,2,city:2643743,city:2988507,136.0
demo:EU01_0_WD_01,demo,demo:EU01,EU01,5,2,city:2643743,city:2988507,138.0
demo:EU01_0_WD_02,demo,demo:EU01,EU01,5,2,city:2643743,city:2988507,136.0
demo:EU01_0_WD_03,demo,demo:EU01,EU01,5,2,city:2643743,city:2988507,138.0
demo:EU01_0_WD_04,demo,demo:EU01,EU01,5,2,city:2643743,city:2988507,136.0
demo:EU01_0_WD_05,demo,demo:EU01,EU01,5,2,city:2643743,city:2988507,138.0
demo:EU01_0_WD_06,demo,demo:EU01,EU01,5,2,city:2643743,city:2988507,136.0
demo:EU01_0_WD_07,demo,demo:EU01,EU01,5,2,city:2643743,city:2988507,138.0
demo:EU01_0_WD_08,demo,demo:EU01,EU01,5,2,city:2643743,city:2988507,136.0
demo:EU01_0_WD_09,demo,demo:EU01,EU01,5,2,city:2643743,city:2988507,138.0
demo:EU01_0_WE_00,demo,demo:EU01,EU01,2,2,city:2643743,city:2988507,137.0
demo:EU01_0_WE_01,demo,demo:EU01,EU01,2,2,city:2643743,city:2988507,137.0
demo:EU01_0_WE_02,demo,demo:EU01,EU01,2,2,city:2643743,city:2988507,137.0
demo:EU01_0_WE_03,demo,demo:EU01,EU01,2,2,city:2643743,city:2988507,137.0
demo:EU01_0_WE_04,demo,demo:EU01,EU01,2,2,city:2643743,city:2988507,137.0
demo:EU01_0_WE_05,demo,demo:EU01,EU01,2,2,city:2643743,city:2988507,137.0
demo:EU01_0_WE_06,demo,demo:EU01,EU01,2,2,city:2643743,city:2988507,137.0
demo:EU01_0_WE_07,demo,demo:EU01,EU01,2,2,city:2643743,city:2988507,137.0
demo:EU01_1_WD_00,demo,demo:EU01,EU01,5,2,city:2988507,city:2643743,136.0
demo:EU01_1_WD_01,demo,demo:EU01,EU01,5,2,city:2988507,city:2643743,138.0
demo:EU01_1_WD_02,demo,demo:EU01,EU01,5,2,city:2988507,city:2643743,136.0
demo:EU01_1_WD_03,demo,demo:EU01,EU01,5,2,city:2988507,city:2643743,138.0
demo:EU01_1_WD_04,demo,demo:EU01,EU01,5,2,city:2988507,city:2643743,136.0
demo:EU01_1_WD_05,demo,demo:EU01,EU01,5,2,city:2988507,city:2643743,138.0
demo:EU01_1_WD_06,demo,demo:EU01,EU01,5,2,city:2988507,city:2643743,136.0
demo:EU01_1_WD_07,demo,demo:EU01,EU01,5,2,city:2988507,city:2643743,138.0
demo:EU01_1_WD_08,demo,demo:EU01,EU01,5,2,city:2988507,city:2643743,136.0
demo:EU01_1_WD_09,demo,demo:EU01,EU01,5,2,city:2988507,city:2643743,138.0
demo:EU01_1_WE_00,demo,demo:EU01,EU01,2,2,city:2988507,city:2643743,137.0
demo:EU01_1_WE_01,demo,demo:EU01,EU01,2,2,city:2988507,city:2643743,137.0
demo:EU01_1_WE_02,demo,demo:EU01,EU01,2,2,city:2988507,city:2643743,137.0
demo:EU01_1_WE_03,demo,demo:EU01,EU01,2,2,city:2988507,city:2643743,137.0
demo:EU01_1_WE_04,demo,demo:EU01,EU01,2,2,city:2988507,city:2643743,137.0
demo:EU01_1_WE_05,demo,demo:EU01,EU01,2,2,city:2988507,city:2643743,137.0
demo:EU01_1_WE_06,demo,demo:EU01,EU01,2,2,city:2988507,city:2643743,137.0
demo:EU01_1_WE_07,demo,demo:EU01,EU01,2,2,city:2988507,city:2643743,137.0
demo:EU02_0_WD_00,demo,demo:EU02,EU02,5,4,city:2643743,city:2988507,145.0
demo:EU02_0_WD_01,demo,demo:EU02,EU02,5,4,city:2643743,city:2988507,145.0
demo:EU02_0_WD_02,demo,demo:EU02,EU02,5,4,city:2643743,city:2988507,145.0
demo:EU02_0_WE_00,demo,demo:EU02,EU02,2,4,city:2643743,city:2988507,145.0
demo:EU02_0_WE_01,demo,demo:EU02,EU02,2,4,city:2643743,city:2988507,145.0
demo:EU02_0_WE_02,demo,demo:EU02,EU02,2,4,city:2643743,city:2988507,145.0
demo:EU02_1_WD_00,demo,demo:EU02,EU02,5,4,city:2988507,city:2643743,145.0
demo:EU02_1_WD_01,demo,demo:EU02,EU02,5,4,city:2988507,city:2643743,145.0
demo:EU02_1_WD_02,demo,demo:EU02,EU02,5,4,city:2988507,city:2643743,145.0
demo:EU02_1_WE_00,demo,demo:EU02,EU02,2,4,city:2988507,city:2643743,145.0
demo:EU02_1_WE_01,demo,demo:EU02,EU02,2,4,city:2988507,city:2643743,145.0
demo:EU02_1_WE_02,demo,demo:EU02,EU02,2,4,city:2988507,city:2643743,145.0
demo:EU03_0_WD_00,demo,demo:EU03,EU03,5,3,city:2643743,city:2800866,122.0
demo:EU03_0_WD_01,demo,demo:EU03,EU03,5,3,city:2643743,city:2800866,120.0
demo:EU03_0_WD_02,demo,demo:EU03,EU03,5,3,city:2643743,city:2800866,122.0
demo:EU03_0_WD_03,demo,demo:EU03,EU03,5,3,city:2643743,city:2800866,120.0
demo:EU03_0_WD_04,demo,demo:EU03,EU03,5,3,city:2643743,city:2800866,122.0
demo:EU03_0_WD_05,demo,demo:EU03,EU03,5,3,city:2643743,city:2800866,120.0
demo:EU03_0_WE_00,demo,demo:EU03,EU03,2,3,city:2643743,city:2800866,121.0
demo:EU03_0_WE_01,demo,demo:EU03,EU03,2,3,city:2643743,city:2800866,121.0
demo:EU03_0_WE_02,demo,demo:EU03,EU03,2,3,city:2643743,city:2800866,121.0
demo:EU03_0_WE_03,demo,demo:EU03,EU03,2,3,city:2643743,city:2800866,121.0
demo:EU03_0_WE_04,demo,demo:EU03,EU03,2,3,city:2643743,city:2800866,121.0
demo:EU03_1_WD_00,demo,demo:EU03,EU03,5,3,city:2800866,city:2643743,122.0
demo:EU03_1_WD_01,demo,demo:EU03,EU03,5,3,city:2800866,city:2643743,120.0
demo:EU03_1_WD_02,demo,demo:EU03,EU03,5,3,city:2800866,city:2643743,122.0
demo:EU03_1_WD_03,demo,demo:EU03,EU03,5,3,city:2800866,city:2643743,120.0
demo:EU03_1_WD_04,demo,demo:EU03,EU03,5,3,city:2800866,city:2643743,122.0
demo:EU03_1_WD_05,demo,demo:EU03,EU03,5,3,city:2800866,city:2643743,120.0
demo:EU03_1_WE_00,demo,demo:EU03,EU03,2,3,city:2800866,city:2643743,121.0
demo:EU03_1_WE_01,demo,demo:EU03,EU03,2,3,city:2800866,city:2643743,121.0
demo:EU03_1_WE_02,demo,demo:EU03,EU03,2,3,city:2800866,city:2643743,121.0
demo:EU03_1_WE_03,demo,demo:EU03,EU03,2,3,city:2800866,city:2643743,121.0
demo:EU03_1_WE_04,demo,demo:EU03,EU03,2,3,city:2800866,city:2643743,121.0
demo:EU04_0_WD_00,demo,demo:EU04,EU04,5,4,city:2643743,city:2759794,232.0
demo:EU04_0_WD_01,demo,demo:EU04,EU04,5,4,city:2643743,city:2759794,232.0
demo:EU04_0_WD_02,demo,demo:EU04,EU04,5,4,city:2643743,city:2759794,232.0
demo:EU04_0_WD_03,demo,demo:EU04,EU04,5,4,city:2643743,city:2759794,232.0
demo:EU04_0_WE_00,demo,demo:EU04,EU04,2,4,city:2643743,city:2759794,232.0
demo:EU04_0_WE_01,demo,demo:EU04,EU04,2,4,city:2643743,city:2759794,232.0
demo:EU04_0_WE_02,demo,demo:EU04,EU04,2,4,city:2643743,city:2759794,232.0
demo:EU04_1_WD_00,demo,demo:EU04,EU04,5,4,city:2759794,city:2643743,232.0
demo:EU04_1_WD_01,demo,demo:EU04,EU04,5,4,city:2759794,city:2643743,232.0
demo:EU04_1_WD_02,demo,demo:EU04,EU04,5,4,city:2759794,city:2643743,232.0
demo:EU04_1_WD_03,demo,demo:EU04,EU04,5,4,city:2759794,city:2643743,232.0
demo:EU04_1_WE_00,demo,demo:EU04,EU04,2,4,city:2759794,city:2643743,232.0
demo:EU04_1_WE_01,demo,demo:EU04,EU04,2,4,city:2759794,city:2643743,232.0
demo:EU04_1_WE_02,demo,demo:EU04,EU04,2,4,city:2759794,city:2643743,232.0
demo:EU05_0_WD_00,demo,demo:EU05,EU05,5,2,city:2988507,city:2800866,82.0
demo:EU05_0_WD_01,demo,demo:EU05,EU05,5,2,city:2988507,city:2800866,82.0
demo:EU05_0_WD_02,demo,demo:EU05,EU05,5,2,city:2988507,city:2800866,82.0
demo:EU05_0_WD_03,demo,demo:EU05,EU05,5,2,city:2988507,city:2800866,82.0
demo:EU05_0_WD_04,demo,demo:EU05,EU05,5,2,city:2988507,city:2800866,82.0
demo:EU05_0_WD_05,demo,demo:EU05,EU05,5,2,city:2988507,city:2800866,82.0
demo:EU05_0_WD_06,demo,demo:EU05,EU05,5,2,city:2988507,city:2800866,82.0
demo:EU05_0_WD_07,demo,demo:EU05,EU05,5,2,city:2988507,city:2800866,82.0
demo:EU05_0_WD_08,demo,demo:EU05,EU05,5,2,city:2988507,city:2800866,82.0
demo:EU05_0_WD_09,demo,demo:EU05,EU05,5,2,city:2988507,city:2800866,82.0
demo:EU05_0_WE_00,demo,demo:EU05,EU05,2,2,city:2988507,city:2800866,82.0
demo:EU05_0_WE_01,demo,demo:EU05,EU05,2,2,city:2988507,city:2800866,82.0
demo:EU05_0_WE_02,demo,demo:EU05,EU05,2,2,city:2988507,city:2800866,82.0
demo:EU05_0_WE_03,demo,demo:EU05,EU05,2,2,city:2988507,city:2800866,82.0
demo:EU05_0_WE_04,demo,demo:EU05,EU05,2,2,city:2988507,city:2800866,82.0
demo:EU05_0_WE_05,demo,demo:EU05,EU05,2,2,city:2988507,city:2800866,82.0
demo:EU05_0_WE_06,demo,demo:EU05,EU05,2,2,city:2988507,city:2800866,82.0
demo:EU05_0_WE_07,demo,demo:EU05,EU05,2,2,city:2988507,city:2800866,82.0
demo:EU05_1_WD_00,demo,demo:EU05,EU05,5,2,city:2800866,city:2988507,82.0
demo:EU05_1_WD_01,demo,demo:EU05,EU05,5,2,city:2800866,city:2988507,82.0
demo:EU05_1_WD_02,demo,demo:EU05,EU05,5,2,city:2800866,city:2988507,82.0
demo:EU05_1_WD_03,demo,demo:EU05,EU05,5,2,city:2800866,city:2988507,82.0
demo:EU05_1_WD_04,demo,demo:EU05,EU05,5,2,city:2800866,city:2988507,82.0
demo:EU05_1_WD_05,demo,demo:EU05,EU05,5,2,city:2800866,city:2988507,82.0
demo:EU05_1_WD_06,demo,demo:EU05,EU05,5,2,city:2800866,city:2988507,82.0
demo:EU05_1_WD_07,demo,demo:EU05,EU05,5,2,city:2800866,city:2988507,82.0
demo:EU05_1_WD_08,demo,demo:EU05,EU05,5,2,city:2800866,city:2988507,82.0
demo:EU05_1_WD_09,demo,demo:EU05,EU05,5,2,city:2800866,city:2988507,82.0
demo:EU05_1_WE_00,demo,demo:EU05,EU05,2,2,city:2800866,city:2988507,82.0
demo:EU05_1_WE_01,demo,demo:EU05,EU05,2,2,city:2800866,city:2988507,82.0
demo:EU05_1_WE_02,demo,demo:EU05,EU05,2,2,city:2800866,city:2988507,82.0
demo:EU05_1_WE_03,demo,demo:EU05,EU05,2,2,city:2800866,city:2988507,82.0
demo:EU05_1_WE_04,demo,demo:EU05,EU05,2,2,city:2800866,city:2988507,82.0
demo:EU05_1_WE_05,demo,demo:EU05,EU05,2,2,city:2800866,city:2988507,82.0
demo:EU05_1_WE_06,demo,demo:EU05,EU05,2,2,city:2800866,city:2988507,82.0
demo:EU05_1_WE_07,demo,demo:EU05,EU05,2,2,city:2800866,city:2988507,82.0
demo:EU06_0_WD_00,demo,demo:EU06,EU06,5,6,city:2988507,city:2759794,200.0
demo:EU06_0_WD_01,demo,demo:EU06,EU06,5,6,city:2988507,city:2759794,200.0
demo:EU06_0_WD_02,demo,demo:EU06,EU06,5,6,city:2988507,city:2759794,200.0
demo:EU06_0_WD_03,demo,demo:EU06,EU06,5,6,city:2988507,city:2759794,200.0
demo:EU06_0_WD_04,demo,demo:EU06,EU06,5,6,city:2988507,city:2759794,200.0
demo:EU06_0_WD_05,demo,demo:EU06,EU06,5,6,city:2988507,city:2759794,200.0
demo:EU06_0_WE_00,demo,demo:EU06,EU06,2,6,city:2988507,city:2759794,200.0
demo:EU06_0_WE_01,demo,demo:EU06,EU06,2,6,city:2988507,city:2759794,200.0
demo:EU06_0_WE_02,demo,demo:EU06,EU06,2,6,city:2988507,city:2759794,200.0
demo:EU06_0_WE_03,demo,demo:EU06,EU06,2,6,city:2988507,city:2759794,200.0
demo:EU06_0_WE_04,demo,demo:EU06,EU06,2,6,city:2988507,city:2759794,200.0
demo:EU06_1_WD_00,demo,demo:EU06,EU06,5,6,city:2759794,city:2988507,200.0
demo:EU06_1_WD_01,demo,demo:EU06,EU06,5,6,city:2759794,city:2988507,200.0
demo:EU06_1_WD_02,demo,demo:EU06,EU06,5,6,city:2759794,city:2988507,200.0
demo:EU06_1_WD_03,demo,demo:EU06,EU06,5,6,city:2759794,city:2988507,200.0
demo:EU06_1_WD_04,demo,demo:EU06,EU06,5,6,city:2759794,city:2988507,200.0
demo:EU06_1_WD_05,demo,demo:EU06,EU06,5,6,city:2759794,city:2988507,200.0
demo:EU06_1_WE_00,demo,demo:EU06,EU06,2,6,city:2759794,city:2988507,200.0
demo:EU06_1_WE_01,demo,demo:EU06,EU06,2,6,city:2759794,city:2988507,200.0
demo:EU06_1_WE_02,demo,demo:EU06,EU06,2,6,city:2759794,city:2988507,200.0
demo:EU06_1_WE_03,demo,demo:EU06,EU06,2,6,city:2759794,city:2988507,200.0
demo:EU06_1_WE_04,demo,demo:EU06,EU06,2,6,city:2759794,city:2988507,200.0
demo:EU07_0_WD_00,demo,demo:EU07,EU07,5,5,city:2988507,city:2886242,195.0
demo:EU07_0_WD_01,demo,demo:EU07,EU07,5,5,city:2988507,city:2886242,195.0
demo:EU07_0_WD_02,demo,demo:EU07,EU07,5,5,city:2988507,city:2886242,195.0
demo:EU07_0_WD_03,demo,demo:EU07,EU07,5,5,city:2988507,city:2886242,195.0
demo:EU07_0_WD_04,demo,demo:EU07,EU07,5,5,city:2988507,city:2886242,195.0
demo:EU07_0_WE_00,demo,demo:EU07,EU07,2,5,city:2988507,city:2886242,195.0
demo:EU07_0_WE_01,demo,demo:EU07,EU07,2,5,city:2988507,city:2886242,195.0
demo:EU07_0_WE_02,demo,demo:EU07,EU07,2,5,city:2988507,city:2886242,195.0
demo:EU07_0_WE_03,demo,demo:EU07,EU07,2,5,city:2988507,city:2886242,195.0
demo:EU07_1_WD_00,demo,demo:EU07,EU07,5,5,city:2886242,city:2988507,195.0
demo:EU07_1_WD_01,demo,demo:EU07,EU07,5,5,city:2886242,city:2988507,195.0
demo:EU07_1_WD_02,demo,demo:EU07,EU07,5,5,city:2886242,city:2988507,195.0
demo:EU07_1_WD_03,demo,demo:EU07,EU07,5,5,city:2886242,city:2988507,195.0
demo:EU07_1_WD_04,demo,demo:EU07,EU07,5,5,city:2886242,city:2988507,195.0
demo:EU07_1_WE_00,demo,demo:EU07,EU07,2,5,city:2886242,city:2988507,195.0
demo:EU07_1_WE_01,demo,demo:EU07,EU07,2,5,city:2886242,city:2988507,195.0
demo:EU07_1_WE_02,demo,demo:EU07,EU07,2,5,city:2886242,city:2988507,195.0
demo:EU07_1_WE_03,demo,demo:EU07,EU07,2,5,city:2886242,city:2988507,195.0
demo:FI01_0_WD_00,demo,demo:FI01,FI01,5,4,city:658225,city:634963,88.0
demo:FI01_0_WD_01,demo,demo:FI01,FI01,5,4,city:658225,city:634963,88.0
demo:FI01_0_WD_02,demo,demo:FI01,FI01,5,4,city:658225,city:634963,88.0
demo:FI01_0_WD_03,demo,demo:FI01,FI01,5,4,city:658225,city:634963,88.0
demo:FI01_0_WD_04,demo,demo:FI01,FI01,5,4,city:658225,city:634963,88.0
demo:FI01_0_WD_05,demo,demo:FI01,FI01,5,4,city:658225,city:634963,88.0
demo:FI01_0_WD_06,demo,demo:FI01,FI01,5,4,city:658225,city:634963,88.0
demo:FI01_0_WD_07,demo,demo:FI01,FI01,5,4,city:658225,city:634963,88.0
demo:FI01_0_WD_08,demo,demo:FI01,FI01,5,4,city:658225,city:634963,88.0
demo:FI01_0_WD_09,demo,demo:FI01,FI01,5,4,city:658225,city:634963,88.0
demo:FI01_0_WD_10,demo,demo:FI01,FI01,5,4,city:658225,city:634963,88.0
demo:FI01_0_WD_11,demo,demo:FI01,FI01,5,4,city:658225,city:634963,88.0
demo:FI01_0_WD_12,demo,demo:FI01,FI01,5,4,city:658225,city:634963,88.0
demo:FI01_0_WD_13,demo,demo:FI01,FI01,5,4,city:658225,city:634963,88.0
demo:FI01_0_WD_14,demo,demo:FI01,FI01,5,4,city:658225,city:634963,88.0
demo:FI01_0_WD_15,demo,demo:FI01,FI01,5,4,city:658225,city:634963,88.0
demo:FI01_0_WD_16,demo,demo:FI01,FI01,5,4,city:658225,city:634963,88.0
demo:FI01_0_WD_17,demo,demo:FI01,FI01,5,4,city:658225,city:634963,88.0
demo:FI01_0_WD_18,demo,demo:FI01,FI01,5,4,city:658225,city:634963,88.0
demo:FI01_0_WD_19,demo,demo:FI01,FI01,5,4,city:658225,city:634963,88.0
demo:FI01_0_WD_20,demo,demo:FI01,FI01,5,4,city:658225,city:634963,88.0
demo:FI01_0_WD_21,demo,demo:FI01,FI01,5,4,city:658225,city:634963,88.0
demo:FI01_0_WD_22,demo,demo:FI01,FI01,5,4,city:658225,city:634963,88.0
demo:FI01_0_WD_23,demo,demo:FI01,FI01,5,4,city:658225,city:634963,88.0
demo:FI01_0_WE_00,demo,demo:FI01,FI01,2,4,city:658225,city:634963,88.0
demo:FI01_0_WE_01,demo,demo:FI01,FI01,2,4,city:658225,city:634963,88.0
demo:FI01_0_WE_02,demo,demo:FI01,FI01,2,4,city:658225,city:634963,88.0
demo:FI01_0_WE_03,demo,demo:FI01,FI01,2,4,city:658225,city:634963,88.0
demo:FI01_0_WE_04,demo,demo:FI01,FI01,2,4,city:658225,city:634963,88.0
demo:FI01_0_WE_05,demo,demo:FI01,FI01,2,4,city:658225,city:634963,88.0
demo:FI01_0_WE_06,demo,demo:FI01,FI01,2,4,city:658225,city:634963,88.0
demo:FI01_0_WE_07,demo,demo:FI01,FI01,2,4,city:658225,city:634963,88.0
demo:FI01_0_WE_08,demo,demo:FI01,FI01,2,4,city:658225,city:634963,88.0
demo:FI01_0_WE_09,demo,demo:FI01,FI01,2,4,city:658225,city:634963,88.0
demo:FI01_0_WE_10,demo,demo:FI01,FI01,2,4,city:658225,city:634963,88.0
demo:FI01_0_WE_11,demo,demo:FI01,FI01,2,4,city:658225,city:634963,88.0
demo:FI01_0_WE_12,demo,demo:FI01,FI01,2,4,city:658225,city:634963,88.0
demo:FI01_0_WE_13,demo,demo:FI01,FI01,2,4,city:658225,city:634963,88.0
demo:FI01_0_WE_14,demo,demo:FI01,FI01,2,4,city:658225,city:634963,88.0
demo:FI01_0_WE_15,demo,demo:FI01,FI01,2,4,city:658225,city:634963,88.0
demo:FI01_0_WE_16,demo,demo:FI01,FI01,2,4,city:658225,city:634963,88.0
demo:FI01_0_WE_17,demo,demo:FI01,FI01,2,4,city:658225,city:634963,88.0
demo:FI01_0_WE_18,demo,demo:FI01,FI01,2,4,city:658225,city:634963,88.0
demo:FI01_0_WE_19,demo,demo:FI01,FI01,2,4,city:658225,city:634963,88.0
demo:FI01_1_WD_00,demo,demo:FI01,FI01,5,4,city:634963,city:658225,88.0
demo:FI01_1_WD_01,demo,demo:FI01,FI01,5,4,city:634963,city:658225,88.0
demo:FI01_1_WD_02,demo,demo:FI01,FI01,5,4,city:634963,city:658225,88.0
demo:FI01_1_WD_03,demo,demo:FI01,FI01,5,4,city:634963,city:658225,88.0
demo:FI01_1_WD_04,demo,demo:FI01,FI01,5,4,city:634963,city:658225,88.0
demo:FI01_1_WD_05,demo,demo:FI01,FI01,5,4,city:634963,city:658225,88.0
demo:FI01_1_WD_06,demo,demo:FI01,FI01,5,4,city:634963,city:658225,88.0
demo:FI01_1_WD_07,demo,demo:FI01,FI01,5,4,city:634963,city:658225,88.0
demo:FI01_1_WD_08,demo,demo:FI01,FI01,5,4,city:634963,city:658225,88.0
demo:FI01_1_WD_09,demo,demo:FI01,FI01,5,4,city:634963,city:658225,88.0
demo:FI01_1_WD_10,demo,demo:FI01,FI01,5,4,city:634963,city:658225,88.0
demo:FI01_1_WD_11,demo,demo:FI01,FI01,5,4,city:634963,city:658225,88.0
demo:FI01_1_WD_12,demo,demo:FI01,FI01,5,4,city:634963,city:658225,88.0
demo:FI01_1_WD_13,demo,demo:FI01,FI01,5,4,city:634963,city:658225,88.0
demo:FI01_1_WD_14,demo,demo:FI01,FI01,5,4,city:634963,city:658225,88.0
demo:FI01_1_WD_15,demo,demo:FI01,FI01,5,4,city:634963,city:658225,88.0
demo:FI01_1_WD_16,demo,demo:FI01,FI01,5,4,city:634963,city:658225,88.0
demo:FI01_1_WD_17,demo,demo:FI01,FI01,5,4,city:634963,city:658225,88.0
demo:FI01_1_WD_18,demo,demo:FI01,FI01,5,4,city:634963,city:658225,88.0
demo:FI01_1_WD_19,demo,demo:FI01,FI01,5,4,city:634963,city:658225,88.0
demo:FI01_1_WD_20,demo,demo:FI01,FI01,5,4,city:634963,city:658225,88.0
demo:FI01_1_WD_21,demo,demo:FI01,FI01,5,4,city:634963,city:658225,88.0
demo:FI01_1_WD_22,demo,demo:FI01,FI01,5,4,city:634963,city:658225,88.0
demo:FI01_1_WD_23,demo,demo:FI01,FI01,5,4,city:634963,city:658225,88.0
demo:FI01_1_WE_00,demo,demo:FI01,FI01,2,4,city:634963,city:658225,88.0
demo:FI01_1_WE_01,demo,demo:FI01,FI01,2,4,city:634963,city:658225,88.0
demo:FI01_1_WE_02,demo,demo:FI01,FI01,2,4,city:634963,city:658225,88.0
demo:FI01_1_WE_03,demo,demo:FI01,FI01,2,4,city:634963,city:658225,88.0
demo:FI01_1_WE_04,demo,demo:FI01,FI01,2,4,city:634963,city:658225,88.0
demo:FI01_1_WE_05,demo,demo:FI01,FI01,2,4,city:634963,city:658225,88.0
demo:FI01_1_WE_06,demo,demo:FI01,FI01,2,4,city:634963,city:658225,88.0
demo:FI01_1_WE_07,demo,demo:FI01,FI01,2,4,city:634963,city:658225,88.0
demo:FI01_1_WE_08,demo,demo:FI01,FI01,2,4,city:634963,city:658225,88.0
demo:FI01_1_WE_09,demo,demo:FI01,FI01,2,4,city:634963,city:658225,88.0
demo:FI01_1_WE_10,demo,demo:FI01,FI01,2,4,city:634963,city:658225,88.0
demo:FI01_1_WE_11,demo,demo:FI01,FI01,2,4,city:634963,city:658225,88.0
demo:FI01_1_WE_12,demo,demo:FI01,FI01,2,4,city:634963,city:658225,88.0
demo:FI01_1_WE_13,demo,demo:FI01,FI01,2,4,city:634963,city:658225,88.0
demo:FI01_1_WE_14,demo,demo:FI01,FI01,2,4,city:634963,city:658225,88.0
demo:FI01_1_WE_15,demo,demo:FI01,FI01,2,4,city:634963,city:658225,88.0
demo:FI01_1_WE_16,demo,demo:FI01,FI01,2,4,city:634963,city:658225,88.0
demo:FI01_1_WE_17,demo,demo:FI01,FI01,2,4,city:634963,city:658225,88.0
demo:FI01_1_WE_18,demo,demo:FI01,FI01,2,4,city:634963,city:658225,88.0
demo:FI01_1_WE_19,demo,demo:FI01,FI01,2,4,city:634963,city:658225,88.0
demo:FI02_0_WD_00,demo,demo:FI02,FI02,5,6,city:658225,city:643492,334.0
demo:FI02_0_WD_01,demo,demo:FI02,FI02,5,6,city:658225,city:643492,332.0
demo:FI02_0_WD_02,demo,demo:FI02,FI02,5,6,city:658225,city:643492,334.0
demo:FI02_0_WD_03,demo,demo:FI02,FI02,5,6,city:658225,city:643492,332.0
demo:FI02_0_WD_04,demo,demo:FI02,FI02,5,6,city:658225,city:643492,334.0
demo:FI02_0_WD_05,demo,demo:FI02,FI02,5,6,city:658225,city:643492,332.0
demo:FI02_0_WD_06,demo,demo:FI02,FI02,5,6,city:658225,city:643492,334.0
demo:FI02_0_WD_07,demo,demo:FI02,FI02,5,6,city:658225,city:643492,332.0
demo:FI02_0_WD_08,demo,demo:FI02,FI02,5,6,city:658225,city:643492,334.0
demo:FI02_0_WD_09,demo,demo:FI02,FI02,5,6,city:658225,city:643492,332.0
demo:FI02_0_WE_00,demo,demo:FI02,FI02,2,6,city:658225,city:643492,333.0
demo:FI02_0_WE_01,demo,demo:FI02,FI02,2,6,city:658225,city:643492,333.0
demo:FI02_0_WE_02,demo,demo:FI02,FI02,2,6,city:658225,city:643492,333.0
demo:FI02_0_WE_03,demo,demo:FI02,FI02,2,6,city:658225,city:643492,333.0
demo:FI02_0_WE_04,demo,demo:FI02,FI02,2,6,city:658225,city:643492,333.0
demo:FI02_0_WE_05,demo,demo:FI02,FI02,2,6,city:658225,city:643492,333.0
demo:FI02_0_WE_06,demo,demo:FI02,FI02,2,6,city:658225,city:643492,333.0
demo:FI02_0_WE_07,demo,demo:FI02,FI02,2,6,city:658225,city:643492,333.0
demo:FI02_1_WD_00,demo,demo:FI02,FI02,5,6,city:643492,city:658225,332.0
demo:FI02_1_WD_01,demo,demo:FI02,FI02,5,6,city:643492,city:658225,334.0
demo:FI02_1_WD_02,demo,demo:FI02,FI02,5,6,city:643492,city:658225,332.0
demo:FI02_1_WD_03,demo,demo:FI02,FI02,5,6,city:643492,city:658225,334.0
demo:FI02_1_WD_04,demo,demo:FI02,FI02,5,6,city:643492,city:658225,332.0
demo:FI02_1_WD_05,demo,demo:FI02,FI02,5,6,city:643492,city:658225,334.0
demo:FI02_1_WD_06,demo,demo:FI02,FI02,5,6,city:643492,city:658225,332.0
demo:FI02_1_WD_07,demo,demo:FI02,FI02,5,6,city:643492,city:658225,334.0
demo:FI02_1_WD_08,demo,demo:FI02,FI02,5,6,city:643492,city:658225,332.0
demo:FI02_1_WD_09,demo,demo:FI02,FI02,5,6,city:643492,city:658225,334.0
demo:FI02_1_WE_00,demo,demo:FI02,FI02,2,6,city:643492,city:658225,333.0
demo:FI02_1_WE_01,demo,demo:FI02,FI02,2,6,city:643492,city:658225,333.0
demo:FI02_1_WE_02,demo,demo:FI02,FI02,2,6,city:643492,city:658225,333.0
demo:FI02_1_WE_03,demo,demo:FI02,FI02,2,6,city:643492,city:658225,333.0
demo:FI02_1_WE_04,demo,demo:FI02,FI02,2,6,city:643492,city:658225,333.0
demo:FI02_1_WE_05,demo,demo:FI02,FI02,2,6,city:643492,city:658225,333.0
demo:FI02_1_WE_06,demo,demo:FI02,FI02,2,6,city:643492,city:658225,333.0
demo:FI02_1_WE_07,demo,demo:FI02,FI02,2,6,city:643492,city:658225,333.0
demo:FI03_0_WD_00,demo,demo:FI03,FI03,5,4,city:658225,city:633679,113.0
demo:FI03_0_WD_01,demo,demo:FI03,FI03,5,4,city:658225,city:633679,113.0
demo:FI03_0_WD_02,demo,demo:FI03,FI03,5,4,city:658225,city:633679,113.0
demo:FI03_0_WD_03,demo,demo:FI03,FI03,5,4,city:658225,city:633679,113.0
demo:FI03_0_WD_04,demo,demo:FI03,FI03,5,4,city:658225,city:633679,113.0
demo:FI03_0_WD_05,demo,demo:FI03,FI03,5,4,city:658225,city:633679,113.0
demo:FI03_0_WD_06,demo,demo:FI03,FI03,5,4,city:658225,city:633679,113.0
demo:FI03_0_WD_07,demo,demo:FI03,FI03,5,4,city:658225,city:633679,113.0
demo:FI03_0_WD_08,demo,demo:FI03,FI03,5,4,city:658225,city:633679,113.0
demo:FI03_0_WD_09,demo,demo:FI03,FI03,5,4,city:658225,city:633679,113.0
demo:FI03_0_WD_10,demo,demo:FI03,FI03,5,4,city:658225,city:633679,113.0
demo:FI03_0_WD_11,demo,demo:FI03,FI03,5,4,city:658225,city:633679,113.0
demo:FI03_0_WD_12,demo,demo:FI03,FI03,5,4,city:658225,city:633679,113.0
demo:FI03_0_WD_13,demo,demo:FI03,FI03,5,4,city:658225,city:633679,113.0
demo:FI03_0_WD_14,demo,demo:FI03,FI03,5,4,city:658225,city:633679,113.0
demo:FI03_0_WD_15,demo,demo:FI03,FI03,5,4,city:658225,city:633679,113.0
demo:FI03_0_WE_00,demo,demo:FI03,FI03,2,4,city:658225,city:633679,113.0
demo:FI03_0_WE_01,demo,demo:FI03,FI03,2,4,city:658225,city:633679,113.0
demo:FI03_0_WE_02,demo,demo:FI03,FI03,2,4,city:658225,city:633679,113.0
demo:FI03_0_WE_03,demo,demo:FI03,FI03,2,4,city:658225,city:633679,114.0
demo:FI03_0_WE_04,demo,demo:FI03,FI03,2,4,city:658225,city:633679,113.0
demo:FI03_0_WE_05,demo,demo:FI03,FI03,2,4,city:658225,city:633679,113.0
demo:FI03_0_WE_06,demo,demo:FI03,FI03,2,4,city:658225,city:633679,113.0
demo:FI03_0_WE_07,demo,demo:FI03,FI03,2,4,city:658225,city:633679,113.0
demo:FI03_0_WE_08,demo,demo:FI03,FI03,2,4,city:658225,city:633679,113.0
demo:FI03_0_WE_09,demo,demo:FI03,FI03,2,4,city:658225,city:633679,113.0
demo:FI03_0_WE_10,demo,demo:FI03,FI03,2,4,city:658225,city:633679,112.0
demo:FI03_0_WE_11,demo,demo:FI03,FI03,2,4,city:658225,city:633679,113.0
demo:FI03_0_WE_12,demo,demo:FI03,FI03,2,4,city:658225,city:633679,113.0
demo:FI03_0_WE_13,demo,demo:FI03,FI03,2,4,city:658225,city:633679,113.0
demo:FI03_1_WD_00,demo,demo:FI03,FI03,5,4,city:633679,city:658225,113.0
demo:FI03_1_WD_01,demo,demo:FI03,FI03,5,4,city:633679,city:658225,113.0
demo:FI03_1_WD_02,demo,demo:FI03,FI03,5,4,city:633679,city:658225,113.0
demo:FI03_1_WD_03,demo,demo:FI03,FI03,5,4,city:633679,city:658225,113.0
demo:FI03_1_WD_04,demo,demo:FI03,FI03,5,4,city:633679,city:658225,113.0
demo:FI03_1_WD_05,demo,demo:FI03,FI03,5,4,city:633679,city:658225,113.0
demo:FI03_1_WD_06,demo,demo:FI03,FI03,5,4,city:633679,city:658225,113.0
demo:FI03_1_WD_07,demo,demo:FI03,FI03,5,4,city:633679,city:658225,113.0
demo:FI03_1_WD_08,demo,demo:FI03,FI03,5,4,city:633679,city:658225,113.0
demo:FI03_1_WD_09,demo,demo:FI03,FI03,5,4,city:633679,city:658225,113.0
demo:FI03_1_WD_10,demo,demo:FI03,FI03,5,4,city:633679,city:658225,113.0
demo:FI03_1_WD_11,demo,demo:FI03,FI03,5,4,city:633679,city:658225,113.0
demo:FI03_1_WD_12,demo,demo:FI03,FI03,5,4,city:633679,city:658225,113.0
demo:FI03_1_WD_13,demo,demo:FI03,FI03,5,4,city:633679,city:658225,113.0
demo:FI03_1_WD_14,demo,demo:FI03,FI03,5,4,city:633679,city:658225,113.0
demo:FI03_1_WD_15,demo,demo:FI03,FI03,5,4,city:633679,city:658225,113.0
demo:FI03_1_WE_00,demo,demo:FI03,FI03,2,4,city:633679,city:658225,113.0
demo:FI03_1_WE_01,demo,demo:FI03,FI03,2,4,city:633679,city:658225,113.0
demo:FI03_1_WE_02,demo,demo:FI03,FI03,2,4,city:633679,city:658225,113.0
demo:FI03_1_WE_03,demo,demo:FI03,FI03,2,4,city:633679,city:658225,112.0
demo:FI03_1_WE_04,demo,demo:FI03,FI03,2,4,city:633679,city:658225,113.0
demo:FI03_1_WE_05,demo,demo:FI03,FI03,2,4,city:633679,city:658225,113.0
demo:FI03_1_WE_06,demo,demo:FI03,FI03,2,4,city:633679,city:658225,113.0
demo:FI03_1_WE_07,demo,demo:FI03,FI03,2,4,city:633679,city:658225,113.0
demo:FI03_1_WE_08,demo,demo:FI03,FI03,2,4,city:633679,city:658225,113.0
demo:FI03_1_WE_09,demo,demo:FI03,FI03,2,4,city:633679,city:658225,113.0
demo:FI03_1_WE_10,demo,demo:FI03,FI03,2,4,city:633679,city:658225,114.0
demo:FI03_1_WE_11,demo,demo:FI03,FI03,2,4,city:633679,city:658225,113.0
demo:FI03_1_WE_12,demo,demo:FI03,FI03,2,4,city:633679,city:658225,113.0
demo:FI03_1_WE_13,demo,demo:FI03,FI03,2,4,city:633679,city:658225,113.0
demo:FI04_0_WD_00,demo,demo:FI04,FI04,5,5,city:658225,city:648900,125.0
demo:FI04_0_WD_01,demo,demo:FI04,FI04,5,5,city:658225,city:648900,125.0
demo:FI04_0_WD_02,demo,demo:FI04,FI04,5,5,city:658225,city:648900,125.0
demo:FI04_0_WD_03,demo,demo:FI04,FI04,5,5,city:658225,city:648900,125.0
demo:FI04_0_WD_04,demo,demo:FI04,FI04,5,5,city:658225,city:648900,125.0
demo:FI04_0_WD_05,demo,demo:FI04,FI04,5,5,city:658225,city:648900,125.0
demo:FI04_0_WD_06,demo,demo:FI04,FI04,5,5,city:658225,city:648900,125.0
demo:FI04_0_WD_07,demo,demo:FI04,FI04,5,5,city:658225,city:648900,125.0
demo:FI04_0_WE_00,demo,demo:FI04,FI04,2,5,city:658225,city:648900,125.0
demo:FI04_0_WE_01,demo,demo:FI04,FI04,2,5,city:658225,city:648900,125.0
demo:FI04_0_WE_02,demo,demo:FI04,FI04,2,5,city:658225,city:648900,125.0
demo:FI04_0_WE_03,demo,demo:FI04,FI04,2,5,city:658225,city:648900,125.0
demo:FI04_0_WE_04,demo,demo:FI04,FI04,2,5,city:658225,city:648900,125.0
demo:FI04_0_WE_05,demo,demo:FI04,FI04,2,5,city:658225,city:648900,125.0
demo:FI04_0_WE_06,demo,demo:FI04,FI04,2,5,city:658225,city:648900,125.0
demo:FI04_1_WD_00,demo,demo:FI04,FI04,5,5,city:648900,city:658225,125.0
demo:FI04_1_WD_01,demo,demo:FI04,FI04,5,5,city:648900,city:658225,125.0
demo:FI04_1_WD_02,demo,demo:FI04,FI04,5,5,city:648900,city:658225,125.0
demo:FI04_1_WD_03,demo,demo:FI04,FI04,5,5,city:648900,city:658225,125.0
demo:FI04_1_WD_04,demo,demo:FI04,FI04,5,5,city:648900,city:658225,125.0
demo:FI04_1_WD_05,demo,demo:FI04,FI04,5,5,city:648900,city:658225,125.0
demo:FI04_1_WD_06,demo,demo:FI04,FI04,5,5,city:648900,city:658225,125.0
demo:FI04_1_WD_07,demo,demo:FI04,FI04,5,5,city:648900,city:658225,125.0
demo:FI04_1_WE_00,demo,demo:FI04,FI04,2,5,city:648900,city:658225,125.0
demo:FI04_1_WE_01,demo,demo:FI04,FI04,2,5,city:648900,city:658225,125.0
demo:FI04_1_WE_02,demo,demo:FI04,FI04,2,5,city:648900,city:658225,125.0
demo:FI04_1_WE_03,demo,demo:FI04,FI04,2,5,city:648900,city:658225,125.0
demo:FI04_1_WE_04,demo,demo:FI04,FI04,2,5,city:648900,city:658225,125.0
demo:FI04_1_WE_05,demo,demo:FI04,FI04,2,5,city:648900,city:658225,125.0
demo:FI04_1_WE_06,demo,demo:FI04,FI04,2,5,city:648900,city:658225,125.0
demo:FI05_0_WD_00,demo,demo:FI05,FI05,5,7,city:658225,city:650224,250.0
demo:FI05_0_WD_01,demo,demo:FI05,FI05,5,7,city:658225,city:650224,250.0
demo:FI05_0_WD_02,demo,demo:FI05,FI05,5,7,city:658225,city:650224,250.0
demo:FI05_0_WD_03,demo,demo:FI05,FI05,5,7,city:658225,city:650224,250.0
demo:FI05_0_WD_04,demo,demo:FI05,FI05,5,7,city:658225,city:650224,250.0
demo:FI05_0_WD_05,demo,demo:FI05,FI05,5,7,city:658225,city:650224,250.0
demo:FI05_0_WD_06,demo,demo:FI05,FI05,5,7,city:658225,city:650224,250.0
demo:FI05_0_WD_07,demo,demo:FI05,FI05,5,7,city:658225,city:650224,250.0
demo:FI05_0_WE_00,demo,demo:FI05,FI05,2,7,city:658225,city:650224,250.0
demo:FI05_0_WE_01,demo,demo:FI05,FI05,2,7,city:658225,city:650224,250.0
demo:FI05_0_WE_02,demo,demo:FI05,FI05,2,7,city:658225,city:650224,250.0
demo:FI05_0_WE_03,demo,demo:FI05,FI05,2,7,city:658225,city:650224,250.0
demo:FI05_0_WE_04,demo,demo:FI05,FI05,2,7,city:658225,city:650224,250.0
demo:FI05_0_WE_05,demo,demo:FI05,FI05,2,7,city:658225,city:650224,250.0
demo:FI05_0_WE_06,demo,demo:FI05,FI05,2,7,city:658225,city:650224,250.0
demo:FI05_1_WD_00,demo,demo:FI05,FI05,5,7,city:650224,city:658225,250.0
demo:FI05_1_WD_01,demo,demo:FI05,FI05,5,7,city:650224,city:658225,250.0
demo:FI05_1_WD_02,demo,demo:FI05,FI05,5,7,city:650224,city:658225,250.0
demo:FI05_1_WD_03,demo,demo:FI05,FI05,5,7,city:650224,city:658225,250.0
demo:FI05_1_WD_04,demo,demo:FI05,FI05,5,7,city:650224,city:658225,250.0
demo:FI05_1_WD_05,demo,demo:FI05,FI05,5,7,city:650224,city:658225,250.0
demo:FI05_1_WD_06,demo,demo:FI05,FI05,5,7,city:650224,city:658225,250.0
demo:FI05_1_WD_07,demo,demo:FI05,FI05,5,7,city:650224,city:658225,250.0
demo:FI05_1_WE_00,demo,demo:FI05,FI05,2,7,city:650224,city:658225,250.0
demo:FI05_1_WE_01,demo,demo:FI05,FI05,2,7,city:650224,city:658225,250.0
demo:FI05_1_WE_02,demo,demo:FI05,FI05,2,7,city:650224,city:658225,250.0
demo:FI05_1_WE_03,demo,demo:FI05,FI05,2,7,city:650224,city:658225,250.0
demo:FI05_1_WE_04,demo,demo:FI05,FI05,2,7,city:650224,city:658225,250.0
demo:FI05_1_WE_05,demo,demo:FI05,FI05,2,7,city:650224,city:658225,250.0
demo:FI05_1_WE_06,demo,demo:FI05,FI05,2,7,city:650224,city:658225,250.0
demo:FI06_0_WD_00,demo,demo:FI06,FI06,5,2,city:634963,city:633679,105.0
demo:FI06_0_WD_01,demo,demo:FI06,FI06,5,2,city:634963,city:633679,105.0
demo:FI06_0_WD_02,demo,demo:FI06,FI06,5,2,city:634963,city:633679,105.0
demo:FI06_0_WD_03,demo,demo:FI06,FI06,5,2,city:634963,city:633679,105.0
demo:FI06_0_WD_04,demo,demo:FI06,FI06,5,2,city:634963,city:633679,105.0
demo:FI06_0_WD_05,demo,demo:FI06,FI06,5,2,city:634963,city:633679,105.0
demo:FI06_0_WD_06,demo,demo:FI06,FI06,5,2,city:634963,city:633679,105.0
demo:FI06_0_WD_07,demo,demo:FI06,FI06,5,2,city:634963,city:633679,105.0
demo:FI06_0_WE_00,demo,demo:FI06,FI06,2,2,city:634963,city:633679,105.0
demo:FI06_0_WE_01,demo,demo:FI06,FI06,2,2,city:634963,city:633679,105.0
demo:FI06_0_WE_02,demo,demo:FI06,FI06,2,2,city:634963,city:633679,105.0
demo:FI06_0_WE_03,demo,demo:FI06,FI06,2,2,city:634963,city:633679,105.0
demo:FI06_0_WE_04,demo,demo:FI06,FI06,2,2,city:634963,city:633679,105.0
demo:FI06_0_WE_05,demo,demo:FI06,FI06,2,2,city:634963,city:633679,105.0
demo:FI06_0_WE_06,demo,demo:FI06,FI06,2,2,city:634963,city:633679,105.0
demo:FI06_1_WD_00,demo,demo:FI06,FI06,5,2,city:633679,city:634963,105.0
demo:FI06_1_WD_01,demo,demo:FI06,FI06,5,2,city:633679,city:634963,105.0
demo:FI06_1_WD_02,demo,demo:FI06,FI06,5,2,city:633679,city:634963,105.0
demo:FI06_1_WD_03,demo,demo:FI06,FI06,5,2,city:633679,city:634963,105.0
demo:FI06_1_WD_04,demo,demo:FI06,FI06,5,2,city:633679,city:634963,105.0
demo:FI06_1_WD_05,demo,demo:FI06,FI06,5,2,city:633679,city:634963,105.0
demo:FI06_1_WD_06,demo,demo:FI06,FI06,5,2,city:633679,city:634963,105.0
demo:FI06_1_WD_07,demo,demo:FI06,FI06,5,2,city:633679,city:634963,105.0
demo:FI06_1_WE_00,demo,demo:FI06,FI06,2,2,city:633679,city:634963,105.0
demo:FI06_1_WE_01,demo,demo:FI06,FI06,2,2,city:633679,city:634963,105.0
demo:FI06_1_WE_02,demo,demo:FI06,FI06,2,2,city:633679,city:634963,105.0
demo:FI06_1_WE_03,demo,demo:FI06,FI06,2,2,city:633679,city:634963,105.0
demo:FI06_1_WE_04,demo,demo:FI06,FI06,2,2,city:633679,city:634963,105.0
demo:FI06_1_WE_05,demo,demo:FI06,FI06,2,2,city:633679,city:634963,105.0
demo:FI06_1_WE_06,demo,demo:FI06,FI06,2,2,city:633679,city:634963,105.0
demo:FR01_0_WD_00,demo,demo:FR01,FR01,5,2,city:2988507,city:2996944,116.0
demo:FR01_0_WD_01,demo,demo:FR01,FR01,5,2,city:2988507,city:2996944,116.0
demo:FR01_0_WD_02,demo,demo:FR01,FR01,5,2,city:2988507,city:2996944,116.0
demo:FR01_0_WD_03,demo,demo:FR01,FR01,5,2,city:2988507,city:2996944,116.0
demo:FR01_0_WD_04,demo,demo:FR01,FR01,5,2,city:2988507,city:2996944,116.0
demo:FR01_0_WD_05,demo,demo:FR01,FR01,5,2,city:2988507,city:2996944,116.0
demo:FR01_0_WD_06,demo,demo:FR01,FR01,5,2,city:2988507,city:2996944,116.0
demo:FR01_0_WD_07,demo,demo:FR01,FR01,5,2,city:2988507,city:2996944,116.0
demo:FR01_0_WD_08,demo,demo:FR01,FR01,5,2,city:2988507,city:2996944,116.0
demo:FR01_0_WD_09,demo,demo:FR01,FR01,5,2,city:2988507,city:2996944,116.0
demo:FR01_0_WD_10,demo,demo:FR01,FR01,5,2,city:2988507,city:2996944,116.0
demo:FR01_0_WD_11,demo,demo:FR01,FR01,5,2,city:2988507,city:2996944,116.0
demo:FR01_0_WE_00,demo,demo:FR01,FR01,2,2,city:2988507,city:2996944,116.0
demo:FR01_0_WE_01,demo,demo:FR01,FR01,2,2,city:2988507,city:2996944,116.0
demo:FR01_0_WE_02,demo,demo:FR01,FR01,2,2,city:2988507,city:2996944,116.0
demo:FR01_0_WE_03,demo,demo:FR01,FR01,2,2,city:2988507,city:2996944,116.0
demo:FR01_0_WE_04,demo,demo:FR01,FR01,2,2,city:2988507,city:2996944,116.0
demo:FR01_0_WE_05,demo,demo:FR01,FR01,2,2,city:2988507,city:2996944,116.0
demo:FR01_0_WE_06,demo,demo:FR01,FR01,2,2,city:2988507,city:2996944,116.0
demo:FR01_0_WE_07,demo,demo:FR01,FR01,2,2,city:2988507,city:2996944,116.0
demo:FR01_0_WE_08,demo,demo:FR01,FR01,2,2,city:2988507,city:2996944,116.0
demo:FR01_0_WE_09,demo,demo:FR01,FR01,2,2,city:2988507,city:2996944,116.0
demo:FR01_1_WD_00,demo,demo:FR01,FR01,5,2,city:2996944,city:2988507,116.0
demo:FR01_1_WD_01,demo,demo:FR01,FR01,5,2,city:2996944,city:2988507,116.0
demo:FR01_1_WD_02,demo,demo:FR01,FR01,5,2,city:2996944,city:2988507,116.0
demo:FR01_1_WD_03,demo,demo:FR01,FR01,5,2,city:2996944,city:2988507,116.0
demo:FR01_1_WD_04,demo,demo:FR01,FR01,5,2,city:2996944,city:2988507,116.0
demo:FR01_1_WD_05,demo,demo:FR01,FR01,5,2,city:2996944,city:2988507,116.0
demo:FR01_1_WD_06,demo,demo:FR01,FR01,5,2,city:2996944,city:2988507,116.0
demo:FR01_1_WD_07,demo,demo:FR01,FR01,5,2,city:2996944,city:2988507,116.0
demo:FR01_1_WD_08,demo,demo:FR01,FR01,5,2,city:2996944,city:2988507,116.0
demo:FR01_1_WD_09,demo,demo:FR01,FR01,5,2,city:2996944,city:2988507,116.0
demo:FR01_1_WD_10,demo,demo:FR01,FR01,5,2,city:2996944,city:2988507,116.0
demo:FR01_1_WD_11,demo,demo:FR01,FR01,5,2,city:2996944,city:2988507,116.0
demo:FR01_1_WE_00,demo,demo:FR01,FR01,2,2,city:2996944,city:2988507,116.0
demo:FR01_1_WE_01,demo,demo:FR01,FR01,2,2,city:2996944,city:2988507,116.0
demo:FR01_1_WE_02,demo,demo:FR01,FR01,2,2,city:2996944,city:2988507,116.0
demo:FR01_1_WE_03,demo,demo:FR01,FR01,2,2,city:2996944,city:2988507,116.0
demo:FR01_1_WE_04,demo,demo:FR01,FR01,2,2,city:2996944,city:2988507,116.0
demo:FR01_1_WE_05,demo,demo:FR01,FR01,2,2,city:2996944,city:2988507,116.0
demo:FR01_1_WE_06,demo,demo:FR01,FR01,2,2,city:2996944,city:2988507,116.0
demo:FR01_1_WE_07,demo,demo:FR01,FR01,2,2,city:2996944,city:2988507,116.0
demo:FR01_1_WE_08,demo,demo:FR01,FR01,2,2,city:2996944,city:2988507,116.0
demo:FR01_1_WE_09,demo,demo:FR01,FR01,2,2,city:2996944,city:2988507,116.0
demo:FR02_0_WD_00,demo,demo:FR02,FR02,5,6,city:2988507,city:2995469,226.0
demo:FR02_0_WD_01,demo,demo:FR02,FR02,5,6,city:2988507,city:2995469,226.0
demo:FR02_0_WD_02,demo,demo:FR02,FR02,5,6,city:2988507,city:2995469,226.0
demo:FR02_0_WD_03,demo,demo:FR02,FR02,5,6,city:2988507,city:2995469,226.0
demo:FR02_0_WD_04,demo,demo:FR02,FR02,5,6,city:2988507,city:2995469,226.0
demo:FR02_0_WD_05,demo,demo:FR02,FR02,5,6,city:2988507,city:2995469,226.0
demo:FR02_0_WE_00,demo,demo:FR02,FR02,2,6,city:2988507,city:2995469,226.0
demo:FR02_0_WE_01,demo,demo:FR02,FR02,2,6,city:2988507,city:2995469,226.0
demo:FR02_0_WE_02,demo,demo:FR02,FR02,2,6,city:2988507,city:2995469,226.0
demo:FR02_0_WE_03,demo,demo:FR02,FR02,2,6,city:2988507,city:2995469,226.0
demo:FR02_0_WE_04,demo,demo:FR02,FR02,2,6,city:2988507,city:2995469,226.0
demo:FR02_1_WD_00,demo,demo:FR02,FR02,5,6,city:2995469,city:2988507,226.0
demo:FR02_1_WD_01,demo,demo:FR02,FR02,5,6,city:2995469,city:2988507,226.0
demo:FR02_1_WD_02,demo,demo:FR02,FR02,5,6,city:2995469,city:2988507,226.0
demo:FR02_1_WD_03,demo,demo:FR02,FR02,5,6,city:2995469,city:2988507,226.0
demo:FR02_1_WD_04,demo,demo:FR02,FR02,5,6,city:2995469,city:2988507,226.0
demo:FR02_1_WD_05,demo,demo:FR02,FR02,5,6,city:2995469,city:2988507,226.0
demo:FR02_1_WE_00,demo,demo:FR02,FR02,2,6,city:2995469,city:2988507,226.0
demo:FR02_1_WE_01,demo,demo:FR02,FR02,2,6,city:2995469,city:2988507,226.0
demo:FR02_1_WE_02,demo,demo:FR02,FR02,2,6,city:2995469,city:2988507,226.0
demo:FR02_1_WE_03,demo,demo:FR02,FR02,2,6,city:2995469,city:2988507,226.0
demo:FR02_1_WE_04,demo,demo:FR02,FR02,2,6,city:2995469,city:2988507,226.0
demo:FR03_0_WD_00,demo,demo:FR03,FR03,5,3,city:2988507,city:2995469,188.0
demo:FR03_0_WD_01,demo,demo:FR03,FR03,5,3,city:2988507,city:2995469,188.0
demo:FR03_0_WD_02,demo,demo:FR03,FR03,5,3,city:2988507,city:2995469,188.0
demo:FR03_0_WD_03,demo,demo:FR03,FR03,5,3,city:2988507,city:2995469,188.0
demo:FR03_0_WD_04,demo,demo:FR03,FR03,5,3,city:2988507,city:2995469,188.0
demo:FR03_0_WD_05,demo,demo:FR03,FR03,5,3,city:2988507,city:2995469,188.0
demo:FR03_0_WD_06,demo,demo:FR03,FR03,5,3,city:2988507,city:2995469,188.0
demo:FR03_0_WD_07,demo,demo:FR03,FR03,5,3,city:2988507,city:2995469,188.0
demo:FR03_0_WE_00,demo,demo:FR03,FR03,2,3,city:2988507,city:2995469,188.0
demo:FR03_0_WE_01,demo,demo:FR03,FR03,2,3,city:2988507,city:2995469,188.0
demo:FR03_0_WE_02,demo,demo:FR03,FR03,2,3,city:2988507,city:2995469,188.0
demo:FR03_0_WE_03,demo,demo:FR03,FR03,2,3,city:2988507,city:2995469,188.0
demo:FR03_0_WE_04,demo,demo:FR03,FR03,2,3,city:2988507,city:2995469,188.0
demo:FR03_0_WE_05,demo,demo:FR03,FR03,2,3,city:2988507,city:2995469,188.0
demo:FR03_0_WE_06,demo,demo:FR03,FR03,2,3,city:2988507,city:2995469,188.0
demo:FR03_1_WD_00,demo,demo:FR03,FR03,5,3,city:2995469,city:2988507,188.0
demo:FR03_1_WD_01,demo,demo:FR03,FR03,5,3,city:2995469,city:2988507,188.0
demo:FR03_1_WD_02,demo,demo:FR03,FR03,5,3,city:2995469,city:2988507,188.0
demo:FR03_1_WD_03,demo,demo:FR03,FR03,5,3,city:2995469,city:2988507,188.0
demo:FR03_1_WD_04,demo,demo:FR03,FR03,5,3,city:2995469,city:2988507,188.0
demo:FR03_1_WD_05,demo,demo:FR03,FR03,5,3,city:2995469,city:2988507,188.0
demo:FR03_1_WD_06,demo,demo:FR03,FR03,5,3,city:2995469,city:2988507,188.0
demo:FR03_1_WD_07,demo,demo:FR03,FR03,5,3,city:2995469,city:2988507,188.0
demo:FR03_1_WE_00,demo,demo:FR03,FR03,2,3,city:2995469,city:2988507,188.0
demo:FR03_1_WE_01,demo,demo:FR03,FR03,2,3,city:2995469,city:2988507,188.0
demo:FR03_1_WE_02,demo,demo:FR03,FR03,2,3,city:2995469,city:2988507,188.0
demo:FR03_1_WE_03,demo,demo:FR03,FR03,2,3,city:2995469,city:2988507,188.0
demo:FR03_1_WE_04,demo,demo:FR03,FR03,2,3,city:2995469,city:2988507,188.0
demo:FR03_1_WE_05,demo,demo:FR03,FR03,2,3,city:2995469,city:2988507,188.0
demo:FR03_1_WE_06,demo,demo:FR03,FR03,2,3,city:2995469,city:2988507,188.0
demo:FR04_0_WD_00,demo,demo:FR04,FR04,5,8,city:2988507,city:2990440,358.0
demo:FR04_0_WD_01,demo,demo:FR04,FR04,5,8,city:2988507,city:2990440,358.0
demo:FR04_0_WD_02,demo,demo:FR04,FR04,5,8,city:2988507,city:2990440,358.0
demo:FR04_0_WD_03,demo,demo:FR04,FR04,5,8,city:2988507,city:2990440,358.0
demo:FR04_0_WD_04,demo,demo:FR04,FR04,5,8,city:2988507,city:2990440,358.0
demo:FR04_0_WD_05,demo,demo:FR04,FR04,5,8,city:2988507,city:2990440,358.0
demo:FR04_0_WE_00,demo,demo:FR04,FR04,2,8,city:2988507,city:2990440,358.0
demo:FR04_0_WE_01,demo,demo:FR04,FR04,2,8,city:2988507,city:2990440,358.0
demo:FR04_0_WE_02,demo,demo:FR04,FR04,2,8,city:2988507,city:2990440,358.0
demo:FR04_0_WE_03,demo,demo:FR04,FR04,2,8,city:2988507,city:2990440,358.0
demo:FR04_0_WE_04,demo,demo:FR04,FR04,2,8,city:2988507,city:2990440,358.0
demo:FR04_1_WD_00,demo,demo:FR04,FR04,5,8,city:2990440,city:2988507,358.0
demo:FR04_1_WD_01,demo,demo:FR04,FR04,5,8,city:2990440,city:2988507,358.0
demo:FR04_1_WD_02,demo,demo:FR04,FR04,5,8,city:2990440,city:2988507,358.0
demo:FR04_1_WD_03,demo,demo:FR04,FR04,5,8,city:2990440,city:2988507,358.0
demo:FR04_1_WD_04,demo,demo:FR04,FR04,5,8,city:2990440,city:2988507,358.0
demo:FR04_1_WD_05,demo,demo:FR04,FR04,5,8,city:2990440,city:2988507,358.0
demo:FR04_1_WE_00,demo,demo:FR04,FR04,2,8,city:2990440,city:2988507,358.0
demo:FR04_1_WE_01,demo,demo:FR04,FR04,2,8,city:2990440,city:2988507,358.0
demo:FR04_1_WE_02,demo,demo:FR04,FR04,2,8,city:2990440,city:2988507,358.0
demo:FR04_1_WE_03,demo,demo:FR04,FR04,2,8,city:2990440,city:2988507,358.0
demo:FR04_1_WE_04,demo,demo:FR04,FR04,2,8,city:2990440,city:2988507,358.0
demo:FR05_0_WD_00,demo,demo:FR05,FR05,5,4,city:2988507,city:2992166,202.0
demo:FR05_0_WD_01,demo,demo:FR05,FR05,5,4,city:2988507,city:2992166,202.0
demo:FR05_0_WD_02,demo,demo:FR05,FR05,5,4,city:2988507,city:2992166,202.0
demo:FR05_0_WD_03,demo,demo:FR05,FR05,5,4,city:2988507,city:2992166,202.0
demo:FR05_0_WD_04,demo,demo:FR05,FR05,5,4,city:2988507,city:2992166,202.0
demo:FR05_0_WD_05,demo,demo:FR05,FR05,5,4,city:2988507,city:2992166,202.0
demo:FR05_0_WD_06,demo,demo:FR05,FR05,5,4,city:2988507,city:2992166,202.0
demo:FR05_0_WD_07,demo,demo:FR05,FR05,5,4,city:2988507,city:2992166,202.0
demo:FR05_0_WD_08,demo,demo:FR05,FR05,5,4,city:2988507,city:2992166,202.0
demo:FR05_0_WE_00,demo,demo:FR05,FR05,2,4,city:2988507,city:2992166,202.0
demo:FR05_0_WE_01,demo,demo:FR05,FR05,2,4,city:2988507,city:2992166,202.0
demo:FR05_0_WE_02,demo,demo:FR05,FR05,2,4,city:2988507,city:2992166,202.0
demo:FR05_0_WE_03,demo,demo:FR05,FR05,2,4,city:2988507,city:2992166,202.0
demo:FR05_0_WE_04,demo,demo:FR05,FR05,2,4,city:2988507,city:2992166,202.0
demo:FR05_0_WE_05,demo,demo:FR05,FR05,2,4,city:2988507,city:2992166,202.0
demo:FR05_0_WE_06,demo,demo:FR05,FR05,2,4,city:2988507,city:2992166,202.0
demo:FR05_0_WE_07,demo,demo:FR05,FR05,2,4,city:2988507,city:2992166,202.0
demo:FR05_1_WD_00,demo,demo:FR05,FR05,5,4,city:2992166,city:2988507,202.0
demo:FR05_1_WD_01,demo,demo:FR05,FR05,5,4,city:2992166,city:2988507,202.0
demo:FR05_1_WD_02,demo,demo:FR05,FR05,5,4,city:2992166,city:2988507,202.0
demo:FR05_1_WD_03,demo,demo:FR05,FR05,5,4,city:2992166,city:2988507,202.0
demo:FR05_1_WD_04,demo,demo:FR05,FR05,5,4,city:2992166,city:2988507,202.0
demo:FR05_1_WD_05,demo,demo:FR05,FR05,5,4,city:2992166,city:2988507,202.0
demo:FR05_1_WD_06,demo,demo:FR05,FR05,5,4,city:2992166,city:2988507,202.0
demo:FR05_1_WD_07,demo,demo:FR05,FR05,5,4,city:2992166,city:2988507,202.0
demo:FR05_1_WD_08,demo,demo:FR05,FR05,5,4,city:2992166,city:2988507,202.0
demo:FR05_1_WE_00,demo,demo:FR05,FR05,2,4,city:2992166,city:2988507,202.0
demo:FR05_1_WE_01,demo,demo:FR05,FR05,2,4,city:2992166,city:2988507,202.0
demo:FR05_1_WE_02,demo,demo:FR05,FR05,2,4,city:2992166,city:2988507,202.0
demo:FR05_1_WE_03,demo,demo:FR05,FR05,2,4,city:2992166,city:2988507,202.0
demo:FR05_1_WE_04,demo,demo:FR05,FR05,2,4,city:2992166,city:2988507,202.0
demo:FR05_1_WE_05,demo,demo:FR05,FR05,2,4,city:2992166,city:2988507,202.0
demo:FR05_1_WE_06,demo,demo:FR05,FR05,2,4,city:2992166,city:2988507,202.0
demo:FR05_1_WE_07,demo,demo:FR05,FR05,2,4,city:2992166,city:2988507,202.0
demo:FR06_0_WD_00,demo,demo:FR06,FR06,5,7,city:2988507,city:2987914,295.0
demo:FR06_0_WD_01,demo,demo:FR06,FR06,5,7,city:2988507,city:2987914,295.0
demo:FR06_0_WD_02,demo,demo:FR06,FR06,5,7,city:2988507,city:2987914,295.0
demo:FR06_0_WD_03,demo,demo:FR06,FR06,5,7,city:2988507,city:2987914,295.0
demo:FR06_0_WE_00,demo,demo:FR06,FR06,2,7,city:2988507,city:2987914,295.0
demo:FR06_0_WE_01,demo,demo:FR06,FR06,2,7,city:2988507,city:2987914,295.0
demo:FR06_0_WE_02,demo,demo:FR06,FR06,2,7,city:2988507,city:2987914,295.0
demo:FR06_1_WD_00,demo,demo:FR06,FR06,5,7,city:2987914,city:2988507,295.0
demo:FR06_1_WD_01,demo,demo:FR06,FR06,5,7,city:2987914,city:2988507,295.0
demo:FR06_1_WD_02,demo,demo:FR06,FR06,5,7,city:2987914,city:2988507,295.0
demo:FR06_1_WD_03,demo,demo:FR06,FR06,5,7,city:2987914,city:2988507,295.0
demo:FR06_1_WE_00,demo,demo:FR06,FR06,2,7,city:2987914,city:2988507,295.0
demo:FR06_1_WE_01,demo,demo:FR06,FR06,2,7,city:2987914,city:2988507,295.0
demo:FR06_1_WE_02,demo,demo:FR06,FR06,2,7,city:2987914,city:2988507,295.0
demo:FR07_0_WD_00,demo,demo:FR07,FR07,5,5,city:2988507,city:2991214,172.0
demo:FR07_0_WD_01,demo,demo:FR07,FR07,5,5,city:2988507,city:2991214,172.0
demo:FR07_0_WD_02,demo,demo:FR07,FR07,5,5,city:2988507,city:2991214,172.0
demo:FR07_0_WD_03,demo,demo:FR07,FR07,5,5,city:2988507,city:2991214,172.0
demo:FR07_0_WD_04,demo,demo:FR07,FR07,5,5,city:2988507,city:2991214,172.0
demo:FR07_0_WD_05,demo,demo:FR07,FR07,5,5,city:2988507,city:2991214,172.0
demo:FR07_0_WE_00,demo,demo:FR07,FR07,2,5,city:2988507,city:2991214,172.0
demo:FR07_0_WE_01,demo,demo:FR07,FR07,2,5,city:2988507,city:2991214,172.0
demo:FR07_0_WE_02,demo,demo:FR07,FR07,2,5,city:2988507,city:2991214,172.0
demo:FR07_0_WE_03,demo,demo:FR07,FR07,2,5,city:2988507,city:2991214,172.0
demo:FR07_0_WE_04,demo,demo:FR07,FR07,2,5,city:2988507,city:2991214,172.0
demo:FR07_1_WD_00,demo,demo:FR07,FR07,5,5,city:2991214,city:2988507,172.0
demo:FR07_1_WD_01,demo,demo:FR07,FR07,5,5,city:2991214,city:2988507,172.0
demo:FR07_1_WD_02,demo,demo:FR07,FR07,5,5,city:2991214,city:2988507,172.0
demo:FR07_1_WD_03,demo,demo:FR07,FR07,5,5,city:2991214,city:2988507,172.0
demo:FR07_1_WD_04,demo,demo:FR07,FR07,5,5,city:2991214,city:2988507,172.0
demo:FR07_1_WD_05,demo,demo:FR07,FR07,5,5,city:2991214,city:2988507,172.0
demo:FR07_1_WE_00,demo,demo:FR07,FR07,2,5,city:2991214,city:2988507,172.0
demo:FR07_1_WE_01,demo,demo:FR07,FR07,2,5,city:2991214,city:2988507,172.0
demo:FR07_1_WE_02,demo,demo:FR07,FR07,2,5,city:2991214,city:2988507,172.0
demo:FR07_1_WE_03,demo,demo:FR07,FR07,2,5,city:2991214,city:2988507,172.0
demo:FR07_1_WE_04,demo,demo:FR07,FR07,2,5,city:2991214,city:2988507,172.0
demo:FR08_0_WD_00,demo,demo:FR08,FR08,5,4,city:2988507,city:2657896,246.0
demo:FR08_0_WD_01,demo,demo:FR08,FR08,5,4,city:2988507,city:2657896,246.0
demo:FR08_0_WD_02,demo,demo:FR08,FR08,5,4,city:2988507,city:2657896,246.0
demo:FR08_0_WD_03,demo,demo:FR08,FR08,5,4,city:2988507,city:2657896,246.0
demo:FR08_0_WD_04,demo,demo:FR08,FR08,5,4,city:2988507,city:2657896,246.0
demo:FR08_0_WD_05,demo,demo:FR08,FR08,5,4,city:2988507,city:2657896,246.0
demo:FR08_0_WE_00,demo,demo:FR08,FR08,2,4,city:2988507,city:2657896,246.0
demo:FR08_0_WE_01,demo,demo:FR08,FR08,2,4,city:2988507,city:2657896,246.0
demo:FR08_0_WE_02,demo,demo:FR08,FR08,2,4,city:2988507,city:2657896,246.0
demo:FR08_0_WE_03,demo,demo:FR08,FR08,2,4,city:2988507,city:2657896,246.0
demo:FR08_0_WE_04,demo,demo:FR08,FR08,2,4,city:2988507,city:2657896,246.0
demo:FR08_1_WD_00,demo,demo:FR08,FR08,5,4,city:2657896,city:2988507,246.0
demo:FR08_1_WD_01,demo,demo:FR08,FR08,5,4,city:2657896,city:2988507,246.0
demo:FR08_1_WD_02,demo,demo:FR08,FR08,5,4,city:2657896,city:2988507,246.0
demo:FR08_1_WD_03,demo,demo:FR08,FR08,5,4,city:2657896,city:2988507,246.0
demo:FR08_1_WD_04,demo,demo:FR08,FR08,5,4,city:2657896,city:2988507,246.0
demo:FR08_1_WD_05,demo,demo:FR08,FR08,5,4,city:2657896,city:2988507,246.0
demo:FR08_1_WE_00,demo,demo:FR08,FR08,2,4,city:2657896,city:2988507,246.0
demo:FR08_1_WE_01,demo,demo:FR08,FR08,2,4,city:2657896,city:2988507,246.0
demo:FR08_1_WE_02,demo,demo:FR08,FR08,2,4,city:2657896,city:2988507,246.0
demo:FR08_1_WE_03,demo,demo:FR08,FR08,2,4,city:2657896,city:2988507,246.0
demo:FR08_1_WE_04,demo,demo:FR08,FR08,2,4,city:2657896,city:2988507,246.0
demo:FR09_0_WD_00,demo,demo:FR09,FR09,5,5,city:2988507,city:2659994,222.0
demo:FR09_0_WD_01,demo,demo:FR09,FR09,5,5,city:2988507,city:2659994,222.0
demo:FR09_0_WD_02,demo,demo:FR09,FR09,5,5,city:2988507,city:2659994,222.0
demo:FR09_0_WD_03,demo,demo:FR09,FR09,5,5,city:2988507,city:2659994,222.0
demo:FR09_0_WE_00,demo,demo:FR09,FR09,2,5,city:2988507,city:2659994,222.0
demo:FR09_0_WE_01,demo,demo:FR09,FR09,2,5,city:2988507,city:2659994,222.0
demo:FR09_0_WE_02,demo,demo:FR09,FR09,2,5,city:2988507,city:2659994,222.0
demo:FR09_1_WD_00,demo,demo:FR09,FR09,5,5,city:2659994,city:2988507,222.0
demo:FR09_1_WD_01,demo,demo:FR09,FR09,5,5,city:2659994,city:2988507,222.0
demo:FR09_1_WD_02,demo,demo:FR09,FR09,5,5,city:2659994,city:2988507,222.0
demo:FR09_1_WD_03,demo,demo:FR09,FR09,5,5,city:2659994,city:2988507,222.0
demo:FR09_1_WE_00,demo,demo:FR09,FR09,2,5,city:2659994,city:2988507,222.0
demo:FR09_1_WE_01,demo,demo:FR09,FR09,2,5,city:2659994,city:2988507,222.0
demo:FR09_1_WE_02,demo,demo:FR09,FR09,2,5,city:2659994,city:2988507,222.0
demo:FR10_0_WD_00,demo,demo:FR10,FR10,5,4,city:2988507,city:2660646,192.0
demo:FR10_0_WD_01,demo,demo:FR10,FR10,5,4,city:2988507,city:2660646,192.0
demo:FR10_0_WD_02,demo,demo:FR10,FR10,5,4,city:2988507,city:2660646,192.0
demo:FR10_0_WD_03,demo,demo:FR10,FR10,5,4,city:2988507,city:2660646,192.0
demo:FR10_0_WD_04,demo,demo:FR10,FR10,5,4,city:2988507,city:2660646,192.0
demo:FR10_0_WD_05,demo,demo:FR10,FR10,5,4,city:2988507,city:2660646,192.0
demo:FR10_0_WD_06,demo,demo:FR10,FR10,5,4,city:2988507,city:2660646,192.0
demo:FR10_0_WD_07,demo,demo:FR10,FR10,5,4,city:2988507,city:2660646,192.0
demo:FR10_0_WE_00,demo,demo:FR10,FR10,2,4,city:2988507,city:2660646,192.0
demo:FR10_0_WE_01,demo,demo:FR10,FR10,2,4,city:2988507,city:2660646,192.0
demo:FR10_0_WE_02,demo,demo:FR10,FR10,2,4,city:2988507,city:2660646,192.0
demo:FR10_0_WE_03,demo,demo:FR10,FR10,2,4,city:2988507,city:2660646,192.0
demo:FR10_0_WE_04,demo,demo:FR10,FR10,2,4,city:2988507,city:2660646,192.0
demo:FR10_0_WE_05,demo,demo:FR10,FR10,2,4,city:2988507,city:2660646,192.0
demo:FR10_0_WE_06,demo,demo:FR10,FR10,2,4,city:2988507,city:2660646,192.0
demo:FR10_1_WD_00,demo,demo:FR10,FR10,5,4,city:2660646,city:2988507,192.0
demo:FR10_1_WD_01,demo,demo:FR10,FR10,5,4,city:2660646,city:2988507,192.0
demo:FR10_1_WD_02,demo,demo:FR10,FR10,5,4,city:2660646,city:2988507,192.0
demo:FR10_1_WD_03,demo,demo:FR10,FR10,5,4,city:2660646,city:2988507,192.0
demo:FR10_1_WD_04,demo,demo:FR10,FR10,5,4,city:2660646,city:2988507,192.0
demo:FR10_1_WD_05,demo,demo:FR10,FR10,5,4,city:2660646,city:2988507,192.0
demo:FR10_1_WD_06,demo,demo:FR10,FR10,5,4,city:2660646,city:2988507,192.0
demo:FR10_1_WD_07,demo,demo:FR10,FR10,5,4,city:2660646,city:2988507,192.0
demo:FR10_1_WE_00,demo,demo:FR10,FR10,2,4,city:2660646,city:2988507,192.0
demo:FR10_1_WE_01,demo,demo:FR10,FR10,2,4,city:2660646,city:2988507,192.0
demo:FR10_1_WE_02,demo,demo:FR10,FR10,2,4,city:2660646,city:2988507,192.0
demo:FR10_1_WE_03,demo,demo:FR10,FR10,2,4,city:2660646,city:2988507,192.0
demo:FR10_1_WE_04,demo,demo:FR10,FR10,2,4,city:2660646,city:2988507,192.0
demo:FR10_1_WE_05,demo,demo:FR10,FR10,2,4,city:2660646,city:2988507,192.0
demo:FR10_1_WE_06,demo,demo:FR10,FR10,2,4,city:2660646,city:2988507,192.0
demo:FR11_0_WD_00,demo,demo:FR11,FR11,5,6,city:2988507,city:3173435,425.0
demo:FR11_0_WD_01,demo,demo:FR11,FR11,5,6,city:2988507,city:3173435,425.0
demo:FR11_0_WD_02,demo,demo:FR11,FR11,5,6,city:2988507,city:3173435,425.0
demo:FR11_0_WE_00,demo,demo:FR11,FR11,2,6,city:2988507,city:3173435,425.0
demo:FR11_0_WE_01,demo,demo:FR11,FR11,2,6,city:2988507,city:3173435,425.0
demo:FR11_0_WE_02,demo,demo:FR11,FR11,2,6,city:2988507,city:3173435,425.0
demo:FR11_1_WD_00,demo,demo:FR11,FR11,5,6,city:3173435,city:2988507,425.0
demo:FR11_1_WD_01,demo,demo:FR11,FR11,5,6,city:3173435,city:2988507,425.0
demo:FR11_1_WD_02,demo,demo:FR11,FR11,5,6,city:3173435,city:2988507,425.0
demo:FR11_1_WE_00,demo,demo:FR11,FR11,2,6,city:3173435,city:2988507,425.0
demo:FR11_1_WE_01,demo,demo:FR11,FR11,2,6,city:3173435,city:2988507,425.0
demo:FR11_1_WE_02,demo,demo:FR11,FR11,2,6,city:3173435,city:2988507,425.0
demo:FR12_0_WD_00,demo,demo:FR12,FR12,5,2,city:2988507,city:3014728,180.0
demo:FR12_0_WD_01,demo,demo:FR12,FR12,5,2,city:2988507,city:3014728,180.0
demo:FR12_0_WD_02,demo,demo:FR12,FR12,5,2,city:2988507,city:3014728,180.0
demo:FR12_0_WD_03,demo,demo:FR12,FR12,5,2,city:2988507,city:3014728,180.0
demo:FR12_0_WD_04,demo,demo:FR12,FR12,5,2,city:2988507,city:3014728,180.0
demo:FR12_0_WD_05,demo,demo:FR12,FR12,5,2,city:2988507,city:3014728,180.0
demo:FR12_0_WD_06,demo,demo:FR12,FR12,5,2,city:2988507,city:3014728,180.0
demo:FR12_0_WE_00,demo,demo:FR12,FR12,2,2,city:2988507,city:3014728,180.0
demo:FR12_0_WE_01,demo,demo:FR12,FR12,2,2,city:2988507,city:3014728,180.0
demo:FR12_0_WE_02,demo,demo:FR12,FR12,2,2,city:2988507,city:3014728,180.0
demo:FR12_0_WE_03,demo,demo:FR12,FR12,2,2,city:2988507,city:3014728,180.0
demo:FR12_0_WE_04,demo,demo:FR12,FR12,2,2,city:2988507,city:3014728,180.0
demo:FR12_0_WE_05,demo,demo:FR12,FR12,2,2,city:2988507,city:3014728,180.0
demo:FR12_1_WD_00,demo,demo:FR12,FR12,5,2,city:3014728,city:2988507,180.0
demo:FR12_1_WD_01,demo,demo:FR12,FR12,5,2,city:3014728,city:2988507,180.0
demo:FR12_1_WD_02,demo,demo:FR12,FR12,5,2,city:3014728,city:2988507,180.0
demo:FR12_1_WD_03,demo,demo:FR12,FR12,5,2,city:3014728,city:2988507,180.0
demo:FR12_1_WD_04,demo,demo:FR12,FR12,5,2,city:3014728,city:2988507,180.0
demo:FR12_1_WD_05,demo,demo:FR12,FR12,5,2,city:3014728,city:2988507,180.0
demo:FR12_1_WD_06,demo,demo:FR12,FR12,5,2,city:3014728,city:2988507,180.0
demo:FR12_1_WE_00,demo,demo:FR12,FR12,2,2,city:3014728,city:2988507,180.0
demo:FR12_1_WE_01,demo,demo:FR12,FR12,2,2,city:3014728,city:2988507,180.0
demo:FR12_1_WE_02,demo,demo:FR12,FR12,2,2,city:3014728,city:2988507,180.0
demo:FR12_1_WE_03,demo,demo:FR12,FR12,2,2,city:3014728,city:2988507,180.0
demo:FR12_1_WE_04,demo,demo:FR12,FR12,2,2,city:3014728,city:2988507,180.0
demo:FR12_1_WE_05,demo,demo:FR12,FR12,2,2,city:3014728,city:2988507,180.0
demo:FR13_0_WD_00,demo,demo:FR13,FR13,5,3,city:2988507,city:3037543,225.0
demo:FR13_0_WD_01,demo,demo:FR13,FR13,5,3,city:2988507,city:3037543,225.0
demo:FR13_0_WD_02,demo,demo:FR13,FR13,5,3,city:2988507,city:3037543,225.0
demo:FR13_0_WD_03,demo,demo:FR13,FR13,5,3,city:2988507,city:3037543,225.0
demo:FR13_0_WD_04,demo,demo:FR13,FR13,5,3,city:2988507,city:3037543,225.0
demo:FR13_0_WE_00,demo,demo:FR13,FR13,2,3,city:2988507,city:3037543,225.0
demo:FR13_0_WE_01,demo,demo:FR13,FR13,2,3,city:2988507,city:3037543,225.0
demo:FR13_0_WE_02,demo,demo:FR13,FR13,2,3,city:2988507,city:3037543,225.0
demo:FR13_0_WE_03,demo,demo:FR13,FR13,2,3,city:2988507,city:3037543,225.0
demo:FR13_1_WD_00,demo,demo:FR13,FR13,5,3,city:3037543,city:2988507,225.0
demo:FR13_1_WD_01,demo,demo:FR13,FR13,5,3,city:3037543,city:2988507,225.0
demo:FR13_1_WD_02,demo,demo:FR13,FR13,5,3,city:3037543,city:2988507,225.0
demo:FR13_1_WD_03,demo,demo:FR13,FR13,5,3,city:3037543,city:2988507,225.0
demo:FR13_1_WD_04,demo,demo:FR13,FR13,5,3,city:3037543,city:2988507,225.0
demo:FR13_1_WE_00,demo,demo:FR13,FR13,2,3,city:3037543,city:2988507,225.0
demo:FR13_1_WE_01,demo,demo:FR13,FR13,2,3,city:3037543,city:2988507,225.0
demo:FR13_1_WE_02,demo,demo:FR13,FR13,2,3,city:3037543,city:2988507,225.0
demo:FR13_1_WE_03,demo,demo:FR13,FR13,2,3,city:3037543,city:2988507,225.0
demo:FR14_0_WD_00,demo,demo:FR14,FR14,5,7,city:2998324,city:2995469,292.0
demo:FR14_0_WD_01,demo,demo:FR14,FR14,5,7,city:2998324,city:2995469,292.0
demo:FR14_0_WD_02,demo,demo:FR14,FR14,5,7,city:2998324,city:2995469,292.0
demo:FR14_0_WD_03,demo,demo:FR14,FR14,5,7,city:2998324,city:2995469,292.0
demo:FR14_0_WD_04,demo,demo:FR14,FR14,5,7,city:2998324,city:2995469,292.0
demo:FR14_0_WE_00,demo,demo:FR14,FR14,2,7,city:2998324,city:2995469,292.0
demo:FR14_0_WE_01,demo,demo:FR14,FR14,2,7,city:2998324,city:2995469,292.0
demo:FR14_0_WE_02,demo,demo:FR14,FR14,2,7,city:2998324,city:2995469,292.0
demo:FR14_0_WE_03,demo,demo:FR14,FR14,2,7,city:2998324,city:2995469,292.0
demo:FR14_1_WD_00,demo,demo:FR14,FR14,5,7,city:2995469,city:2998324,292.0
demo:FR14_1_WD_01,demo,demo:FR14,FR14,5,7,city:2995469,city:2998324,292.0
demo:FR14_1_WD_02,demo,demo:FR14,FR14,5,7,city:2995469,city:2998324,292.0
demo:FR14_1_WD_03,demo,demo:FR14,FR14,5,7,city:2995469,city:2998324,292.0
demo:FR14_1_WD_04,demo,demo:FR14,FR14,5,7,city:2995469,city:2998324,292.0
demo:FR14_1_WE_00,demo,demo:FR14,FR14,2,7,city:2995469,city:2998324,292.0
demo:FR14_1_WE_01,demo,demo:FR14,FR14,2,7,city:2995469,city:2998324,292.0
demo:FR14_1_WE_02,demo,demo:FR14,FR14,2,7,city:2995469,city:2998324,292.0
demo:FR14_1_WE_03,demo,demo:FR14,FR14,2,7,city:2995469,city:2998324,292.0
demo:FR15_0_WD_00,demo,demo:FR15,FR15,5,7,city:2998324,city:3031582,255.0
demo:FR15_0_WD_01,demo,demo:FR15,FR15,5,7,city:2998324,city:3031582,255.0
demo:FR15_0_WD_02,demo,demo:FR15,FR15,5,7,city:2998324,city:3031582,255.0
demo:FR15_0_WD_03,demo,demo:FR15,FR15,5,7,city:2998324,city:3031582,255.0
demo:FR15_0_WE_00,demo,demo:FR15,FR15,2,7,city:2998324,city:3031582,255.0
demo:FR15_0_WE_01,demo,demo:FR15,FR15,2,7,city:2998324,city:3031582,255.0
demo:FR15_0_WE_02,demo,demo:FR15,FR15,2,7,city:2998324,city:3031582,255.0
demo:FR15_1_WD_00,demo,demo:FR15,FR15,5,7,city:3031582,city:2998324,255.0
demo:FR15_1_WD_01,demo,demo:FR15,FR15,5,7,city:3031582,city:2998324,255.0
demo:FR15_1_WD_02,demo,demo:FR15,FR15,5,7,city:3031582,city:2998324,255.0
demo:FR15_1_WD_03,demo,demo:FR15,FR15,5,7,city:3031582,city:2998324,255.0
demo:FR15_1_WE_00,demo,demo:FR15,FR15,2,7,city:3031582,city:2998324,255.0
demo:FR15_1_WE_01,demo,demo:FR15,FR15,2,7,city:3031582,city:2998324,255.0
demo:FR15_1_WE_02,demo,demo:FR15,FR15,2,7,city:3031582,city:2998324,255.0
demo:FR16_0_WD_00,demo,demo:FR16,FR16,5,6,city:2998324,city:2983990,190.0
demo:FR16_0_WD_01,demo,demo:FR16,FR16,5,6,city:2998324,city:2983990,190.0
demo:FR16_0_WD_02,demo,demo:FR16,FR16,5,6,city:2998324,city:2983990,190.0
demo:FR16_0_WD_03,demo,demo:FR16,FR16,5,6,city:2998324,city:2983990,190.0
demo:FR16_0_WE_00,demo,demo:FR16,FR16,2,6,city:2998324,city:2983990,190.0
demo:FR16_0_WE_01,demo,demo:FR16,FR16,2,6,city:2998324,city:2983990,190.0
demo:FR16_0_WE_02,demo,demo:FR16,FR16,2,6,city:2998324,city:2983990,190.0
demo:FR16_1_WD_00,demo,demo:FR16,FR16,5,6,city:2983990,city:2998324,190.0
demo:FR16_1_WD_01,demo,demo:FR16,FR16,5,6,city:2983990,city:2998324,190.0
demo:FR16_1_WD_02,demo,demo:FR16,FR16,5,6,city:2983990,city:2998324,190.0
demo:FR16_1_WD_03,demo,demo:FR16,FR16,5,6,city:2983990,city:2998324,190.0
demo:FR16_1_WE_00,demo,demo:FR16,FR16,2,6,city:2983990,city:2998324,190.0
demo:FR16_1_WE_01,demo,demo:FR16,FR16,2,6,city:2983990,city:2998324,190.0
demo:FR16_1_WE_02,demo,demo:FR16,FR16,2,6,city:2983990,city:2998324,190.0
demo:FR17_0_WD_00,demo,demo:FR17,FR17,5,7,city:2998324,city:2990969,225.0
demo:FR17_0_WD_01,demo,demo:FR17,FR17,5,7,city:2998324,city:2990969,225.0
demo:FR17_0_WD_02,demo,demo:FR17,FR17,5,7,city:2998324,city:2990969,225.0
demo:FR17_0_WE_00,demo,demo:FR17,FR17,2,7,city:2998324,city:2990969,225.0
demo:FR17_0_WE_01,demo,demo:FR17,FR17,2,7,city:2998324,city:2990969,225.0
demo:FR17_0_WE_02,demo,demo:FR17,FR17,2,7,city:2998324,city:2990969,225.0
demo:FR17_1_WD_00,demo,demo:FR17,FR17,5,7,city:2990969,city:2998324,225.0
demo:FR17_1_WD_01,demo,demo:FR17,FR17,5,7,city:2990969,city:2998324,225.0
demo:FR17_1_WD_02,demo,demo:FR17,FR17,5,7,city:2990969,city:2998324,225.0
demo:FR17_1_WE_00,demo,demo:FR17,FR17,2,7,city:2990969,city:2998324,225.0
demo:FR17_1_WE_01,demo,demo:FR17,FR17,2,7,city:2990969,city:2998324,225.0
demo:FR17_1_WE_02,demo,demo:FR17,FR17,2,7,city:2990969,city:2998324,225.0
demo:FR18_0_WD_00,demo,demo:FR18,FR18,5,2,city:2988507,city:2998324,62.0
demo:FR18_0_WD_01,demo,demo:FR18,FR18,5,2,city:2988507,city:2998324,62.0
demo:FR18_0_WD_02,demo,demo:FR18,FR18,5,2,city:2988507,city:2998324,62.0
demo:FR18_0_WD_03,demo,demo:FR18,FR18,5,2,city:2988507,city:2998324,62.0
demo:FR18_0_WD_04,demo,demo:FR18,FR18,5,2,city:2988507,city:2998324,62.0
demo:FR18_0_WD_05,demo,demo:FR18,FR18,5,2,city:2988507,city:2998324,62.0
demo:FR18_0_WD_06,demo,demo:FR18,FR18,5,2,city:2988507,city:2998324,62.0
demo:FR18_0_WD_07,demo,demo:FR18,FR18,5,2,city:2988507,city:2998324,62.0
demo:FR18_0_WD_08,demo,demo:FR18,FR18,5,2,city:2988507,city:2998324,62.0
demo:FR18_0_WD_09,demo,demo:FR18,FR18,5,2,city:2988507,city:2998324,62.0
demo:FR18_0_WD_10,demo,demo:FR18,FR18,5,2,city:2988507,city:2998324,62.0
demo:FR18_0_WD_11,demo,demo:FR18,FR18,5,2,city:2988507,city:2998324,62.0
demo:FR18_0_WD_12,demo,demo:FR18,FR18,5,2,city:2988507,city:2998324,62.0
demo:FR18_0_WD_13,demo,demo:FR18,FR18,5,2,city:2988507,city:2998324,62.0
demo:FR18_0_WD_14,demo,demo:FR18,FR18,5,2,city:2988507,city:2998324,62.0
demo:FR18_0_WD_15,demo,demo:FR18,FR18,5,2,city:2988507,city:2998324,62.0
demo:FR18_0_WD_16,demo,demo:FR18,FR18,5,2,city:2988507,city:2998324,62.0
demo:FR18_0_WD_17,demo,demo:FR18,FR18,5,2,city:2988507,city:2998324,62.0
demo:FR18_0_WE_00,demo,demo:FR18,FR18,2,2,city:2988507,city:2998324,62.0
demo:FR18_0_WE_01,demo,demo:FR18,FR18,2,2,city:2988507,city:2998324,62.0
demo:FR18_0_WE_02,demo,demo:FR18,FR18,2,2,city:2988507,city:2998324,62.0
demo:FR18_0_WE_03,demo,demo:FR18,FR18,2,2,city:2988507,city:2998324,62.0
demo:FR18_0_WE_04,demo,demo:FR18,FR18,2,2,city:2988507,city:2998324,62.0
demo:FR18_0_WE_05,demo,demo:FR18,FR18,2,2,city:2988507,city:2998324,62.0
demo:FR18_0_WE_06,demo,demo:FR18,FR18,2,2,city:2988507,city:2998324,62.0
demo:FR18_0_WE_07,demo,demo:FR18,FR18,2,2,city:2988507,city:2998324,62.0
demo:FR18_0_WE_08,demo,demo:FR18,FR18,2,2,city:2988507,city:2998324,62.0
demo:FR18_0_WE_09,demo,demo:FR18,FR18,2,2,city:2988507,city:2998324,62.0
demo:FR18_0_WE_10,demo,demo:FR18,FR18,2,2,city:2988507,city:2998324,62.0
demo:FR18_0_WE_11,demo,demo:FR18,FR18,2,2,city:2988507,city:2998324,62.0
demo:FR18_0_WE_12,demo,demo:FR18,FR18,2,2,city:2988507,city:2998324,62.0
demo:FR18_0_WE_13,demo,demo:FR18,FR18,2,2,city:2988507,city:2998324,62.0
demo:FR18_0_WE_14,demo,demo:FR18,FR18,2,2,city:2988507,city:2998324,62.0
demo:FR18_1_WD_00,demo,demo:FR18,FR18,5,2,city:2998324,city:2988507,62.0
demo:FR18_1_WD_01,demo,demo:FR18,FR18,5,2,city:2998324,city:2988507,62.0
demo:FR18_1_WD_02,demo,demo:FR18,FR18,5,2,city:2998324,city:2988507,62.0
demo:FR18_1_WD_03,demo,demo:FR18,FR18,5,2,city:2998324,city:2988507,62.0
demo:FR18_1_WD_04,demo,demo:FR18,FR18,5,2,city:2998324,city:2988507,62.0
demo:FR18_1_WD_05,demo,demo:FR18,FR18,5,2,city:2998324,city:2988507,62.0
demo:FR18_1_WD_06,demo,demo:FR18,FR18,5,2,city:2998324,city:2988507,62.0
demo:FR18_1_WD_07,demo,demo:FR18,FR18,5,2,city:2998324,city:2988507,62.0
demo:FR18_1_WD_08,demo,demo:FR18,FR18,5,2,city:2998324,city:2988507,62.0
demo:FR18_1_WD_09,demo,demo:FR18,FR18,5,2,city:2998324,city:2988507,62.0
demo:FR18_1_WD_10,demo,demo:FR18,FR18,5,2,city:2998324,city:2988507,62.0
demo:FR18_1_WD_11,demo,demo:FR18,FR18,5,2,city:2998324,city:2988507,62.0
demo:FR18_1_WD_12,demo,demo:FR18,FR18,5,2,city:2998324,city:2988507,62.0
demo:FR18_1_WD_13,demo,demo:FR18,FR18,5,2,city:2998324,city:2988507,62.0
demo:FR18_1_WD_14,demo,demo:FR18,FR18,5,2,city:2998324,city:2988507,62.0
demo:FR18_1_WD_15,demo,demo:FR18,FR18,5,2,city:2998324,city:2988507,62.0
demo:FR18_1_WD_16,demo,demo:FR18,FR18,5,2,city:2998324,city:2988507,62.0
demo:FR18_1_WD_17,demo,demo:FR18,FR18,5,2,city:2998324,city:2988507,62.0
demo:FR18_1_WE_00,demo,demo:FR18,FR18,2,2,city:2998324,city:2988507,62.0
demo:FR18_1_WE_01,demo,demo:FR18,FR18,2,2,city:2998324,city:2988507,62.0
demo:FR18_1_WE_02,demo,demo:FR18,FR18,2,2,city:2998324,city:2988507,62.0
demo:FR18_1_WE_03,demo,demo:FR18,FR18,2,2,city:2998324,city:2988507,62.0
demo:FR18_1_WE_04,demo,demo:FR18,FR18,2,2,city:2998324,city:2988507,62.0
demo:FR18_1_WE_05,demo,demo:FR18,FR18,2,2,city:2998324,city:2988507,62.0
demo:FR18_1_WE_06,demo,demo:FR18,FR18,2,2,city:2998324,city:2988507,62.0
demo:FR18_1_WE_07,demo,demo:FR18,FR18,2,2,city:2998324,city:2988507,62.0
demo:FR18_1_WE_08,demo,demo:FR18,FR18,2,2,city:2998324,city:2988507,62.0
demo:FR18_1_WE_09,demo,demo:FR18,FR18,2,2,city:2998324,city:2988507,62.0
demo:FR18_1_WE_10,demo,demo:FR18,FR18,2,2,city:2998324,city:2988507,62.0
demo:FR18_1_WE_11,demo,demo:FR18,FR18,2,2,city:2998324,city:2988507,62.0
demo:FR18_1_WE_12,demo,demo:FR18,FR18,2,2,city:2998324,city:2988507,62.0
demo:FR18_1_WE_13,demo,demo:FR18,FR18,2,2,city:2998324,city:2988507,62.0
demo:FR18_1_WE_14,demo,demo:FR18,FR18,2,2,city:2998324,city:2988507,62.0
demo:FR19_0_WD_00,demo,demo:FR19,FR19,5,4,city:2988507,city:2971041,96.0
demo:FR19_0_WD_01,demo,demo:FR19,FR19,5,4,city:2988507,city:2971041,94.0
demo:FR19_0_WD_02,demo,demo:FR19,FR19,5,4,city:2988507,city:2971041,96.0
demo:FR19_0_WD_03,demo,demo:FR19,FR19,5,4,city:2988507,city:2971041,94.0
demo:FR19_0_WD_04,demo,demo:FR19,FR19,5,4,city:2988507,city:2971041,96.0
demo:FR19_0_WD_05,demo,demo:FR19,FR19,5,4,city:2988507,city:2971041,94.0
demo:FR19_0_WE_00,demo,demo:FR19,FR19,2,4,city:2988507,city:2971041,95.0
demo:FR19_0_WE_01,demo,demo:FR19,FR19,2,4,city:2988507,city:2971041,95.0
demo:FR19_0_WE_02,demo,demo:FR19,FR19,2,4,city:2988507,city:2971041,95.0
demo:FR19_0_WE_03,demo,demo:FR19,FR19,2,4,city:2988507,city:2971041,95.0
demo:FR19_0_WE_04,demo,demo:FR19,FR19,2,4,city:2988507,city:2971041,95.0
demo:FR19_1_WD_00,demo,demo:FR19,FR19,5,4,city:2971041,city:2988507,96.0
demo:FR19_1_WD_01,demo,demo:FR19,FR19,5,4,city:2971041,city:2988507,94.0
demo:FR19_1_WD_02,demo,demo:FR19,FR19,5,4,city:2971041,city:2988507,96.0
demo:FR19_1_WD_03,demo,demo:FR19,FR19,5,4,city:2971041,city:2988507,94.0
demo:FR19_1_WD_04,demo,demo:FR19,FR19,5,4,city:2971041,city:2988507,96.0
demo:FR19_1_WD_05,demo,demo:FR19,FR19,5,4,city:2971041,city:2988507,94.0
demo:FR19_1_WE_00,demo,demo:FR19,FR19,2,4,city:2971041,city:2988507,95.0
demo:FR19_1_WE_01,demo,demo:FR19,FR19,2,4,city:2971041,city:2988507,95.0
demo:FR19_1_WE_02,demo,demo:FR19,FR19,2,4,city:2971041,city:2988507,95.0
demo:FR19_1_WE_03,demo,demo:FR19,FR19,2,4,city:2971041,city:2988507,95.0
demo:FR19_1_WE_04,demo,demo:FR19,FR19,2,4,city:2971041,city:2988507,95.0
demo:FR20_0_WD_00,demo,demo:FR20,FR20,5,4,city:2988507,city:3031133,165.0
demo:FR20_0_WD_01,demo,demo:FR20,FR20,5,4,city:2988507,city:3031133,165.0
demo:FR20_0_WD_02,demo,demo:FR20,FR20,5,4,city:2988507,city:3031133,165.0
demo:FR20_0_WD_03,demo,demo:FR20,FR20,5,4,city:2988507,city:3031133,165.0
demo:FR20_0_WD_04,demo,demo:FR20,FR20,5,4,city:2988507,city:3031133,165.0
demo:FR20_0_WE_00,demo,demo:FR20,FR20,2,4,city:2988507,city:3031133,165.0
demo:FR20_0_WE_01,demo,demo:FR20,FR20,2,4,city:2988507,city:3031133,165.0
demo:FR20_0_WE_02,demo,demo:FR20,FR20,2,4,city:2988507,city:3031133,165.0
demo:FR20_0_WE_03,demo,demo:FR20,FR20,2,4,city:2988507,city:3031133,165.0
demo:FR20_1_WD_00,demo,demo:FR20,FR20,5,4,city:3031133,city:2988507,165.0
demo:FR20_1_WD_01,demo,demo:FR20,FR20,5,4,city:3031133,city:2988507,165.0
demo:FR20_1_WD_02,demo,demo:FR20,FR20,5,4,city:3031133,city:2988507,165.0
demo:FR20_1_WD_03,demo,demo:FR20,FR20,5,4,city:3031133,city:2988507,165.0
demo:FR20_1_WD_04,demo,demo:FR20,FR20,5,4,city:3031133,city:2988507,165.0
demo:FR20_1_WE_00,demo,demo:FR20,FR20,2,4,city:3031133,city:2988507,165.0
demo:FR20_1_WE_01,demo,demo:FR20,FR20,2,4,city:3031133,city:2988507,165.0
demo:FR20_1_WE_02,demo,demo:FR20,FR20,2,4,city:3031133,city:2988507,165.0
demo:FR20_1_WE_03,demo,demo:FR20,FR20,2,4,city:3031133,city:2988507,165.0
demo:FR21_0_WD_00,demo,demo:FR21,FR21,5,2,city:2988507,city:2973783,106.0
demo:FR21_0_WD_01,demo,demo:FR21,FR21,5,2,city:2988507,city:2973783,106.0
demo:FR21_0_WD_02,demo,demo:FR21,FR21,5,2,city:2988507,city:2973783,106.0
demo:FR21_0_WD_03,demo,demo:FR21,FR21,5,2,city:2988507,city:2973783,106.0
demo:FR21_0_WD_04,demo,demo:FR21,FR21,5,2,city:2988507,city:2973783,106.0
demo:FR21_0_WD_05,demo,demo:FR21,FR21,5,2,city:2988507,city:2973783,106.0
demo:FR21_0_WD_06,demo,demo:FR21,FR21,5,2,city:2988507,city:2973783,106.0
demo:FR21_0_WD_07,demo,demo:FR21,FR21,5,2,city:2988507,city:2973783,106.0
demo:FR21_0_WD_08,demo,demo:FR21,FR21,5,2,city:2988507,city:2973783,106.0
demo:FR21_0_WD_09,demo,demo:FR21,FR21,5,2,city:2988507,city:2973783,106.0
demo:FR21_0_WE_00,demo,demo:FR21,FR21,2,2,city:2988507,city:2973783,106.0
demo:FR21_0_WE_01,demo,demo:FR21,FR21,2,2,city:2988507,city:2973783,106.0
demo:FR21_0_WE_02,demo,demo:FR21,FR21,2,2,city:2988507,city:2973783,106.0
demo:FR21_0_WE_03,demo,demo:FR21,FR21,2,2,city:2988507,city:2973783,106.0
demo:FR21_0_WE_04,demo,demo:FR21,FR21,2,2,city:2988507,city:2973783,106.0
demo:FR21_0_WE_05,demo,demo:FR21,FR21,2,2,city:2988507,city:2973783,106.0
demo:FR21_0_WE_06,demo,demo:FR21,FR21,2,2,city:2988507,city:2973783,106.0
demo:FR21_0_WE_07,demo,demo:FR21,FR21,2,2,city:2988507,city:2973783,106.0
demo:FR21_1_WD_00,demo,demo:FR21,FR21,5,2,city:2973783,city:2988507,106.0
demo:FR21_1_WD_01,demo,demo:FR21,FR21,5,2,city:2973783,city:2988507,106.0
demo:FR21_1_WD_02,demo,demo:FR21,FR21,5,2,city:2973783,city:2988507,106.0
demo:FR21_1_WD_03,demo,demo:FR21,FR21,5,2,city:2973783,city:2988507,106.0
demo:FR21_1_WD_04,demo,demo:FR21,FR21,5,2,city:2973783,city:2988507,106.0
demo:FR21_1_WD_05,demo,demo:FR21,FR21,5,2,city:2973783,city:2988507,106.0
demo:FR21_1_WD_06,demo,demo:FR21,FR21,5,2,city:2973783,city:2988507,106.0
demo:FR21_1_WD_07,demo,demo:FR21,FR21,5,2,city:2973783,city:2988507,106.0
demo:FR21_1_WD_08,demo,demo:FR21,FR21,5,2,city:2973783,city:2988507,106.0
demo:FR21_1_WD_09,demo,demo:FR21,FR21,5,2,city:2973783,city:2988507,106.0
demo:FR21_1_WE_00,demo,demo:FR21,FR21,2,2,city:2973783,city:2988507,106.0
demo:FR21_1_WE_01,demo,demo:FR21,FR21,2,2,city:2973783,city:2988507,106.0
demo:FR21_1_WE_02,demo,demo:FR21,FR21,2,2,city:2973783,city:2988507,106.0
demo:FR21_1_WE_03,demo,demo:FR21,FR21,2,2,city:2973783,city:2988507,106.0
demo:FR21_1_WE_04,demo,demo:FR21,FR21,2,2,city:2973783,city:2988507,106.0
demo:FR21_1_WE_05,demo,demo:FR21,FR21,2,2,city:2973783,city:2988507,106.0
demo:FR21_1_WE_06,demo,demo:FR21,FR21,2,2,city:2973783,city:2988507,106.0
demo:FR21_1_WE_07,demo,demo:FR21,FR21,2,2,city:2973783,city:2988507,106.0
demo:FR22_0_WD_00,demo,demo:FR22,FR22,5,5,city:2988507,city:2973783,120.0
demo:FR22_0_WD_01,demo,demo:FR22,FR22,5,5,city:2988507,city:2973783,120.0
demo:FR22_0_WD_02,demo,demo:FR22,FR22,5,5,city:2988507,city:2973783,120.0
demo:FR22_0_WE_00,demo,demo:FR22,FR22,2,5,city:2988507,city:2973783,120.0
demo:FR22_0_WE_01,demo,demo:FR22,FR22,2,5,city:2988507,city:2973783,120.0
demo:FR22_0_WE_02,demo,demo:FR22,FR22,2,5,city:2988507,city:2973783,120.0
demo:FR22_1_WD_00,demo,demo:FR22,FR22,5,5,city:2973783,city:2988507,120.0
demo:FR22_1_WD_01,demo,demo:FR22,FR22,5,5,city:2973783,city:2988507,120.0
demo:FR22_1_WD_02,demo,demo:FR22,FR22,5,5,city:2973783,city:2988507,120.0
demo:FR22_1_WE_00,demo,demo:FR22,FR22,2,5,city:2973783,city:2988507,120.0
demo:FR22_1_WE_01,demo,demo:FR22,FR22,2,5,city:2973783,city:2988507,120.0
demo:FR22_1_WE_02,demo,demo:FR22,FR22,2,5,city:2973783,city:2988507,120.0
demo:FR23_0_WD_00,demo,demo:FR23,FR23,5,4,city:2988507,city:2960316,128.0
demo:FR23_0_WD_01,demo,demo:FR23,FR23,5,4,city:2988507,city:2960316,126.0
demo:FR23_0_WD_02,demo,demo:FR23,FR23,5,4,city:2988507,city:2960316,128.0
demo:FR23_0_WD_03,demo,demo:FR23,FR23,5,4,city:2988507,city:2960316,126.0
demo:FR23_0_WD_04,demo,demo:FR23,FR23,5,4,city:2988507,city:2960316,128.0
demo:FR23_0_WD_05,demo,demo:FR23,FR23,5,4,city:2988507,city:2960316,126.0
demo:FR23_0_WE_00,demo,demo:FR23,FR23,2,4,city:2988507,city:2960316,127.0
demo:FR23_0_WE_01,demo,demo:FR23,FR23,2,4,city:2988507,city:2960316,127.0
demo:FR23_0_WE_02,demo,demo:FR23,FR23,2,4,city:2988507,city:2960316,127.0
demo:FR23_0_WE_03,demo,demo:FR23,FR23,2,4,city:2988507,city:2960316,127.0
demo:FR23_0_WE_04,demo,demo:FR23,FR23,2,4,city:2988507,city:2960316,127.0
demo:FR23_1_WD_00,demo,demo:FR23,FR23,5,4,city:2960316,city:2988507,128.0
demo:FR23_1_WD_01,demo,demo:FR23,FR23,5,4,city:2960316,city:2988507,126.0
demo:FR23_1_WD_02,demo,demo:FR23,FR23,5,4,city:2960316,city:2988507,128.0
demo:FR23_1_WD_03,demo,demo:FR23,FR23,5,4,city:2960316,city:2988507,126.0
demo:FR23_1_WD_04,demo,demo:FR23,FR23,5,4,city:2960316,city:2988507,128.0
demo:FR23_1_WD_05,demo,demo:FR23,FR23,5,4,city:2960316,city:2988507,126.0
demo:FR23_1_WE_00,demo,demo:FR23,FR23,2,4,city:2960316,city:2988507,127.0
demo:FR23_1_WE_01,demo,demo:FR23,FR23,2,4,city:2960316,city:2988507,127.0
demo:FR23_1_WE_02,demo,demo:FR23,FR23,2,4,city:2960316,city:2988507,127.0
demo:FR23_1_WE_03,demo,demo:FR23,FR23,2,4,city:2960316,city:2988507,127.0
demo:FR23_1_WE_04,demo,demo:FR23,FR23,2,4,city:2960316,city:2988507,127.0
demo:FR24_0_WD_00,demo,demo:FR24,FR24,5,2,city:2988507,city:2990999,92.0
demo:FR24_0_WD_01,demo,demo:FR24,FR24,5,2,city:2988507,city:2990999,92.0
demo:FR24_0_WD_02,demo,demo:FR24,FR24,5,2,city:2988507,city:2990999,92.0
demo:FR24_0_WD_03,demo,demo:FR24,FR24,5,2,city:2988507,city:2990999,92.0
demo:FR24_0_WD_04,demo,demo:FR24,FR24,5,2,city:2988507,city:2990999,92.0
demo:FR24_0_WD_05,demo,demo:FR24,FR24,5,2,city:2988507,city:2990999,92.0
demo:FR24_0_WD_06,demo,demo:FR24,FR24,5,2,city:2988507,city:2990999,92.0
demo:FR24_0_WD_07,demo,demo:FR24,FR24,5,2,city:2988507,city:2990999,92.0
demo:FR24_0_WD_08,demo,demo:FR24,FR24,5,2,city:2988507,city:2990999,92.0
demo:FR24_0_WE_00,demo,demo:FR24,FR24,2,2,city:2988507,city:2990999,92.0
demo:FR24_0_WE_01,demo,demo:FR24,FR24,2,2,city:2988507,city:2990999,92.0
demo:FR24_0_WE_02,demo,demo:FR24,FR24,2,2,city:2988507,city:2990999,92.0
demo:FR24_0_WE_03,demo,demo:FR24,FR24,2,2,city:2988507,city:2990999,92.0
demo:FR24_0_WE_04,demo,demo:FR24,FR24,2,2,city:2988507,city:2990999,92.0
demo:FR24_0_WE_05,demo,demo:FR24,FR24,2,2,city:2988507,city:2990999,92.0
demo:FR24_0_WE_06,demo,demo:FR24,FR24,2,2,city:2988507,city:2990999,92.0
demo:FR24_0_WE_07,demo,demo:FR24,FR24,2,2,city:2988507,city:2990999,92.0
demo:FR24_1_WD_00,demo,demo:FR24,FR24,5,2,city:2990999,city:2988507,92.0
demo:FR24_1_WD_01,demo,demo:FR24,FR24,5,2,city:2990999,city:2988507,92.0
demo:FR24_1_WD_02,demo,demo:FR24,FR24,5,2,city:2990999,city:2988507,92.0
demo:FR24_1_WD_03,demo,demo:FR24,FR24,5,2,city:2990999,city:2988507,92.0
demo:FR24_1_WD_04,demo,demo:FR24,FR24,5,2,city:2990999,city:2988507,92.0
demo:FR24_1_WD_05,demo,demo:FR24,FR24,5,2,city:2990999,city:2988507,92.0
demo:FR24_1_WD_06,demo,demo:FR24,FR24,5,2,city:2990999,city:2988507,92.0
demo:FR24_1_WD_07,demo,demo:FR24,FR24,5,2,city:2990999,city:2988507,92.0
demo:FR24_1_WD_08,demo,demo:FR24,FR24,5,2,city:2990999,city:2988507,92.0
demo:FR24_1_WE_00,demo,demo:FR24,FR24,2,2,city:2990999,city:2988507,92.0
demo:FR24_1_WE_01,demo,demo:FR24,FR24,2,2,city:2990999,city:2988507,92.0
demo:FR24_1_WE_02,demo,demo:FR24,FR24,2,2,city:2990999,city:2988507,92.0
demo:FR24_1_WE_03,demo,demo:FR24,FR24,2,2,city:2990999,city:2988507,92.0
demo:FR24_1_WE_04,demo,demo:FR24,FR24,2,2,city:2990999,city:2988507,92.0
demo:FR24_1_WE_05,demo,demo:FR24,FR24,2,2,city:2990999,city:2988507,92.0
demo:FR24_1_WE_06,demo,demo:FR24,FR24,2,2,city:2990999,city:2988507,92.0
demo:FR24_1_WE_07,demo,demo:FR24,FR24,2,2,city:2990999,city:2988507,92.0
demo:FR25_0_WD_00,demo,demo:FR25,FR25,5,2,city:2988507,city:2984114,46.0
demo:FR25_0_WD_01,demo,demo:FR25,FR25,5,2,city:2988507,city:2984114,46.0
demo:FR25_0_WD_02,demo,demo:FR25,FR25,5,2,city:2988507,city:2984114,46.0
demo:FR25_0_WD_03,demo,demo:FR25,FR25,5,2,city:2988507,city:2984114,46.0
demo:FR25_0_WD_04,demo,demo:FR25,FR25,5,2,city:2988507,city:2984114,46.0
demo:FR25_0_WD_05,demo,demo:FR25,FR25,5,2,city:2988507,city:2984114,46.0
demo:FR25_0_WD_06,demo,demo:FR25,FR25,5,2,city:2988507,city:2984114,46.0
demo:FR25_0_WD_07,demo,demo:FR25,FR25,5,2,city:2988507,city:2984114,46.0
demo:FR25_0_WD_08,demo,demo:FR25,FR25,5,2,city:2988507,city:2984114,46.0
demo:FR25_0_WD_09,demo,demo:FR25,FR25,5,2,city:2988507,city:2984114,46.0
demo:FR25_0_WE_00,demo,demo:FR25,FR25,2,2,city:2988507,city:2984114,46.0
demo:FR25_0_WE_01,demo,demo:FR25,FR25,2,2,city:2988507,city:2984114,46.0
demo:FR25_0_WE_02,demo,demo:FR25,FR25,2,2,city:2988507,city:2984114,46.0
demo:FR25_0_WE_03,demo,demo:FR25,FR25,2,2,city:2988507,city:2984114,46.0
demo:FR25_0_WE_04,demo,demo:FR25,FR25,2,2,city:2988507,city:2984114,46.0
demo:FR25_0_WE_05,demo,demo:FR25,FR25,2,2,city:2988507,city:2984114,46.0
demo:FR25_0_WE_06,demo,demo:FR25,FR25,2,2,city:2988507,city:2984114,46.0
demo:FR25_0_WE_07,demo,demo:FR25,FR25,2,2,city:2988507,city:2984114,46.0
demo:FR25_1_WD_00,demo,demo:FR25,FR25,5,2,city:2984114,city:2988507,46.0
demo:FR25_1_WD_01,demo,demo:FR25,FR25,5,2,city:2984114,city:2988507,46.0
demo:FR25_1_WD_02,demo,demo:FR25,FR25,5,2,city:2984114,city:2988507,46.0
demo:FR25_1_WD_03,demo,demo:FR25,FR25,5,2,city:2984114,city:2988507,46.0
demo:FR25_1_WD_04,demo,demo:FR25,FR25,5,2,city:2984114,city:2988507,46.0
demo:FR25_1_WD_05,demo,demo:FR25,FR25,5,2,city:2984114,city:2988507,46.0
demo:FR25_1_WD_06,demo,demo:FR25,FR25,5,2,city:2984114,city:2988507,46.0
demo:FR25_1_WD_07,demo,demo:FR25,FR25,5,2,city:2984114,city:2988507,46.0
demo:FR25_1_WD_08,demo,demo:FR25,FR25,5,2,city:2984114,city:2988507,46.0
demo:FR25_1_WD_09,demo,demo:FR25,FR25,5,2,city:2984114,city:2988507,46.0
demo:FR25_1_WE_00,demo,demo:FR25,FR25,2,2,city:2984114,city:2988507,46.0
demo:FR25_1_WE_01,demo,demo:FR25,FR25,2,2,city:2984114,city:2988507,46.0
demo:FR25_1_WE_02,demo,demo:FR25,FR25,2,2,city:2984114,city:2988507,46.0
demo:FR25_1_WE_03,demo,demo:FR25,FR25,2,2,city:2984114,city:2988507,46.0
demo:FR25_1_WE_04,demo,demo:FR25,FR25,2,2,city:2984114,city:2988507,46.0
demo:FR25_1_WE_05,demo,demo:FR25,FR25,2,2,city:2984114,city:2988507,46.0
demo:FR25_1_WE_06,demo,demo:FR25,FR25,2,2,city:2984114,city:2988507,46.0
demo:FR25_1_WE_07,demo,demo:FR25,FR25,2,2,city:2984114,city:2988507,46.0
demo:FR26_0_WD_00,demo,demo:FR26,FR26,5,3,city:2988507,city:3024297,135.0
demo:FR26_0_WD_01,demo,demo:FR26,FR26,5,3,city:2988507,city:3024297,135.0
demo:FR26_0_WD_02,demo,demo:FR26,FR26,5,3,city:2988507,city:3024297,135.0
demo:FR26_0_WD_03,demo,demo:FR26,FR26,5,3,city:2988507,city:3024297,135.0
demo:FR26_0_WE_00,demo,demo:FR26,FR26,2,3,city:2988507,city:3024297,135.0
demo:FR26_0_WE_01,demo,demo:FR26,FR26,2,3,city:2988507,city:3024297,135.0
demo:FR26_0_WE_02,demo,demo:FR26,FR26,2,3,city:2988507,city:3024297,135.0
demo:FR26_1_WD_00,demo,demo:FR26,FR26,5,3,city:3024297,city:2988507,135.0
demo:FR26_1_WD_01,demo,demo:FR26,FR26,5,3,city:3024297,city:2988507,135.0
demo:FR26_1_WD_02,demo,demo:FR26,FR26,5,3,city:3024297,city:2988507,135.0
demo:FR26_1_WD_03,demo,demo:FR26,FR26,5,3,city:3024297,city:2988507,135.0
demo:FR26_1_WE_00,demo,demo:FR26,FR26,2,3,city:3024297,city:2988507,135.0
demo:FR26_1_WE_01,demo,demo:FR26,FR26,2,3,city:3024297,city:2988507,135.0
demo:FR26_1_WE_02,demo,demo:FR26,FR26,2,3,city:3024297,city:2988507,135.0
demo:FR27_0_WD_00,demo,demo:FR27,FR27,5,2,city:2988507,city:3031582,124.0
demo:FR27_0_WD_01,demo,demo:FR27,FR27,5,2,city:2988507,city:3031582,124.0
demo:FR27_0_WD_02,demo,demo:FR27,FR27,5,2,city:2988507,city:3031582,124.0
demo:FR27_0_WD_03,demo,demo:FR27,FR27,5,2,city:2988507,city:3031582,124.0
demo:FR27_0_WD_04,demo,demo:FR27,FR27,5,2,city:2988507,city:3031582,124.0
demo:FR27_0_WD_05,demo,demo:FR27,FR27,5,2,city:2988507,city:3031582,124.0
demo:FR27_0_WD_06,demo,demo:FR27,FR27,5,2,city:2988507,city:3031582,124.0
demo:FR27_0_WD_07,demo,demo:FR27,FR27,5,2,city:2988507,city:3031582,124.0
demo:FR27_0_WD_08,demo,demo:FR27,FR27,5,2,city:2988507,city:3031582,124.0
demo:FR27_0_WD_09,demo,demo:FR27,FR27,5,2,city:2988507,city:3031582,124.0
demo:FR27_0_WD_10,demo,demo:FR27,FR27,5,2,city:2988507,city:3031582,124.0
demo:FR27_0_WD_11,demo,demo:FR27,FR27,5,2,city:2988507,city:3031582,124.0
demo:FR27_0_WE_00,demo,demo:FR27,FR27,2,2,city:2988507,city:3031582,124.0
demo:FR27_0_WE_01,demo,demo:FR27,FR27,2,2,city:2988507,city:3031582,124.0
demo:FR27_0_WE_02,demo,demo:FR27,FR27,2,2,city:2988507,city:3031582,124.0
demo:FR27_0_WE_03,demo,demo:FR27,FR27,2,2,city:2988507,city:3031582,124.0
demo:FR27_0_WE_04,demo,demo:FR27,FR27,2,2,city:2988507,city:3031582,124.0
demo:FR27_0_WE_05,demo,demo:FR27,FR27,2,2,city:2988507,city:3031582,124.0
demo:FR27_0_WE_06,demo,demo:FR27,FR27,2,2,city:2988507,city:3031582,124.0
demo:FR27_0_WE_07,demo,demo:FR27,FR27,2,2,city:2988507,city:3031582,124.0
demo:FR27_0_WE_08,demo,demo:FR27,FR27,2,2,city:2988507,city:3031582,124.0
demo:FR27_0_WE_09,demo,demo:FR27,FR27,2,2,city:2988507,city:3031582,124.0
demo:FR27_1_WD_00,demo,demo:FR27,FR27,5,2,city:3031582,city:2988507,124.0
demo:FR27_1_WD_01,demo,demo:FR27,FR27,5,2,city:3031582,city:2988507,124.0
demo:FR27_1_WD_02,demo,demo:FR27,FR27,5,2,city:3031582,city:2988507,124.0
demo:FR27_1_WD_03,demo,demo:FR27,FR27,5,2,city:3031582,city:2988507,124.0
demo:FR27_1_WD_04,demo,demo:FR27,FR27,5,2,city:3031582,city:2988507,124.0
demo:FR27_1_WD_05,demo,demo:FR27,FR27,5,2,city:3031582,city:2988507,124.0
demo:FR27_1_WD_06,demo,demo:FR27,FR27,5,2,city:3031582,city:2988507,124.0
demo:FR27_1_WD_07,demo,demo:FR27,FR27,5,2,city:3031582,city:2988507,124.0
demo:FR27_1_WD_08,demo,demo:FR27,FR27,5,2,city:3031582,city:2988507,124.0
demo:FR27_1_WD_09,demo,demo:FR27,FR27,5,2,city:3031582,city:2988507,124.0
demo:FR27_1_WD_10,demo,demo:FR27,FR27,5,2,city:3031582,city:2988507,124.0
demo:FR27_1_WD_11,demo,demo:FR27,FR27,5,2,city:3031582,city:2988507,124.0
demo:FR27_1_WE_00,demo,demo:FR27,FR27,2,2,city:3031582,city:2988507,124.0
demo:FR27_1_WE_01,demo,demo:FR27,FR27,2,2,city:3031582,city:2988507,124.0
demo:FR27_1_WE_02,demo,demo:FR27,FR27,2,2,city:3031582,city:2988507,124.0
demo:FR27_1_WE_03,demo,demo:FR27,FR27,2,2,city:3031582,city:2988507,124.0
demo:FR27_1_WE_04,demo,demo:FR27,FR27,2,2,city:3031582,city:2988507,124.0
demo:FR27_1_WE_05,demo,demo:FR27,FR27,2,2,city:3031582,city:2988507,124.0
demo:FR27_1_WE_06,demo,demo:FR27,FR27,2,2,city:3031582,city:2988507,124.0
demo:FR27_1_WE_07,demo,demo:FR27,FR27,2,2,city:3031582,city:2988507,124.0
demo:FR27_1_WE_08,demo,demo:FR27,FR27,2,2,city:3031582,city:2988507,124.0
demo:FR27_1_WE_09,demo,demo:FR27,FR27,2,2,city:3031582,city:2988507,124.0
demo:FR28_0_WD_00,demo,demo:FR28,FR28,5,5,city:2988507,city:3031582,165.0
demo:FR28_0_WD_01,demo,demo:FR28,FR28,5,5,city:2988507,city:3031582,165.0
demo:FR28_0_WD_02,demo,demo:FR28,FR28,5,5,city:2988507,city:3031582,165.0
demo:FR28_0_WD_03,demo,demo:FR28,FR28,5,5,city:2988507,city:3031582,165.0
demo:FR28_0_WD_04,demo,demo:FR28,FR28,5,5,city:2988507,city:3031582,165.0
demo:FR28_0_WD_05,demo,demo:FR28,FR28,5,5,city:2988507,city:3031582,165.0
demo:FR28_0_WD_06,demo,demo:FR28,FR28,5,5,city:2988507,city:3031582,165.0
demo:FR28_0_WD_07,demo,demo:FR28,FR28,5,5,city:2988507,city:3031582,165.0
demo:FR28_0_WE_00,demo,demo:FR28,FR28,2,5,city:2988507,city:3031582,165.0
demo:FR28_0_WE_01,demo,demo:FR28,FR28,2,5,city:2988507,city:3031582,165.0
demo:FR28_0_WE_02,demo,demo:FR28,FR28,2,5,city:2988507,city:3031582,165.0
demo:FR28_0_WE_03,demo,demo:FR28,FR28,2,5,city:2988507,city:3031582,165.0
demo:FR28_0_WE_04,demo,demo:FR28,FR28,2,5,city:2988507,city:3031582,165.0
demo:FR28_0_WE_05,demo,demo:FR28,FR28,2,5,city:2988507,city:3031582,165.0
demo:FR28_0_WE_06,demo,demo:FR28,FR28,2,5,city:2988507,city:3031582,165.0
demo:FR28_1_WD_00,demo,demo:FR28,FR28,5,5,city:3031582,city:2988507,165.0
demo:FR28_1_WD_01,demo,demo:FR28,FR28,5,5,city:3031582,city:2988507,165.0
demo:FR28_1_WD_02,demo,demo:FR28,FR28,5,5,city:3031582,city:2988507,165.0
demo:FR28_1_WD_03,demo,demo:FR28,FR28,5,5,city:3031582,city:2988507,165.0
demo:FR28_1_WD_04,demo,demo:FR28,FR28,5,5,city:3031582,city:2988507,165.0
demo:FR28_1_WD_05,demo,demo:FR28,FR28,5,5,city:3031582,city:2988507,165.0
demo:FR28_1_WD_06,demo,demo:FR28,FR28,5,5,city:3031582,city:2988507,165.0
demo:FR28_1_WD_07,demo,demo:FR28,FR28,5,5,city:3031582,city:2988507,165.0
demo:FR28_1_WE_00,demo,demo:FR28,FR28,2,5,city:3031582,city:2988507,165.0
demo:FR28_1_WE_01,demo,demo:FR28,FR28,2,5,city:3031582,city:2988507,165.0
demo:FR28_1_WE_02,demo,demo:FR28,FR28,2,5,city:3031582,city:2988507,165.0
demo:FR28_1_WE_03,demo,demo:FR28,FR28,2,5,city:3031582,city:2988507,165.0
demo:FR28_1_WE_04,demo,demo:FR28,FR28,2,5,city:3031582,city:2988507,165.0
demo:FR28_1_WE_05,demo,demo:FR28,FR28,2,5,city:3031582,city:2988507,165.0
demo:FR28_1_WE_06,demo,demo:FR28,FR28,2,5,city:3031582,city:2988507,165.0
demo:FR29_0_WD_00,demo,demo:FR29,FR29,5,5,city:2988507,city:2972315,250.0
demo:FR29_0_WD_01,demo,demo:FR29,FR29,5,5,city:2988507,city:2972315,250.0
demo:FR29_0_WD_02,demo,demo:FR29,FR29,5,5,city:2988507,city:2972315,250.0
demo:FR29_0_WD_03,demo,demo:FR29,FR29,5,5,city:2988507,city:2972315,250.0
demo:FR29_0_WD_04,demo,demo:FR29,FR29,5,5,city:2988507,city:2972315,250.0
demo:FR29_0_WD_05,demo,demo:FR29,FR29,5,5,city:2988507,city:2972315,250.0
demo:FR29_0_WD_06,demo,demo:FR29,FR29,5,5,city:2988507,city:2972315,250.0
demo:FR29_0_WE_00,demo,demo:FR29,FR29,2,5,city:2988507,city:2972315,250.0
demo:FR29_0_WE_01,demo,demo:FR29,FR29,2,5,city:2988507,city:2972315,250.0
demo:FR29_0_WE_02,demo,demo:FR29,FR29,2,5,city:2988507,city:2972315,250.0
demo:FR29_0_WE_03,demo,demo:FR29,FR29,2,5,city:2988507,city:2972315,250.0
demo:FR29_0_WE_04,demo,demo:FR29,FR29,2,5,city:2988507,city:2972315,250.0
demo:FR29_0_WE_05,demo,demo:FR29,FR29,2,5,city:2988507,city:2972315,250.0
demo:FR29_1_WD_00,demo,demo:FR29,FR29,5,5,city:2972315,city:2988507,250.0
demo:FR29_1_WD_01,demo,demo:FR29,FR29,5,5,city:2972315,city:2988507,250.0
demo:FR29_1_WD_02,demo,demo:FR29,FR29,5,5,city:2972315,city:2988507,250.0
demo:FR29_1_WD_03,demo,demo:FR29,FR29,5,5,city:2972315,city:2988507,250.0
demo:FR29_1_WD_04,demo,demo:FR29,FR29,5,5,city:2972315,city:2988507,250.0
demo:FR29_1_WD_05,demo,demo:FR29,FR29,5,5,city:2972315,city:2988507,250.0
demo:FR29_1_WD_06,demo,demo:FR29,FR29,5,5,city:2972315,city:2988507,250.0
demo:FR29_1_WE_00,demo,demo:FR29,FR29,2,5,city:2972315,city:2988507,250.0
demo:FR29_1_WE_01,demo,demo:FR29,FR29,2,5,city:2972315,city:2988507,250.0
demo:FR29_1_WE_02,demo,demo:FR29,FR29,2,5,city:2972315,city:2988507,250.0
demo:FR29_1_WE_03,demo,demo:FR29,FR29,2,5,city:2972315,city:2988507,250.0
demo:FR29_1_WE_04,demo,demo:FR29,FR29,2,5,city:2972315,city:2988507,250.0
demo:FR29_1_WE_05,demo,demo:FR29,FR29,2,5,city:2972315,city:2988507,250.0
demo:FR30_0_WD_00,demo,demo:FR30,FR30,5,6,city:2988507,city:3120304,262.0
demo:FR30_0_WD_01,demo,demo:FR30,FR30,5,6,city:2988507,city:3120304,262.0
demo:FR30_0_WD_02,demo,demo:FR30,FR30,5,6,city:2988507,city:3120304,262.0
demo:FR30_0_WD_03,demo,demo:FR30,FR30,5,6,city:2988507,city:3120304,262.0
demo:FR30_0_WE_00,demo,demo:FR30,FR30,2,6,city:2988507,city:3120304,262.0
demo:FR30_0_WE_01,demo,demo:FR30,FR30,2,6,city:2988507,city:3120304,262.0
demo:FR30_0_WE_02,demo,demo:FR30,FR30,2,6,city:2988507,city:3120304,262.0
demo:FR30_1_WD_00,demo,demo:FR30,FR30,5,6,city:3120304,city:2988507,262.0
demo:FR30_1_WD_01,demo,demo:FR30,FR30,5,6,city:3120304,city:2988507,262.0
demo:FR30_1_WD_02,demo,demo:FR30,FR30,5,6,city:3120304,city:2988507,262.0
demo:FR30_1_WD_03,demo,demo:FR30,FR30,5,6,city:3120304,city:2988507,262.0
demo:FR30_1_WE_00,demo,demo:FR30,FR30,2,6,city:3120304,city:2988507,262.0
demo:FR30_1_WE_01,demo,demo:FR30,FR30,2,6,city:3120304,city:2988507,262.0
demo:FR30_1_WE_02,demo,demo:FR30,FR30,2,6,city:3120304,city:2988507,262.0
demo:FR31_0_WD_00,demo,demo:FR31,FR31,5,3,city:2988507,city:3006787,165.0
demo:FR31_0_WD_01,demo,demo:FR31,FR31,5,3,city:2988507,city:3006787,165.0
demo:FR31_0_WD_02,demo,demo:FR31,FR31,5,3,city:2988507,city:3006787,165.0
demo:FR31_0_WD_03,demo,demo:FR31,FR31,5,3,city:2988507,city:3006787,165.0
demo:FR31_0_WD_04,demo,demo:FR31,FR31,5,3,city:2988507,city:3006787,165.0
demo:FR31_0_WE_00,demo,demo:FR31,FR31,2,3,city:2988507,city:3006787,165.0
demo:FR31_0_WE_01,demo,demo:FR31,FR31,2,3,city:2988507,city:3006787,165.0
demo:FR31_0_WE_02,demo,demo:FR31,FR31,2,3,city:2988507,city:3006787,165.0
demo:FR31_0_WE_03,demo,demo:FR31,FR31,2,3,city:2988507,city:3006787,165.0
demo:FR31_1_WD_00,demo,demo:FR31,FR31,5,3,city:3006787,city:2988507,165.0
demo:FR31_1_WD_01,demo,demo:FR31,FR31,5,3,city:3006787,city:2988507,165.0
demo:FR31_1_WD_02,demo,demo:FR31,FR31,5,3,city:3006787,city:2988507,165.0
demo:FR31_1_WD_03,demo,demo:FR31,FR31,5,3,city:3006787,city:2988507,165.0
demo:FR31_1_WD_04,demo,demo:FR31,FR31,5,3,city:3006787,city:2988507,165.0
demo:FR31_1_WE_00,demo,demo:FR31,FR31,2,3,city:3006787,city:2988507,165.0
demo:FR31_1_WE_01,demo,demo:FR31,FR31,2,3,city:3006787,city:2988507,165.0
demo:FR31_1_WE_02,demo,demo:FR31,FR31,2,3,city:3006787,city:2988507,165.0
demo:FR31_1_WE_03,demo,demo:FR31,FR31,2,3,city:3006787,city:2988507,165.0
demo:FR32_0_WD_00,demo,demo:FR32,FR32,5,2,city:2988507,city:2983990,85.0
demo:FR32_0_WD_01,demo,demo:FR32,FR32,5,2,city:2988507,city:2983990,85.0
demo:FR32_0_WD_02,demo,demo:FR32,FR32,5,2,city:2988507,city:2983990,85.0
demo:FR32_0_WD_03,demo,demo:FR32,FR32,5,2,city:2988507,city:2983990,84.0
demo:FR32_0_WD_04,demo,demo:FR32,FR32,5,2,city:2988507,city:2983990,85.0
demo:FR32_0_WD_05,demo,demo:FR32,FR32,5,2,city:2988507,city:2983990,85.0
demo:FR32_0_WD_06,demo,demo:FR32,FR32,5,2,city:2988507,city:2983990,85.0
demo:FR32_0_WD_07,demo,demo:FR32,FR32,5,2,city:2988507,city:2983990,85.0
demo:FR32_0_WD_08,demo,demo:FR32,FR32,5,2,city:2988507,city:2983990,85.0
demo:FR32_0_WD_09,demo,demo:FR32,FR32,5,2,city:2988507,city:2983990,85.0
demo:FR32_0_WD_10,demo,demo:FR32,FR32,5,2,city:2988507,city:2983990,86.0
demo:FR32_0_WD_11,demo,demo:FR32,FR32,5,2,city:2988507,city:2983990,85.0
demo:FR32_0_WD_12,demo,demo:FR32,FR32,5,2,city:2988507,city:2983990,85.0
demo:FR32_0_WD_13,demo,demo:FR32,FR32,5,2,city:2988507,city:2983990,85.0
demo:FR32_0_WE_00,demo,demo:FR32,FR32,2,2,city:2988507,city:2983990,85.0
demo:FR32_0_WE_01,demo,demo:FR32,FR32,2,2,city:2988507,city:2983990,85.0
demo:FR32_0_WE_02,demo,demo:FR32,FR32,2,2,city:2988507,city:2983990,85.0
demo:FR32_0_WE_03,demo,demo:FR32,FR32,2,2,city:2988507,city:2983990,85.0
demo:FR32_0_WE_04,demo,demo:FR32,FR32,2,2,city:2988507,city:2983990,85.0
demo:FR32_0_WE_05,demo,demo:FR32,FR32,2,2,city:2988507,city:2983990,85.0
demo:FR32_0_WE_06,demo,demo:FR32,FR32,2,2,city:2988507,city:2983990,85.0
demo:FR32_0_WE_07,demo,demo:FR32,FR32,2,2,city:2988507,city:2983990,85.0
demo:FR32_0_WE_08,demo,demo:FR32,FR32,2,2,city:2988507,city:2983990,85.0
demo:FR32_0_WE_09,demo,demo:FR32,FR32,2,2,city:2988507,city:2983990,85.0
demo:FR32_0_WE_10,demo,demo:FR32,FR32,2,2,city:2988507,city:2983990,85.0
demo:FR32_0_WE_11,demo,demo:FR32,FR32,2,2,city:2988507,city:2983990,85.0
demo:FR32_1_WD_00,demo,demo:FR32,FR32,5,2,city:2983990,city:2988507,85.0
demo:FR32_1_WD_01,demo,demo:FR32,FR32,5,2,city:2983990,city:2988507,85.0
demo:FR32_1_WD_02,demo,demo:FR32,FR32,5,2,city:2983990,city:2988507,85.0
demo:FR32_1_WD_03,demo,demo:FR32,FR32,5,2,city:2983990,city:2988507,84.0
demo:FR32_1_WD_04,demo,demo:FR32,FR32,5,2,city:2983990,city:2988507,85.0
demo:FR32_1_WD_05,demo,demo:FR32,FR32,5,2,city:2983990,city:2988507,85.0
demo:FR32_1_WD_06,demo,demo:FR32,FR32,5,2,city:2983990,city:2988507,85.0
demo:FR32_1_WD_07,demo,demo:FR32,FR32,5,2,city:2983990,city:2988507,85.0
demo:FR32_1_WD_08,demo,demo:FR32,FR32,5,2,city:2983990,city:2988507,85.0
demo:FR32_1_WD_09,demo,demo:FR32,FR32,5,2,city:2983990,city:2988507,85.0
demo:FR32_1_WD_10,demo,demo:FR32,FR32,5,2,city:2983990,city:2988507,86.0
demo:FR32_1_WD_11,demo,demo:FR32,FR32,5,2,city:2983990,city:2988507,85.0
demo:FR32_1_WD_12,demo,demo:FR32,FR32,5,2,city:2983990,city:2988507,85.0
demo:FR32_1_WD_13,demo,demo:FR32,FR32,5,2,city:2983990,city:2988507,85.0
demo:FR32_1_WE_00,demo,demo:FR32,FR32,2,2,city:2983990,city:2988507,85.0
demo:FR32_1_WE_01,demo,demo:FR32,FR32,2,2,city:2983990,city:2988507,85.0
demo:FR32_1_WE_02,demo,demo:FR32,FR32,2,2,city:2983990,city:2988507,85.0
demo:FR32_1_WE_03,demo,demo:FR32,FR32,2,2,city:2983990,city:2988507,85.0
demo:FR32_1_WE_04,demo,demo:FR32,FR32,2,2,city:2983990,city:2988507,85.0
demo:FR32_1_WE_05,demo,demo:FR32,FR32,2,2,city:2983990,city:2988507,85.0
demo:FR32_1_WE_06,demo,demo:FR32,FR32,2,2,city:2983990,city:2988507,85.0
demo:FR32_1_WE_07,demo,demo:FR32,FR32,2,2,city:2983990,city:2988507,85.0
demo:FR32_1_WE_08,demo,demo:FR32,FR32,2,2,city:2983990,city:2988507,85.0
demo:FR32_1_WE_09,demo,demo:FR32,FR32,2,2,city:2983990,city:2988507,85.0
demo:FR32_1_WE_10,demo,demo:FR32,FR32,2,2,city:2983990,city:2988507,85.0
demo:FR32_1_WE_11,demo,demo:FR32,FR32,2,2,city:2983990,city:2988507,85.0
demo:FR33_0_WD_00,demo,demo:FR33,FR33,5,6,city:2988507,city:3030300,205.0
demo:FR33_0_WD_01,demo,demo:FR33,FR33,5,6,city:2988507,city:3030300,205.0
demo:FR33_0_WD_02,demo,demo:FR33,FR33,5,6,city:2988507,city:3030300,205.0
demo:FR33_0_WD_03,demo,demo:FR33,FR33,5,6,city:2988507,city:3030300,205.0
demo:FR33_0_WD_04,demo,demo:FR33,FR33,5,6,city:2988507,city:3030300,205.0
demo:FR33_0_WD_05,demo,demo:FR33,FR33,5,6,city:2988507,city:3030300,205.0
demo:FR33_0_WD_06,demo,demo:FR33,FR33,5,6,city:2988507,city:3030300,205.0
demo:FR33_0_WE_00,demo,demo:FR33,FR33,2,6,city:2988507,city:3030300,206.0
demo:FR33_0_WE_01,demo,demo:FR33,FR33,2,6,city:2988507,city:3030300,204.0
demo:FR33_0_WE_02,demo,demo:FR33,FR33,2,6,city:2988507,city:3030300,206.0
demo:FR33_0_WE_03,demo,demo:FR33,FR33,2,6,city:2988507,city:3030300,204.0
demo:FR33_0_WE_04,demo,demo:FR33,FR33,2,6,city:2988507,city:3030300,206.0
demo:FR33_0_WE_05,demo,demo:FR33,FR33,2,6,city:2988507,city:3030300,204.0
demo:FR33_1_WD_00,demo,demo:FR33,FR33,5,6,city:3030300,city:2988507,205.0
demo:FR33_1_WD_01,demo,demo:FR33,FR33,5,6,city:3030300,city:2988507,205.0
demo:FR33_1_WD_02,demo,demo:FR33,FR33,5,6,city:3030300,city:2988507,205.0
demo:FR33_1_WD_03,demo,demo:FR33,FR33,5,6,city:3030300,city:2988507,205.0
demo:FR33_1_WD_04,demo,demo:FR33,FR33,5,6,city:3030300,city:2988507,205.0
demo:FR33_1_WD_05,demo,demo:FR33,FR33,5,6,city:3030300,city:2988507,205.0
demo:FR33_1_WD_06,demo,demo:FR33,FR33,5,6,city:3030300,city:2988507,205.0
demo:FR33_1_WE_00,demo,demo:FR33,FR33,2,6,city:3030300,city:2988507,206.0
demo:FR33_1_WE_01,demo,demo:FR33,FR33,2,6,city:3030300,city:2988507,204.0
demo:FR33_1_WE_02,demo,demo:FR33,FR33,2,6,city:3030300,city:2988507,206.0
demo:FR33_1_WE_03,demo,demo:FR33,FR33,2,6,city:3030300,city:2988507,204.0
demo:FR33_1_WE_04,demo,demo:FR33,FR33,2,6,city:3030300,city:2988507,206.0
demo:FR33_1_WE_05,demo,demo:FR33,FR33,2,6,city:3030300,city:2988507,204.0
demo:FR34_0_WD_00,demo,demo:FR34,FR34,5,5,city:2988507,city:2984701,216.0
demo:FR34_0_WD_01,demo,demo:FR34,FR34,5,5,city:2988507,city:2984701,214.0
demo:FR34_0_WD_02,demo,demo:FR34,FR34,5,5,city:2988507,city:2984701,216.0
demo:FR34_0_WD_03,demo,demo:FR34,FR34,5,5,city:2988507,city:2984701,214.0
demo:FR34_0_WD_04,demo,demo:FR34,FR34,5,5,city:2988507,city:2984701,216.0
demo:FR34_0_WD_05,demo,demo:FR34,FR34,5,5,city:2988507,city:2984701,214.0
demo:FR34_0_WE_00,demo,demo:FR34,FR34,2,5,city:2988507,city:2984701,215.0
demo:FR34_0_WE_01,demo,demo:FR34,FR34,2,5,city:2988507,city:2984701,215.0
demo:FR34_0_WE_02,demo,demo:FR34,FR34,2,5,city:2988507,city:2984701,215.0
demo:FR34_0_WE_03,demo,demo:FR34,FR34,2,5,city:2988507,city:2984701,215.0
demo:FR34_0_WE_04,demo,demo:FR34,FR34,2,5,city:2988507,city:2984701,215.0
demo:FR34_1_WD_00,demo,demo:FR34,FR34,5,5,city:2984701,city:2988507,216.0
demo:FR34_1_WD_01,demo,demo:FR34,FR34,5,5,city:2984701,city:2988507,214.0
demo:FR34_1_WD_02,demo,demo:FR34,FR34,5,5,city:2984701,city:2988507,216.0
demo:FR34_1_WD_03,demo,demo:FR34,FR34,5,5,city:2984701,city:2988507,214.0
demo:FR34_1_WD_04,demo,demo:FR34,FR34,5,5,city:2984701,city:2988507,216.0
demo:FR34_1_WD_05,demo,demo:FR34,FR34,5,5,city:2984701,city:2988507,214.0
demo:FR34_1_WE_00,demo,demo:FR34,FR34,2,5,city:2984701,city:2988507,215.0
demo:FR34_1_WE_01,demo,demo:FR34,FR34,2,5,city:2984701,city:2988507,215.0
demo:FR34_1_WE_02,demo,demo:FR34,FR34,2,5,city:2984701,city:2988507,215.0
demo:FR34_1_WE_03,demo,demo:FR34,FR34,2,5,city:2984701,city:2988507,215.0
demo:FR34_1_WE_04,demo,demo:FR34,FR34,2,5,city:2984701,city:2988507,215.0
demo:FR35_0_WD_00,demo,demo:FR35,FR35,5,4,city:2988507,city:2990969,128.0
demo:FR35_0_WD_01,demo,demo:FR35,FR35,5,4,city:2988507,city:2990969,128.0
demo:FR35_0_WD_02,demo,demo:FR35,FR35,5,4,city:2988507,city:2990969,128.0
demo:FR35_0_WD_03,demo,demo:FR35,FR35,5,4,city:2988507,city:2990969,128.0
demo:FR35_0_WD_04,demo,demo:FR35,FR35,5,4,city:2988507,city:2990969,128.0
demo:FR35_0_WD_05,demo,demo:FR35,FR35,5,4,city:2988507,city:2990969,128.0
demo:FR35_0_WD_06,demo,demo:FR35,FR35,5,4,city:2988507,city:2990969,128.0
demo:FR35_0_WD_07,demo,demo:FR35,FR35,5,4,city:2988507,city:2990969,128.0
demo:FR35_0_WD_08,demo,demo:FR35,FR35,5,4,city:2988507,city:2990969,128.0
demo:FR35_0_WD_09,demo,demo:FR35,FR35,5,4,city:2988507,city:2990969,128.0
demo:FR35_0_WD_10,demo,demo:FR35,FR35,5,4,city:2988507,city:2990969,128.0
demo:FR35_0_WD_11,demo,demo:FR35,FR35,5,4,city:2988507,city:2990969,128.0
demo:FR35_0_WD_12,demo,demo:FR35,FR35,5,4,city:2988507,city:2990969,128.0
demo:FR35_0_WD_13,demo,demo:FR35,FR35,5,4,city:2988507,city:2990969,128.0
demo:FR35_0_WE_00,demo,demo:FR35,FR35,2,4,city:2988507,city:2990969,128.0
demo:FR35_0_WE_01,demo,demo:FR35,FR35,2,4,city:2988507,city:2990969,128.0
demo:FR35_0_WE_02,demo,demo:FR35,FR35,2,4,city:2988507,city:2990969,128.0
demo:FR35_0_WE_03,demo,demo:FR35,FR35,2,4,city:2988507,city:2990969,128.0
demo:FR35_0_WE_04,demo,demo:FR35,FR35,2,4,city:2988507,city:2990969,128.0
demo:FR35_0_WE_05,demo,demo:FR35,FR35,2,4,city:2988507,city:2990969,128.0
demo:FR35_0_WE_06,demo,demo:FR35,FR35,2,4,city:2988507,city:2990969,128.0
demo:FR35_0_WE_07,demo,demo:FR35,FR35,2,4,city:2988507,city:2990969,128.0
demo:FR35_0_WE_08,demo,demo:FR35,FR35,2,4,city:2988507,city:2990969,128.0
demo:FR35_0_WE_09,demo,demo:FR35,FR35,2,4,city:2988507,city:2990969,128.0
demo:FR35_0_WE_10,demo,demo:FR35,FR35,2,4,city:2988507,city:2990969,128.0
demo:FR35_0_WE_11,demo,demo:FR35,FR35,2,4,city:2988507,city:2990969,128.0
demo:FR35_1_WD_00,demo,demo:FR35,FR35,5,4,city:2990969,city:2988507,128.0
demo:FR35_1_WD_01,demo,demo:FR35,FR35,5,4,city:2990969,city:2988507,128.0
demo:FR35_1_WD_02,demo,demo:FR35,FR35,5,4,city:2990969,city:2988507,128.0
demo:FR35_1_WD_03,demo,demo:FR35,FR35,5,4,city:2990969,city:2988507,128.0
demo:FR35_1_WD_04,demo,demo:FR35,FR35,5,4,city:2990969,city:2988507,128.0
demo:FR35_1_WD_05,demo,demo:FR35,FR35,5,4,city:2990969,city:2988507,128.0
demo:FR35_1_WD_06,demo,demo:FR35,FR35,5,4,city:2990969,city:2988507,128.0
demo:FR35_1_WD_07,demo,demo:FR35,FR35,5,4,city:2990969,city:2988507,128.0
demo:FR35_1_WD_08,demo,demo:FR35,FR35,5,4,city:2990969,city:2988507,128.0
demo:FR35_1_WD_09,demo,demo:FR35,FR35,5,4,city:2990969,city:2988507,128.0
demo:FR35_1_WD_10,demo,demo:FR35,FR35,5,4,city:2990969,city:2988507,128.0
demo:FR35_1_WD_11,demo,demo:FR35,FR35,5,4,city:2990969,city:2988507,128.0
demo:FR35_1_WD_12,demo,demo:FR35,FR35,5,4,city:2990969,city:2988507,128.0
demo:FR35_1_WD_13,demo,demo:FR35,FR35,5,4,city:2990969,city:2988507,128.0
demo:FR35_1_WE_00,demo,demo:FR35,FR35,2,4,city:2990969,city:2988507,128.0
demo:FR35_1_WE_01,demo,demo:FR35,FR35,2,4,city:2990969,city:2988507,128.0
demo:FR35_1_WE_02,demo,demo:FR35,FR35,2,4,city:2990969,city:2988507,128.0
demo:FR35_1_WE_03,demo,demo:FR35,FR35,2,4,city:2990969,city:2988507,128.0
demo:FR35_1_WE_04,demo,demo:FR35,FR35,2,4,city:2990969,city:2988507,128.0
demo:FR35_1_WE_05,demo,demo:FR35,FR35,2,4,city:2990969,city:2988507,128.0
demo:FR35_1_WE_06,demo,demo:FR35,FR35,2,4,city:2990969,city:2988507,128.0
demo:FR35_1_WE_07,demo,demo:FR35,FR35,2,4,city:2990969,city:2988507,128.0
demo:FR35_1_WE_08,demo,demo:FR35,FR35,2,4,city:2990969,city:2988507,128.0
demo:FR35_1_WE_09,demo,demo:FR35,FR35,2,4,city:2990969,city:2988507,128.0
demo:FR35_1_WE_10,demo,demo:FR35,FR35,2,4,city:2990969,city:2988507,128.0
demo:FR35_1_WE_11,demo,demo:FR35,FR35,2,4,city:2990969,city:2988507,128.0
demo:FR36_0_WD_00,demo,demo:FR36,FR36,5,4,city:2988507,city:2972191,125.0
demo:FR36_0_WD_01,demo,demo:FR36,FR36,5,4,city:2988507,city:2972191,125.0
demo:FR36_0_WD_02,demo,demo:FR36,FR36,5,4,city:2988507,city:2972191,125.0
demo:FR36_0_WD_03,demo,demo:FR36,FR36,5,4,city:2988507,city:2972191,125.0
demo:FR36_0_WD_04,demo,demo:FR36,FR36,5,4,city:2988507,city:2972191,125.0
demo:FR36_0_WD_05,demo,demo:FR36,FR36,5,4,city:2988507,city:2972191,125.0
demo:FR36_0_WD_06,demo,demo:FR36,FR36,5,4,city:2988507,city:2972191,125.0
demo:FR36_0_WE_00,demo,demo:FR36,FR36,2,4,city:2988507,city:2972191,126.0
demo:FR36_0_WE_01,demo,demo:FR36,FR36,2,4,city:2988507,city:2972191,124.0
demo:FR36_0_WE_02,demo,demo:FR36,FR36,2,4,city:2988507,city:2972191,126.0
demo:FR36_0_WE_03,demo,demo:FR36,FR36,2,4,city:2988507,city:2972191,124.0
demo:FR36_0_WE_04,demo,demo:FR36,FR36,2,4,city:2988507,city:2972191,126.0
demo:FR36_0_WE_05,demo,demo:FR36,FR36,2,4,city:2988507,city:2972191,124.0
demo:FR36_1_WD_00,demo,demo:FR36,FR36,5,4,city:2972191,city:2988507,125.0
demo:FR36_1_WD_01,demo,demo:FR36,FR36,5,4,city:2972191,city:2988507,125.0
demo:FR36_1_WD_02,demo,demo:FR36,FR36,5,4,city:2972191,city:2988507,125.0
demo:FR36_1_WD_03,demo,demo:FR36,FR36,5,4,city:2972191,city:2988507,125.0
demo:FR36_1_WD_04,demo,demo:FR36,FR36,5,4,city:2972191,city:2988507,125.0
demo:FR36_1_WD_05,demo,demo:FR36,FR36,5,4,city:2972191,city:2988507,125.0
demo:FR36_1_WD_06,demo,demo:FR36,FR36,5,4,city:2972191,city:2988507,125.0
demo:FR36_1_WE_00,demo,demo:FR36,FR36,2,4,city:2972191,city:2988507,126.0
demo:FR36_1_WE_01,demo,demo:FR36,FR36,2,4,city:2972191,city:2988507,124.0
demo:FR36_1_WE_02,demo,demo:FR36,FR36,2,4,city:2972191,city:2988507,126.0
demo:FR36_1_WE_03,demo,demo:FR36,FR36,2,4,city:2972191,city:2988507,124.0
demo:FR36_1_WE_04,demo,demo:FR36,FR36,2,4,city:2972191,city:2988507,126.0
demo:FR36_1_WE_05,demo,demo:FR36,FR36,2,4,city:2972191,city:2988507,124.0
demo:FR37_0_WD_00,demo,demo:FR37,FR37,5,9,city:2988507,city:2972315,405.0
demo:FR37_0_WD_01,demo,demo:FR37,FR37,5,9,city:2988507,city:2972315,405.0
demo:FR37_0_WD_02,demo,demo:FR37,FR37,5,9,city:2988507,city:2972315,405.0
demo:FR37_0_WD_03,demo,demo:FR37,FR37,5,9,city:2988507,city:2972315,405.0
demo:FR37_0_WE_00,demo,demo:FR37,FR37,2,9,city:2988507,city:2972315,405.0
demo:FR37_0_WE_01,demo,demo:FR37,FR37,2,9,city:2988507,city:2972315,405.0
demo:FR37_0_WE_02,demo,demo:FR37,FR37,2,9,city:2988507,city:2972315,405.0
demo:FR37_1_WD_00,demo,demo:FR37,FR37,5,9,city:2972315,city:2988507,405.0
demo:FR37_1_WD_01,demo,demo:FR37,FR37,5,9,city:2972315,city:2988507,405.0
demo:FR37_1_WD_02,demo,demo:FR37,FR37,5,9,city:2972315,city:2988507,405.0
demo:FR37_1_WD_03,demo,demo:FR37,FR37,5,9,city:2972315,city:2988507,405.0
demo:FR37_1_WE_00,demo,demo:FR37,FR37,2,9,city:2972315,city:2988507,405.0
demo:FR37_1_WE_01,demo,demo:FR37,FR37,2,9,city:2972315,city:2988507,405.0
demo:FR37_1_WE_02,demo,demo:FR37,FR37,2,9,city:2972315,city:2988507,405.0
demo:FR38_0_WD_00,demo,demo:FR38,FR38,5,5,city:2988507,city:3024635,210.0
demo:FR38_0_WD_01,demo,demo:FR38,FR38,5,5,city:2988507,city:3024635,210.0
demo:FR38_0_WD_02,demo,demo:FR38,FR38,5,5,city:2988507,city:3024635,210.0
demo:FR38_0_WD_03,demo,demo:FR38,FR38,5,5,city:2988507,city:3024635,210.0
demo:FR38_0_WD_04,demo,demo:FR38,FR38,5,5,city:2988507,city:3024635,210.0
demo:FR38_0_WD_05,demo,demo:FR38,FR38,5,5,city:2988507,city:3024635,210.0
demo:FR38_0_WD_06,demo,demo:FR38,FR38,5,5,city:2988507,city:3024635,210.0
demo:FR38_0_WD_07,demo,demo:FR38,FR38,5,5,city:2988507,city:3024635,210.0
demo:FR38_0_WE_00,demo,demo:FR38,FR38,2,5,city:2988507,city:3024635,210.0
demo:FR38_0_WE_01,demo,demo:FR38,FR38,2,5,city:2988507,city:3024635,210.0
demo:FR38_0_WE_02,demo,demo:FR38,FR38,2,5,city:2988507,city:3024635,210.0
demo:FR38_0_WE_03,demo,demo:FR38,FR38,2,5,city:2988507,city:3024635,210.0
demo:FR38_0_WE_04,demo,demo:FR38,FR38,2,5,city:2988507,city:3024635,210.0
demo:FR38_0_WE_05,demo,demo:FR38,FR38,2,5,city:2988507,city:3024635,210.0
demo:FR38_0_WE_06,demo,demo:FR38,FR38,2,5,city:2988507,city:3024635,210.0
demo:FR38_1_WD_00,demo,demo:FR38,FR38,5,5,city:3024635,city:2988507,210.0
demo:FR38_1_WD_01,demo,demo:FR38,FR38,5,5,city:3024635,city:2988507,210.0
demo:FR38_1_WD_02,demo,demo:FR38,FR38,5,5,city:3024635,city:2988507,210.0
demo:FR38_1_WD_03,demo,demo:FR38,FR38,5,5,city:3024635,city:2988507,210.0
demo:FR38_1_WD_04,demo,demo:FR38,FR38,5,5,city:3024635,city:2988507,210.0
demo:FR38_1_WD_05,demo,demo:FR38,FR38,5,5,city:3024635,city:2988507,210.0
demo:FR38_1_WD_06,demo,demo:FR38,FR38,5,5,city:3024635,city:2988507,210.0
demo:FR38_1_WD_07,demo,demo:FR38,FR38,5,5,city:3024635,city:2988507,210.0
demo:FR38_1_WE_00,demo,demo:FR38,FR38,2,5,city:3024635,city:2988507,210.0
demo:FR38_1_WE_01,demo,demo:FR38,FR38,2,5,city:3024635,city:2988507,210.0
demo:FR38_1_WE_02,demo,demo:FR38,FR38,2,5,city:3024635,city:2988507,210.0
demo:FR38_1_WE_03,demo,demo:FR38,FR38,2,5,city:3024635,city:2988507,210.0
demo:FR38_1_WE_04,demo,demo:FR38,FR38,2,5,city:3024635,city:2988507,210.0
demo:FR38_1_WE_05,demo,demo:FR38,FR38,2,5,city:3024635,city:2988507,210.0
demo:FR38_1_WE_06,demo,demo:FR38,FR38,2,5,city:3024635,city:2988507,210.0
demo:FR39_0_WD_00,demo,demo:FR39,FR39,5,3,city:2988507,city:3003796,130.0
demo:FR39_0_WD_01,demo,demo:FR39,FR39,5,3,city:2988507,city:3003796,130.0
demo:FR39_0_WD_02,demo,demo:FR39,FR39,5,3,city:2988507,city:3003796,130.0
demo:FR39_0_WD_03,demo,demo:FR39,FR39,5,3,city:2988507,city:3003796,130.0
demo:FR39_0_WD_04,demo,demo:FR39,FR39,5,3,city:2988507,city:3003796,130.0
demo:FR39_0_WD_05,demo,demo:FR39,FR39,5,3,city:2988507,city:3003796,130.0
demo:FR39_0_WD_06,demo,demo:FR39,FR39,5,3,city:2988507,city:3003796,130.0
demo:FR39_0_WD_07,demo,demo:FR39,FR39,5,3,city:2988507,city:3003796,130.0
demo:FR39_0_WD_08,demo,demo:FR39,FR39,5,3,city:2988507,city:3003796,130.0
demo:FR39_0_WD_09,demo,demo:FR39,FR39,5,3,city:2988507,city:3003796,130.0
demo:FR39_0_WD_10,demo,demo:FR39,FR39,5,3,city:2988507,city:3003796,130.0
demo:FR39_0_WD_11,demo,demo:FR39,FR39,5,3,city:2988507,city:3003796,130.0
demo:FR39_0_WD_12,demo,demo:FR39,FR39,5,3,city:2988507,city:3003796,130.0
demo:FR39_0_WD_13,demo,demo:FR39,FR39,5,3,city:2988507,city:3003796,130.0
demo:FR39_0_WE_00,demo,demo:FR39,FR39,2,3,city:2988507,city:3003796,130.0
demo:FR39_0_WE_01,demo,demo:FR39,FR39,2,3,city:2988507,city:3003796,130.0
demo:FR39_0_WE_02,demo,demo:FR39,FR39,2,3,city:2988507,city:3003796,130.0
demo:FR39_0_WE_03,demo,demo:FR39,FR39,2,3,city:2988507,city:3003796,130.0
demo:FR39_0_WE_04,demo,demo:FR39,FR39,2,3,city:2988507,city:3003796,130.0
demo:FR39_0_WE_05,demo,demo:FR39,FR39,2,3,city:2988507,city:3003796,130.0
demo:FR39_0_WE_06,demo,demo:FR39,FR39,2,3,city:2988507,city:3003796,130.0
demo:FR39_0_WE_07,demo,demo:FR39,FR39,2,3,city:2988507,city:3003796,130.0
demo:FR39_0_WE_08,demo,demo:FR39,FR39,2,3,city:2988507,city:3003796,130.0
demo:FR39_0_WE_09,demo,demo:FR39,FR39,2,3,city:2988507,city:3003796,130.0
demo:FR39_0_WE_10,demo,demo:FR39,FR39,2,3,city:2988507,city:3003796,130.0
demo:FR39_0_WE_11,demo,demo:FR39,FR39,2,3,city:2988507,city:3003796,130.0
demo:FR39_1_WD_00,demo,demo:FR39,FR39,5,3,city:3003796,city:2988507,130.0
demo:FR39_1_WD_01,demo,demo:FR39,FR39,5,3,city:3003796,city:2988507,130.0
demo:FR39_1_WD_02,demo,demo:FR39,FR39,5,3,city:3003796,city:2988507,130.0
demo:FR39_1_WD_03,demo,demo:FR39,FR39,5,3,city:3003796,city:2988507,130.0
demo:FR39_1_WD_04,demo,demo:FR39,FR39,5,3,city:3003796,city:2988507,130.0
demo:FR39_1_WD_05,demo,demo:FR39,FR39,5,3,city:3003796,city:2988507,130.0
demo:FR39_1_WD_06,demo,demo:FR39,FR39,5,3,city:3003796,city:2988507,130.0
demo:FR39_1_WD_07,demo,demo:FR39,FR39,5,3,city:3003796,city:2988507,130.0
demo:FR39_1_WD_08,demo,demo:FR39,FR39,5,3,city:3003796,city:2988507,130.0
demo:FR39_1_WD_09,demo,demo:FR39,FR39,5,3,city:3003796,city:2988507,130.0
demo:FR39_1_WD_10,demo,demo:FR39,FR39,5,3,city:3003796,city:2988507,130.0
demo:FR39_1_WD_11,demo,demo:FR39,FR39,5,3,city:3003796,city:2988507,130.0
demo:FR39_1_WD_12,demo,demo:FR39,FR39,5,3,city:3003796,city:2988507,130.0
demo:FR39_1_WD_13,demo,demo:FR39,FR39,5,3,city:3003796,city:2988507,130.0
demo:FR39_1_WE_00,demo,demo:FR39,FR39,2,3,city:3003796,city:2988507,130.0
demo:FR39_1_WE_01,demo,demo:FR39,FR39,2,3,city:3003796,city:2988507,130.0
demo:FR39_1_WE_02,demo,demo:FR39,FR39,2,3,city:3003796,city:2988507,130.0
demo:FR39_1_WE_03,demo,demo:FR39,FR39,2,3,city:3003796,city:2988507,130.0
demo:FR39_1_WE_04,demo,demo:FR39,FR39,2,3,city:3003796,city:2988507,130.0
demo:FR39_1_WE_05,demo,demo:FR39,FR39,2,3,city:3003796,city:2988507,130.0
demo:FR39_1_WE_06,demo,demo:FR39,FR39,2,3,city:3003796,city:2988507,130.0
demo:FR39_1_WE_07,demo,demo:FR39,FR39,2,3,city:3003796,city:2988507,130.0
demo:FR39_1_WE_08,demo,demo:FR39,FR39,2,3,city:3003796,city:2988507,130.0
demo:FR39_1_WE_09,demo,demo:FR39,FR39,2,3,city:3003796,city:2988507,130.0
demo:FR39_1_WE_10,demo,demo:FR39,FR39,2,3,city:3003796,city:2988507,130.0
demo:FR39_1_WE_11,demo,demo:FR39,FR39,2,3,city:3003796,city:2988507,130.0
demo:FR40_0_WD_00,demo,demo:FR40,FR40,5,3,city:2988507,city:3025466,185.0
demo:FR40_0_WD_01,demo,demo:FR40,FR40,5,3,city:2988507,city:3025466,185.0
demo:FR40_0_WD_02,demo,demo:FR40,FR40,5,3,city:2988507,city:3025466,185.0
demo:FR40_0_WD_03,demo,demo:FR40,FR40,5,3,city:2988507,city:3025466,185.0
demo:FR40_0_WD_04,demo,demo:FR40,FR40,5,3,city:2988507,city:3025466,185.0
demo:FR40_0_WD_05,demo,demo:FR40,FR40,5,3,city:2988507,city:3025466,185.0
demo:FR40_0_WD_06,demo,demo:FR40,FR40,5,3,city:2988507,city:3025466,185.0
demo:FR40_0_WD_07,demo,demo:FR40,FR40,5,3,city:2988507,city:3025466,185.0
demo:FR40_0_WE_00,demo,demo:FR40,FR40,2,3,city:2988507,city:3025466,185.0
demo:FR40_0_WE_01,demo,demo:FR40,FR40,2,3,city:2988507,city:3025466,185.0
demo:FR40_0_WE_02,demo,demo:FR40,FR40,2,3,city:2988507,city:3025466,185.0
demo:FR40_0_WE_03,demo,demo:FR40,FR40,2,3,city:2988507,city:3025466,185.0
demo:FR40_0_WE_04,demo,demo:FR40,FR40,2,3,city:2988507,city:3025466,185.0
demo:FR40_0_WE_05,demo,demo:FR40,FR40,2,3,city:2988507,city:3025466,185.0
demo:FR40_0_WE_06,demo,demo:FR40,FR40,2,3,city:2988507,city:3025466,185.0
demo:FR40_1_WD_00,demo,demo:FR40,FR40,5,3,city:3025466,city:2988507,185.0
demo:FR40_1_WD_01,demo,demo:FR40,FR40,5,3,city:3025466,city:2988507,185.0
demo:FR40_1_WD_02,demo,demo:FR40,FR40,5,3,city:3025466,city:2988507,185.0
demo:FR40_1_WD_03,demo,demo:FR40,FR40,5,3,city:3025466,city:2988507,185.0
demo:FR40_1_WD_04,demo,demo:FR40,FR40,5,3,city:3025466,city:2988507,185.0
demo:FR40_1_WD_05,demo,demo:FR40,FR40,5,3,city:3025466,city:2988507,185.0
demo:FR40_1_WD_06,demo,demo:FR40,FR40,5,3,city:3025466,city:2988507,185.0
demo:FR40_1_WD_07,demo,demo:FR40,FR40,5,3,city:3025466,city:2988507,185.0
demo:FR40_1_WE_00,demo,demo:FR40,FR40,2,3,city:3025466,city:2988507,185.0
demo:FR40_1_WE_01,demo,demo:FR40,FR40,2,3,city:3025466,city:2988507,185.0
demo:FR40_1_WE_02,demo,demo:FR40,FR40,2,3,city:3025466,city:2988507,185.0
demo:FR40_1_WE_03,demo,demo:FR40,FR40,2,3,city:3025466,city:2988507,185.0
demo:FR40_1_WE_04,demo,demo:FR40,FR40,2,3,city:3025466,city:2988507,185.0
demo:FR40_1_WE_05,demo,demo:FR40,FR40,2,3,city:3025466,city:2988507,185.0
demo:FR40_1_WE_06,demo,demo:FR40,FR40,2,3,city:3025466,city:2988507,185.0
demo:FR41_0_WD_00,demo,demo:FR41,FR41,5,11,city:3031582,city:2995469,355.0
demo:FR41_0_WD_01,demo,demo:FR41,FR41,5,11,city:3031582,city:2995469,355.0
demo:FR41_0_WD_02,demo,demo:FR41,FR41,5,11,city:3031582,city:2995469,355.0
demo:FR41_0_WD_03,demo,demo:FR41,FR41,5,11,city:3031582,city:2995469,355.0
demo:FR41_0_WD_04,demo,demo:FR41,FR41,5,11,city:3031582,city:2995469,355.0
demo:FR41_0_WE_00,demo,demo:FR41,FR41,2,11,city:3031582,city:2995469,355.0
demo:FR41_0_WE_01,demo,demo:FR41,FR41,2,11,city:3031582,city:2995469,355.0
demo:FR41_0_WE_02,demo,demo:FR41,FR41,2,11,city:3031582,city:2995469,355.0
demo:FR41_0_WE_03,demo,demo:FR41,FR41,2,11,city:3031582,city:2995469,355.0
demo:FR41_1_WD_00,demo,demo:FR41,FR41,5,11,city:2995469,city:3031582,355.0
demo:FR41_1_WD_01,demo,demo:FR41,FR41,5,11,city:2995469,city:3031582,355.0
demo:FR41_1_WD_02,demo,demo:FR41,FR41,5,11,city:2995469,city:3031582,355.0
demo:FR41_1_WD_03,demo,demo:FR41,FR41,5,11,city:2995469,city:3031582,355.0
demo:FR41_1_WD_04,demo,demo:FR41,FR41,5,11,city:2995469,city:3031582,355.0
demo:FR41_1_WE_00,demo,demo:FR41,FR41,2,11,city:2995469,city:3031582,355.0
demo:FR41_1_WE_01,demo,demo:FR41,FR41,2,11,city:2995469,city:3031582,355.0
demo:FR41_1_WE_02,demo,demo:FR41,FR41,2,11,city:2995469,city:3031582,355.0
demo:FR41_1_WE_03,demo,demo:FR41,FR41,2,11,city:2995469,city:3031582,355.0
demo:FR42_0_WD_00,demo,demo:FR42,FR42,5,2,city:2996944,city:2660646,110.0
demo:FR42_0_WD_01,demo,demo:FR42,FR42,5,2,city:2996944,city:2660646,110.0
demo:FR42_0_WD_02,demo,demo:FR42,FR42,5,2,city:2996944,city:2660646,110.0
demo:FR42_0_WD_03,demo,demo:FR42,FR42,5,2,city:2996944,city:2660646,110.0
demo:FR42_0_WD_04,demo,demo:FR42,FR42,5,2,city:2996944,city:2660646,110.0
demo:FR42_0_WD_05,demo,demo:FR42,FR42,5,2,city:2996944,city:2660646,110.0
demo:FR42_0_WD_06,demo,demo:FR42,FR42,5,2,city:2996944,city:2660646,110.0
demo:FR42_0_WD_07,demo,demo:FR42,FR42,5,2,city:2996944,city:2660646,110.0
demo:FR42_0_WD_08,demo,demo:FR42,FR42,5,2,city:2996944,city:2660646,110.0
demo:FR42_0_WD_09,demo,demo:FR42,FR42,5,2,city:2996944,city:2660646,110.0
demo:FR42_0_WD_10,demo,demo:FR42,FR42,5,2,city:2996944,city:2660646,110.0
demo:FR42_0_WD_11,demo,demo:FR42,FR42,5,2,city:2996944,city:2660646,110.0
demo:FR42_0_WE_00,demo,demo:FR42,FR42,2,2,city:2996944,city:2660646,110.0
demo:FR42_0_WE_01,demo,demo:FR42,FR42,2,2,city:2996944,city:2660646,110.0
demo:FR42_0_WE_02,demo,demo:FR42,FR42,2,2,city:2996944,city:2660646,110.0
demo:FR42_0_WE_03,demo,demo:FR42,FR42,2,2,city:2996944,city:2660646,110.0
demo:FR42_0_WE_04,demo,demo:FR42,FR42,2,2,city:2996944,city:2660646,110.0
demo:FR42_0_WE_05,demo,demo:FR42,FR42,2,2,city:2996944,city:2660646,110.0
demo:FR42_0_WE_06,demo,demo:FR42,FR42,2,2,city:2996944,city:2660646,110.0
demo:FR42_0_WE_07,demo,demo:FR42,FR42,2,2,city:2996944,city:2660646,110.0
demo:FR42_0_WE_08,demo,demo:FR42,FR42,2,2,city:2996944,city:2660646,110.0
demo:FR42_0_WE_09,demo,demo:FR42,FR42,2,2,city:2996944,city:2660646,110.0
demo:FR42_1_WD_00,demo,demo:FR42,FR42,5,2,city:2660646,city:2996944,110.0
demo:FR42_1_WD_01,demo,demo:FR42,FR42,5,2,city:2660646,city:2996944,110.0
demo:FR42_1_WD_02,demo,demo:FR42,FR42,5,2,city:2660646,city:2996944,110.0
demo:FR42_1_WD_03,demo,demo:FR42,FR42,5,2,city:2660646,city:2996944,110.0
demo:FR42_1_WD_04,demo,demo:FR42,FR42,5,2,city:2660646,city:2996944,110.0
demo:FR42_1_WD_05,demo,demo:FR42,FR42,5,2,city:2660646,city:2996944,110.0
demo:FR42_1_WD_06,demo,demo:FR42,FR42,5,2,city:2660646,city:2996944,110.0
demo:FR42_1_WD_07,demo,demo:FR42,FR42,5,2,city:2660646,city:2996944,110.0
demo:FR42_1_WD_08,demo,demo:FR42,FR42,5,2,city:2660646,city:2996944,110.0
demo:FR42_1_WD_09,demo,demo:FR42,FR42,5,2,city:2660646,city:2996944,110.0
demo:FR42_1_WD_10,demo,demo:FR42,FR42,5,2,city:2660646,city:2996944,110.0
demo:FR42_1_WD_11,demo,demo:FR42,FR42,5,2,city:2660646,city:2996944,110.0
demo:FR42_1_WE_00,demo,demo:FR42,FR42,2,2,city:2660646,city:2996944,110.0
demo:FR42_1_WE_01,demo,demo:FR42,FR42,2,2,city:2660646,city:2996944,110.0
demo:FR42_1_WE_02,demo,demo:FR42,FR42,2,2,city:2660646,city:2996944,110.0
demo:FR42_1_WE_03,demo,demo:FR42,FR42,2,2,city:2660646,city:2996944,110.0
demo:FR42_1_WE_04,demo,demo:FR42,FR42,2,2,city:2660646,city:2996944,110.0
demo:FR42_1_WE_05,demo,demo:FR42,FR42,2,2,city:2660646,city:2996944,110.0
demo:FR42_1_WE_06,demo,demo:FR42,FR42,2,2,city:2660646,city:2996944,110.0
demo:FR42_1_WE_07,demo,demo:FR42,FR42,2,2,city:2660646,city:2996944,110.0
demo:FR42_1_WE_08,demo,demo:FR42,FR42,2,2,city:2660646,city:2996944,110.0
demo:FR42_1_WE_09,demo,demo:FR42,FR42,2,2,city:2660646,city:2996944,110.0
demo:FR43_0_WD_00,demo,demo:FR43,FR43,5,2,city:2996944,city:3014728,80.0
demo:FR43_0_WD_01,demo,demo:FR43,FR43,5,2,city:2996944,city:3014728,80.0
demo:FR43_0_WD_02,demo,demo:FR43,FR43,5,2,city:2996944,city:3014728,80.0
demo:FR43_0_WD_03,demo,demo:FR43,FR43,5,2,city:2996944,city:3014728,80.0
demo:FR43_0_WD_04,demo,demo:FR43,FR43,5,2,city:2996944,city:3014728,80.0
demo:FR43_0_WD_05,demo,demo:FR43,FR43,5,2,city:2996944,city:3014728,80.0
demo:FR43_0_WD_06,demo,demo:FR43,FR43,5,2,city:2996944,city:3014728,80.0
demo:FR43_0_WD_07,demo,demo:FR43,FR43,5,2,city:2996944,city:3014728,80.0
demo:FR43_0_WD_08,demo,demo:FR43,FR43,5,2,city:2996944,city:3014728,80.0
demo:FR43_0_WD_09,demo,demo:FR43,FR43,5,2,city:2996944,city:3014728,80.0
demo:FR43_0_WD_10,demo,demo:FR43,FR43,5,2,city:2996944,city:3014728,80.0
demo:FR43_0_WD_11,demo,demo:FR43,FR43,5,2,city:2996944,city:3014728,80.0
demo:FR43_0_WD_12,demo,demo:FR43,FR43,5,2,city:2996944,city:3014728,80.0
demo:FR43_0_WD_13,demo,demo:FR43,FR43,5,2,city:2996944,city:3014728,80.0
demo:FR43_0_WD_14,demo,demo:FR43,FR43,5,2,city:2996944,city:3014728,80.0
demo:FR43_0_WD_15,demo,demo:FR43,FR43,5,2,city:2996944,city:3014728,80.0
demo:FR43_0_WE_00,demo,demo:FR43,FR43,2,2,city:2996944,city:3014728,80.0
demo:FR43_0_WE_01,demo,demo:FR43,FR43,2,2,city:2996944,city:3014728,80.0
demo:FR43_0_WE_02,demo,demo:FR43,FR43,2,2,city:2996944,city:3014728,80.0
demo:FR43_0_WE_03,demo,demo:FR43,FR43,2,2,city:2996944,city:3014728,80.0
demo:FR43_0_WE_04,demo,demo:FR43,FR43,2,2,city:2996944,city:3014728,80.0
demo:FR43_0_WE_05,demo,demo:FR43,FR43,2,2,city:2996944,city:3014728,80.0
demo:FR43_0_WE_06,demo,demo:FR43,FR43,2,2,city:2996944,city:3014728,80.0
demo:FR43_0_WE_07,demo,demo:FR43,FR43,2,2,city:2996944,city:3014728,80.0
demo:FR43_0_WE_08,demo,demo:FR43,FR43,2,2,city:2996944,city:3014728,80.0
demo:FR43_0_WE_09,demo,demo:FR43,FR43,2,2,city:2996944,city:3014728,80.0
demo:FR43_0_WE_10,demo,demo:FR43,FR43,2,2,city:2996944,city:3014728,80.0
demo:FR43_0_WE_11,demo,demo:FR43,FR43,2,2,city:2996944,city:3014728,80.0
demo:FR43_0_WE_12,demo,demo:FR43,FR43,2,2,city:2996944,city:3014728,80.0
demo:FR43_0_WE_13,demo,demo:FR43,FR43,2,2,city:2996944,city:3014728,80.0
demo:FR43_1_WD_00,demo,demo:FR43,FR43,5,2,city:3014728,city:2996944,80.0
demo:FR43_1_WD_01,demo,demo:FR43,FR43,5,2,city:3014728,city:2996944,80.0
demo:FR43_1_WD_02,demo,demo:FR43,FR43,5,2,city:3014728,city:2996944,80.0
demo:FR43_1_WD_03,demo,demo:FR43,FR43,5,2,city:3014728,city:2996944,80.0
demo:FR43_1_WD_04,demo,demo:FR43,FR43,5,2,city:3014728,city:2996944,80.0
demo:FR43_1_WD_05,demo,demo:FR43,FR43,5,2,city:3014728,city:2996944,80.0
demo:FR43_1_WD_06,demo,demo:FR43,FR43,5,2,city:3014728,city:2996944,80.0
demo:FR43_1_WD_07,demo,demo:FR43,FR43,5,2,city:3014728,city:2996944,80.0
demo:FR43_1_WD_08,demo,demo:FR43,FR43,5,2,city:3014728,city:2996944,80.0
demo:FR43_1_WD_09,demo,demo:FR43,FR43,5,2,city:3014728,city:2996944,80.0
demo:FR43_1_WD_10,demo,demo:FR43,FR43,5,2,city:3014728,city:2996944,80.0
demo:FR43_1_WD_11,demo,demo:FR43,FR43,5,2,city:3014728,city:2996944,80.0
demo:FR43_1_WD_12,demo,demo:FR43,FR43,5,2,city:3014728,city:2996944,80.0
demo:FR43_1_WD_13,demo,demo:FR43,FR43,5,2,city:3014728,city:2996944,80.0
demo:FR43_1_WD_14,demo,demo:FR43,FR43,5,2,city:3014728,city:2996944,80.0
demo:FR43_1_WD_15,demo,demo:FR43,FR43,5,2,city:3014728,city:2996944,80.0
demo:FR43_1_WE_00,demo,demo:FR43,FR43,2,2,city:3014728,city:2996944,80.0
demo:FR43_1_WE_01,demo,demo:FR43,FR43,2,2,city:3014728,city:2996944,80.0
demo:FR43_1_WE_02,demo,demo:FR43,FR43,2,2,city:3014728,city:2996944,80.0
demo:FR43_1_WE_03,demo,demo:FR43,FR43,2,2,city:3014728,city:2996944,80.0
demo:FR43_1_WE_04,demo,demo:FR43,FR43,2,2,city:3014728,city:2996944,80.0
demo:FR43_1_WE_05,demo,demo:FR43,FR43,2,2,city:3014728,city:2996944,80.0
demo:FR43_1_WE_06,demo,demo:FR43,FR43,2,2,city:3014728,city:2996944,80.0
demo:FR43_1_WE_07,demo,demo:FR43,FR43,2,2,city:3014728,city:2996944,80.0
demo:FR43_1_WE_08,demo,demo:FR43,FR43,2,2,city:3014728,city:2996944,80.0
demo:FR43_1_WE_09,demo,demo:FR43,FR43,2,2,city:3014728,city:2996944,80.0
demo:FR43_1_WE_10,demo,demo:FR43,FR43,2,2,city:3014728,city:2996944,80.0
demo:FR43_1_WE_11,demo,demo:FR43,FR43,2,2,city:3014728,city:2996944,80.0
demo:FR43_1_WE_12,demo,demo:FR43,FR43,2,2,city:3014728,city:2996944,80.0
demo:FR43_1_WE_13,demo,demo:FR43,FR43,2,2,city:3014728,city:2996944,80.0
demo:FR44_0_WD_00,demo,demo:FR44,FR44,5,2,city:2996944,city:2980291,47.0
demo:FR44_0_WD_01,demo,demo:FR44,FR44,5,2,city:2996944,city:2980291,47.0
demo:FR44_0_WD_02,demo,demo:FR44,FR44,5,2,city:2996944,city:2980291,47.0
demo:FR44_0_WD_03,demo,demo:FR44,FR44,5,2,city:2996944,city:2980291,47.0
demo:FR44_0_WD_04,demo,demo:FR44,FR44,5,2,city:2996944,city:2980291,47.0
demo:FR44_0_WD_05,demo,demo:FR44,FR44,5,2,city:2996944,city:2980291,47.0
demo:FR44_0_WD_06,demo,demo:FR44,FR44,5,2,city:2996944,city:2980291,47.0
demo:FR44_0_WD_07,demo,demo:FR44,FR44,5,2,city:2996944,city:2980291,47.0
demo:FR44_0_WD_08,demo,demo:FR44,FR44,5,2,city:2996944,city:2980291,47.0
demo:FR44_0_WD_09,demo,demo:FR44,FR44,5,2,city:2996944,city:2980291,47.0
demo:FR44_0_WD_10,demo,demo:FR44,FR44,5,2,city:2996944,city:2980291,47.0
demo:FR44_0_WD_11,demo,demo:FR44,FR44,5,2,city:2996944,city:2980291,47.0
demo:FR44_0_WD_12,demo,demo:FR44,FR44,5,2,city:2996944,city:2980291,47.0
demo:FR44_0_WD_13,demo,demo:FR44,FR44,5,2,city:2996944,city:2980291,47.0
demo:FR44_0_WD_14,demo,demo:FR44,FR44,5,2,city:2996944,city:2980291,47.0
demo:FR44_0_WD_15,demo,demo:FR44,FR44,5,2,city:2996944,city:2980291,47.0
demo:FR44_0_WD_16,demo,demo:FR44,FR44,5,2,city:2996944,city:2980291,47.0
demo:FR44_0_WD_17,demo,demo:FR44,FR44,5,2,city:2996944,city:2980291,47.0
demo:FR44_0_WD_18,demo,demo:FR44,FR44,5,2,city:2996944,city:2980291,47.0
demo:FR44_0_WD_19,demo,demo:FR44,FR44,5,2,city:2996944,city:2980291,47.0
demo:FR44_0_WE_00,demo,demo:FR44,FR44,2,2,city:2996944,city:2980291,47.0
demo:FR44_0_WE_01,demo,demo:FR44,FR44,2,2,city:2996944,city:2980291,47.0
demo:FR44_0_WE_02,demo,demo:FR44,FR44,2,2,city:2996944,city:2980291,47.0
demo:FR44_0_WE_03,demo,demo:FR44,FR44,2,2,city:2996944,city:2980291,47.0
demo:FR44_0_WE_04,demo,demo:FR44,FR44,2,2,city:2996944,city:2980291,47.0
demo:FR44_0_WE_05,demo,demo:FR44,FR44,2,2,city:2996944,city:2980291,47.0
demo:FR44_0_WE_06,demo,demo:FR44,FR44,2,2,city:2996944,city:2980291,47.0
demo:FR44_0_WE_07,demo,demo:FR44,FR44,2,2,city:2996944,city:2980291,47.0
demo:FR44_0_WE_08,demo,demo:FR44,FR44,2,2,city:2996944,city:2980291,47.0
demo:FR44_0_WE_09,demo,demo:FR44,FR44,2,2,city:2996944,city:2980291,47.0
demo:FR44_0_WE_10,demo,demo:FR44,FR44,2,2,city:2996944,city:2980291,47.0
demo:FR44_0_WE_11,demo,demo:FR44,FR44,2,2,city:2996944,city:2980291,47.0
demo:FR44_0_WE_12,demo,demo:FR44,FR44,2,2,city:2996944,city:2980291,47.0
demo:FR44_0_WE_13,demo,demo:FR44,FR44,2,2,city:2996944,city:2980291,47.0
demo:FR44_0_WE_14,demo,demo:FR44,FR44,2,2,city:2996944,city:2980291,47.0
demo:FR44_0_WE_15,demo,demo:FR44,FR44,2,2,city:2996944,city:2980291,47.0
demo:FR44_0_WE_16,demo,demo:FR44,FR44,2,2,city:2996944,city:2980291,47.0
demo:FR44_1_WD_00,demo,demo:FR44,FR44,5,2,city:2980291,city:2996944,47.0
demo:FR44_1_WD_01,demo,demo:FR44,FR44,5,2,city:2980291,city:2996944,47.0
demo:FR44_1_WD_02,demo,demo:FR44,FR44,5,2,city:2980291,city:2996944,47.0
demo:FR44_1_WD_03,demo,demo:FR44,FR44,5,2,city:2980291,city:2996944,47.0
demo:FR44_1_WD_04,demo,demo:FR44,FR44,5,2,city:2980291,city:2996944,47.0
demo:FR44_1_WD_05,demo,demo:FR44,FR44,5,2,city:2980291,city:2996944,47.0
demo:FR44_1_WD_06,demo,demo:FR44,FR44,5,2,city:2980291,city:2996944,47.0
demo:FR44_1_WD_07,demo,demo:FR44,FR44,5,2,city:2980291,city:2996944,47.0
demo:FR44_1_WD_08,demo,demo:FR44,FR44,5,2,city:2980291,city:2996944,47.0
demo:FR44_1_WD_09,demo,demo:FR44,FR44,5,2,city:2980291,city:2996944,47.0
demo:FR44_1_WD_10,demo,demo:FR44,FR44,5,2,city:2980291,city:2996944,47.0
demo:FR44_1_WD_11,demo,demo:FR44,FR44,5,2,city:2980291,city:2996944,47.0
demo:FR44_1_WD_12,demo,demo:FR44,FR44,5,2,city:2980291,city:2996944,47.0
demo:FR44_1_WD_13,demo,demo:FR44,FR44,5,2,city:2980291,city:2996944,47.0
demo:FR44_1_WD_14,demo,demo:FR44,FR44,5,2,city:2980291,city:2996944,47.0
demo:FR44_1_WD_15,demo,demo:FR44,FR44,5,2,city:2980291,city:2996944,47.0
demo:FR44_1_WD_16,demo,demo:FR44,FR44,5,2,city:2980291,city:2996944,47.0
demo:FR44_1_WD_17,demo,demo:FR44,FR44,5,2,city:2980291,city:2996944,47.0
demo:FR44_1_WD_18,demo,demo:FR44,FR44,5,2,city:2980291,city:2996944,47.0
demo:FR44_1_WD_19,demo,demo:FR44,FR44,5,2,city:2980291,city:2996944,47.0
demo:FR44_1_WE_00,demo,demo:FR44,FR44,2,2,city:2980291,city:2996944,47.0
demo:FR44_1_WE_01,demo,demo:FR44,FR44,2,2,city:2980291,city:2996944,47.0
demo:FR44_1_WE_02,demo,demo:FR44,FR44,2,2,city:2980291,city:2996944,47.0
demo:FR44_1_WE_03,demo,demo:FR44,FR44,2,2,city:2980291,city:2996944,47.0
demo:FR44_1_WE_04,demo,demo:FR44,FR44,2,2,city:2980291,city:2996944,47.0
demo:FR44_1_WE_05,demo,demo:FR44,FR44,2,2,city:2980291,city:2996944,47.0
demo:FR44_1_WE_06,demo,demo:FR44,FR44,2,2,city:2980291,city:2996944,47.0
demo:FR44_1_WE_07,demo,demo:FR44,FR44,2,2,city:2980291,city:2996944,47.0
demo:FR44_1_WE_08,demo,demo:FR44,FR44,2,2,city:2980291,city:2996944,47.0
demo:FR44_1_WE_09,demo,demo:FR44,FR44,2,2,city:2980291,city:2996944,47.0
demo:FR44_1_WE_10,demo,demo:FR44,FR44,2,2,city:2980291,city:2996944,47.0
demo:FR44_1_WE_11,demo,demo:FR44,FR44,2,2,city:2980291,city:2996944,47.0
demo:FR44_1_WE_12,demo,demo:FR44,FR44,2,2,city:2980291,city:2996944,47.0
demo:FR44_1_WE_13,demo,demo:FR44,FR44,2,2,city:2980291,city:2996944,47.0
demo:FR44_1_WE_14,demo,demo:FR44,FR44,2,2,city:2980291,city:2996944,47.0
demo:FR44_1_WE_15,demo,demo:FR44,FR44,2,2,city:2980291,city:2996944,47.0
demo:FR44_1_WE_16,demo,demo:FR44,FR44,2,2,city:2980291,city:2996944,47.0
demo:FR45_0_WD_00,demo,demo:FR45,FR45,5,5,city:2995469,city:2990440,155.0
demo:FR45_0_WD_01,demo,demo:FR45,FR45,5,5,city:2995469,city:2990440,155.0
demo:FR45_0_WD_02,demo,demo:FR45,FR45,5,5,city:2995469,city:2990440,155.0
demo:FR45_0_WD_03,demo,demo:FR45,FR45,5,5,city:2995469,city:2990440,155.0
demo:FR45_0_WD_04,demo,demo:FR45,FR45,5,5,city:2995469,city:2990440,155.0
demo:FR45_0_WD_05,demo,demo:FR45,FR45,5,5,city:2995469,city:2990440,155.0
demo:FR45_0_WD_06,demo,demo:FR45,FR45,5,5,city:2995469,city:2990440,155.0
demo:FR45_0_WD_07,demo,demo:FR45,FR45,5,5,city:2995469,city:2990440,155.0
demo:FR45_0_WE_00,demo,demo:FR45,FR45,2,5,city:2995469,city:2990440,155.0
demo:FR45_0_WE_01,demo,demo:FR45,FR45,2,5,city:2995469,city:2990440,155.0
demo:FR45_0_WE_02,demo,demo:FR45,FR45,2,5,city:2995469,city:2990440,155.0
demo:FR45_0_WE_03,demo,demo:FR45,FR45,2,5,city:2995469,city:2990440,155.0
demo:FR45_0_WE_04,demo,demo:FR45,FR45,2,5,city:2995469,city:2990440,155.0
demo:FR45_0_WE_05,demo,demo:FR45,FR45,2,5,city:2995469,city:2990440,155.0
demo:FR45_0_WE_06,demo,demo:FR45,FR45,2,5,city:2995469,city:2990440,155.0
demo:FR45_1_WD_00,demo,demo:FR45,FR45,5,5,city:2990440,city:2995469,155.0
demo:FR45_1_WD_01,demo,demo:FR45,FR45,5,5,city:2990440,city:2995469,155.0
demo:FR45_1_WD_02,demo,demo:FR45,FR45,5,5,city:2990440,city:2995469,155.0
demo:FR45_1_WD_03,demo,demo:FR45,FR45,5,5,city:2990440,city:2995469,155.0
demo:FR45_1_WD_04,demo,demo:FR45,FR45,5,5,city:2990440,city:2995469,155.0
demo:FR45_1_WD_05,demo,demo:FR45,FR45,5,5,city:2990440,city:2995469,155.0
demo:FR45_1_WD_06,demo,demo:FR45,FR45,5,5,city:2990440,city:2995469,155.0
demo:FR45_1_WD_07,demo,demo:FR45,FR45,5,5,city:2990440,city:2995469,155.0
demo:FR45_1_WE_00,demo,demo:FR45,FR45,2,5,city:2990440,city:2995469,155.0
demo:FR45_1_WE_01,demo,demo:FR45,FR45,2,5,city:2990440,city:2995469,155.0
demo:FR45_1_WE_02,demo,demo:FR45,FR45,2,5,city:2990440,city:2995469,155.0
demo:FR45_1_WE_03,demo,demo:FR45,FR45,2,5,city:2990440,city:2995469,155.0
demo:FR45_1_WE_04,demo,demo:FR45,FR45,2,5,city:2990440,city:2995469,155.0
demo:FR45_1_WE_05,demo,demo:FR45,FR45,2,5,city:2990440,city:2995469,155.0
demo:FR45_1_WE_06,demo,demo:FR45,FR45,2,5,city:2990440,city:2995469,155.0
demo:FR46_0_WD_00,demo,demo:FR46,FR46,5,4,city:2996944,city:3021372,110.0
demo:FR46_0_WD_01,demo,demo:FR46,FR46,5,4,city:2996944,city:3021372,110.0
demo:FR46_0_WD_02,demo,demo:FR46,FR46,5,4,city:2996944,city:3021372,110.0
demo:FR46_0_WD_03,demo,demo:FR46,FR46,5,4,city:2996944,city:3021372,110.0
demo:FR46_0_WD_04,demo,demo:FR46,FR46,5,4,city:2996944,city:3021372,110.0
demo:FR46_0_WD_05,demo,demo:FR46,FR46,5,4,city:2996944,city:3021372,110.0
demo:FR46_0_WD_06,demo,demo:FR46,FR46,5,4,city:2996944,city:3021372,110.0
demo:FR46_0_WD_07,demo,demo:FR46,FR46,5,4,city:2996944,city:3021372,110.0
demo:FR46_0_WD_08,demo,demo:FR46,FR46,5,4,city:2996944,city:3021372,110.0
demo:FR46_0_WD_09,demo,demo:FR46,FR46,5,4,city:2996944,city:3021372,110.0
demo:FR46_0_WE_00,demo,demo:FR46,FR46,2,4,city:2996944,city:3021372,110.0
demo:FR46_0_WE_01,demo,demo:FR46,FR46,2,4,city:2996944,city:3021372,110.0
demo:FR46_0_WE_02,demo,demo:FR46,FR46,2,4,city:2996944,city:3021372,110.0
demo:FR46_0_WE_03,demo,demo:FR46,FR46,2,4,city:2996944,city:3021372,110.0
demo:FR46_0_WE_04,demo,demo:FR46,FR46,2,4,city:2996944,city:3021372,110.0
demo:FR46_0_WE_05,demo,demo:FR46,FR46,2,4,city:2996944,city:3021372,110.0
demo:FR46_0_WE_06,demo,demo:FR46,FR46,2,4,city:2996944,city:3021372,110.0
demo:FR46_0_WE_07,demo,demo:FR46,FR46,2,4,city:2996944,city:3021372,110.0
demo:FR46_1_WD_00,demo,demo:FR46,FR46,5,4,city:3021372,city:2996944,110.0
demo:FR46_1_WD_01,demo,demo:FR46,FR46,5,4,city:3021372,city:2996944,110.0
demo:FR46_1_WD_02,demo,demo:FR46,FR46,5,4,city:3021372,city:2996944,110.0
demo:FR46_1_WD_03,demo,demo:FR46,FR46,5,4,city:3021372,city:2996944,110.0
demo:FR46_1_WD_04,demo,demo:FR46,FR46,5,4,city:3021372,city:2996944,110.0
demo:FR46_1_WD_05,demo,demo:FR46,FR46,5,4,city:3021372,city:2996944,110.0
demo:FR46_1_WD_06,demo,demo:FR46,FR46,5,4,city:3021372,city:2996944,110.0
demo:FR46_1_WD_07,demo,demo:FR46,FR46,5,4,city:3021372,city:2996944,110.0
demo:FR46_1_WD_08,demo,demo:FR46,FR46,5,4,city:3021372,city:2996944,110.0
demo:FR46_1_WD_09,demo,demo:FR46,FR46,5,4,city:3021372,city:2996944,110.0
demo:FR46_1_WE_00,demo,demo:FR46,FR46,2,4,city:3021372,city:2996944,110.0
demo:FR46_1_WE_01,demo,demo:FR46,FR46,2,4,city:3021372,city:2996944,110.0
demo:FR46_1_WE_02,demo,demo:FR46,FR46,2,4,city:3021372,city:2996944,110.0
demo:FR46_1_WE_03,demo,demo:FR46,FR46,2,4,city:3021372,city:2996944,110.0
demo:FR46_1_WE_04,demo,demo:FR46,FR46,2,4,city:3021372,city:2996944,110.0
demo:FR46_1_WE_05,demo,demo:FR46,FR46,2,4,city:3021372,city:2996944,110.0
demo:FR46_1_WE_06,demo,demo:FR46,FR46,2,4,city:3021372,city:2996944,110.0
demo:FR46_1_WE_07,demo,demo:FR46,FR46,2,4,city:3021372,city:2996944,110.0
demo:FR47_0_WD_00,demo,demo:FR47,FR47,5,4,city:2973783,city:2661604,80.0
demo:FR47_0_WD_01,demo,demo:FR47,FR47,5,4,city:2973783,city:2661604,80.0
demo:FR47_0_WD_02,demo,demo:FR47,FR47,5,4,city:2973783,city:2661604,80.0
demo:FR47_0_WD_03,demo,demo:FR47,FR47,5,4,city:2973783,city:2661604,80.0
demo:FR47_0_WD_04,demo,demo:FR47,FR47,5,4,city:2973783,city:2661604,80.0
demo:FR47_0_WD_05,demo,demo:FR47,FR47,5,4,city:2973783,city:2661604,80.0
demo:FR47_0_WD_06,demo,demo:FR47,FR47,5,4,city:2973783,city:2661604,80.0
demo:FR47_0_WD_07,demo,demo:FR47,FR47,5,4,city:2973783,city:2661604,80.0
demo:FR47_0_WD_08,demo,demo:FR47,FR47,5,4,city:2973783,city:2661604,80.0
demo:FR47_0_WD_09,demo,demo:FR47,FR47,5,4,city:2973783,city:2661604,80.0
demo:FR47_0_WD_10,demo,demo:FR47,FR47,5,4,city:2973783,city:2661604,80.0
demo:FR47_0_WD_11,demo,demo:FR47,FR47,5,4,city:2973783,city:2661604,80.0
demo:FR47_0_WD_12,demo,demo:FR47,FR47,5,4,city:2973783,city:2661604,80.0
demo:FR47_0_WD_13,demo,demo:FR47,FR47,5,4,city:2973783,city:2661604,80.0
demo:FR47_0_WD_14,demo,demo:FR47,FR47,5,4,city:2973783,city:2661604,80.0
demo:FR47_0_WD_15,demo,demo:FR47,FR47,5,4,city:2973783,city:2661604,80.0
demo:FR47_0_WE_00,demo,demo:FR47,FR47,2,4,city:2973783,city:2661604,80.0
demo:FR47_0_WE_01,demo,demo:FR47,FR47,2,4,city:2973783,city:2661604,80.0
demo:FR47_0_WE_02,demo,demo:FR47,FR47,2,4,city:2973783,city:2661604,80.0
demo:FR47_0_WE_03,demo,demo:FR47,FR47,2,4,city:2973783,city:2661604,80.0
demo:FR47_0_WE_04,demo,demo:FR47,FR47,2,4,city:2973783,city:2661604,80.0
demo:FR47_0_WE_05,demo,demo:FR47,FR47,2,4,city:2973783,city:2661604,80.0
demo:FR47_0_WE_06,demo,demo:FR47,FR47,2,4,city:2973783,city:2661604,80.0
demo:FR47_0_WE_07,demo,demo:FR47,FR47,2,4,city:2973783,city:2661604,80.0
demo:FR47_0_WE_08,demo,demo:FR47,FR47,2,4,city:2973783,city:2661604,80.0
demo:FR47_0_WE_09,demo,demo:FR47,FR47,2,4,city:2973783,city:2661604,80.0
demo:FR47_0_WE_10,demo,demo:FR47,FR47,2,4,city:2973783,city:2661604,80.0
demo:FR47_0_WE_11,demo,demo:FR47,FR47,2,4,city:2973783,city:2661604,80.0
demo:FR47_0_WE_12,demo,demo:FR47,FR47,2,4,city:2973783,city:2661604,80.0
demo:FR47_0_WE_13,demo,demo:FR47,FR47,2,4,city:2973783,city:2661604,80.0
demo:FR47_1_WD_00,demo,demo:FR47,FR47,5,4,city:2661604,city:2973783,80.0
demo:FR47_1_WD_01,demo,demo:FR47,FR47,5,4,city:2661604,city:2973783,80.0
demo:FR47_1_WD_02,demo,demo:FR47,FR47,5,4,city:2661604,city:2973783,80.0
demo:FR47_1_WD_03,demo,demo:FR47,FR47,5,4,city:2661604,city:2973783,80.0
demo:FR47_1_WD_04,demo,demo:FR47,FR47,5,4,city:2661604,city:2973783,80.0
demo:FR47_1_WD_05,demo,demo:FR47,FR47,5,4,city:2661604,city:2973783,80.0
demo:FR47_1_WD_06,demo,demo:FR47,FR47,5,4,city:2661604,city:2973783,80.0
demo:FR47_1_WD_07,demo,demo:FR47,FR47,5,4,city:2661604,city:2973783,80.0
demo:FR47_1_WD_08,demo,demo:FR47,FR47,5,4,city:2661604,city:2973783,80.0
demo:FR47_1_WD_09,demo,demo:FR47,FR47,5,4,city:2661604,city:2973783,80.0
demo:FR47_1_WD_10,demo,demo:FR47,FR47,5,4,city:2661604,city:2973783,80.0
demo:FR47_1_WD_11,demo,demo:FR47,FR47,5,4,city:2661604,city:2973783,80.0
demo:FR47_1_WD_12,demo,demo:FR47,FR47,5,4,city:2661604,city:2973783,80.0
demo:FR47_1_WD_13,demo,demo:FR47,FR47,5,4,city:2661604,city:2973783,80.0
demo:FR47_1_WD_14,demo,demo:FR47,FR47,5,4,city:2661604,city:2973783,80.0
demo:FR47_1_WD_15,demo,demo:FR47,FR47,5,4,city:2661604,city:2973783,80.0
demo:FR47_1_WE_00,demo,demo:FR47,FR47,2,4,city:2661604,city:2973783,80.0
demo:FR47_1_WE_01,demo,demo:FR47,FR47,2,4,city:2661604,city:2973783,80.0
demo:FR47_1_WE_02,demo,demo:FR47,FR47,2,4,city:2661604,city:2973783,80.0
demo:FR47_1_WE_03,demo,demo:FR47,FR47,2,4,city:2661604,city:2973783,80.0
demo:FR47_1_WE_04,demo,demo:FR47,FR47,2,4,city:2661604,city:2973783,80.0
demo:FR47_1_WE_05,demo,demo:FR47,FR47,2,4,city:2661604,city:2973783,80.0
demo:FR47_1_WE_06,demo,demo:FR47,FR47,2,4,city:2661604,city:2973783,80.0
demo:FR47_1_WE_07,demo,demo:FR47,FR47,2,4,city:2661604,city:2973783,80.0
demo:FR47_1_WE_08,demo,demo:FR47,FR47,2,4,city:2661604,city:2973783,80.0
demo:FR47_1_WE_09,demo,demo:FR47,FR47,2,4,city:2661604,city:2973783,80.0
demo:FR47_1_WE_10,demo,demo:FR47,FR47,2,4,city:2661604,city:2973783,80.0
demo:FR47_1_WE_11,demo,demo:FR47,FR47,2,4,city:2661604,city:2973783,80.0
demo:FR47_1_WE_12,demo,demo:FR47,FR47,2,4,city:2661604,city:2973783,80.0
demo:FR47_1_WE_13,demo,demo:FR47,FR47,2,4,city:2661604,city:2973783,80.0
demo:FR48_0_WD_00,demo,demo:FR48,FR48,5,2,city:2973783,city:2990999,88.0
demo:FR48_0_WD_01,demo,demo:FR48,FR48,5,2,city:2973783,city:2990999,88.0
demo:FR48_0_WD_02,demo,demo:FR48,FR48,5,2,city:2973783,city:2990999,88.0
demo:FR48_0_WD_03,demo,demo:FR48,FR48,5,2,city:2973783,city:2990999,88.0
demo:FR48_0_WD_04,demo,demo:FR48,FR48,5,2,city:2973783,city:2990999,88.0
demo:FR48_0_WD_05,demo,demo:FR48,FR48,5,2,city:2973783,city:2990999,88.0
demo:FR48_0_WD_06,demo,demo:FR48,FR48,5,2,city:2973783,city:2990999,88.0
demo:FR48_0_WD_07,demo,demo:FR48,FR48,5,2,city:2973783,city:2990999,88.0
demo:FR48_0_WD_08,demo,demo:FR48,FR48,5,2,city:2973783,city:2990999,88.0
demo:FR48_0_WD_09,demo,demo:FR48,FR48,5,2,city:2973783,city:2990999,88.0
demo:FR48_0_WE_00,demo,demo:FR48,FR48,2,2,city:2973783,city:2990999,88.0
demo:FR48_0_WE_01,demo,demo:FR48,FR48,2,2,city:2973783,city:2990999,88.0
demo:FR48_0_WE_02,demo,demo:FR48,FR48,2,2,city:2973783,city:2990999,88.0
demo:FR48_0_WE_03,demo,demo:FR48,FR48,2,2,city:2973783,city:2990999,88.0
demo:FR48_0_WE_04,demo,demo:FR48,FR48,2,2,city:2973783,city:2990999,88.0
demo:FR48_0_WE_05,demo,demo:FR48,FR48,2,2,city:2973783,city:2990999,88.0
demo:FR48_0_WE_06,demo,demo:FR48,FR48,2,2,city:2973783,city:2990999,88.0
demo:FR48_0_WE_07,demo,demo:FR48,FR48,2,2,city:2973783,city:2990999,88.0
demo:FR48_1_WD_00,demo,demo:FR48,FR48,5,2,city:2990999,city:2973783,88.0
demo:FR48_1_WD_01,demo,demo:FR48,FR48,5,2,city:2990999,city:2973783,88.0
demo:FR48_1_WD_02,demo,demo:FR48,FR48,5,2,city:2990999,city:2973783,88.0
demo:FR48_1_WD_03,demo,demo:FR48,FR48,5,2,city:2990999,city:2973783,88.0
demo:FR48_1_WD_04,demo,demo:FR48,FR48,5,2,city:2990999,city:2973783,88.0
demo:FR48_1_WD_05,demo,demo:FR48,FR48,5,2,city:2990999,city:2973783,88.0
demo:FR48_1_WD_06,demo,demo:FR48,FR48,5,2,city:2990999,city:2973783,88.0
demo:FR48_1_WD_07,demo,demo:FR48,FR48,5,2,city:2990999,city:2973783,88.0
demo:FR48_1_WD_08,demo,demo:FR48,FR48,5,2,city:2990999,city:2973783,88.0
demo:FR48_1_WD_09,demo,demo:FR48,FR48,5,2,city:2990999,city:2973783,88.0
demo:FR48_1_WE_00,demo,demo:FR48,FR48,2,2,city:2990999,city:2973783,88.0
demo:FR48_1_WE_01,demo,demo:FR48,FR48,2,2,city:2990999,city:2973783,88.0
demo:FR48_1_WE_02,demo,demo:FR48,FR48,2,2,city:2990999,city:2973783,88.0
demo:FR48_1_WE_03,demo,demo:FR48,FR48,2,2,city:2990999,city:2973783,88.0
demo:FR48_1_WE_04,demo,demo:FR48,FR48,2,2,city:2990999,city:2973783,88.0
demo:FR48_1_WE_05,demo,demo:FR48,FR48,2,2,city:2990999,city:2973783,88.0
demo:FR48_1_WE_06,demo,demo:FR48,FR48,2,2,city:2990999,city:2973783,88.0
demo:FR48_1_WE_07,demo,demo:FR48,FR48,2,2,city:2990999,city:2973783,88.0
demo:FR49_0_WD_00,demo,demo:FR49,FR49,5,3,city:2994160,city:2960316,50.0
demo:FR49_0_WD_01,demo,demo:FR49,FR49,5,3,city:2994160,city:2960316,50.0
demo:FR49_0_WD_02,demo,demo:FR49,FR49,5,3,city:2994160,city:2960316,50.0
demo:FR49_0_WD_03,demo,demo:FR49,FR49,5,3,city:2994160,city:2960316,50.0
demo:FR49_0_WD_04,demo,demo:FR49,FR49,5,3,city:2994160,city:2960316,50.0
demo:FR49_0_WD_05,demo,demo:FR49,FR49,5,3,city:2994160,city:2960316,50.0
demo:FR49_0_WD_06,demo,demo:FR49,FR49,5,3,city:2994160,city:2960316,50.0
demo:FR49_0_WD_07,demo,demo:FR49,FR49,5,3,city:2994160,city:2960316,50.0
demo:FR49_0_WD_08,demo,demo:FR49,FR49,5,3,city:2994160,city:2960316,50.0
demo:FR49_0_WD_09,demo,demo:FR49,FR49,5,3,city:2994160,city:2960316,50.0
demo:FR49_0_WD_10,demo,demo:FR49,FR49,5,3,city:2994160,city:2960316,50.0
demo:FR49_0_WD_11,demo,demo:FR49,FR49,5,3,city:2994160,city:2960316,50.0
demo:FR49_0_WD_12,demo,demo:FR49,FR49,5,3,city:2994160,city:2960316,50.0
demo:FR49_0_WD_13,demo,demo:FR49,FR49,5,3,city:2994160,city:2960316,50.0
demo:FR49_0_WD_14,demo,demo:FR49,FR49,5,3,city:2994160,city:2960316,50.0
demo:FR49_0_WD_15,demo,demo:FR49,FR49,5,3,city:2994160,city:2960316,50.0
demo:FR49_0_WD_16,demo,demo:FR49,FR49,5,3,city:2994160,city:2960316,50.0
demo:FR49_0_WD_17,demo,demo:FR49,FR49,5,3,city:2994160,city:2960316,50.0
demo:FR49_0_WD_18,demo,demo:FR49,FR49,5,3,city:2994160,city:2960316,50.0
demo:FR49_0_WD_19,demo,demo:FR49,FR49,5,3,city:2994160,city:2960316,50.0
demo:FR49_0_WD_20,demo,demo:FR49,FR49,5,3,city:2994160,city:2960316,50.0
demo:FR49_0_WD_21,demo,demo:FR49,FR49,5,3,city:2994160,city:2960316,50.0
demo:FR49_0_WD_22,demo,demo:FR49,FR49,5,3,city:2994160,city:2960316,50.0
demo:FR49_0_WD_23,demo,demo:FR49,FR49,5,3,city:2994160,city:2960316,50.0
demo:FR49_0_WE_00,demo,demo:FR49,FR49,2,3,city:2994160,city:2960316,50.0
demo:FR49_0_WE_01,demo,demo:FR49,FR49,2,3,city:2994160,city:2960316,50.0
demo:FR49_0_WE_02,demo,demo:FR49,FR49,2,3,city:2994160,city:2960316,50.0
demo:FR49_0_WE_03,demo,demo:FR49,FR49,2,3,city:2994160,city:2960316,50.0
demo:FR49_0_WE_04,demo,demo:FR49,FR49,2,3,city:2994160,city:2960316,50.0
demo:FR49_0_WE_05,demo,demo:FR49,FR49,2,3,city:2994160,city:2960316,50.0
demo:FR49_0_WE_06,demo,demo:FR49,FR49,2,3,city:2994160,city:2960316,50.0
demo:FR49_0_WE_07,demo,demo:FR49,FR49,2,3,city:2994160,city:2960316,50.0
demo:FR49_0_WE_08,demo,demo:FR49,FR49,2,3,city:2994160,city:2960316,50.0
demo:FR49_0_WE_09,demo,demo:FR49,FR49,2,3,city:2994160,city:2960316,50.0
demo:FR49_0_WE_10,demo,demo:FR49,FR49,2,3,city:2994160,city:2960316,50.0
demo:FR49_0_WE_11,demo,demo:FR49,FR49,2,3,city:2994160,city:2960316,50.0
demo:FR49_0_WE_12,demo,demo:FR49,FR49,2,3,city:2994160,city:2960316,50.0
demo:FR49_0_WE_13,demo,demo:FR49,FR49,2,3,city:2994160,city:2960316,50.0
demo:FR49_0_WE_14,demo,demo:FR49,FR49,2,3,city:2994160,city:2960316,50.0
demo:FR49_0_WE_15,demo,demo:FR49,FR49,2,3,city:2994160,city:2960316,50.0
demo:FR49_0_WE_16,demo,demo:FR49,FR49,2,3,city:2994160,city:2960316,50.0
demo:FR49_0_WE_17,demo,demo:FR49,FR49,2,3,city:2994160,city:2960316,50.0
demo:FR49_0_WE_18,demo,demo:FR49,FR49,2,3,city:2994160,city:2960316,50.0
demo:FR49_0_WE_19,demo,demo:FR49,FR49,2,3,city:2994160,city:2960316,50.0
demo:FR49_1_WD_00,demo,demo:FR49,FR49,5,3,city:2960316,city:2994160,50.0
demo:FR49_1_WD_01,demo,demo:FR49,FR49,5,3,city:2960316,city:2994160,50.0
demo:FR49_1_WD_02,demo,demo:FR49,FR49,5,3,city:2960316,city:2994160,50.0
demo:FR49_1_WD_03,demo,demo:FR49,FR49,5,3,city:2960316,city:2994160,50.0
demo:FR49_1_WD_04,demo,demo:FR49,FR49,5,3,city:2960316,city:2994160,50.0
demo:FR49_1_WD_05,demo,demo:FR49,FR49,5,3,city:2960316,city:2994160,50.0
demo:FR49_1_WD_06,demo,demo:FR49,FR49,5,3,city:2960316,city:2994160,50.0
demo:FR49_1_WD_07,demo,demo:FR49,FR49,5,3,city:2960316,city:2994160,50.0
demo:FR49_1_WD_08,demo,demo:FR49,FR49,5,3,city:2960316,city:2994160,50.0
demo:FR49_1_WD_09,demo,demo:FR49,FR49,5,3,city:2960316,city:2994160,50.0
demo:FR49_1_WD_10,demo,demo:FR49,FR49,5,3,city:2960316,city:2994160,50.0
demo:FR49_1_WD_11,demo,demo:FR49,FR49,5,3,city:2960316,city:2994160,50.0
demo:FR49_1_WD_12,demo,demo:FR49,FR49,5,3,city:2960316,city:2994160,50.0
demo:FR49_1_WD_13,demo,demo:FR49,FR49,5,3,city:2960316,city:2994160,50.0
demo:FR49_1_WD_14,demo,demo:FR49,FR49,5,3,city:2960316,city:2994160,50.0
demo:FR49_1_WD_15,demo,demo:FR49,FR49,5,3,city:2960316,city:2994160,50.0
demo:FR49_1_WD_16,demo,demo:FR49,FR49,5,3,city:2960316,city:2994160,50.0
demo:FR49_1_WD_17,demo,demo:FR49,FR49,5,3,city:2960316,city:2994160,50.0
demo:FR49_1_WD_18,demo,demo:FR49,FR49,5,3,city:2960316,city:2994160,50.0
demo:FR49_1_WD_19,demo,demo:FR49,FR49,5,3,city:2960316,city:2994160,50.0
demo:FR49_1_WD_20,demo,demo:FR49,FR49,5,3,city:2960316,city:2994160,50.0
demo:FR49_1_WD_21,demo,demo:FR49,FR49,5,3,city:2960316,city:2994160,50.0
demo:FR49_1_WD_22,demo,demo:FR49,FR49,5,3,city:2960316,city:2994160,50.0
demo:FR49_1_WD_23,demo,demo:FR49,FR49,5,3,city:2960316,city:2994160,50.0
demo:FR49_1_WE_00,demo,demo:FR49,FR49,2,3,city:2960316,city:2994160,50.0
demo:FR49_1_WE_01,demo,demo:FR49,FR49,2,3,city:2960316,city:2994160,50.0
demo:FR49_1_WE_02,demo,demo:FR49,FR49,2,3,city:2960316,city:2994160,50.0
demo:FR49_1_WE_03,demo,demo:FR49,FR49,2,3,city:2960316,city:2994160,50.0
demo:FR49_1_WE_04,demo,demo:FR49,FR49,2,3,city:2960316,city:2994160,50.0
demo:FR49_1_WE_05,demo,demo:FR49,FR49,2,3,city:2960316,city:2994160,50.0
demo:FR49_1_WE_06,demo,demo:FR49,FR49,2,3,city:2960316,city:2994160,50.0
demo:FR49_1_WE_07,demo,demo:FR49,FR49,2,3,city:2960316,city:2994160,50.0
demo:FR49_1_WE_08,demo,demo:FR49,FR49,2,3,city:2960316,city:2994160,50.0
demo:FR49_1_WE_09,demo,demo:FR49,FR49,2,3,city:2960316,city:2994160,50.0
demo:FR49_1_WE_10,demo,demo:FR49,FR49,2,3,city:2960316,city:2994160,50.0
demo:FR49_1_WE_11,demo,demo:FR49,FR49,2,3,city:2960316,city:2994160,50.0
demo:FR49_1_WE_12,demo,demo:FR49,FR49,2,3,city:2960316,city:2994160,50.0
demo:FR49_1_WE_13,demo,demo:FR49,FR49,2,3,city:2960316,city:2994160,50.0
demo:FR49_1_WE_14,demo,demo:FR49,FR49,2,3,city:2960316,city:2994160,50.0
demo:FR49_1_WE_15,demo,demo:FR49,FR49,2,3,city:2960316,city:2994160,50.0
demo:FR49_1_WE_16,demo,demo:FR49,FR49,2,3,city:2960316,city:2994160,50.0
demo:FR49_1_WE_17,demo,demo:FR49,FR49,2,3,city:2960316,city:2994160,50.0
demo:FR49_1_WE_18,demo,demo:FR49,FR49,2,3,city:2960316,city:2994160,50.0
demo:FR49_1_WE_19,demo,demo:FR49,FR49,2,3,city:2960316,city:2994160,50.0
demo:FR50_0_WD_00,demo,demo:FR50,FR50,5,6,city:2990969,city:2996944,285.0
demo:FR50_0_WD_01,demo,demo:FR50,FR50,5,6,city:2990969,city:2996944,285.0
demo:FR50_0_WD_02,demo,demo:FR50,FR50,5,6,city:2990969,city:2996944,285.0
demo:FR50_0_WE_00,demo,demo:FR50,FR50,2,6,city:2990969,city:2996944,285.0
demo:FR50_0_WE_01,demo,demo:FR50,FR50,2,6,city:2990969,city:2996944,285.0
demo:FR50_0_WE_02,demo,demo:FR50,FR50,2,6,city:2990969,city:2996944,285.0
demo:FR50_1_WD_00,demo,demo:FR50,FR50,5,6,city:2996944,city:2990969,285.0
demo:FR50_1_WD_01,demo,demo:FR50,FR50,5,6,city:2996944,city:2990969,285.0
demo:FR50_1_WD_02,demo,demo:FR50,FR50,5,6,city:2996944,city:2990969,285.0
demo:FR50_1_WE_00,demo,demo:FR50,FR50,2,6,city:2996944,city:2990969,285.0
demo:FR50_1_WE_01,demo,demo:FR50,FR50,2,6,city:2996944,city:2990969,285.0
demo:FR50_1_WE_02,demo,demo:FR50,FR50,2,6,city:2996944,city:2990969,285.0
demo:FR51_0_WD_00,demo,demo:FR51,FR51,5,6,city:2983990,city:2995469,344.0
demo:FR51_0_WD_01,demo,demo:FR51,FR51,5,6,city:2983990,city:2995469,346.0
demo:FR51_0_WE_00,demo,demo:FR51,FR51,2,6,city:2983990,city:2995469,344.0
demo:FR51_0_WE_01,demo,demo:FR51,FR51,2,6,city:2983990,city:2995469,346.0
demo:FR51_1_WD_00,demo,demo:FR51,FR51,5,6,city:2995469,city:2983990,344.0
demo:FR51_1_WD_01,demo,demo:FR51,FR51,5,6,city:2995469,city:2983990,346.0
demo:FR51_1_WE_00,demo,demo:FR51,FR51,2,6,city:2995469,city:2983990,344.0
demo:FR51_1_WE_01,demo,demo:FR51,FR51,2,6,city:2995469,city:2983990,346.0
demo:FR52_0_WD_00,demo,demo:FR52,FR52,5,7,city:2973783,city:2995469,335.0
demo:FR52_0_WD_01,demo,demo:FR52,FR52,5,7,city:2973783,city:2995469,335.0
demo:FR52_0_WD_02,demo,demo:FR52,FR52,5,7,city:2973783,city:2995469,335.0
demo:FR52_0_WE_00,demo,demo:FR52,FR52,2,7,city:2973783,city:2995469,335.0
demo:FR52_0_WE_01,demo,demo:FR52,FR52,2,7,city:2973783,city:2995469,335.0
demo:FR52_0_WE_02,demo,demo:FR52,FR52,2,7,city:2973783,city:2995469,335.0
demo:FR52_1_WD_00,demo,demo:FR52,FR52,5,7,city:2995469,city:2973783,335.0
demo:FR52_1_WD_01,demo,demo:FR52,FR52,5,7,city:2995469,city:2973783,335.0
demo:FR52_1_WD_02,demo,demo:FR52,FR52,5,7,city:2995469,city:2973783,335.0
demo:FR52_1_WE_00,demo,demo:FR52,FR52,2,7,city:2995469,city:2973783,335.0
demo:FR52_1_WE_01,demo,demo:FR52,FR52,2,7,city:2995469,city:2973783,335.0
demo:FR52_1_WE_02,demo,demo:FR52,FR52,2,7,city:2995469,city:2973783,335.0
demo:FR53_0_WD_00,demo,demo:FR53,FR53,5,7,city:2800866,city:2995469,330.0
demo:FR53_0_WD_01,demo,demo:FR53,FR53,5,7,city:2800866,city:2995469,330.0
demo:FR53_0_WD_02,demo,demo:FR53,FR53,5,7,city:2800866,city:2995469,330.0
demo:FR53_0_WE_00,demo,demo:FR53,FR53,2,7,city:2800866,city:2995469,330.0
demo:FR53_0_WE_01,demo,demo:FR53,FR53,2,7,city:2800866,city:2995469,330.0
demo:FR53_0_WE_02,demo,demo:FR53,FR53,2,7,city:2800866,city:2995469,330.0
demo:FR53_1_WD_00,demo,demo:FR53,FR53,5,7,city:2995469,city:2800866,330.0
demo:FR53_1_WD_01,demo,demo:FR53,FR53,5,7,city:2995469,city:2800866,330.0
demo:FR53_1_WD_02,demo,demo:FR53,FR53,5,7,city:2995469,city:2800866,330.0
demo:FR53_1_WE_00,demo,demo:FR53,FR53,2,7,city:2995469,city:2800866,330.0
demo:FR53_1_WE_01,demo,demo:FR53,FR53,2,7,city:2995469,city:2800866,330.0
demo:FR53_1_WE_02,demo,demo:FR53,FR53,2,7,city:2995469,city:2800866,330.0
demo:FR54_0_WD_00,demo,demo:FR54,FR54,5,3,city:3031582,city:2990969,250.0
demo:FR54_0_WD_01,demo,demo:FR54,FR54,5,3,city:3031582,city:2990969,250.0
demo:FR54_0_WD_02,demo,demo:FR54,FR54,5,3,city:3031582,city:2990969,250.0
demo:FR54_0_WE_00,demo,demo:FR54,FR54,2,3,city:3031582,city:2990969,250.0
demo:FR54_0_WE_01,demo,demo:FR54,FR54,2,3,city:3031582,city:2990969,250.0
demo:FR54_0_WE_02,demo,demo:FR54,FR54,2,3,city:3031582,city:2990969,250.0
demo:FR54_1_WD_00,demo,demo:FR54,FR54,5,3,city:2990969,city:3031582,250.0
demo:FR54_1_WD_01,demo,demo:FR54,FR54,5,3,city:2990969,city:3031582,250.0
demo:FR54_1_WD_02,demo,demo:FR54,FR54,5,3,city:2990969,city:3031582,250.0
demo:FR54_1_WE_00,demo,demo:FR54,FR54,2,3,city:2990969,city:3031582,250.0
demo:FR54_1_WE_01,demo,demo:FR54,FR54,2,3,city:2990969,city:3031582,250.0
demo:FR54_1_WE_02,demo,demo:FR54,FR54,2,3,city:2990969,city:3031582,250.0
demo:FR55_0_ALL_00,demo,demo:FR55,FR55,7,5,city:2988507,city:2972315,510.0
demo:FR55_1_ALL_00,demo,demo:FR55,FR55,7,5,city:2972315,city:2988507,510.0
demo:FR56_0_ALL_00,demo,demo:FR56,FR56,7,5,city:2988507,city:2990440,740.0
demo:FR56_1_ALL_00,demo,demo:FR56,FR56,7,5,city:2990440,city:2988507,740.0
demo:FR57_0_ALL_00,demo,demo:FR57,FR57,7,3,city:2988507,stn:demo:S0107,700.0
demo:FR57_1_ALL_00,demo,demo:FR57,FR57,7,3,stn:demo:S0107,city:2988507,700.0
demo:FR58_0_WD_00,demo,demo:FR58,FR58,5,4,city:2990440,city:3164582,50.0
demo:FR58_0_WD_01,demo,demo:FR58,FR58,5,4,city:2990440,city:3164582,50.0
demo:FR58_0_WD_02,demo,demo:FR58,FR58,5,4,city:2990440,city:3164582,50.0
demo:FR58_0_WD_03,demo,demo:FR58,FR58,5,4,city:2990440,city:3164582,50.0
demo:FR58_0_WD_04,demo,demo:FR58,FR58,5,4,city:2990440,city:3164582,50.0
demo:FR58_0_WD_05,demo,demo:FR58,FR58,5,4,city:2990440,city:3164582,50.0
demo:FR58_0_WD_06,demo,demo:FR58,FR58,5,4,city:2990440,city:3164582,50.0
demo:FR58_0_WD_07,demo,demo:FR58,FR58,5,4,city:2990440,city:3164582,50.0
demo:FR58_0_WD_08,demo,demo:FR58,FR58,5,4,city:2990440,city:3164582,50.0
demo:FR58_0_WD_09,demo,demo:FR58,FR58,5,4,city:2990440,city:3164582,50.0
demo:FR58_0_WD_10,demo,demo:FR58,FR58,5,4,city:2990440,city:3164582,50.0
demo:FR58_0_WD_11,demo,demo:FR58,FR58,5,4,city:2990440,city:3164582,50.0
demo:FR58_0_WD_12,demo,demo:FR58,FR58,5,4,city:2990440,city:3164582,50.0
demo:FR58_0_WD_13,demo,demo:FR58,FR58,5,4,city:2990440,city:3164582,50.0
demo:FR58_0_WD_14,demo,demo:FR58,FR58,5,4,city:2990440,city:3164582,50.0
demo:FR58_0_WD_15,demo,demo:FR58,FR58,5,4,city:2990440,city:3164582,50.0
demo:FR58_0_WE_00,demo,demo:FR58,FR58,2,4,city:2990440,city:3164582,50.0
demo:FR58_0_WE_01,demo,demo:FR58,FR58,2,4,city:2990440,city:3164582,50.0
demo:FR58_0_WE_02,demo,demo:FR58,FR58,2,4,city:2990440,city:3164582,50.0
demo:FR58_0_WE_03,demo,demo:FR58,FR58,2,4,city:2990440,city:3164582,50.0
demo:FR58_0_WE_04,demo,demo:FR58,FR58,2,4,city:2990440,city:3164582,50.0
demo:FR58_0_WE_05,demo,demo:FR58,FR58,2,4,city:2990440,city:3164582,50.0
demo:FR58_0_WE_06,demo,demo:FR58,FR58,2,4,city:2990440,city:3164582,50.0
demo:FR58_0_WE_07,demo,demo:FR58,FR58,2,4,city:2990440,city:3164582,50.0
demo:FR58_0_WE_08,demo,demo:FR58,FR58,2,4,city:2990440,city:3164582,50.0
demo:FR58_0_WE_09,demo,demo:FR58,FR58,2,4,city:2990440,city:3164582,50.0
demo:FR58_0_WE_10,demo,demo:FR58,FR58,2,4,city:2990440,city:3164582,50.0
demo:FR58_0_WE_11,demo,demo:FR58,FR58,2,4,city:2990440,city:3164582,50.0
demo:FR58_0_WE_12,demo,demo:FR58,FR58,2,4,city:2990440,city:3164582,50.0
demo:FR58_0_WE_13,demo,demo:FR58,FR58,2,4,city:2990440,city:3164582,50.0
demo:FR58_1_WD_00,demo,demo:FR58,FR58,5,4,city:3164582,city:2990440,50.0
demo:FR58_1_WD_01,demo,demo:FR58,FR58,5,4,city:3164582,city:2990440,50.0
demo:FR58_1_WD_02,demo,demo:FR58,FR58,5,4,city:3164582,city:2990440,50.0
demo:FR58_1_WD_03,demo,demo:FR58,FR58,5,4,city:3164582,city:2990440,50.0
demo:FR58_1_WD_04,demo,demo:FR58,FR58,5,4,city:3164582,city:2990440,50.0
demo:FR58_1_WD_05,demo,demo:FR58,FR58,5,4,city:3164582,city:2990440,50.0
demo:FR58_1_WD_06,demo,demo:FR58,FR58,5,4,city:3164582,city:2990440,50.0
demo:FR58_1_WD_07,demo,demo:FR58,FR58,5,4,city:3164582,city:2990440,50.0
demo:FR58_1_WD_08,demo,demo:FR58,FR58,5,4,city:3164582,city:2990440,50.0
demo:FR58_1_WD_09,demo,demo:FR58,FR58,5,4,city:3164582,city:2990440,50.0
demo:FR58_1_WD_10,demo,demo:FR58,FR58,5,4,city:3164582,city:2990440,50.0
demo:FR58_1_WD_11,demo,demo:FR58,FR58,5,4,city:3164582,city:2990440,50.0
demo:FR58_1_WD_12,demo,demo:FR58,FR58,5,4,city:3164582,city:2990440,50.0
demo:FR58_1_WD_13,demo,demo:FR58,FR58,5,4,city:3164582,city:2990440,50.0
demo:FR58_1_WD_14,demo,demo:FR58,FR58,5,4,city:3164582,city:2990440,50.0
demo:FR58_1_WD_15,demo,demo:FR58,FR58,5,4,city:3164582,city:2990440,50.0
demo:FR58_1_WE_00,demo,demo:FR58,FR58,2,4,city:3164582,city:2990440,50.0
demo:FR58_1_WE_01,demo,demo:FR58,FR58,2,4,city:3164582,city:2990440,50.0
demo:FR58_1_WE_02,demo,demo:FR58,FR58,2,4,city:3164582,city:2990440,50.0
demo:FR58_1_WE_03,demo,demo:FR58,FR58,2,4,city:3164582,city:2990440,50.0
demo:FR58_1_WE_04,demo,demo:FR58,FR58,2,4,city:3164582,city:2990440,50.0
demo:FR58_1_WE_05,demo,demo:FR58,FR58,2,4,city:3164582,city:2990440,50.0
demo:FR58_1_WE_06,demo,demo:FR58,FR58,2,4,city:3164582,city:2990440,50.0
demo:FR58_1_WE_07,demo,demo:FR58,FR58,2,4,city:3164582,city:2990440,50.0
demo:FR58_1_WE_08,demo,demo:FR58,FR58,2,4,city:3164582,city:2990440,50.0
demo:FR58_1_WE_09,demo,demo:FR58,FR58,2,4,city:3164582,city:2990440,50.0
demo:FR58_1_WE_10,demo,demo:FR58,FR58,2,4,city:3164582,city:2990440,50.0
demo:FR58_1_WE_11,demo,demo:FR58,FR58,2,4,city:3164582,city:2990440,50.0
demo:FR58_1_WE_12,demo,demo:FR58,FR58,2,4,city:3164582,city:2990440,50.0
demo:FR58_1_WE_13,demo,demo:FR58,FR58,2,4,city:3164582,city:2990440,50.0
demo:GB01_0_WD_00,demo,demo:GB01,GB01,5,5,city:2643743,city:2655603,82.0
demo:GB01_0_WD_01,demo,demo:GB01,GB01,5,5,city:2643743,city:2655603,82.0
demo:GB01_0_WD_02,demo,demo:GB01,GB01,5,5,city:2643743,city:2655603,82.0
demo:GB01_0_WD_03,demo,demo:GB01,GB01,5,5,city:2643743,city:2655603,82.0
demo:GB01_0_WD_04,demo,demo:GB01,GB01,5,5,city:2643743,city:2655603,82.0
demo:GB01_0_WD_05,demo,demo:GB01,GB01,5,5,city:2643743,city:2655603,82.0
demo:GB01_0_WD_06,demo,demo:GB01,GB01,5,5,city:2643743,city:2655603,82.0
demo:GB01_0_WD_07,demo,demo:GB01,GB01,5,5,city:2643743,city:2655603,82.0
demo:GB01_0_WD_08,demo,demo:GB01,GB01,5,5,city:2643743,city:2655603,82.0
demo:GB01_0_WD_09,demo,demo:GB01,GB01,5,5,city:2643743,city:2655603,82.0
demo:GB01_0_WD_10,demo,demo:GB01,GB01,5,5,city:2643743,city:2655603,82.0
demo:GB01_0_WD_11,demo,demo:GB01,GB01,5,5,city:2643743,city:2655603,82.0
demo:GB01_0_WD_12,demo,demo:GB01,GB01,5,5,city:2643743,city:2655603,82.0
demo:GB01_0_WD_13,demo,demo:GB01,GB01,5,5,city:2643743,city:2655603,82.0
demo:GB01_0_WD_14,demo,demo:GB01,GB01,5,5,city:2643743,city:2655603,82.0
demo:GB01_0_WD_15,demo,demo:GB01,GB01,5,5,city:2643743,city:2655603,82.0
demo:GB01_0_WD_16,demo,demo:GB01,GB01,5,5,city:2643743,city:2655603,82.0
demo:GB01_0_WD_17,demo,demo:GB01,GB01,5,5,city:2643743,city:2655603,82.0
demo:GB01_0_WD_18,demo,demo:GB01,GB01,5,5,city:2643743,city:2655603,82.0
demo:GB01_0_WD_19,demo,demo:GB01,GB01,5,5,city:2643743,city:2655603,82.0
demo:GB01_0_WD_20,demo,demo:GB01,GB01,5,5,city:2643743,city:2655603,82.0
demo:GB01_0_WD_21,demo,demo:GB01,GB01,5,5,city:2643743,city:2655603,82.0
demo:GB01_0_WD_22,demo,demo:GB01,GB01,5,5,city:2643743,city:2655603,82.0
demo:GB01_0_WD_23,demo,demo:GB01,GB01,5,5,city:2643743,city:2655603,82.0
demo:GB01_0_WD_24,demo,demo:GB01,GB01,5,5,city:2643743,city:2655603,82.0
demo:GB01_0_WD_25,demo,demo:GB01,GB01,5,5,city:2643743,city:2655603,82.0
demo:GB01_0_WD_26,demo,demo:GB01,GB01,5,5,city:2643743,city:2655603,82.0
demo:GB01_0_WD_27,demo,demo:GB01,GB01,5,5,city:2643743,city:2655603,82.0
demo:GB01_0_WD_28,demo,demo:GB01,GB01,5,5,city:2643743,city:2655603,82.0
demo:GB01_0_WD_29,demo,demo:GB01,GB01,5,5,city:2643743,city:2655603,82.0
demo:GB01_0_WD_30,demo,demo:GB01,GB01,5,5,city:2643743,city:2655603,82.0
demo:GB01_0_WD_31,demo,demo:GB01,GB01,5,5,city:2643743,city:2655603,82.0
demo:GB01_0_WE_00,demo,demo:GB01,GB01,2,5,city:2643743,city:2655603,82.0
demo:GB01_0_WE_01,demo,demo:GB01,GB01,2,5,city:2643743,city:2655603,82.0
demo:GB01_0_WE_02,demo,demo:GB01,GB01,2,5,city:2643743,city:2655603,82.0
demo:GB01_0_WE_03,demo,demo:GB01,GB01,2,5,city:2643743,city:2655603,82.0
demo:GB01_0_WE_04,demo,demo:GB01,GB01,2,5,city:2643743,city:2655603,82.0
demo:GB01_0_WE_05,demo,demo:GB01,GB01,2,5,city:2643743,city:2655603,82.0
demo:GB01_0_WE_06,demo,demo:GB01,GB01,2,5,city:2643743,city:2655603,82.0
demo:GB01_0_WE_07,demo,demo:GB01,GB01,2,5,city:2643743,city:2655603,82.0
demo:GB01_0_WE_08,demo,demo:GB01,GB01,2,5,city:2643743,city:2655603,82.0
demo:GB01_0_WE_09,demo,demo:GB01,GB01,2,5,city:2643743,city:2655603,82.0
demo:GB01_0_WE_10,demo,demo:GB01,GB01,2,5,city:2643743,city:2655603,82.0
demo:GB01_0_WE_11,demo,demo:GB01,GB01,2,5,city:2643743,city:2655603,82.0
demo:GB01_0_WE_12,demo,demo:GB01,GB01,2,5,city:2643743,city:2655603,82.0
demo:GB01_0_WE_13,demo,demo:GB01,GB01,2,5,city:2643743,city:2655603,82.0
demo:GB01_0_WE_14,demo,demo:GB01,GB01,2,5,city:2643743,city:2655603,82.0
demo:GB01_0_WE_15,demo,demo:GB01,GB01,2,5,city:2643743,city:2655603,82.0
demo:GB01_0_WE_16,demo,demo:GB01,GB01,2,5,city:2643743,city:2655603,82.0
demo:GB01_0_WE_17,demo,demo:GB01,GB01,2,5,city:2643743,city:2655603,82.0
demo:GB01_0_WE_18,demo,demo:GB01,GB01,2,5,city:2643743,city:2655603,82.0
demo:GB01_0_WE_19,demo,demo:GB01,GB01,2,5,city:2643743,city:2655603,82.0
demo:GB01_0_WE_20,demo,demo:GB01,GB01,2,5,city:2643743,city:2655603,82.0
demo:GB01_0_WE_21,demo,demo:GB01,GB01,2,5,city:2643743,city:2655603,82.0
demo:GB01_0_WE_22,demo,demo:GB01,GB01,2,5,city:2643743,city:2655603,82.0
demo:GB01_0_WE_23,demo,demo:GB01,GB01,2,5,city:2643743,city:2655603,82.0
demo:GB01_0_WE_24,demo,demo:GB01,GB01,2,5,city:2643743,city:2655603,82.0
demo:GB01_0_WE_25,demo,demo:GB01,GB01,2,5,city:2643743,city:2655603,82.0
demo:GB01_0_WE_26,demo,demo:GB01,GB01,2,5,city:2643743,city:2655603,82.0
demo:GB01_1_WD_00,demo,demo:GB01,GB01,5,5,city:2655603,city:2643743,82.0
demo:GB01_1_WD_01,demo,demo:GB01,GB01,5,5,city:2655603,city:2643743,82.0
demo:GB01_1_WD_02,demo,demo:GB01,GB01,5,5,city:2655603,city:2643743,82.0
demo:GB01_1_WD_03,demo,demo:GB01,GB01,5,5,city:2655603,city:2643743,82.0
demo:GB01_1_WD_04,demo,demo:GB01,GB01,5,5,city:2655603,city:2643743,82.0
demo:GB01_1_WD_05,demo,demo:GB01,GB01,5,5,city:2655603,city:2643743,82.0
demo:GB01_1_WD_06,demo,demo:GB01,GB01,5,5,city:2655603,city:2643743,82.0
demo:GB01_1_WD_07,demo,demo:GB01,GB01,5,5,city:2655603,city:2643743,82.0
demo:GB01_1_WD_08,demo,demo:GB01,GB01,5,5,city:2655603,city:2643743,82.0
demo:GB01_1_WD_09,demo,demo:GB01,GB01,5,5,city:2655603,city:2643743,82.0
demo:GB01_1_WD_10,demo,demo:GB01,GB01,5,5,city:2655603,city:2643743,82.0
demo:GB01_1_WD_11,demo,demo:GB01,GB01,5,5,city:2655603,city:2643743,82.0
demo:GB01_1_WD_12,demo,demo:GB01,GB01,5,5,city:2655603,city:2643743,82.0
demo:GB01_1_WD_13,demo,demo:GB01,GB01,5,5,city:2655603,city:2643743,82.0
demo:GB01_1_WD_14,demo,demo:GB01,GB01,5,5,city:2655603,city:2643743,82.0
demo:GB01_1_WD_15,demo,demo:GB01,GB01,5,5,city:2655603,city:2643743,82.0
demo:GB01_1_WD_16,demo,demo:GB01,GB01,5,5,city:2655603,city:2643743,82.0
demo:GB01_1_WD_17,demo,demo:GB01,GB01,5,5,city:2655603,city:2643743,82.0
demo:GB01_1_WD_18,demo,demo:GB01,GB01,5,5,city:2655603,city:2643743,82.0
demo:GB01_1_WD_19,demo,demo:GB01,GB01,5,5,city:2655603,city:2643743,82.0
demo:GB01_1_WD_20,demo,demo:GB01,GB01,5,5,city:2655603,city:2643743,82.0
demo:GB01_1_WD_21,demo,demo:GB01,GB01,5,5,city:2655603,city:2643743,82.0
demo:GB01_1_WD_22,demo,demo:GB01,GB01,5,5,city:2655603,city:2643743,82.0
demo:GB01_1_WD_23,demo,demo:GB01,GB01,5,5,city:2655603,city:2643743,82.0
demo:GB01_1_WD_24,demo,demo:GB01,GB01,5,5,city:2655603,city:2643743,82.0
demo:GB01_1_WD_25,demo,demo:GB01,GB01,5,5,city:2655603,city:2643743,82.0
demo:GB01_1_WD_26,demo,demo:GB01,GB01,5,5,city:2655603,city:2643743,82.0
demo:GB01_1_WD_27,demo,demo:GB01,GB01,5,5,city:2655603,city:2643743,82.0
demo:GB01_1_WD_28,demo,demo:GB01,GB01,5,5,city:2655603,city:2643743,82.0
demo:GB01_1_WD_29,demo,demo:GB01,GB01,5,5,city:2655603,city:2643743,82.0
demo:GB01_1_WD_30,demo,demo:GB01,GB01,5,5,city:2655603,city:2643743,82.0
demo:GB01_1_WD_31,demo,demo:GB01,GB01,5,5,city:2655603,city:2643743,82.0
demo:GB01_1_WE_00,demo,demo:GB01,GB01,2,5,city:2655603,city:2643743,82.0
demo:GB01_1_WE_01,demo,demo:GB01,GB01,2,5,city:2655603,city:2643743,82.0
demo:GB01_1_WE_02,demo,demo:GB01,GB01,2,5,city:2655603,city:2643743,82.0
demo:GB01_1_WE_03,demo,demo:GB01,GB01,2,5,city:2655603,city:2643743,82.0
demo:GB01_1_WE_04,demo,demo:GB01,GB01,2,5,city:2655603,city:2643743,82.0
demo:GB01_1_WE_05,demo,demo:GB01,GB01,2,5,city:2655603,city:2643743,82.0
demo:GB01_1_WE_06,demo,demo:GB01,GB01,2,5,city:2655603,city:2643743,82.0
demo:GB01_1_WE_07,demo,demo:GB01,GB01,2,5,city:2655603,city:2643743,82.0
demo:GB01_1_WE_08,demo,demo:GB01,GB01,2,5,city:2655603,city:2643743,82.0
demo:GB01_1_WE_09,demo,demo:GB01,GB01,2,5,city:2655603,city:2643743,82.0
demo:GB01_1_WE_10,demo,demo:GB01,GB01,2,5,city:2655603,city:2643743,82.0
demo:GB01_1_WE_11,demo,demo:GB01,GB01,2,5,city:2655603,city:2643743,82.0
demo:GB01_1_WE_12,demo,demo:GB01,GB01,2,5,city:2655603,city:2643743,82.0
demo:GB01_1_WE_13,demo,demo:GB01,GB01,2,5,city:2655603,city:2643743,82.0
demo:GB01_1_WE_14,demo,demo:GB01,GB01,2,5,city:2655603,city:2643743,82.0
demo:GB01_1_WE_15,demo,demo:GB01,GB01,2,5,city:2655603,city:2643743,82.0
demo:GB01_1_WE_16,demo,demo:GB01,GB01,2,5,city:2655603,city:2643743,82.0
demo:GB01_1_WE_17,demo,demo:GB01,GB01,2,5,city:2655603,city:2643743,82.0
demo:GB01_1_WE_18,demo,demo:GB01,GB01,2,5,city:2655603,city:2643743,82.0
demo:GB01_1_WE_19,demo,demo:GB01,GB01,2,5,city:2655603,city:2643743,82.0
demo:GB01_1_WE_20,demo,demo:GB01,GB01,2,5,city:2655603,city:2643743,82.0
demo:GB01_1_WE_21,demo,demo:GB01,GB01,2,5,city:2655603,city:2643743,82.0
demo:GB01_1_WE_22,demo,demo:GB01,GB01,2,5,city:2655603,city:2643743,82.0
demo:GB01_1_WE_23,demo,demo:GB01,GB01,2,5,city:2655603,city:2643743,82.0
demo:GB01_1_WE_24,demo,demo:GB01,GB01,2,5,city:2655603,city:2643743,82.0
demo:GB01_1_WE_25,demo,demo:GB01,GB01,2,5,city:2655603,city:2643743,82.0
demo:GB01_1_WE_26,demo,demo:GB01,GB01,2,5,city:2655603,city:2643743,82.0
demo:GB02_0_WD_00,demo,demo:GB02,GB02,5,5,city:2643743,city:2643123,128.0
demo:GB02_0_WD_01,demo,demo:GB02,GB02,5,5,city:2643743,city:2643123,128.0
demo:GB02_0_WD_02,demo,demo:GB02,GB02,5,5,city:2643743,city:2643123,128.0
demo:GB02_0_WD_03,demo,demo:GB02,GB02,5,5,city:2643743,city:2643123,128.0
demo:GB02_0_WD_04,demo,demo:GB02,GB02,5,5,city:2643743,city:2643123,128.0
demo:GB02_0_WD_05,demo,demo:GB02,GB02,5,5,city:2643743,city:2643123,128.0
demo:GB02_0_WD_06,demo,demo:GB02,GB02,5,5,city:2643743,city:2643123,128.0
demo:GB02_0_WD_07,demo,demo:GB02,GB02,5,5,city:2643743,city:2643123,128.0
demo:GB02_0_WD_08,demo,demo:GB02,GB02,5,5,city:2643743,city:2643123,128.0
demo:GB02_0_WD_09,demo,demo:GB02,GB02,5,5,city:2643743,city:2643123,128.0
demo:GB02_0_WD_10,demo,demo:GB02,GB02,5,5,city:2643743,city:2643123,128.0
demo:GB02_0_WD_11,demo,demo:GB02,GB02,5,5,city:2643743,city:2643123,128.0
demo:GB02_0_WD_12,demo,demo:GB02,GB02,5,5,city:2643743,city:2643123,128.0
demo:GB02_0_WD_13,demo,demo:GB02,GB02,5,5,city:2643743,city:2643123,128.0
demo:GB02_0_WD_14,demo,demo:GB02,GB02,5,5,city:2643743,city:2643123,128.0
demo:GB02_0_WD_15,demo,demo:GB02,GB02,5,5,city:2643743,city:2643123,128.0
demo:GB02_0_WD_16,demo,demo:GB02,GB02,5,5,city:2643743,city:2643123,128.0
demo:GB02_0_WD_17,demo,demo:GB02,GB02,5,5,city:2643743,city:2643123,128.0
demo:GB02_0_WD_18,demo,demo:GB02,GB02,5,5,city:2643743,city:2643123,128.0
demo:GB02_0_WD_19,demo,demo:GB02,GB02,5,5,city:2643743,city:2643123,128.0
demo:GB02_0_WD_20,demo,demo:GB02,GB02,5,5,city:2643743,city:2643123,128.0
demo:GB02_0_WD_21,demo,demo:GB02,GB02,5,5,city:2643743,city:2643123,128.0
demo:GB02_0_WD_22,demo,demo:GB02,GB02,5,5,city:2643743,city:2643123,128.0
demo:GB02_0_WD_23,demo,demo:GB02,GB02,5,5,city:2643743,city:2643123,128.0
demo:GB02_0_WE_00,demo,demo:GB02,GB02,2,5,city:2643743,city:2643123,128.0
demo:GB02_0_WE_01,demo,demo:GB02,GB02,2,5,city:2643743,city:2643123,128.0
demo:GB02_0_WE_02,demo,demo:GB02,GB02,2,5,city:2643743,city:2643123,128.0
demo:GB02_0_WE_03,demo,demo:GB02,GB02,2,5,city:2643743,city:2643123,128.0
demo:GB02_0_WE_04,demo,demo:GB02,GB02,2,5,city:2643743,city:2643123,128.0
demo:GB02_0_WE_05,demo,demo:GB02,GB02,2,5,city:2643743,city:2643123,128.0
demo:GB02_0_WE_06,demo,demo:GB02,GB02,2,5,city:2643743,city:2643123,128.0
demo:GB02_0_WE_07,demo,demo:GB02,GB02,2,5,city:2643743,city:2643123,128.0
demo:GB02_0_WE_08,demo,demo:GB02,GB02,2,5,city:2643743,city:2643123,128.0
demo:GB02_0_WE_09,demo,demo:GB02,GB02,2,5,city:2643743,city:2643123,128.0
demo:GB02_0_WE_10,demo,demo:GB02,GB02,2,5,city:2643743,city:2643123,128.0
demo:GB02_0_WE_11,demo,demo:GB02,GB02,2,5,city:2643743,city:2643123,128.0
demo:GB02_0_WE_12,demo,demo:GB02,GB02,2,5,city:2643743,city:2643123,128.0
demo:GB02_0_WE_13,demo,demo:GB02,GB02,2,5,city:2643743,city:2643123,128.0
demo:GB02_0_WE_14,demo,demo:GB02,GB02,2,5,city:2643743,city:2643123,128.0
demo:GB02_0_WE_15,demo,demo:GB02,GB02,2,5,city:2643743,city:2643123,128.0
demo:GB02_0_WE_16,demo,demo:GB02,GB02,2,5,city:2643743,city:2643123,128.0
demo:GB02_0_WE_17,demo,demo:GB02,GB02,2,5,city:2643743,city:2643123,128.0
demo:GB02_0_WE_18,demo,demo:GB02,GB02,2,5,city:2643743,city:2643123,128.0
demo:GB02_0_WE_19,demo,demo:GB02,GB02,2,5,city:2643743,city:2643123,128.0
demo:GB02_1_WD_00,demo,demo:GB02,GB02,5,5,city:2643123,city:2643743,128.0
demo:GB02_1_WD_01,demo,demo:GB02,GB02,5,5,city:2643123,city:2643743,128.0
demo:GB02_1_WD_02,demo,demo:GB02,GB02,5,5,city:2643123,city:2643743,128.0
demo:GB02_1_WD_03,demo,demo:GB02,GB02,5,5,city:2643123,city:2643743,128.0
demo:GB02_1_WD_04,demo,demo:GB02,GB02,5,5,city:2643123,city:2643743,128.0
demo:GB02_1_WD_05,demo,demo:GB02,GB02,5,5,city:2643123,city:2643743,128.0
demo:GB02_1_WD_06,demo,demo:GB02,GB02,5,5,city:2643123,city:2643743,128.0
demo:GB02_1_WD_07,demo,demo:GB02,GB02,5,5,city:2643123,city:2643743,128.0
demo:GB02_1_WD_08,demo,demo:GB02,GB02,5,5,city:2643123,city:2643743,128.0
demo:GB02_1_WD_09,demo,demo:GB02,GB02,5,5,city:2643123,city:2643743,128.0
demo:GB02_1_WD_10,demo,demo:GB02,GB02,5,5,city:2643123,city:2643743,128.0
demo:GB02_1_WD_11,demo,demo:GB02,GB02,5,5,city:2643123,city:2643743,128.0
demo:GB02_1_WD_12,demo,demo:GB02,GB02,5,5,city:2643123,city:2643743,128.0
demo:GB02_1_WD_13,demo,demo:GB02,GB02,5,5,city:2643123,city:2643743,128.0
demo:GB02_1_WD_14,demo,demo:GB02,GB02,5,5,city:2643123,city:2643743,128.0
demo:GB02_1_WD_15,demo,demo:GB02,GB02,5,5,city:2643123,city:2643743,128.0
demo:GB02_1_WD_16,demo,demo:GB02,GB02,5,5,city:2643123,city:2643743,128.0
demo:GB02_1_WD_17,demo,demo:GB02,GB02,5,5,city:2643123,city:2643743,128.0
demo:GB02_1_WD_18,demo,demo:GB02,GB02,5,5,city:2643123,city:2643743,128.0
demo:GB02_1_WD_19,demo,demo:GB02,GB02,5,5,city:2643123,city:2643743,128.0
demo:GB02_1_WD_20,demo,demo:GB02,GB02,5,5,city:2643123,city:2643743,128.0
demo:GB02_1_WD_21,demo,demo:GB02,GB02,5,5,city:2643123,city:2643743,128.0
demo:GB02_1_WD_22,demo,demo:GB02,GB02,5,5,city:2643123,city:2643743,128.0
demo:GB02_1_WD_23,demo,demo:GB02,GB02,5,5,city:2643123,city:2643743,128.0
demo:GB02_1_WE_00,demo,demo:GB02,GB02,2,5,city:2643123,city:2643743,128.0
demo:GB02_1_WE_01,demo,demo:GB02,GB02,2,5,city:2643123,city:2643743,128.0
demo:GB02_1_WE_02,demo,demo:GB02,GB02,2,5,city:2643123,city:2643743,128.0
demo:GB02_1_WE_03,demo,demo:GB02,GB02,2,5,city:2643123,city:2643743,128.0
demo:GB02_1_WE_04,demo,demo:GB02,GB02,2,5,city:2643123,city:2643743,128.0
demo:GB02_1_WE_05,demo,demo:GB02,GB02,2,5,city:2643123,city:2643743,128.0
demo:GB02_1_WE_06,demo,demo:GB02,GB02,2,5,city:2643123,city:2643743,128.0
demo:GB02_1_WE_07,demo,demo:GB02,GB02,2,5,city:2643123,city:2643743,128.0
demo:GB02_1_WE_08,demo,demo:GB02,GB02,2,5,city:2643123,city:2643743,128.0
demo:GB02_1_WE_09,demo,demo:GB02,GB02,2,5,city:2643123,city:2643743,128.0
demo:GB02_1_WE_10,demo,demo:GB02,GB02,2,5,city:2643123,city:2643743,128.0
demo:GB02_1_WE_11,demo,demo:GB02,GB02,2,5,city:2643123,city:2643743,128.0
demo:GB02_1_WE_12,demo,demo:GB02,GB02,2,5,city:2643123,city:2643743,128.0
demo:GB02_1_WE_13,demo,demo:GB02,GB02,2,5,city:2643123,city:2643743,128.0
demo:GB02_1_WE_14,demo,demo:GB02,GB02,2,5,city:2643123,city:2643743,128.0
demo:GB02_1_WE_15,demo,demo:GB02,GB02,2,5,city:2643123,city:2643743,128.0
demo:GB02_1_WE_16,demo,demo:GB02,GB02,2,5,city:2643123,city:2643743,128.0
demo:GB02_1_WE_17,demo,demo:GB02,GB02,2,5,city:2643123,city:2643743,128.0
demo:GB02_1_WE_18,demo,demo:GB02,GB02,2,5,city:2643123,city:2643743,128.0
demo:GB02_1_WE_19,demo,demo:GB02,GB02,2,5,city:2643123,city:2643743,128.0
demo:GB03_0_WD_00,demo,demo:GB03,GB03,5,5,city:2643743,city:2643123,135.0
demo:GB03_0_WD_01,demo,demo:GB03,GB03,5,5,city:2643743,city:2643123,135.0
demo:GB03_0_WD_02,demo,demo:GB03,GB03,5,5,city:2643743,city:2643123,135.0
demo:GB03_0_WD_03,demo,demo:GB03,GB03,5,5,city:2643743,city:2643123,135.0
demo:GB03_0_WD_04,demo,demo:GB03,GB03,5,5,city:2643743,city:2643123,135.0
demo:GB03_0_WD_05,demo,demo:GB03,GB03,5,5,city:2643743,city:2643123,135.0
demo:GB03_0_WD_06,demo,demo:GB03,GB03,5,5,city:2643743,city:2643123,135.0
demo:GB03_0_WD_07,demo,demo:GB03,GB03,5,5,city:2643743,city:2643123,135.0
demo:GB03_0_WD_08,demo,demo:GB03,GB03,5,5,city:2643743,city:2643123,135.0
demo:GB03_0_WD_09,demo,demo:GB03,GB03,5,5,city:2643743,city:2643123,135.0
demo:GB03_0_WD_10,demo,demo:GB03,GB03,5,5,city:2643743,city:2643123,135.0
demo:GB03_0_WD_11,demo,demo:GB03,GB03,5,5,city:2643743,city:2643123,135.0
demo:GB03_0_WE_00,demo,demo:GB03,GB03,2,5,city:2643743,city:2643123,134.0
demo:GB03_0_WE_01,demo,demo:GB03,GB03,2,5,city:2643743,city:2643123,136.0
demo:GB03_0_WE_02,demo,demo:GB03,GB03,2,5,city:2643743,city:2643123,134.0
demo:GB03_0_WE_03,demo,demo:GB03,GB03,2,5,city:2643743,city:2643123,136.0
demo:GB03_0_WE_04,demo,demo:GB03,GB03,2,5,city:2643743,city:2643123,134.0
demo:GB03_0_WE_05,demo,demo:GB03,GB03,2,5,city:2643743,city:2643123,136.0
demo:GB03_0_WE_06,demo,demo:GB03,GB03,2,5,city:2643743,city:2643123,134.0
demo:GB03_0_WE_07,demo,demo:GB03,GB03,2,5,city:2643743,city:2643123,136.0
demo:GB03_0_WE_08,demo,demo:GB03,GB03,2,5,city:2643743,city:2643123,134.0
demo:GB03_0_WE_09,demo,demo:GB03,GB03,2,5,city:2643743,city:2643123,136.0
demo:GB03_1_WD_00,demo,demo:GB03,GB03,5,5,city:2643123,city:2643743,135.0
demo:GB03_1_WD_01,demo,demo:GB03,GB03,5,5,city:2643123,city:2643743,135.0
demo:GB03_1_WD_02,demo,demo:GB03,GB03,5,5,city:2643123,city:2643743,135.0
demo:GB03_1_WD_03,demo,demo:GB03,GB03,5,5,city:2643123,city:2643743,135.0
demo:GB03_1_WD_04,demo,demo:GB03,GB03,5,5,city:2643123,city:2643743,135.0
demo:GB03_1_WD_05,demo,demo:GB03,GB03,5,5,city:2643123,city:2643743,135.0
demo:GB03_1_WD_06,demo,demo:GB03,GB03,5,5,city:2643123,city:2643743,135.0
demo:GB03_1_WD_07,demo,demo:GB03,GB03,5,5,city:2643123,city:2643743,135.0
demo:GB03_1_WD_08,demo,demo:GB03,GB03,5,5,city:2643123,city:2643743,135.0
demo:GB03_1_WD_09,demo,demo:GB03,GB03,5,5,city:2643123,city:2643743,135.0
demo:GB03_1_WD_10,demo,demo:GB03,GB03,5,5,city:2643123,city:2643743,135.0
demo:GB03_1_WD_11,demo,demo:GB03,GB03,5,5,city:2643123,city:2643743,135.0
demo:GB03_1_WE_00,demo,demo:GB03,GB03,2,5,city:2643123,city:2643743,134.0
demo:GB03_1_WE_01,demo,demo:GB03,GB03,2,5,city:2643123,city:2643743,136.0
demo:GB03_1_WE_02,demo,demo:GB03,GB03,2,5,city:2643123,city:2643743,134.0
demo:GB03_1_WE_03,demo,demo:GB03,GB03,2,5,city:2643123,city:2643743,136.0
demo:GB03_1_WE_04,demo,demo:GB03,GB03,2,5,city:2643123,city:2643743,134.0
demo:GB03_1_WE_05,demo,demo:GB03,GB03,2,5,city:2643123,city:2643743,136.0
demo:GB03_1_WE_06,demo,demo:GB03,GB03,2,5,city:2643123,city:2643743,134.0
demo:GB03_1_WE_07,demo,demo:GB03,GB03,2,5,city:2643123,city:2643743,136.0
demo:GB03_1_WE_08,demo,demo:GB03,GB03,2,5,city:2643123,city:2643743,134.0
demo:GB03_1_WE_09,demo,demo:GB03,GB03,2,5,city:2643123,city:2643743,136.0
demo:GB04_0_WD_00,demo,demo:GB04,GB04,5,6,city:2643743,city:2644210,135.0
demo:GB04_0_WD_01,demo,demo:GB04,GB04,5,6,city:2643743,city:2644210,135.0
demo:GB04_0_WD_02,demo,demo:GB04,GB04,5,6,city:2643743,city:2644210,135.0
demo:GB04_0_WD_03,demo,demo:GB04,GB04,5,6,city:2643743,city:2644210,135.0
demo:GB04_0_WD_04,demo,demo:GB04,GB04,5,6,city:2643743,city:2644210,135.0
demo:GB04_0_WD_05,demo,demo:GB04,GB04,5,6,city:2643743,city:2644210,135.0
demo:GB04_0_WD_06,demo,demo:GB04,GB04,5,6,city:2643743,city:2644210,135.0
demo:GB04_0_WD_07,demo,demo:GB04,GB04,5,6,city:2643743,city:2644210,135.0
demo:GB04_0_WD_08,demo,demo:GB04,GB04,5,6,city:2643743,city:2644210,135.0
demo:GB04_0_WD_09,demo,demo:GB04,GB04,5,6,city:2643743,city:2644210,135.0
demo:GB04_0_WD_10,demo,demo:GB04,GB04,5,6,city:2643743,city:2644210,135.0
demo:GB04_0_WD_11,demo,demo:GB04,GB04,5,6,city:2643743,city:2644210,135.0
demo:GB04_0_WD_12,demo,demo:GB04,GB04,5,6,city:2643743,city:2644210,135.0
demo:GB04_0_WD_13,demo,demo:GB04,GB04,5,6,city:2643743,city:2644210,135.0
demo:GB04_0_WD_14,demo,demo:GB04,GB04,5,6,city:2643743,city:2644210,135.0
demo:GB04_0_WD_15,demo,demo:GB04,GB04,5,6,city:2643743,city:2644210,135.0
demo:GB04_0_WE_00,demo,demo:GB04,GB04,2,6,city:2643743,city:2644210,135.0
demo:GB04_0_WE_01,demo,demo:GB04,GB04,2,6,city:2643743,city:2644210,135.0
demo:GB04_0_WE_02,demo,demo:GB04,GB04,2,6,city:2643743,city:2644210,135.0
demo:GB04_0_WE_03,demo,demo:GB04,GB04,2,6,city:2643743,city:2644210,134.0
demo:GB04_0_WE_04,demo,demo:GB04,GB04,2,6,city:2643743,city:2644210,135.0
demo:GB04_0_WE_05,demo,demo:GB04,GB04,2,6,city:2643743,city:2644210,135.0
demo:GB04_0_WE_06,demo,demo:GB04,GB04,2,6,city:2643743,city:2644210,135.0
demo:GB04_0_WE_07,demo,demo:GB04,GB04,2,6,city:2643743,city:2644210,135.0
demo:GB04_0_WE_08,demo,demo:GB04,GB04,2,6,city:2643743,city:2644210,135.0
demo:GB04_0_WE_09,demo,demo:GB04,GB04,2,6,city:2643743,city:2644210,135.0
demo:GB04_0_WE_10,demo,demo:GB04,GB04,2,6,city:2643743,city:2644210,136.0
demo:GB04_0_WE_11,demo,demo:GB04,GB04,2,6,city:2643743,city:2644210,135.0
demo:GB04_0_WE_12,demo,demo:GB04,GB04,2,6,city:2643743,city:2644210,135.0
demo:GB04_0_WE_13,demo,demo:GB04,GB04,2,6,city:2643743,city:2644210,135.0
demo:GB04_1_WD_00,demo,demo:GB04,GB04,5,6,city:2644210,city:2643743,135.0
demo:GB04_1_WD_01,demo,demo:GB04,GB04,5,6,city:2644210,city:2643743,135.0
demo:GB04_1_WD_02,demo,demo:GB04,GB04,5,6,city:2644210,city:2643743,135.0
demo:GB04_1_WD_03,demo,demo:GB04,GB04,5,6,city:2644210,city:2643743,135.0
demo:GB04_1_WD_04,demo,demo:GB04,GB04,5,6,city:2644210,city:2643743,135.0
demo:GB04_1_WD_05,demo,demo:GB04,GB04,5,6,city:2644210,city:2643743,135.0
demo:GB04_1_WD_06,demo,demo:GB04,GB04,5,6,city:2644210,city:2643743,135.0
demo:GB04_1_WD_07,demo,demo:GB04,GB04,5,6,city:2644210,city:2643743,135.0
demo:GB04_1_WD_08,demo,demo:GB04,GB04,5,6,city:2644210,city:2643743,135.0
demo:GB04_1_WD_09,demo,demo:GB04,GB04,5,6,city:2644210,city:2643743,135.0
demo:GB04_1_WD_10,demo,demo:GB04,GB04,5,6,city:2644210,city:2643743,135.0
demo:GB04_1_WD_11,demo,demo:GB04,GB04,5,6,city:2644210,city:2643743,135.0
demo:GB04_1_WD_12,demo,demo:GB04,GB04,5,6,city:2644210,city:2643743,135.0
demo:GB04_1_WD_13,demo,demo:GB04,GB04,5,6,city:2644210,city:2643743,135.0
demo:GB04_1_WD_14,demo,demo:GB04,GB04,5,6,city:2644210,city:2643743,135.0
demo:GB04_1_WD_15,demo,demo:GB04,GB04,5,6,city:2644210,city:2643743,135.0
demo:GB04_1_WE_00,demo,demo:GB04,GB04,2,6,city:2644210,city:2643743,135.0
demo:GB04_1_WE_01,demo,demo:GB04,GB04,2,6,city:2644210,city:2643743,135.0
demo:GB04_1_WE_02,demo,demo:GB04,GB04,2,6,city:2644210,city:2643743,135.0
demo:GB04_1_WE_03,demo,demo:GB04,GB04,2,6,city:2644210,city:2643743,134.0
demo:GB04_1_WE_04,demo,demo:GB04,GB04,2,6,city:2644210,city:2643743,135.0
demo:GB04_1_WE_05,demo,demo:GB04,GB04,2,6,city:2644210,city:2643743,135.0
demo:GB04_1_WE_06,demo,demo:GB04,GB04,2,6,city:2644210,city:2643743,135.0
demo:GB04_1_WE_07,demo,demo:GB04,GB04,2,6,city:2644210,city:2643743,135.0
demo:GB04_1_WE_08,demo,demo:GB04,GB04,2,6,city:2644210,city:2643743,135.0
demo:GB04_1_WE_09,demo,demo:GB04,GB04,2,6,city:2644210,city:2643743,135.0
demo:GB04_1_WE_10,demo,demo:GB04,GB04,2,6,city:2644210,city:2643743,136.0
demo:GB04_1_WE_11,demo,demo:GB04,GB04,2,6,city:2644210,city:2643743,135.0
demo:GB04_1_WE_12,demo,demo:GB04,GB04,2,6,city:2644210,city:2643743,135.0
demo:GB04_1_WE_13,demo,demo:GB04,GB04,2,6,city:2644210,city:2643743,135.0
demo:GB05_0_WD_00,demo,demo:GB05,GB05,5,9,city:2643743,city:2648579,270.0
demo:GB05_0_WD_01,demo,demo:GB05,GB05,5,9,city:2643743,city:2648579,270.0
demo:GB05_0_WD_02,demo,demo:GB05,GB05,5,9,city:2643743,city:2648579,270.0
demo:GB05_0_WD_03,demo,demo:GB05,GB05,5,9,city:2643743,city:2648579,270.0
demo:GB05_0_WD_04,demo,demo:GB05,GB05,5,9,city:2643743,city:2648579,270.0
demo:GB05_0_WD_05,demo,demo:GB05,GB05,5,9,city:2643743,city:2648579,270.0
demo:GB05_0_WD_06,demo,demo:GB05,GB05,5,9,city:2643743,city:2648579,270.0
demo:GB05_0_WD_07,demo,demo:GB05,GB05,5,9,city:2643743,city:2648579,270.0
demo:GB05_0_WD_08,demo,demo:GB05,GB05,5,9,city:2643743,city:2648579,270.0
demo:GB05_0_WD_09,demo,demo:GB05,GB05,5,9,city:2643743,city:2648579,270.0
demo:GB05_0_WD_10,demo,demo:GB05,GB05,5,9,city:2643743,city:2648579,270.0
demo:GB05_0_WD_11,demo,demo:GB05,GB05,5,9,city:2643743,city:2648579,270.0
demo:GB05_0_WD_12,demo,demo:GB05,GB05,5,9,city:2643743,city:2648579,270.0
demo:GB05_0_WD_13,demo,demo:GB05,GB05,5,9,city:2643743,city:2648579,270.0
demo:GB05_0_WE_00,demo,demo:GB05,GB05,2,9,city:2643743,city:2648579,270.0
demo:GB05_0_WE_01,demo,demo:GB05,GB05,2,9,city:2643743,city:2648579,270.0
demo:GB05_0_WE_02,demo,demo:GB05,GB05,2,9,city:2643743,city:2648579,270.0
demo:GB05_0_WE_03,demo,demo:GB05,GB05,2,9,city:2643743,city:2648579,270.0
demo:GB05_0_WE_04,demo,demo:GB05,GB05,2,9,city:2643743,city:2648579,270.0
demo:GB05_0_WE_05,demo,demo:GB05,GB05,2,9,city:2643743,city:2648579,270.0
demo:GB05_0_WE_06,demo,demo:GB05,GB05,2,9,city:2643743,city:2648579,270.0
demo:GB05_0_WE_07,demo,demo:GB05,GB05,2,9,city:2643743,city:2648579,270.0
demo:GB05_0_WE_08,demo,demo:GB05,GB05,2,9,city:2643743,city:2648579,270.0
demo:GB05_0_WE_09,demo,demo:GB05,GB05,2,9,city:2643743,city:2648579,270.0
demo:GB05_0_WE_10,demo,demo:GB05,GB05,2,9,city:2643743,city:2648579,270.0
demo:GB05_0_WE_11,demo,demo:GB05,GB05,2,9,city:2643743,city:2648579,270.0
demo:GB05_1_WD_00,demo,demo:GB05,GB05,5,9,city:2648579,city:2643743,270.0
demo:GB05_1_WD_01,demo,demo:GB05,GB05,5,9,city:2648579,city:2643743,270.0
demo:GB05_1_WD_02,demo,demo:GB05,GB05,5,9,city:2648579,city:2643743,270.0
demo:GB05_1_WD_03,demo,demo:GB05,GB05,5,9,city:2648579,city:2643743,270.0
demo:GB05_1_WD_04,demo,demo:GB05,GB05,5,9,city:2648579,city:2643743,270.0
demo:GB05_1_WD_05,demo,demo:GB05,GB05,5,9,city:2648579,city:2643743,270.0
demo:GB05_1_WD_06,demo,demo:GB05,GB05,5,9,city:2648579,city:2643743,270.0
demo:GB05_1_WD_07,demo,demo:GB05,GB05,5,9,city:2648579,city:2643743,270.0
demo:GB05_1_WD_08,demo,demo:GB05,GB05,5,9,city:2648579,city:2643743,270.0
demo:GB05_1_WD_09,demo,demo:GB05,GB05,5,9,city:2648579,city:2643743,270.0
demo:GB05_1_WD_10,demo,demo:GB05,GB05,5,9,city:2648579,city:2643743,270.0
demo:GB05_1_WD_11,demo,demo:GB05,GB05,5,9,city:2648579,city:2643743,270.0
demo:GB05_1_WD_12,demo,demo:GB05,GB05,5,9,city:2648579,city:2643743,270.0
demo:GB05_1_WD_13,demo,demo:GB05,GB05,5,9,city:2648579,city:2643743,270.0
demo:GB05_1_WE_00,demo,demo:GB05,GB05,2,9,city:2648579,city:2643743,270.0
demo:GB05_1_WE_01,demo,demo:GB05,GB05,2,9,city:2648579,city:2643743,270.0
demo:GB05_1_WE_02,demo,demo:GB05,GB05,2,9,city:2648579,city:2643743,270.0
demo:GB05_1_WE_03,demo,demo:GB05,GB05,2,9,city:2648579,city:2643743,270.0
demo:GB05_1_WE_04,demo,demo:GB05,GB05,2,9,city:2648579,city:2643743,270.0
demo:GB05_1_WE_05,demo,demo:GB05,GB05,2,9,city:2648579,city:2643743,270.0
demo:GB05_1_WE_06,demo,demo:GB05,GB05,2,9,city:2648579,city:2643743,270.0
demo:GB05_1_WE_07,demo,demo:GB05,GB05,2,9,city:2648579,city:2643743,270.0
demo:GB05_1_WE_08,demo,demo:GB05,GB05,2,9,city:2648579,city:2643743,270.0
demo:GB05_1_WE_09,demo,demo:GB05,GB05,2,9,city:2648579,city:2643743,270.0
demo:GB05_1_WE_10,demo,demo:GB05,GB05,2,9,city:2648579,city:2643743,270.0
demo:GB05_1_WE_11,demo,demo:GB05,GB05,2,9,city:2648579,city:2643743,270.0
demo:GB06_0_WD_00,demo,demo:GB06,GB06,5,5,city:2643743,stn:demo:S0284,226.0
demo:GB06_0_WD_01,demo,demo:GB06,GB06,5,5,city:2643743,stn:demo:S0284,224.0
demo:GB06_0_WD_02,demo,demo:GB06,GB06,5,5,city:2643743,stn:demo:S0284,226.0
demo:GB06_0_WD_03,demo,demo:GB06,GB06,5,5,city:2643743,stn:demo:S0284,224.0
demo:GB06_0_WD_04,demo,demo:GB06,GB06,5,5,city:2643743,stn:demo:S0284,226.0
demo:GB06_0_WD_05,demo,demo:GB06,GB06,5,5,city:2643743,stn:demo:S0284,224.0
demo:GB06_0_WE_00,demo,demo:GB06,GB06,2,5,city:2643743,stn:demo:S0284,225.0
demo:GB06_0_WE_01,demo,demo:GB06,GB06,2,5,city:2643743,stn:demo:S0284,225.0
demo:GB06_0_WE_02,demo,demo:GB06,GB06,2,5,city:2643743,stn:demo:S0284,225.0
demo:GB06_0_WE_03,demo,demo:GB06,GB06,2,5,city:2643743,stn:demo:S0284,225.0
demo:GB06_0_WE_04,demo,demo:GB06,GB06,2,5,city:2643743,stn:demo:S0284,225.0
demo:GB06_1_WD_00,demo,demo:GB06,GB06,5,5,stn:demo:S0284,city:2643743,226.0
demo:GB06_1_WD_01,demo,demo:GB06,GB06,5,5,stn:demo:S0284,city:2643743,224.0
demo:GB06_1_WD_02,demo,demo:GB06,GB06,5,5,stn:demo:S0284,city:2643743,226.0
demo:GB06_1_WD_03,demo,demo:GB06,GB06,5,5,stn:demo:S0284,city:2643743,224.0
demo:GB06_1_WD_04,demo,demo:GB06,GB06,5,5,stn:demo:S0284,city:2643743,226.0
demo:GB06_1_WD_05,demo,demo:GB06,GB06,5,5,stn:demo:S0284,city:2643743,224.0
demo:GB06_1_WE_00,demo,demo:GB06,GB06,2,5,stn:demo:S0284,city:2643743,225.0
demo:GB06_1_WE_01,demo,demo:GB06,GB06,2,5,stn:demo:S0284,city:2643743,225.0
demo:GB06_1_WE_02,demo,demo:GB06,GB06,2,5,stn:demo:S0284,city:2643743,225.0
demo:GB06_1_WE_03,demo,demo:GB06,GB06,2,5,stn:demo:S0284,city:2643743,225.0
demo:GB06_1_WE_04,demo,demo:GB06,GB06,2,5,stn:demo:S0284,city:2643743,225.0
demo:GB07_0_WD_00,demo,demo:GB07,GB07,5,8,city:2643743,city:2650225,262.0
demo:GB07_0_WD_01,demo,demo:GB07,GB07,5,8,city:2643743,city:2650225,262.0
demo:GB07_0_WD_02,demo,demo:GB07,GB07,5,8,city:2643743,city:2650225,262.0
demo:GB07_0_WD_03,demo,demo:GB07,GB07,5,8,city:2643743,city:2650225,262.0
demo:GB07_0_WD_04,demo,demo:GB07,GB07,5,8,city:2643743,city:2650225,262.0
demo:GB07_0_WD_05,demo,demo:GB07,GB07,5,8,city:2643743,city:2650225,262.0
demo:GB07_0_WD_06,demo,demo:GB07,GB07,5,8,city:2643743,city:2650225,262.0
demo:GB07_0_WD_07,demo,demo:GB07,GB07,5,8,city:2643743,city:2650225,262.0
demo:GB07_0_WD_08,demo,demo:GB07,GB07,5,8,city:2643743,city:2650225,262.0
demo:GB07_0_WD_09,demo,demo:GB07,GB07,5,8,city:2643743,city:2650225,262.0
demo:GB07_0_WD_10,demo,demo:GB07,GB07,5,8,city:2643743,city:2650225,262.0
demo:GB07_0_WD_11,demo,demo:GB07,GB07,5,8,city:2643743,city:2650225,262.0
demo:GB07_0_WD_12,demo,demo:GB07,GB07,5,8,city:2643743,city:2650225,262.0
demo:GB07_0_WD_13,demo,demo:GB07,GB07,5,8,city:2643743,city:2650225,262.0
demo:GB07_0_WD_14,demo,demo:GB07,GB07,5,8,city:2643743,city:2650225,262.0
demo:GB07_0_WD_15,demo,demo:GB07,GB07,5,8,city:2643743,city:2650225,262.0
demo:GB07_0_WD_16,demo,demo:GB07,GB07,5,8,city:2643743,city:2650225,262.0
demo:GB07_0_WD_17,demo,demo:GB07,GB07,5,8,city:2643743,city:2650225,262.0
demo:GB07_0_WD_18,demo,demo:GB07,GB07,5,8,city:2643743,city:2650225,262.0
demo:GB07_0_WD_19,demo,demo:GB07,GB07,5,8,city:2643743,city:2650225,262.0
demo:GB07_0_WD_20,demo,demo:GB07,GB07,5,8,city:2643743,city:2650225,262.0
demo:GB07_0_WD_21,demo,demo:GB07,GB07,5,8,city:2643743,city:2650225,262.0
demo:GB07_0_WD_22,demo,demo:GB07,GB07,5,8,city:2643743,city:2650225,262.0
demo:GB07_0_WD_23,demo,demo:GB07,GB07,5,8,city:2643743,city:2650225,262.0
demo:GB07_0_WD_24,demo,demo:GB07,GB07,5,8,city:2643743,city:2650225,262.0
demo:GB07_0_WD_25,demo,demo:GB07,GB07,5,8,city:2643743,city:2650225,262.0
demo:GB07_0_WD_26,demo,demo:GB07,GB07,5,8,city:2643743,city:2650225,262.0
demo:GB07_0_WD_27,demo,demo:GB07,GB07,5,8,city:2643743,city:2650225,262.0
demo:GB07_0_WD_28,demo,demo:GB07,GB07,5,8,city:2643743,city:2650225,262.0
demo:GB07_0_WD_29,demo,demo:GB07,GB07,5,8,city:2643743,city:2650225,262.0
demo:GB07_0_WD_30,demo,demo:GB07,GB07,5,8,city:2643743,city:2650225,262.0
demo:GB07_0_WD_31,demo,demo:GB07,GB07,5,8,city:2643743,city:2650225,262.0
demo:GB07_0_WE_00,demo,demo:GB07,GB07,2,8,city:2643743,city:2650225,262.0
demo:GB07_0_WE_01,demo,demo:GB07,GB07,2,8,city:2643743,city:2650225,262.0
demo:GB07_0_WE_02,demo,demo:GB07,GB07,2,8,city:2643743,city:2650225,262.0
demo:GB07_0_WE_03,demo,demo:GB07,GB07,2,8,city:2643743,city:2650225,262.0
demo:GB07_0_WE_04,demo,demo:GB07,GB07,2,8,city:2643743,city:2650225,262.0
demo:GB07_0_WE_05,demo,demo:GB07,GB07,2,8,city:2643743,city:2650225,262.0
demo:GB07_0_WE_06,demo,demo:GB07,GB07,2,8,city:2643743,city:2650225,262.0
demo:GB07_0_WE_07,demo,demo:GB07,GB07,2,8,city:2643743,city:2650225,262.0
demo:GB07_0_WE_08,demo,demo:GB07,GB07,2,8,city:2643743,city:2650225,262.0
demo:GB07_0_WE_09,demo,demo:GB07,GB07,2,8,city:2643743,city:2650225,262.0
demo:GB07_0_WE_10,demo,demo:GB07,GB07,2,8,city:2643743,city:2650225,262.0
demo:GB07_0_WE_11,demo,demo:GB07,GB07,2,8,city:2643743,city:2650225,262.0
demo:GB07_0_WE_12,demo,demo:GB07,GB07,2,8,city:2643743,city:2650225,262.0
demo:GB07_0_WE_13,demo,demo:GB07,GB07,2,8,city:2643743,city:2650225,262.0
demo:GB07_0_WE_14,demo,demo:GB07,GB07,2,8,city:2643743,city:2650225,262.0
demo:GB07_0_WE_15,demo,demo:GB07,GB07,2,8,city:2643743,city:2650225,262.0
demo:GB07_0_WE_16,demo,demo:GB07,GB07,2,8,city:2643743,city:2650225,262.0
demo:GB07_0_WE_17,demo,demo:GB07,GB07,2,8,city:2643743,city:2650225,262.0
demo:GB07_0_WE_18,demo,demo:GB07,GB07,2,8,city:2643743,city:2650225,262.0
demo:GB07_0_WE_19,demo,demo:GB07,GB07,2,8,city:2643743,city:2650225,262.0
demo:GB07_0_WE_20,demo,demo:GB07,GB07,2,8,city:2643743,city:2650225,262.0
demo:GB07_0_WE_21,demo,demo:GB07,GB07,2,8,city:2643743,city:2650225,262.0
demo:GB07_0_WE_22,demo,demo:GB07,GB07,2,8,city:2643743,city:2650225,262.0
demo:GB07_0_WE_23,demo,demo:GB07,GB07,2,8,city:2643743,city:2650225,262.0
demo:GB07_0_WE_24,demo,demo:GB07,GB07,2,8,city:2643743,city:2650225,262.0
demo:GB07_0_WE_25,demo,demo:GB07,GB07,2,8,city:2643743,city:2650225,262.0
demo:GB07_0_WE_26,demo,demo:GB07,GB07,2,8,city:2643743,city:2650225,262.0
demo:GB07_1_WD_00,demo,demo:GB07,GB07,5,8,city:2650225,city:2643743,262.0
demo:GB07_1_WD_01,demo,demo:GB07,GB07,5,8,city:2650225,city:2643743,262.0
demo:GB07_1_WD_02,demo,demo:GB07,GB07,5,8,city:2650225,city:2643743,262.0
demo:GB07_1_WD_03,demo,demo:GB07,GB07,5,8,city:2650225,city:2643743,262.0
demo:GB07_1_WD_04,demo,demo:GB07,GB07,5,8,city:2650225,city:2643743,262.0
demo:GB07_1_WD_05,demo,demo:GB07,GB07,5,8,city:2650225,city:2643743,262.0
demo:GB07_1_WD_06,demo,demo:GB07,GB07,5,8,city:2650225,city:2643743,262.0
demo:GB07_1_WD_07,demo,demo:GB07,GB07,5,8,city:2650225,city:2643743,262.0
demo:GB07_1_WD_08,demo,demo:GB07,GB07,5,8,city:2650225,city:2643743,262.0
demo:GB07_1_WD_09,demo,demo:GB07,GB07,5,8,city:2650225,city:2643743,262.0
demo:GB07_1_WD_10,demo,demo:GB07,GB07,5,8,city:2650225,city:2643743,262.0
demo:GB07_1_WD_11,demo,demo:GB07,GB07,5,8,city:2650225,city:2643743,262.0
demo:GB07_1_WD_12,demo,demo:GB07,GB07,5,8,city:2650225,city:2643743,262.0
demo:GB07_1_WD_13,demo,demo:GB07,GB07,5,8,city:2650225,city:2643743,262.0
demo:GB07_1_WD_14,demo,demo:GB07,GB07,5,8,city:2650225,city:2643743,262.0
demo:GB07_1_WD_15,demo,demo:GB07,GB07,5,8,city:2650225,city:2643743,262.0
demo:GB07_1_WD_16,demo,demo:GB07,GB07,5,8,city:2650225,city:2643743,262.0
demo:GB07_1_WD_17,demo,demo:GB07,GB07,5,8,city:2650225,city:2643743,262.0
demo:GB07_1_WD_18,demo,demo:GB07,GB07,5,8,city:2650225,city:2643743,262.0
demo:GB07_1_WD_19,demo,demo:GB07,GB07,5,8,city:2650225,city:2643743,262.0
demo:GB07_1_WD_20,demo,demo:GB07,GB07,5,8,city:2650225,city:2643743,262.0
demo:GB07_1_WD_21,demo,demo:GB07,GB07,5,8,city:2650225,city:2643743,262.0
demo:GB07_1_WD_22,demo,demo:GB07,GB07,5,8,city:2650225,city:2643743,262.0
demo:GB07_1_WD_23,demo,demo:GB07,GB07,5,8,city:2650225,city:2643743,262.0
demo:GB07_1_WD_24,demo,demo:GB07,GB07,5,8,city:2650225,city:2643743,262.0
demo:GB07_1_WD_25,demo,demo:GB07,GB07,5,8,city:2650225,city:2643743,262.0
demo:GB07_1_WD_26,demo,demo:GB07,GB07,5,8,city:2650225,city:2643743,262.0
demo:GB07_1_WD_27,demo,demo:GB07,GB07,5,8,city:2650225,city:2643743,262.0
demo:GB07_1_WD_28,demo,demo:GB07,GB07,5,8,city:2650225,city:2643743,262.0
demo:GB07_1_WD_29,demo,demo:GB07,GB07,5,8,city:2650225,city:2643743,262.0
demo:GB07_1_WD_30,demo,demo:GB07,GB07,5,8,city:2650225,city:2643743,262.0
demo:GB07_1_WD_31,demo,demo:GB07,GB07,5,8,city:2650225,city:2643743,262.0
demo:GB07_1_WE_00,demo,demo:GB07,GB07,2,8,city:2650225,city:2643743,262.0
demo:GB07_1_WE_01,demo,demo:GB07,GB07,2,8,city:2650225,city:2643743,262.0
demo:GB07_1_WE_02,demo,demo:GB07,GB07,2,8,city:2650225,city:2643743,262.0
demo:GB07_1_WE_03,demo,demo:GB07,GB07,2,8,city:2650225,city:2643743,262.0
demo:GB07_1_WE_04,demo,demo:GB07,GB07,2,8,city:2650225,city:2643743,262.0
demo:GB07_1_WE_05,demo,demo:GB07,GB07,2,8,city:2650225,city:2643743,262.0
demo:GB07_1_WE_06,demo,demo:GB07,GB07,2,8,city:2650225,city:2643743,262.0
demo:GB07_1_WE_07,demo,demo:GB07,GB07,2,8,city:2650225,city:2643743,262.0
demo:GB07_1_WE_08,demo,demo:GB07,GB07,2,8,city:2650225,city:2643743,262.0
demo:GB07_1_WE_09,demo,demo:GB07,GB07,2,8,city:2650225,city:2643743,262.0
demo:GB07_1_WE_10,demo,demo:GB07,GB07,2,8,city:2650225,city:2643743,262.0
demo:GB07_1_WE_11,demo,demo:GB07,GB07,2,8,city:2650225,city:2643743,262.0
demo:GB07_1_WE_12,demo,demo:GB07,GB07,2,8,city:2650225,city:2643743,262.0
demo:GB07_1_WE_13,demo,demo:GB07,GB07,2,8,city:2650225,city:2643743,262.0
demo:GB07_1_WE_14,demo,demo:GB07,GB07,2,8,city:2650225,city:2643743,262.0
demo:GB07_1_WE_15,demo,demo:GB07,GB07,2,8,city:2650225,city:2643743,262.0
demo:GB07_1_WE_16,demo,demo:GB07,GB07,2,8,city:2650225,city:2643743,262.0
demo:GB07_1_WE_17,demo,demo:GB07,GB07,2,8,city:2650225,city:2643743,262.0
demo:GB07_1_WE_18,demo,demo:GB07,GB07,2,8,city:2650225,city:2643743,262.0
demo:GB07_1_WE_19,demo,demo:GB07,GB07,2,8,city:2650225,city:2643743,262.0
demo:GB07_1_WE_20,demo,demo:GB07,GB07,2,8,city:2650225,city:2643743,262.0
demo:GB07_1_WE_21,demo,demo:GB07,GB07,2,8,city:2650225,city:2643743,262.0
demo:GB07_1_WE_22,demo,demo:GB07,GB07,2,8,city:2650225,city:2643743,262.0
demo:GB07_1_WE_23,demo,demo:GB07,GB07,2,8,city:2650225,city:2643743,262.0
demo:GB07_1_WE_24,demo,demo:GB07,GB07,2,8,city:2650225,city:2643743,262.0
demo:GB07_1_WE_25,demo,demo:GB07,GB07,2,8,city:2650225,city:2643743,262.0
demo:GB07_1_WE_26,demo,demo:GB07,GB07,2,8,city:2650225,city:2643743,262.0
demo:GB08_0_WD_00,demo,demo:GB08,GB08,5,7,city:2643743,city:2644688,135.0
demo:GB08_0_WD_01,demo,demo:GB08,GB08,5,7,city:2643743,city:2644688,135.0
demo:GB08_0_WD_02,demo,demo:GB08,GB08,5,7,city:2643743,city:2644688,135.0
demo:GB08_0_WD_03,demo,demo:GB08,GB08,5,7,city:2643743,city:2644688,135.0
demo:GB08_0_WD_04,demo,demo:GB08,GB08,5,7,city:2643743,city:2644688,135.0
demo:GB08_0_WD_05,demo,demo:GB08,GB08,5,7,city:2643743,city:2644688,135.0
demo:GB08_0_WD_06,demo,demo:GB08,GB08,5,7,city:2643743,city:2644688,135.0
demo:GB08_0_WD_07,demo,demo:GB08,GB08,5,7,city:2643743,city:2644688,135.0
demo:GB08_0_WD_08,demo,demo:GB08,GB08,5,7,city:2643743,city:2644688,135.0
demo:GB08_0_WD_09,demo,demo:GB08,GB08,5,7,city:2643743,city:2644688,135.0
demo:GB08_0_WD_10,demo,demo:GB08,GB08,5,7,city:2643743,city:2644688,135.0
demo:GB08_0_WD_11,demo,demo:GB08,GB08,5,7,city:2643743,city:2644688,135.0
demo:GB08_0_WD_12,demo,demo:GB08,GB08,5,7,city:2643743,city:2644688,135.0
demo:GB08_0_WD_13,demo,demo:GB08,GB08,5,7,city:2643743,city:2644688,135.0
demo:GB08_0_WD_14,demo,demo:GB08,GB08,5,7,city:2643743,city:2644688,135.0
demo:GB08_0_WD_15,demo,demo:GB08,GB08,5,7,city:2643743,city:2644688,135.0
demo:GB08_0_WD_16,demo,demo:GB08,GB08,5,7,city:2643743,city:2644688,135.0
demo:GB08_0_WD_17,demo,demo:GB08,GB08,5,7,city:2643743,city:2644688,135.0
demo:GB08_0_WD_18,demo,demo:GB08,GB08,5,7,city:2643743,city:2644688,135.0
demo:GB08_0_WD_19,demo,demo:GB08,GB08,5,7,city:2643743,city:2644688,135.0
demo:GB08_0_WD_20,demo,demo:GB08,GB08,5,7,city:2643743,city:2644688,135.0
demo:GB08_0_WD_21,demo,demo:GB08,GB08,5,7,city:2643743,city:2644688,135.0
demo:GB08_0_WD_22,demo,demo:GB08,GB08,5,7,city:2643743,city:2644688,135.0
demo:GB08_0_WD_23,demo,demo:GB08,GB08,5,7,city:2643743,city:2644688,135.0
demo:GB08_0_WD_24,demo,demo:GB08,GB08,5,7,city:2643743,city:2644688,135.0
demo:GB08_0_WD_25,demo,demo:GB08,GB08,5,7,city:2643743,city:2644688,135.0
demo:GB08_0_WD_26,demo,demo:GB08,GB08,5,7,city:2643743,city:2644688,135.0
demo:GB08_0_WD_27,demo,demo:GB08,GB08,5,7,city:2643743,city:2644688,135.0
demo:GB08_0_WD_28,demo,demo:GB08,GB08,5,7,city:2643743,city:2644688,135.0
demo:GB08_0_WD_29,demo,demo:GB08,GB08,5,7,city:2643743,city:2644688,135.0
demo:GB08_0_WD_30,demo,demo:GB08,GB08,5,7,city:2643743,city:2644688,135.0
demo:GB08_0_WD_31,demo,demo:GB08,GB08,5,7,city:2643743,city:2644688,135.0
demo:GB08_0_WE_00,demo,demo:GB08,GB08,2,7,city:2643743,city:2644688,135.0
demo:GB08_0_WE_01,demo,demo:GB08,GB08,2,7,city:2643743,city:2644688,135.0
demo:GB08_0_WE_02,demo,demo:GB08,GB08,2,7,city:2643743,city:2644688,135.0
demo:GB08_0_WE_03,demo,demo:GB08,GB08,2,7,city:2643743,city:2644688,135.0
demo:GB08_0_WE_04,demo,demo:GB08,GB08,2,7,city:2643743,city:2644688,135.0
demo:GB08_0_WE_05,demo,demo:GB08,GB08,2,7,city:2643743,city:2644688,135.0
demo:GB08_0_WE_06,demo,demo:GB08,GB08,2,7,city:2643743,city:2644688,135.0
demo:GB08_0_WE_07,demo,demo:GB08,GB08,2,7,city:2643743,city:2644688,135.0
demo:GB08_0_WE_08,demo,demo:GB08,GB08,2,7,city:2643743,city:2644688,135.0
demo:GB08_0_WE_09,demo,demo:GB08,GB08,2,7,city:2643743,city:2644688,135.0
demo:GB08_0_WE_10,demo,demo:GB08,GB08,2,7,city:2643743,city:2644688,135.0
demo:GB08_0_WE_11,demo,demo:GB08,GB08,2,7,city:2643743,city:2644688,135.0
demo:GB08_0_WE_12,demo,demo:GB08,GB08,2,7,city:2643743,city:2644688,135.0
demo:GB08_0_WE_13,demo,demo:GB08,GB08,2,7,city:2643743,city:2644688,135.0
demo:GB08_0_WE_14,demo,demo:GB08,GB08,2,7,city:2643743,city:2644688,135.0
demo:GB08_0_WE_15,demo,demo:GB08,GB08,2,7,city:2643743,city:2644688,135.0
demo:GB08_0_WE_16,demo,demo:GB08,GB08,2,7,city:2643743,city:2644688,135.0
demo:GB08_0_WE_17,demo,demo:GB08,GB08,2,7,city:2643743,city:2644688,135.0
demo:GB08_0_WE_18,demo,demo:GB08,GB08,2,7,city:2643743,city:2644688,135.0
demo:GB08_0_WE_19,demo,demo:GB08,GB08,2,7,city:2643743,city:2644688,135.0
demo:GB08_0_WE_20,demo,demo:GB08,GB08,2,7,city:2643743,city:2644688,135.0
demo:GB08_0_WE_21,demo,demo:GB08,GB08,2,7,city:2643743,city:2644688,135.0
demo:GB08_0_WE_22,demo,demo:GB08,GB08,2,7,city:2643743,city:2644688,135.0
demo:GB08_0_WE_23,demo,demo:GB08,GB08,2,7,city:2643743,city:2644688,135.0
demo:GB08_0_WE_24,demo,demo:GB08,GB08,2,7,city:2643743,city:2644688,135.0
demo:GB08_0_WE_25,demo,demo:GB08,GB08,2,7,city:2643743,city:2644688,135.0
demo:GB08_0_WE_26,demo,demo:GB08,GB08,2,7,city:2643743,city:2644688,135.0
demo:GB08_1_WD_00,demo,demo:GB08,GB08,5,7,city:2644688,city:2643743,135.0
demo:GB08_1_WD_01,demo,demo:GB08,GB08,5,7,city:2644688,city:2643743,135.0
demo:GB08_1_WD_02,demo,demo:GB08,GB08,5,7,city:2644688,city:2643743,135.0
demo:GB08_1_WD_03,demo,demo:GB08,GB08,5,7,city:2644688,city:2643743,135.0
demo:GB08_1_WD_04,demo,demo:GB08,GB08,5,7,city:2644688,city:2643743,135.0
demo:GB08_1_WD_05,demo,demo:GB08,GB08,5,7,city:2644688,city:2643743,135.0
demo:GB08_1_WD_06,demo,demo:GB08,GB08,5,7,city:2644688,city:2643743,135.0
demo:GB08_1_WD_07,demo,demo:GB08,GB08,5,7,city:2644688,city:2643743,135.0
demo:GB08_1_WD_08,demo,demo:GB08,GB08,5,7,city:2644688,city:2643743,135.0
demo:GB08_1_WD_09,demo,demo:GB08,GB08,5,7,city:2644688,city:2643743,135.0
demo:GB08_1_WD_10,demo,demo:GB08,GB08,5,7,city:2644688,city:2643743,135.0
demo:GB08_1_WD_11,demo,demo:GB08,GB08,5,7,city:2644688,city:2643743,135.0
demo:GB08_1_WD_12,demo,demo:GB08,GB08,5,7,city:2644688,city:2643743,135.0
demo:GB08_1_WD_13,demo,demo:GB08,GB08,5,7,city:2644688,city:2643743,135.0
demo:GB08_1_WD_14,demo,demo:GB08,GB08,5,7,city:2644688,city:2643743,135.0
demo:GB08_1_WD_15,demo,demo:GB08,GB08,5,7,city:2644688,city:2643743,135.0
demo:GB08_1_WD_16,demo,demo:GB08,GB08,5,7,city:2644688,city:2643743,135.0
demo:GB08_1_WD_17,demo,demo:GB08,GB08,5,7,city:2644688,city:2643743,135.0
demo:GB08_1_WD_18,demo,demo:GB08,GB08,5,7,city:2644688,city:2643743,135.0
demo:GB08_1_WD_19,demo,demo:GB08,GB08,5,7,city:2644688,city:2643743,135.0
demo:GB08_1_WD_20,demo,demo:GB08,GB08,5,7,city:2644688,city:2643743,135.0
demo:GB08_1_WD_21,demo,demo:GB08,GB08,5,7,city:2644688,city:2643743,135.0
demo:GB08_1_WD_22,demo,demo:GB08,GB08,5,7,city:2644688,city:2643743,135.0
demo:GB08_1_WD_23,demo,demo:GB08,GB08,5,7,city:2644688,city:2643743,135.0
demo:GB08_1_WD_24,demo,demo:GB08,GB08,5,7,city:2644688,city:2643743,135.0
demo:GB08_1_WD_25,demo,demo:GB08,GB08,5,7,city:2644688,city:2643743,135.0
demo:GB08_1_WD_26,demo,demo:GB08,GB08,5,7,city:2644688,city:2643743,135.0
demo:GB08_1_WD_27,demo,demo:GB08,GB08,5,7,city:2644688,city:2643743,135.0
demo:GB08_1_WD_28,demo,demo:GB08,GB08,5,7,city:2644688,city:2643743,135.0
demo:GB08_1_WD_29,demo,demo:GB08,GB08,5,7,city:2644688,city:2643743,135.0
demo:GB08_1_WD_30,demo,demo:GB08,GB08,5,7,city:2644688,city:2643743,135.0
demo:GB08_1_WD_31,demo,demo:GB08,GB08,5,7,city:2644688,city:2643743,135.0
demo:GB08_1_WE_00,demo,demo:GB08,GB08,2,7,city:2644688,city:2643743,135.0
demo:GB08_1_WE_01,demo,demo:GB08,GB08,2,7,city:2644688,city:2643743,135.0
demo:GB08_1_WE_02,demo,demo:GB08,GB08,2,7,city:2644688,city:2643743,135.0
demo:GB08_1_WE_03,demo,demo:GB08,GB08,2,7,city:2644688,city:2643743,135.0
demo:GB08_1_WE_04,demo,demo:GB08,GB08,2,7,city:2644688,city:2643743,135.0
demo:GB08_1_WE_05,demo,demo:GB08,GB08,2,7,city:2644688,city:2643743,135.0
demo:GB08_1_WE_06,demo,demo:GB08,GB08,2,7,city:2644688,city:2643743,135.0
demo:GB08_1_WE_07,demo,demo:GB08,GB08,2,7,city:2644688,city:2643743,135.0
demo:GB08_1_WE_08,demo,demo:GB08,GB08,2,7,city:2644688,city:2643743,135.0
demo:GB08_1_WE_09,demo,demo:GB08,GB08,2,7,city:2644688,city:2643743,135.0
demo:GB08_1_WE_10,demo,demo:GB08,GB08,2,7,city:2644688,city:2643743,135.0
demo:GB08_1_WE_11,demo,demo:GB08,GB08,2,7,city:2644688,city:2643743,135.0
demo:GB08_1_WE_12,demo,demo:GB08,GB08,2,7,city:2644688,city:2643743,135.0
demo:GB08_1_WE_13,demo,demo:GB08,GB08,2,7,city:2644688,city:2643743,135.0
demo:GB08_1_WE_14,demo,demo:GB08,GB08,2,7,city:2644688,city:2643743,135.0
demo:GB08_1_WE_15,demo,demo:GB08,GB08,2,7,city:2644688,city:2643743,135.0
demo:GB08_1_WE_16,demo,demo:GB08,GB08,2,7,city:2644688,city:2643743,135.0
demo:GB08_1_WE_17,demo,demo:GB08,GB08,2,7,city:2644688,city:2643743,135.0
demo:GB08_1_WE_18,demo,demo:GB08,GB08,2,7,city:2644688,city:2643743,135.0
demo:GB08_1_WE_19,demo,demo:GB08,GB08,2,7,city:2644688,city:2643743,135.0
demo:GB08_1_WE_20,demo,demo:GB08,GB08,2,7,city:2644688,city:2643743,135.0
demo:GB08_1_WE_21,demo,demo:GB08,GB08,2,7,city:2644688,city:2643743,135.0
demo:GB08_1_WE_22,demo,demo:GB08,GB08,2,7,city:2644688,city:2643743,135.0
demo:GB08_1_WE_23,demo,demo:GB08,GB08,2,7,city:2644688,city:2643743,135.0
demo:GB08_1_WE_24,demo,demo:GB08,GB08,2,7,city:2644688,city:2643743,135.0
demo:GB08_1_WE_25,demo,demo:GB08,GB08,2,7,city:2644688,city:2643743,135.0
demo:GB08_1_WE_26,demo,demo:GB08,GB08,2,7,city:2644688,city:2643743,135.0
demo:GB09_0_WD_00,demo,demo:GB09,GB09,5,3,city:2643743,city:2641170,100.0
demo:GB09_0_WD_01,demo,demo:GB09,GB09,5,3,city:2643743,city:2641170,100.0
demo:GB09_0_WD_02,demo,demo:GB09,GB09,5,3,city:2643743,city:2641170,100.0
demo:GB09_0_WD_03,demo,demo:GB09,GB09,5,3,city:2643743,city:2641170,100.0
demo:GB09_0_WD_04,demo,demo:GB09,GB09,5,3,city:2643743,city:2641170,100.0
demo:GB09_0_WD_05,demo,demo:GB09,GB09,5,3,city:2643743,city:2641170,100.0
demo:GB09_0_WD_06,demo,demo:GB09,GB09,5,3,city:2643743,city:2641170,100.0
demo:GB09_0_WD_07,demo,demo:GB09,GB09,5,3,city:2643743,city:2641170,100.0
demo:GB09_0_WD_08,demo,demo:GB09,GB09,5,3,city:2643743,city:2641170,100.0
demo:GB09_0_WD_09,demo,demo:GB09,GB09,5,3,city:2643743,city:2641170,100.0
demo:GB09_0_WD_10,demo,demo:GB09,GB09,5,3,city:2643743,city:2641170,100.0
demo:GB09_0_WD_11,demo,demo:GB09,GB09,5,3,city:2643743,city:2641170,100.0
demo:GB09_0_WD_12,demo,demo:GB09,GB09,5,3,city:2643743,city:2641170,100.0
demo:GB09_0_WD_13,demo,demo:GB09,GB09,5,3,city:2643743,city:2641170,100.0
demo:GB09_0_WD_14,demo,demo:GB09,GB09,5,3,city:2643743,city:2641170,100.0
demo:GB09_0_WD_15,demo,demo:GB09,GB09,5,3,city:2643743,city:2641170,100.0
demo:GB09_0_WE_00,demo,demo:GB09,GB09,2,3,city:2643743,city:2641170,100.0
demo:GB09_0_WE_01,demo,demo:GB09,GB09,2,3,city:2643743,city:2641170,100.0
demo:GB09_0_WE_02,demo,demo:GB09,GB09,2,3,city:2643743,city:2641170,100.0
demo:GB09_0_WE_03,demo,demo:GB09,GB09,2,3,city:2643743,city:2641170,100.0
demo:GB09_0_WE_04,demo,demo:GB09,GB09,2,3,city:2643743,city:2641170,100.0
demo:GB09_0_WE_05,demo,demo:GB09,GB09,2,3,city:2643743,city:2641170,100.0
demo:GB09_0_WE_06,demo,demo:GB09,GB09,2,3,city:2643743,city:2641170,100.0
demo:GB09_0_WE_07,demo,demo:GB09,GB09,2,3,city:2643743,city:2641170,100.0
demo:GB09_0_WE_08,demo,demo:GB09,GB09,2,3,city:2643743,city:2641170,100.0
demo:GB09_0_WE_09,demo,demo:GB09,GB09,2,3,city:2643743,city:2641170,100.0
demo:GB09_0_WE_10,demo,demo:GB09,GB09,2,3,city:2643743,city:2641170,100.0
demo:GB09_0_WE_11,demo,demo:GB09,GB09,2,3,city:2643743,city:2641170,100.0
demo:GB09_0_WE_12,demo,demo:GB09,GB09,2,3,city:2643743,city:2641170,100.0
demo:GB09_0_WE_13,demo,demo:GB09,GB09,2,3,city:2643743,city:2641170,100.0
demo:GB09_1_WD_00,demo,demo:GB09,GB09,5,3,city:2641170,city:2643743,100.0
demo:GB09_1_WD_01,demo,demo:GB09,GB09,5,3,city:2641170,city:2643743,100.0
demo:GB09_1_WD_02,demo,demo:GB09,GB09,5,3,city:2641170,city:2643743,100.0
demo:GB09_1_WD_03,demo,demo:GB09,GB09,5,3,city:2641170,city:2643743,100.0
demo:GB09_1_WD_04,demo,demo:GB09,GB09,5,3,city:2641170,city:2643743,100.0
demo:GB09_1_WD_05,demo,demo:GB09,GB09,5,3,city:2641170,city:2643743,100.0
demo:GB09_1_WD_06,demo,demo:GB09,GB09,5,3,city:2641170,city:2643743,100.0
demo:GB09_1_WD_07,demo,demo:GB09,GB09,5,3,city:2641170,city:2643743,100.0
demo:GB09_1_WD_08,demo,demo:GB09,GB09,5,3,city:2641170,city:2643743,100.0
demo:GB09_1_WD_09,demo,demo:GB09,GB09,5,3,city:2641170,city:2643743,100.0
demo:GB09_1_WD_10,demo,demo:GB09,GB09,5,3,city:2641170,city:2643743,100.0
demo:GB09_1_WD_11,demo,demo:GB09,GB09,5,3,city:2641170,city:2643743,100.0
demo:GB09_1_WD_12,demo,demo:GB09,GB09,5,3,city:2641170,city:2643743,100.0
demo:GB09_1_WD_13,demo,demo:GB09,GB09,5,3,city:2641170,city:2643743,100.0
demo:GB09_1_WD_14,demo,demo:GB09,GB09,5,3,city:2641170,city:2643743,100.0
demo:GB09_1_WD_15,demo,demo:GB09,GB09,5,3,city:2641170,city:2643743,100.0
demo:GB09_1_WE_00,demo,demo:GB09,GB09,2,3,city:2641170,city:2643743,100.0
demo:GB09_1_WE_01,demo,demo:GB09,GB09,2,3,city:2641170,city:2643743,100.0
demo:GB09_1_WE_02,demo,demo:GB09,GB09,2,3,city:2641170,city:2643743,100.0
demo:GB09_1_WE_03,demo,demo:GB09,GB09,2,3,city:2641170,city:2643743,100.0
demo:GB09_1_WE_04,demo,demo:GB09,GB09,2,3,city:2641170,city:2643743,100.0
demo:GB09_1_WE_05,demo,demo:GB09,GB09,2,3,city:2641170,city:2643743,100.0
demo:GB09_1_WE_06,demo,demo:GB09,GB09,2,3,city:2641170,city:2643743,100.0
demo:GB09_1_WE_07,demo,demo:GB09,GB09,2,3,city:2641170,city:2643743,100.0
demo:GB09_1_WE_08,demo,demo:GB09,GB09,2,3,city:2641170,city:2643743,100.0
demo:GB09_1_WE_09,demo,demo:GB09,GB09,2,3,city:2641170,city:2643743,100.0
demo:GB09_1_WE_10,demo,demo:GB09,GB09,2,3,city:2641170,city:2643743,100.0
demo:GB09_1_WE_11,demo,demo:GB09,GB09,2,3,city:2641170,city:2643743,100.0
demo:GB09_1_WE_12,demo,demo:GB09,GB09,2,3,city:2641170,city:2643743,100.0
demo:GB09_1_WE_13,demo,demo:GB09,GB09,2,3,city:2641170,city:2643743,100.0
demo:GB10_0_WD_00,demo,demo:GB10,GB10,5,5,city:2643743,city:2638077,122.0
demo:GB10_0_WD_01,demo,demo:GB10,GB10,5,5,city:2643743,city:2638077,122.0
demo:GB10_0_WD_02,demo,demo:GB10,GB10,5,5,city:2643743,city:2638077,122.0
demo:GB10_0_WD_03,demo,demo:GB10,GB10,5,5,city:2643743,city:2638077,122.0
demo:GB10_0_WD_04,demo,demo:GB10,GB10,5,5,city:2643743,city:2638077,122.0
demo:GB10_0_WD_05,demo,demo:GB10,GB10,5,5,city:2643743,city:2638077,122.0
demo:GB10_0_WD_06,demo,demo:GB10,GB10,5,5,city:2643743,city:2638077,122.0
demo:GB10_0_WD_07,demo,demo:GB10,GB10,5,5,city:2643743,city:2638077,122.0
demo:GB10_0_WD_08,demo,demo:GB10,GB10,5,5,city:2643743,city:2638077,122.0
demo:GB10_0_WD_09,demo,demo:GB10,GB10,5,5,city:2643743,city:2638077,122.0
demo:GB10_0_WD_10,demo,demo:GB10,GB10,5,5,city:2643743,city:2638077,122.0
demo:GB10_0_WD_11,demo,demo:GB10,GB10,5,5,city:2643743,city:2638077,122.0
demo:GB10_0_WD_12,demo,demo:GB10,GB10,5,5,city:2643743,city:2638077,122.0
demo:GB10_0_WD_13,demo,demo:GB10,GB10,5,5,city:2643743,city:2638077,122.0
demo:GB10_0_WD_14,demo,demo:GB10,GB10,5,5,city:2643743,city:2638077,122.0
demo:GB10_0_WD_15,demo,demo:GB10,GB10,5,5,city:2643743,city:2638077,122.0
demo:GB10_0_WE_00,demo,demo:GB10,GB10,2,5,city:2643743,city:2638077,122.0
demo:GB10_0_WE_01,demo,demo:GB10,GB10,2,5,city:2643743,city:2638077,122.0
demo:GB10_0_WE_02,demo,demo:GB10,GB10,2,5,city:2643743,city:2638077,122.0
demo:GB10_0_WE_03,demo,demo:GB10,GB10,2,5,city:2643743,city:2638077,122.0
demo:GB10_0_WE_04,demo,demo:GB10,GB10,2,5,city:2643743,city:2638077,122.0
demo:GB10_0_WE_05,demo,demo:GB10,GB10,2,5,city:2643743,city:2638077,122.0
demo:GB10_0_WE_06,demo,demo:GB10,GB10,2,5,city:2643743,city:2638077,122.0
demo:GB10_0_WE_07,demo,demo:GB10,GB10,2,5,city:2643743,city:2638077,122.0
demo:GB10_0_WE_08,demo,demo:GB10,GB10,2,5,city:2643743,city:2638077,122.0
demo:GB10_0_WE_09,demo,demo:GB10,GB10,2,5,city:2643743,city:2638077,122.0
demo:GB10_0_WE_10,demo,demo:GB10,GB10,2,5,city:2643743,city:2638077,122.0
demo:GB10_0_WE_11,demo,demo:GB10,GB10,2,5,city:2643743,city:2638077,122.0
demo:GB10_0_WE_12,demo,demo:GB10,GB10,2,5,city:2643743,city:2638077,122.0
demo:GB10_0_WE_13,demo,demo:GB10,GB10,2,5,city:2643743,city:2638077,122.0
demo:GB10_1_WD_00,demo,demo:GB10,GB10,5,5,city:2638077,city:2643743,122.0
demo:GB10_1_WD_01,demo,demo:GB10,GB10,5,5,city:2638077,city:2643743,122.0
demo:GB10_1_WD_02,demo,demo:GB10,GB10,5,5,city:2638077,city:2643743,122.0
demo:GB10_1_WD_03,demo,demo:GB10,GB10,5,5,city:2638077,city:2643743,122.0
demo:GB10_1_WD_04,demo,demo:GB10,GB10,5,5,city:2638077,city:2643743,122.0
demo:GB10_1_WD_05,demo,demo:GB10,GB10,5,5,city:2638077,city:2643743,122.0
demo:GB10_1_WD_06,demo,demo:GB10,GB10,5,5,city:2638077,city:2643743,122.0
demo:GB10_1_WD_07,demo,demo:GB10,GB10,5,5,city:2638077,city:2643743,122.0
demo:GB10_1_WD_08,demo,demo:GB10,GB10,5,5,city:2638077,city:2643743,122.0
demo:GB10_1_WD_09,demo,demo:GB10,GB10,5,5,city:2638077,city:2643743,122.0
demo:GB10_1_WD_10,demo,demo:GB10,GB10,5,5,city:2638077,city:2643743,122.0
demo:GB10_1_WD_11,demo,demo:GB10,GB10,5,5,city:2638077,city:2643743,122.0
demo:GB10_1_WD_12,demo,demo:GB10,GB10,5,5,city:2638077,city:2643743,122.0
demo:GB10_1_WD_13,demo,demo:GB10,GB10,5,5,city:2638077,city:2643743,122.0
demo:GB10_1_WD_14,demo,demo:GB10,GB10,5,5,city:2638077,city:2643743,122.0
demo:GB10_1_WD_15,demo,demo:GB10,GB10,5,5,city:2638077,city:2643743,122.0
demo:GB10_1_WE_00,demo,demo:GB10,GB10,2,5,city:2638077,city:2643743,122.0
demo:GB10_1_WE_01,demo,demo:GB10,GB10,2,5,city:2638077,city:2643743,122.0
demo:GB10_1_WE_02,demo,demo:GB10,GB10,2,5,city:2638077,city:2643743,122.0
demo:GB10_1_WE_03,demo,demo:GB10,GB10,2,5,city:2638077,city:2643743,122.0
demo:GB10_1_WE_04,demo,demo:GB10,GB10,2,5,city:2638077,city:2643743,122.0
demo:GB10_1_WE_05,demo,demo:GB10,GB10,2,5,city:2638077,city:2643743,122.0
demo:GB10_1_WE_06,demo,demo:GB10,GB10,2,5,city:2638077,city:2643743,122.0
demo:GB10_1_WE_07,demo,demo:GB10,GB10,2,5,city:2638077,city:2643743,122.0
demo:GB10_1_WE_08,demo,demo:GB10,GB10,2,5,city:2638077,city:2643743,122.0
demo:GB10_1_WE_09,demo,demo:GB10,GB10,2,5,city:2638077,city:2643743,122.0
demo:GB10_1_WE_10,demo,demo:GB10,GB10,2,5,city:2638077,city:2643743,122.0
demo:GB10_1_WE_11,demo,demo:GB10,GB10,2,5,city:2638077,city:2643743,122.0
demo:GB10_1_WE_12,demo,demo:GB10,GB10,2,5,city:2638077,city:2643743,122.0
demo:GB10_1_WE_13,demo,demo:GB10,GB10,2,5,city:2638077,city:2643743,122.0
demo:GB11_0_WD_00,demo,demo:GB11,GB11,5,7,city:2643743,city:2654675,100.0
demo:GB11_0_WD_01,demo,demo:GB11,GB11,5,7,city:2643743,city:2654675,100.0
demo:GB11_0_WD_02,demo,demo:GB11,GB11,5,7,city:2643743,city:2654675,100.0
demo:GB11_0_WD_03,demo,demo:GB11,GB11,5,7,city:2643743,city:2654675,100.0
demo:GB11_0_WD_04,demo,demo:GB11,GB11,5,7,city:2643743,city:2654675,100.0
demo:GB11_0_WD_05,demo,demo:GB11,GB11,5,7,city:2643743,city:2654675,100.0
demo:GB11_0_WD_06,demo,demo:GB11,GB11,5,7,city:2643743,city:2654675,100.0
demo:GB11_0_WD_07,demo,demo:GB11,GB11,5,7,city:2643743,city:2654675,100.0
demo:GB11_0_WD_08,demo,demo:GB11,GB11,5,7,city:2643743,city:2654675,100.0
demo:GB11_0_WD_09,demo,demo:GB11,GB11,5,7,city:2643743,city:2654675,100.0
demo:GB11_0_WD_10,demo,demo:GB11,GB11,5,7,city:2643743,city:2654675,100.0
demo:GB11_0_WD_11,demo,demo:GB11,GB11,5,7,city:2643743,city:2654675,100.0
demo:GB11_0_WD_12,demo,demo:GB11,GB11,5,7,city:2643743,city:2654675,100.0
demo:GB11_0_WD_13,demo,demo:GB11,GB11,5,7,city:2643743,city:2654675,100.0
demo:GB11_0_WD_14,demo,demo:GB11,GB11,5,7,city:2643743,city:2654675,100.0
demo:GB11_0_WD_15,demo,demo:GB11,GB11,5,7,city:2643743,city:2654675,100.0
demo:GB11_0_WD_16,demo,demo:GB11,GB11,5,7,city:2643743,city:2654675,100.0
demo:GB11_0_WD_17,demo,demo:GB11,GB11,5,7,city:2643743,city:2654675,100.0
demo:GB11_0_WD_18,demo,demo:GB11,GB11,5,7,city:2643743,city:2654675,100.0
demo:GB11_0_WD_19,demo,demo:GB11,GB11,5,7,city:2643743,city:2654675,100.0
demo:GB11_0_WD_20,demo,demo:GB11,GB11,5,7,city:2643743,city:2654675,100.0
demo:GB11_0_WD_21,demo,demo:GB11,GB11,5,7,city:2643743,city:2654675,100.0
demo:GB11_0_WD_22,demo,demo:GB11,GB11,5,7,city:2643743,city:2654675,100.0
demo:GB11_0_WD_23,demo,demo:GB11,GB11,5,7,city:2643743,city:2654675,100.0
demo:GB11_0_WD_24,demo,demo:GB11,GB11,5,7,city:2643743,city:2654675,100.0
demo:GB11_0_WD_25,demo,demo:GB11,GB11,5,7,city:2643743,city:2654675,100.0
demo:GB11_0_WD_26,demo,demo:GB11,GB11,5,7,city:2643743,city:2654675,100.0
demo:GB11_0_WD_27,demo,demo:GB11,GB11,5,7,city:2643743,city:2654675,100.0
demo:GB11_0_WD_28,demo,demo:GB11,GB11,5,7,city:2643743,city:2654675,100.0
demo:GB11_0_WD_29,demo,demo:GB11,GB11,5,7,city:2643743,city:2654675,100.0
demo:GB11_0_WD_30,demo,demo:GB11,GB11,5,7,city:2643743,city:2654675,100.0
demo:GB11_0_WD_31,demo,demo:GB11,GB11,5,7,city:2643743,city:2654675,100.0
demo:GB11_0_WE_00,demo,demo:GB11,GB11,2,7,city:2643743,city:2654675,100.0
demo:GB11_0_WE_01,demo,demo:GB11,GB11,2,7,city:2643743,city:2654675,100.0
demo:GB11_0_WE_02,demo,demo:GB11,GB11,2,7,city:2643743,city:2654675,100.0
demo:GB11_0_WE_03,demo,demo:GB11,GB11,2,7,city:2643743,city:2654675,100.0
demo:GB11_0_WE_04,demo,demo:GB11,GB11,2,7,city:2643743,city:2654675,100.0
demo:GB11_0_WE_05,demo,demo:GB11,GB11,2,7,city:2643743,city:2654675,100.0
demo:GB11_0_WE_06,demo,demo:GB11,GB11,2,7,city:2643743,city:2654675,100.0
demo:GB11_0_WE_07,demo,demo:GB11,GB11,2,7,city:2643743,city:2654675,100.0
demo:GB11_0_WE_08,demo,demo:GB11,GB11,2,7,city:2643743,city:2654675,100.0
demo:GB11_0_WE_09,demo,demo:GB11,GB11,2,7,city:2643743,city:2654675,100.0
demo:GB11_0_WE_10,demo,demo:GB11,GB11,2,7,city:2643743,city:2654675,100.0
demo:GB11_0_WE_11,demo,demo:GB11,GB11,2,7,city:2643743,city:2654675,100.0
demo:GB11_0_WE_12,demo,demo:GB11,GB11,2,7,city:2643743,city:2654675,100.0
demo:GB11_0_WE_13,demo,demo:GB11,GB11,2,7,city:2643743,city:2654675,100.0
demo:GB11_0_WE_14,demo,demo:GB11,GB11,2,7,city:2643743,city:2654675,100.0
demo:GB11_0_WE_15,demo,demo:GB11,GB11,2,7,city:2643743,city:2654675,100.0
demo:GB11_0_WE_16,demo,demo:GB11,GB11,2,7,city:2643743,city:2654675,100.0
demo:GB11_0_WE_17,demo,demo:GB11,GB11,2,7,city:2643743,city:2654675,100.0
demo:GB11_0_WE_18,demo,demo:GB11,GB11,2,7,city:2643743,city:2654675,100.0
demo:GB11_0_WE_19,demo,demo:GB11,GB11,2,7,city:2643743,city:2654675,100.0
demo:GB11_0_WE_20,demo,demo:GB11,GB11,2,7,city:2643743,city:2654675,100.0
demo:GB11_0_WE_21,demo,demo:GB11,GB11,2,7,city:2643743,city:2654675,100.0
demo:GB11_0_WE_22,demo,demo:GB11,GB11,2,7,city:2643743,city:2654675,100.0
demo:GB11_0_WE_23,demo,demo:GB11,GB11,2,7,city:2643743,city:2654675,100.0
demo:GB11_0_WE_24,demo,demo:GB11,GB11,2,7,city:2643743,city:2654675,100.0
demo:GB11_0_WE_25,demo,demo:GB11,GB11,2,7,city:2643743,city:2654675,100.0
demo:GB11_0_WE_26,demo,demo:GB11,GB11,2,7,city:2643743,city:2654675,100.0
demo:GB11_1_WD_00,demo,demo:GB11,GB11,5,7,city:2654675,city:2643743,100.0
demo:GB11_1_WD_01,demo,demo:GB11,GB11,5,7,city:2654675,city:2643743,100.0
demo:GB11_1_WD_02,demo,demo:GB11,GB11,5,7,city:2654675,city:2643743,100.0
demo:GB11_1_WD_03,demo,demo:GB11,GB11,5,7,city:2654675,city:2643743,100.0
demo:GB11_1_WD_04,demo,demo:GB11,GB11,5,7,city:2654675,city:2643743,100.0
demo:GB11_1_WD_05,demo,demo:GB11,GB11,5,7,city:2654675,city:2643743,100.0
demo:GB11_1_WD_06,demo,demo:GB11,GB11,5,7,city:2654675,city:2643743,100.0
demo:GB11_1_WD_07,demo,demo:GB11,GB11,5,7,city:2654675,city:2643743,100.0
demo:GB11_1_WD_08,demo,demo:GB11,GB11,5,7,city:2654675,city:2643743,100.0
demo:GB11_1_WD_09,demo,demo:GB11,GB11,5,7,city:2654675,city:2643743,100.0
demo:GB11_1_WD_10,demo,demo:GB11,GB11,5,7,city:2654675,city:2643743,100.0
demo:GB11_1_WD_11,demo,demo:GB11,GB11,5,7,city:2654675,city:2643743,100.0
demo:GB11_1_WD_12,demo,demo:GB11,GB11,5,7,city:2654675,city:2643743,100.0
demo:GB11_1_WD_13,demo,demo:GB11,GB11,5,7,city:2654675,city:2643743,100.0
demo:GB11_1_WD_14,demo,demo:GB11,GB11,5,7,city:2654675,city:2643743,100.0
demo:GB11_1_WD_15,demo,demo:GB11,GB11,5,7,city:2654675,city:2643743,100.0
demo:GB11_1_WD_16,demo,demo:GB11,GB11,5,7,city:2654675,city:2643743,100.0
demo:GB11_1_WD_17,demo,demo:GB11,GB11,5,7,city:2654675,city:2643743,100.0
demo:GB11_1_WD_18,demo,demo:GB11,GB11,5,7,city:2654675,city:2643743,100.0
demo:GB11_1_WD_19,demo,demo:GB11,GB11,5,7,city:2654675,city:2643743,100.0
demo:GB11_1_WD_20,demo,demo:GB11,GB11,5,7,city:2654675,city:2643743,100.0
demo:GB11_1_WD_21,demo,demo:GB11,GB11,5,7,city:2654675,city:2643743,100.0
demo:GB11_1_WD_22,demo,demo:GB11,GB11,5,7,city:2654675,city:2643743,100.0
demo:GB11_1_WD_23,demo,demo:GB11,GB11,5,7,city:2654675,city:2643743,100.0
demo:GB11_1_WD_24,demo,demo:GB11,GB11,5,7,city:2654675,city:2643743,100.0
demo:GB11_1_WD_25,demo,demo:GB11,GB11,5,7,city:2654675,city:2643743,100.0
demo:GB11_1_WD_26,demo,demo:GB11,GB11,5,7,city:2654675,city:2643743,100.0
demo:GB11_1_WD_27,demo,demo:GB11,GB11,5,7,city:2654675,city:2643743,100.0
demo:GB11_1_WD_28,demo,demo:GB11,GB11,5,7,city:2654675,city:2643743,100.0
demo:GB11_1_WD_29,demo,demo:GB11,GB11,5,7,city:2654675,city:2643743,100.0
demo:GB11_1_WD_30,demo,demo:GB11,GB11,5,7,city:2654675,city:2643743,100.0
demo:GB11_1_WD_31,demo,demo:GB11,GB11,5,7,city:2654675,city:2643743,100.0
demo:GB11_1_WE_00,demo,demo:GB11,GB11,2,7,city:2654675,city:2643743,100.0
demo:GB11_1_WE_01,demo,demo:GB11,GB11,2,7,city:2654675,city:2643743,100.0
demo:GB11_1_WE_02,demo,demo:GB11,GB11,2,7,city:2654675,city:2643743,100.0
demo:GB11_1_WE_03,demo,demo:GB11,GB11,2,7,city:2654675,city:2643743,100.0
demo:GB11_1_WE_04,demo,demo:GB11,GB11,2,7,city:2654675,city:2643743,100.0
demo:GB11_1_WE_05,demo,demo:GB11,GB11,2,7,city:2654675,city:2643743,100.0
demo:GB11_1_WE_06,demo,demo:GB11,GB11,2,7,city:2654675,city:2643743,100.0
demo:GB11_1_WE_07,demo,demo:GB11,GB11,2,7,city:2654675,city:2643743,100.0
demo:GB11_1_WE_08,demo,demo:GB11,GB11,2,7,city:2654675,city:2643743,100.0
demo:GB11_1_WE_09,demo,demo:GB11,GB11,2,7,city:2654675,city:2643743,100.0
demo:GB11_1_WE_10,demo,demo:GB11,GB11,2,7,city:2654675,city:2643743,100.0
demo:GB11_1_WE_11,demo,demo:GB11,GB11,2,7,city:2654675,city:2643743,100.0
demo:GB11_1_WE_12,demo,demo:GB11,GB11,2,7,city:2654675,city:2643743,100.0
demo:GB11_1_WE_13,demo,demo:GB11,GB11,2,7,city:2654675,city:2643743,100.0
demo:GB11_1_WE_14,demo,demo:GB11,GB11,2,7,city:2654675,city:2643743,100.0
demo:GB11_1_WE_15,demo,demo:GB11,GB11,2,7,city:2654675,city:2643743,100.0
demo:GB11_1_WE_16,demo,demo:GB11,GB11,2,7,city:2654675,city:2643743,100.0
demo:GB11_1_WE_17,demo,demo:GB11,GB11,2,7,city:2654675,city:2643743,100.0
demo:GB11_1_WE_18,demo,demo:GB11,GB11,2,7,city:2654675,city:2643743,100.0
demo:GB11_1_WE_19,demo,demo:GB11,GB11,2,7,city:2654675,city:2643743,100.0
demo:GB11_1_WE_20,demo,demo:GB11,GB11,2,7,city:2654675,city:2643743,100.0
demo:GB11_1_WE_21,demo,demo:GB11,GB11,2,7,city:2654675,city:2643743,100.0
demo:GB11_1_WE_22,demo,demo:GB11,GB11,2,7,city:2654675,city:2643743,100.0
demo:GB11_1_WE_23,demo,demo:GB11,GB11,2,7,city:2654675,city:2643743,100.0
demo:GB11_1_WE_24,demo,demo:GB11,GB11,2,7,city:2654675,city:2643743,100.0
demo:GB11_1_WE_25,demo,demo:GB11,GB11,2,7,city:2654675,city:2643743,100.0
demo:GB11_1_WE_26,demo,demo:GB11,GB11,2,7,city:2654675,city:2643743,100.0
demo:GB12_0_WD_00,demo,demo:GB12,GB12,5,6,city:2643743,city:2653822,115.0
demo:GB12_0_WD_01,demo,demo:GB12,GB12,5,6,city:2643743,city:2653822,115.0
demo:GB12_0_WD_02,demo,demo:GB12,GB12,5,6,city:2643743,city:2653822,115.0
demo:GB12_0_WD_03,demo,demo:GB12,GB12,5,6,city:2643743,city:2653822,115.0
demo:GB12_0_WD_04,demo,demo:GB12,GB12,5,6,city:2643743,city:2653822,115.0
demo:GB12_0_WD_05,demo,demo:GB12,GB12,5,6,city:2643743,city:2653822,115.0
demo:GB12_0_WD_06,demo,demo:GB12,GB12,5,6,city:2643743,city:2653822,115.0
demo:GB12_0_WD_07,demo,demo:GB12,GB12,5,6,city:2643743,city:2653822,115.0
demo:GB12_0_WD_08,demo,demo:GB12,GB12,5,6,city:2643743,city:2653822,115.0
demo:GB12_0_WD_09,demo,demo:GB12,GB12,5,6,city:2643743,city:2653822,115.0
demo:GB12_0_WD_10,demo,demo:GB12,GB12,5,6,city:2643743,city:2653822,115.0
demo:GB12_0_WD_11,demo,demo:GB12,GB12,5,6,city:2643743,city:2653822,115.0
demo:GB12_0_WD_12,demo,demo:GB12,GB12,5,6,city:2643743,city:2653822,115.0
demo:GB12_0_WD_13,demo,demo:GB12,GB12,5,6,city:2643743,city:2653822,115.0
demo:GB12_0_WD_14,demo,demo:GB12,GB12,5,6,city:2643743,city:2653822,115.0
demo:GB12_0_WD_15,demo,demo:GB12,GB12,5,6,city:2643743,city:2653822,115.0
demo:GB12_0_WE_00,demo,demo:GB12,GB12,2,6,city:2643743,city:2653822,115.0
demo:GB12_0_WE_01,demo,demo:GB12,GB12,2,6,city:2643743,city:2653822,115.0
demo:GB12_0_WE_02,demo,demo:GB12,GB12,2,6,city:2643743,city:2653822,115.0
demo:GB12_0_WE_03,demo,demo:GB12,GB12,2,6,city:2643743,city:2653822,114.0
demo:GB12_0_WE_04,demo,demo:GB12,GB12,2,6,city:2643743,city:2653822,115.0
demo:GB12_0_WE_05,demo,demo:GB12,GB12,2,6,city:2643743,city:2653822,115.0
demo:GB12_0_WE_06,demo,demo:GB12,GB12,2,6,city:2643743,city:2653822,115.0
demo:GB12_0_WE_07,demo,demo:GB12,GB12,2,6,city:2643743,city:2653822,115.0
demo:GB12_0_WE_08,demo,demo:GB12,GB12,2,6,city:2643743,city:2653822,115.0
demo:GB12_0_WE_09,demo,demo:GB12,GB12,2,6,city:2643743,city:2653822,115.0
demo:GB12_0_WE_10,demo,demo:GB12,GB12,2,6,city:2643743,city:2653822,116.0
demo:GB12_0_WE_11,demo,demo:GB12,GB12,2,6,city:2643743,city:2653822,115.0
demo:GB12_0_WE_12,demo,demo:GB12,GB12,2,6,city:2643743,city:2653822,115.0
demo:GB12_0_WE_13,demo,demo:GB12,GB12,2,6,city:2643743,city:2653822,115.0
demo:GB12_1_WD_00,demo,demo:GB12,GB12,5,6,city:2653822,city:2643743,115.0
demo:GB12_1_WD_01,demo,demo:GB12,GB12,5,6,city:2653822,city:2643743,115.0
demo:GB12_1_WD_02,demo,demo:GB12,GB12,5,6,city:2653822,city:2643743,115.0
demo:GB12_1_WD_03,demo,demo:GB12,GB12,5,6,city:2653822,city:2643743,115.0
demo:GB12_1_WD_04,demo,demo:GB12,GB12,5,6,city:2653822,city:2643743,115.0
demo:GB12_1_WD_05,demo,demo:GB12,GB12,5,6,city:2653822,city:2643743,115.0
demo:GB12_1_WD_06,demo,demo:GB12,GB12,5,6,city:2653822,city:2643743,115.0
demo:GB12_1_WD_07,demo,demo:GB12,GB12,5,6,city:2653822,city:2643743,115.0
demo:GB12_1_WD_08,demo,demo:GB12,GB12,5,6,city:2653822,city:2643743,115.0
demo:GB12_1_WD_09,demo,demo:GB12,GB12,5,6,city:2653822,city:2643743,115.0
demo:GB12_1_WD_10,demo,demo:GB12,GB12,5,6,city:2653822,city:2643743,115.0
demo:GB12_1_WD_11,demo,demo:GB12,GB12,5,6,city:2653822,city:2643743,115.0
demo:GB12_1_WD_12,demo,demo:GB12,GB12,5,6,city:2653822,city:2643743,115.0
demo:GB12_1_WD_13,demo,demo:GB12,GB12,5,6,city:2653822,city:2643743,115.0
demo:GB12_1_WD_14,demo,demo:GB12,GB12,5,6,city:2653822,city:2643743,115.0
demo:GB12_1_WD_15,demo,demo:GB12,GB12,5,6,city:2653822,city:2643743,115.0
demo:GB12_1_WE_00,demo,demo:GB12,GB12,2,6,city:2653822,city:2643743,115.0
demo:GB12_1_WE_01,demo,demo:GB12,GB12,2,6,city:2653822,city:2643743,115.0
demo:GB12_1_WE_02,demo,demo:GB12,GB12,2,6,city:2653822,city:2643743,115.0
demo:GB12_1_WE_03,demo,demo:GB12,GB12,2,6,city:2653822,city:2643743,114.0
demo:GB12_1_WE_04,demo,demo:GB12,GB12,2,6,city:2653822,city:2643743,115.0
demo:GB12_1_WE_05,demo,demo:GB12,GB12,2,6,city:2653822,city:2643743,115.0
demo:GB12_1_WE_06,demo,demo:GB12,GB12,2,6,city:2653822,city:2643743,115.0
demo:GB12_1_WE_07,demo,demo:GB12,GB12,2,6,city:2653822,city:2643743,115.0
demo:GB12_1_WE_08,demo,demo:GB12,GB12,2,6,city:2653822,city:2643743,115.0
demo:GB12_1_WE_09,demo,demo:GB12,GB12,2,6,city:2653822,city:2643743,115.0
demo:GB12_1_WE_10,demo,demo:GB12,GB12,2,6,city:2653822,city:2643743,116.0
demo:GB12_1_WE_11,demo,demo:GB12,GB12,2,6,city:2653822,city:2643743,115.0
demo:GB12_1_WE_12,demo,demo:GB12,GB12,2,6,city:2653822,city:2643743,115.0
demo:GB12_1_WE_13,demo,demo:GB12,GB12,2,6,city:2653822,city:2643743,115.0
demo:GB13_0_WD_00,demo,demo:GB13,GB13,5,7,city:2643743,city:2636432,170.0
demo:GB13_0_WD_01,demo,demo:GB13,GB13,5,7,city:2643743,city:2636432,170.0
demo:GB13_0_WD_02,demo,demo:GB13,GB13,5,7,city:2643743,city:2636432,170.0
demo:GB13_0_WD_03,demo,demo:GB13,GB13,5,7,city:2643743,city:2636432,170.0
demo:GB13_0_WD_04,demo,demo:GB13,GB13,5,7,city:2643743,city:2636432,170.0
demo:GB13_0_WD_05,demo,demo:GB13,GB13,5,7,city:2643743,city:2636432,170.0
demo:GB13_0_WD_06,demo,demo:GB13,GB13,5,7,city:2643743,city:2636432,170.0
demo:GB13_0_WD_07,demo,demo:GB13,GB13,5,7,city:2643743,city:2636432,170.0
demo:GB13_0_WD_08,demo,demo:GB13,GB13,5,7,city:2643743,city:2636432,170.0
demo:GB13_0_WD_09,demo,demo:GB13,GB13,5,7,city:2643743,city:2636432,170.0
demo:GB13_0_WD_10,demo,demo:GB13,GB13,5,7,city:2643743,city:2636432,170.0
demo:GB13_0_WD_11,demo,demo:GB13,GB13,5,7,city:2643743,city:2636432,170.0
demo:GB13_0_WD_12,demo,demo:GB13,GB13,5,7,city:2643743,city:2636432,170.0
demo:GB13_0_WD_13,demo,demo:GB13,GB13,5,7,city:2643743,city:2636432,170.0
demo:GB13_0_WD_14,demo,demo:GB13,GB13,5,7,city:2643743,city:2636432,170.0
demo:GB13_0_WD_15,demo,demo:GB13,GB13,5,7,city:2643743,city:2636432,170.0
demo:GB13_0_WE_00,demo,demo:GB13,GB13,2,7,city:2643743,city:2636432,170.0
demo:GB13_0_WE_01,demo,demo:GB13,GB13,2,7,city:2643743,city:2636432,170.0
demo:GB13_0_WE_02,demo,demo:GB13,GB13,2,7,city:2643743,city:2636432,170.0
demo:GB13_0_WE_03,demo,demo:GB13,GB13,2,7,city:2643743,city:2636432,170.0
demo:GB13_0_WE_04,demo,demo:GB13,GB13,2,7,city:2643743,city:2636432,170.0
demo:GB13_0_WE_05,demo,demo:GB13,GB13,2,7,city:2643743,city:2636432,170.0
demo:GB13_0_WE_06,demo,demo:GB13,GB13,2,7,city:2643743,city:2636432,170.0
demo:GB13_0_WE_07,demo,demo:GB13,GB13,2,7,city:2643743,city:2636432,170.0
demo:GB13_0_WE_08,demo,demo:GB13,GB13,2,7,city:2643743,city:2636432,170.0
demo:GB13_0_WE_09,demo,demo:GB13,GB13,2,7,city:2643743,city:2636432,170.0
demo:GB13_0_WE_10,demo,demo:GB13,GB13,2,7,city:2643743,city:2636432,170.0
demo:GB13_0_WE_11,demo,demo:GB13,GB13,2,7,city:2643743,city:2636432,170.0
demo:GB13_0_WE_12,demo,demo:GB13,GB13,2,7,city:2643743,city:2636432,170.0
demo:GB13_0_WE_13,demo,demo:GB13,GB13,2,7,city:2643743,city:2636432,170.0
demo:GB13_1_WD_00,demo,demo:GB13,GB13,5,7,city:2636432,city:2643743,170.0
demo:GB13_1_WD_01,demo,demo:GB13,GB13,5,7,city:2636432,city:2643743,170.0
demo:GB13_1_WD_02,demo,demo:GB13,GB13,5,7,city:2636432,city:2643743,170.0
demo:GB13_1_WD_03,demo,demo:GB13,GB13,5,7,city:2636432,city:2643743,170.0
demo:GB13_1_WD_04,demo,demo:GB13,GB13,5,7,city:2636432,city:2643743,170.0
demo:GB13_1_WD_05,demo,demo:GB13,GB13,5,7,city:2636432,city:2643743,170.0
demo:GB13_1_WD_06,demo,demo:GB13,GB13,5,7,city:2636432,city:2643743,170.0
demo:GB13_1_WD_07,demo,demo:GB13,GB13,5,7,city:2636432,city:2643743,170.0
demo:GB13_1_WD_08,demo,demo:GB13,GB13,5,7,city:2636432,city:2643743,170.0
demo:GB13_1_WD_09,demo,demo:GB13,GB13,5,7,city:2636432,city:2643743,170.0
demo:GB13_1_WD_10,demo,demo:GB13,GB13,5,7,city:2636432,city:2643743,170.0
demo:GB13_1_WD_11,demo,demo:GB13,GB13,5,7,city:2636432,city:2643743,170.0
demo:GB13_1_WD_12,demo,demo:GB13,GB13,5,7,city:2636432,city:2643743,170.0
demo:GB13_1_WD_13,demo,demo:GB13,GB13,5,7,city:2636432,city:2643743,170.0
demo:GB13_1_WD_14,demo,demo:GB13,GB13,5,7,city:2636432,city:2643743,170.0
demo:GB13_1_WD_15,demo,demo:GB13,GB13,5,7,city:2636432,city:2643743,170.0
demo:GB13_1_WE_00,demo,demo:GB13,GB13,2,7,city:2636432,city:2643743,170.0
demo:GB13_1_WE_01,demo,demo:GB13,GB13,2,7,city:2636432,city:2643743,170.0
demo:GB13_1_WE_02,demo,demo:GB13,GB13,2,7,city:2636432,city:2643743,170.0
demo:GB13_1_WE_03,demo,demo:GB13,GB13,2,7,city:2636432,city:2643743,170.0
demo:GB13_1_WE_04,demo,demo:GB13,GB13,2,7,city:2636432,city:2643743,170.0
demo:GB13_1_WE_05,demo,demo:GB13,GB13,2,7,city:2636432,city:2643743,170.0
demo:GB13_1_WE_06,demo,demo:GB13,GB13,2,7,city:2636432,city:2643743,170.0
demo:GB13_1_WE_07,demo,demo:GB13,GB13,2,7,city:2636432,city:2643743,170.0
demo:GB13_1_WE_08,demo,demo:GB13,GB13,2,7,city:2636432,city:2643743,170.0
demo:GB13_1_WE_09,demo,demo:GB13,GB13,2,7,city:2636432,city:2643743,170.0
demo:GB13_1_WE_10,demo,demo:GB13,GB13,2,7,city:2636432,city:2643743,170.0
demo:GB13_1_WE_11,demo,demo:GB13,GB13,2,7,city:2636432,city:2643743,170.0
demo:GB13_1_WE_12,demo,demo:GB13,GB13,2,7,city:2636432,city:2643743,170.0
demo:GB13_1_WE_13,demo,demo:GB13,GB13,2,7,city:2636432,city:2643743,170.0
demo:GB14_0_WD_00,demo,demo:GB14,GB14,5,7,city:2643743,city:2640377,320.0
demo:GB14_0_WD_01,demo,demo:GB14,GB14,5,7,city:2643743,city:2640377,320.0
demo:GB14_0_WD_02,demo,demo:GB14,GB14,5,7,city:2643743,city:2640377,320.0
demo:GB14_0_WD_03,demo,demo:GB14,GB14,5,7,city:2643743,city:2640377,320.0
demo:GB14_0_WD_04,demo,demo:GB14,GB14,5,7,city:2643743,city:2640377,320.0
demo:GB14_0_WD_05,demo,demo:GB14,GB14,5,7,city:2643743,city:2640377,320.0
demo:GB14_0_WD_06,demo,demo:GB14,GB14,5,7,city:2643743,city:2640377,320.0
demo:GB14_0_WD_07,demo,demo:GB14,GB14,5,7,city:2643743,city:2640377,320.0
demo:GB14_0_WD_08,demo,demo:GB14,GB14,5,7,city:2643743,city:2640377,320.0
demo:GB14_0_WD_09,demo,demo:GB14,GB14,5,7,city:2643743,city:2640377,320.0
demo:GB14_0_WD_10,demo,demo:GB14,GB14,5,7,city:2643743,city:2640377,320.0
demo:GB14_0_WD_11,demo,demo:GB14,GB14,5,7,city:2643743,city:2640377,320.0
demo:GB14_0_WD_12,demo,demo:GB14,GB14,5,7,city:2643743,city:2640377,320.0
demo:GB14_0_WD_13,demo,demo:GB14,GB14,5,7,city:2643743,city:2640377,320.0
demo:GB14_0_WD_14,demo,demo:GB14,GB14,5,7,city:2643743,city:2640377,320.0
demo:GB14_0_WD_15,demo,demo:GB14,GB14,5,7,city:2643743,city:2640377,320.0
demo:GB14_0_WE_00,demo,demo:GB14,GB14,2,7,city:2643743,city:2640377,320.0
demo:GB14_0_WE_01,demo,demo:GB14,GB14,2,7,city:2643743,city:2640377,320.0
demo:GB14_0_WE_02,demo,demo:GB14,GB14,2,7,city:2643743,city:2640377,320.0
demo:GB14_0_WE_03,demo,demo:GB14,GB14,2,7,city:2643743,city:2640377,320.0
demo:GB14_0_WE_04,demo,demo:GB14,GB14,2,7,city:2643743,city:2640377,320.0
demo:GB14_0_WE_05,demo,demo:GB14,GB14,2,7,city:2643743,city:2640377,320.0
demo:GB14_0_WE_06,demo,demo:GB14,GB14,2,7,city:2643743,city:2640377,320.0
demo:GB14_0_WE_07,demo,demo:GB14,GB14,2,7,city:2643743,city:2640377,320.0
demo:GB14_0_WE_08,demo,demo:GB14,GB14,2,7,city:2643743,city:2640377,320.0
demo:GB14_0_WE_09,demo,demo:GB14,GB14,2,7,city:2643743,city:2640377,320.0
demo:GB14_0_WE_10,demo,demo:GB14,GB14,2,7,city:2643743,city:2640377,320.0
demo:GB14_0_WE_11,demo,demo:GB14,GB14,2,7,city:2643743,city:2640377,320.0
demo:GB14_0_WE_12,demo,demo:GB14,GB14,2,7,city:2643743,city:2640377,320.0
demo:GB14_0_WE_13,demo,demo:GB14,GB14,2,7,city:2643743,city:2640377,320.0
demo:GB14_1_WD_00,demo,demo:GB14,GB14,5,7,city:2640377,city:2643743,320.0
demo:GB14_1_WD_01,demo,demo:GB14,GB14,5,7,city:2640377,city:2643743,320.0
demo:GB14_1_WD_02,demo,demo:GB14,GB14,5,7,city:2640377,city:2643743,320.0
demo:GB14_1_WD_03,demo,demo:GB14,GB14,5,7,city:2640377,city:2643743,320.0
demo:GB14_1_WD_04,demo,demo:GB14,GB14,5,7,city:2640377,city:2643743,320.0
demo:GB14_1_WD_05,demo,demo:GB14,GB14,5,7,city:2640377,city:2643743,320.0
demo:GB14_1_WD_06,demo,demo:GB14,GB14,5,7,city:2640377,city:2643743,320.0
demo:GB14_1_WD_07,demo,demo:GB14,GB14,5,7,city:2640377,city:2643743,320.0
demo:GB14_1_WD_08,demo,demo:GB14,GB14,5,7,city:2640377,city:2643743,320.0
demo:GB14_1_WD_09,demo,demo:GB14,GB14,5,7,city:2640377,city:2643743,320.0
demo:GB14_1_WD_10,demo,demo:GB14,GB14,5,7,city:2640377,city:2643743,320.0
demo:GB14_1_WD_11,demo,demo:GB14,GB14,5,7,city:2640377,city:2643743,320.0
demo:GB14_1_WD_12,demo,demo:GB14,GB14,5,7,city:2640377,city:2643743,320.0
demo:GB14_1_WD_13,demo,demo:GB14,GB14,5,7,city:2640377,city:2643743,320.0
demo:GB14_1_WD_14,demo,demo:GB14,GB14,5,7,city:2640377,city:2643743,320.0
demo:GB14_1_WD_15,demo,demo:GB14,GB14,5,7,city:2640377,city:2643743,320.0
demo:GB14_1_WE_00,demo,demo:GB14,GB14,2,7,city:2640377,city:2643743,320.0
demo:GB14_1_WE_01,demo,demo:GB14,GB14,2,7,city:2640377,city:2643743,320.0
demo:GB14_1_WE_02,demo,demo:GB14,GB14,2,7,city:2640377,city:2643743,320.0
demo:GB14_1_WE_03,demo,demo:GB14,GB14,2,7,city:2640377,city:2643743,320.0
demo:GB14_1_WE_04,demo,demo:GB14,GB14,2,7,city:2640377,city:2643743,320.0
demo:GB14_1_WE_05,demo,demo:GB14,GB14,2,7,city:2640377,city:2643743,320.0
demo:GB14_1_WE_06,demo,demo:GB14,GB14,2,7,city:2640377,city:2643743,320.0
demo:GB14_1_WE_07,demo,demo:GB14,GB14,2,7,city:2640377,city:2643743,320.0
demo:GB14_1_WE_08,demo,demo:GB14,GB14,2,7,city:2640377,city:2643743,320.0
demo:GB14_1_WE_09,demo,demo:GB14,GB14,2,7,city:2640377,city:2643743,320.0
demo:GB14_1_WE_10,demo,demo:GB14,GB14,2,7,city:2640377,city:2643743,320.0
demo:GB14_1_WE_11,demo,demo:GB14,GB14,2,7,city:2640377,city:2643743,320.0
demo:GB14_1_WE_12,demo,demo:GB14,GB14,2,7,city:2640377,city:2643743,320.0
demo:GB14_1_WE_13,demo,demo:GB14,GB14,2,7,city:2640377,city:2643743,320.0
demo:GB15_0_WD_00,demo,demo:GB15,GB15,5,3,city:2643743,city:2640729,55.0
demo:GB15_0_WD_01,demo,demo:GB15,GB15,5,3,city:2643743,city:2640729,55.0
demo:GB15_0_WD_02,demo,demo:GB15,GB15,5,3,city:2643743,city:2640729,55.0
demo:GB15_0_WD_03,demo,demo:GB15,GB15,5,3,city:2643743,city:2640729,55.0
demo:GB15_0_WD_04,demo,demo:GB15,GB15,5,3,city:2643743,city:2640729,55.0
demo:GB15_0_WD_05,demo,demo:GB15,GB15,5,3,city:2643743,city:2640729,55.0
demo:GB15_0_WD_06,demo,demo:GB15,GB15,5,3,city:2643743,city:2640729,55.0
demo:GB15_0_WD_07,demo,demo:GB15,GB15,5,3,city:2643743,city:2640729,55.0
demo:GB15_0_WD_08,demo,demo:GB15,GB15,5,3,city:2643743,city:2640729,55.0
demo:GB15_0_WD_09,demo,demo:GB15,GB15,5,3,city:2643743,city:2640729,55.0
demo:GB15_0_WD_10,demo,demo:GB15,GB15,5,3,city:2643743,city:2640729,55.0
demo:GB15_0_WD_11,demo,demo:GB15,GB15,5,3,city:2643743,city:2640729,55.0
demo:GB15_0_WD_12,demo,demo:GB15,GB15,5,3,city:2643743,city:2640729,55.0
demo:GB15_0_WD_13,demo,demo:GB15,GB15,5,3,city:2643743,city:2640729,55.0
demo:GB15_0_WD_14,demo,demo:GB15,GB15,5,3,city:2643743,city:2640729,55.0
demo:GB15_0_WD_15,demo,demo:GB15,GB15,5,3,city:2643743,city:2640729,55.0
demo:GB15_0_WD_16,demo,demo:GB15,GB15,5,3,city:2643743,city:2640729,55.0
demo:GB15_0_WD_17,demo,demo:GB15,GB15,5,3,city:2643743,city:2640729,55.0
demo:GB15_0_WD_18,demo,demo:GB15,GB15,5,3,city:2643743,city:2640729,55.0
demo:GB15_0_WD_19,demo,demo:GB15,GB15,5,3,city:2643743,city:2640729,55.0
demo:GB15_0_WD_20,demo,demo:GB15,GB15,5,3,city:2643743,city:2640729,55.0
demo:GB15_0_WD_21,demo,demo:GB15,GB15,5,3,city:2643743,city:2640729,55.0
demo:GB15_0_WD_22,demo,demo:GB15,GB15,5,3,city:2643743,city:2640729,55.0
demo:GB15_0_WD_23,demo,demo:GB15,GB15,5,3,city:2643743,city:2640729,55.0
demo:GB15_0_WD_24,demo,demo:GB15,GB15,5,3,city:2643743,city:2640729,55.0
demo:GB15_0_WD_25,demo,demo:GB15,GB15,5,3,city:2643743,city:2640729,55.0
demo:GB15_0_WD_26,demo,demo:GB15,GB15,5,3,city:2643743,city:2640729,55.0
demo:GB15_0_WD_27,demo,demo:GB15,GB15,5,3,city:2643743,city:2640729,55.0
demo:GB15_0_WD_28,demo,demo:GB15,GB15,5,3,city:2643743,city:2640729,55.0
demo:GB15_0_WD_29,demo,demo:GB15,GB15,5,3,city:2643743,city:2640729,55.0
demo:GB15_0_WD_30,demo,demo:GB15,GB15,5,3,city:2643743,city:2640729,55.0
demo:GB15_0_WD_31,demo,demo:GB15,GB15,5,3,city:2643743,city:2640729,55.0
demo:GB15_0_WE_00,demo,demo:GB15,GB15,2,3,city:2643743,city:2640729,55.0
demo:GB15_0_WE_01,demo,demo:GB15,GB15,2,3,city:2643743,city:2640729,55.0
demo:GB15_0_WE_02,demo,demo:GB15,GB15,2,3,city:2643743,city:2640729,55.0
demo:GB15_0_WE_03,demo,demo:GB15,GB15,2,3,city:2643743,city:2640729,55.0
demo:GB15_0_WE_04,demo,demo:GB15,GB15,2,3,city:2643743,city:2640729,55.0
demo:GB15_0_WE_05,demo,demo:GB15,GB15,2,3,city:2643743,city:2640729,55.0
demo:GB15_0_WE_06,demo,demo:GB15,GB15,2,3,city:2643743,city:2640729,55.0
demo:GB15_0_WE_07,demo,demo:GB15,GB15,2,3,city:2643743,city:2640729,55.0
demo:GB15_0_WE_08,demo,demo:GB15,GB15,2,3,city:2643743,city:2640729,55.0
demo:GB15_0_WE_09,demo,demo:GB15,GB15,2,3,city:2643743,city:2640729,55.0
demo:GB15_0_WE_10,demo,demo:GB15,GB15,2,3,city:2643743,city:2640729,55.0
demo:GB15_0_WE_11,demo,demo:GB15,GB15,2,3,city:2643743,city:2640729,55.0
demo:GB15_0_WE_12,demo,demo:GB15,GB15,2,3,city:2643743,city:2640729,55.0
demo:GB15_0_WE_13,demo,demo:GB15,GB15,2,3,city:2643743,city:2640729,55.0
demo:GB15_0_WE_14,demo,demo:GB15,GB15,2,3,city:2643743,city:2640729,55.0
demo:GB15_0_WE_15,demo,demo:GB15,GB15,2,3,city:2643743,city:2640729,55.0
demo:GB15_0_WE_16,demo,demo:GB15,GB15,2,3,city:2643743,city:2640729,55.0
demo:GB15_0_WE_17,demo,demo:GB15,GB15,2,3,city:2643743,city:2640729,55.0
demo:GB15_0_WE_18,demo,demo:GB15,GB15,2,3,city:2643743,city:2640729,55.0
demo:GB15_0_WE_19,demo,demo:GB15,GB15,2,3,city:2643743,city:2640729,55.0
demo:GB15_0_WE_20,demo,demo:GB15,GB15,2,3,city:2643743,city:2640729,55.0
demo:GB15_0_WE_21,demo,demo:GB15,GB15,2,3,city:2643743,city:2640729,55.0
demo:GB15_0_WE_22,demo,demo:GB15,GB15,2,3,city:2643743,city:2640729,55.0
demo:GB15_0_WE_23,demo,demo:GB15,GB15,2,3,city:2643743,city:2640729,55.0
demo:GB15_0_WE_24,demo,demo:GB15,GB15,2,3,city:2643743,city:2640729,55.0
demo:GB15_0_WE_25,demo,demo:GB15,GB15,2,3,city:2643743,city:2640729,55.0
demo:GB15_0_WE_26,demo,demo:GB15,GB15,2,3,city:2643743,city:2640729,55.0
demo:GB15_1_WD_00,demo,demo:GB15,GB15,5,3,city:2640729,city:2643743,55.0
demo:GB15_1_WD_01,demo,demo:GB15,GB15,5,3,city:2640729,city:2643743,55.0
demo:GB15_1_WD_02,demo,demo:GB15,GB15,5,3,city:2640729,city:2643743,55.0
demo:GB15_1_WD_03,demo,demo:GB15,GB15,5,3,city:2640729,city:2643743,55.0
demo:GB15_1_WD_04,demo,demo:GB15,GB15,5,3,city:2640729,city:2643743,55.0
demo:GB15_1_WD_05,demo,demo:GB15,GB15,5,3,city:2640729,city:2643743,55.0
demo:GB15_1_WD_06,demo,demo:GB15,GB15,5,3,city:2640729,city:2643743,55.0
demo:GB15_1_WD_07,demo,demo:GB15,GB15,5,3,city:2640729,city:2643743,55.0
demo:GB15_1_WD_08,demo,demo:GB15,GB15,5,3,city:2640729,city:2643743,55.0
demo:GB15_1_WD_09,demo,demo:GB15,GB15,5,3,city:2640729,city:2643743,55.0
demo:GB15_1_WD_10,demo,demo:GB15,GB15,5,3,city:2640729,city:2643743,55.0
demo:GB15_1_WD_11,demo,demo:GB15,GB15,5,3,city:2640729,city:2643743,55.0
demo:GB15_1_WD_12,demo,demo:GB15,GB15,5,3,city:2640729,city:2643743,55.0
demo:GB15_1_WD_13,demo,demo:GB15,GB15,5,3,city:2640729,city:2643743,55.0
demo:GB15_1_WD_14,demo,demo:GB15,GB15,5,3,city:2640729,city:2643743,55.0
demo:GB15_1_WD_15,demo,demo:GB15,GB15,5,3,city:2640729,city:2643743,55.0
demo:GB15_1_WD_16,demo,demo:GB15,GB15,5,3,city:2640729,city:2643743,55.0
demo:GB15_1_WD_17,demo,demo:GB15,GB15,5,3,city:2640729,city:2643743,55.0
demo:GB15_1_WD_18,demo,demo:GB15,GB15,5,3,city:2640729,city:2643743,55.0
demo:GB15_1_WD_19,demo,demo:GB15,GB15,5,3,city:2640729,city:2643743,55.0
demo:GB15_1_WD_20,demo,demo:GB15,GB15,5,3,city:2640729,city:2643743,55.0
demo:GB15_1_WD_21,demo,demo:GB15,GB15,5,3,city:2640729,city:2643743,55.0
demo:GB15_1_WD_22,demo,demo:GB15,GB15,5,3,city:2640729,city:2643743,55.0
demo:GB15_1_WD_23,demo,demo:GB15,GB15,5,3,city:2640729,city:2643743,55.0
demo:GB15_1_WD_24,demo,demo:GB15,GB15,5,3,city:2640729,city:2643743,55.0
demo:GB15_1_WD_25,demo,demo:GB15,GB15,5,3,city:2640729,city:2643743,55.0
demo:GB15_1_WD_26,demo,demo:GB15,GB15,5,3,city:2640729,city:2643743,55.0
demo:GB15_1_WD_27,demo,demo:GB15,GB15,5,3,city:2640729,city:2643743,55.0
demo:GB15_1_WD_28,demo,demo:GB15,GB15,5,3,city:2640729,city:2643743,55.0
demo:GB15_1_WD_29,demo,demo:GB15,GB15,5,3,city:2640729,city:2643743,55.0
demo:GB15_1_WD_30,demo,demo:GB15,GB15,5,3,city:2640729,city:2643743,55.0
demo:GB15_1_WD_31,demo,demo:GB15,GB15,5,3,city:2640729,city:2643743,55.0
demo:GB15_1_WE_00,demo,demo:GB15,GB15,2,3,city:2640729,city:2643743,55.0
demo:GB15_1_WE_01,demo,demo:GB15,GB15,2,3,city:2640729,city:2643743,55.0
demo:GB15_1_WE_02,demo,demo:GB15,GB15,2,3,city:2640729,city:2643743,55.0
demo:GB15_1_WE_03,demo,demo:GB15,GB15,2,3,city:2640729,city:2643743,55.0
demo:GB15_1_WE_04,demo,demo:GB15,GB15,2,3,city:2640729,city:2643743,55.0
demo:GB15_1_WE_05,demo,demo:GB15,GB15,2,3,city:2640729,city:2643743,55.0
demo:GB15_1_WE_06,demo,demo:GB15,GB15,2,3,city:2640729,city:2643743,55.0
demo:GB15_1_WE_07,demo,demo:GB15,GB15,2,3,city:2640729,city:2643743,55.0
demo:GB15_1_WE_08,demo,demo:GB15,GB15,2,3,city:2640729,city:2643743,55.0
demo:GB15_1_WE_09,demo,demo:GB15,GB15,2,3,city:2640729,city:2643743,55.0
demo:GB15_1_WE_10,demo,demo:GB15,GB15,2,3,city:2640729,city:2643743,55.0
demo:GB15_1_WE_11,demo,demo:GB15,GB15,2,3,city:2640729,city:2643743,55.0
demo:GB15_1_WE_12,demo,demo:GB15,GB15,2,3,city:2640729,city:2643743,55.0
demo:GB15_1_WE_13,demo,demo:GB15,GB15,2,3,city:2640729,city:2643743,55.0
demo:GB15_1_WE_14,demo,demo:GB15,GB15,2,3,city:2640729,city:2643743,55.0
demo:GB15_1_WE_15,demo,demo:GB15,GB15,2,3,city:2640729,city:2643743,55.0
demo:GB15_1_WE_16,demo,demo:GB15,GB15,2,3,city:2640729,city:2643743,55.0
demo:GB15_1_WE_17,demo,demo:GB15,GB15,2,3,city:2640729,city:2643743,55.0
demo:GB15_1_WE_18,demo,demo:GB15,GB15,2,3,city:2640729,city:2643743,55.0
demo:GB15_1_WE_19,demo,demo:GB15,GB15,2,3,city:2640729,city:2643743,55.0
demo:GB15_1_WE_20,demo,demo:GB15,GB15,2,3,city:2640729,city:2643743,55.0
demo:GB15_1_WE_21,demo,demo:GB15,GB15,2,3,city:2640729,city:2643743,55.0
demo:GB15_1_WE_22,demo,demo:GB15,GB15,2,3,city:2640729,city:2643743,55.0
demo:GB15_1_WE_23,demo,demo:GB15,GB15,2,3,city:2640729,city:2643743,55.0
demo:GB15_1_WE_24,demo,demo:GB15,GB15,2,3,city:2640729,city:2643743,55.0
demo:GB15_1_WE_25,demo,demo:GB15,GB15,2,3,city:2640729,city:2643743,55.0
demo:GB15_1_WE_26,demo,demo:GB15,GB15,2,3,city:2640729,city:2643743,55.0
demo:GB16_0_WD_00,demo,demo:GB16,GB16,5,6,city:2643743,city:2655095,105.0
demo:GB16_0_WD_01,demo,demo:GB16,GB16,5,6,city:2643743,city:2655095,105.0
demo:GB16_0_WD_02,demo,demo:GB16,GB16,5,6,city:2643743,city:2655095,105.0
demo:GB16_0_WD_03,demo,demo:GB16,GB16,5,6,city:2643743,city:2655095,105.0
demo:GB16_0_WD_04,demo,demo:GB16,GB16,5,6,city:2643743,city:2655095,105.0
demo:GB16_0_WD_05,demo,demo:GB16,GB16,5,6,city:2643743,city:2655095,105.0
demo:GB16_0_WD_06,demo,demo:GB16,GB16,5,6,city:2643743,city:2655095,105.0
demo:GB16_0_WD_07,demo,demo:GB16,GB16,5,6,city:2643743,city:2655095,105.0
demo:GB16_0_WD_08,demo,demo:GB16,GB16,5,6,city:2643743,city:2655095,105.0
demo:GB16_0_WD_09,demo,demo:GB16,GB16,5,6,city:2643743,city:2655095,105.0
demo:GB16_0_WD_10,demo,demo:GB16,GB16,5,6,city:2643743,city:2655095,105.0
demo:GB16_0_WD_11,demo,demo:GB16,GB16,5,6,city:2643743,city:2655095,105.0
demo:GB16_0_WD_12,demo,demo:GB16,GB16,5,6,city:2643743,city:2655095,105.0
demo:GB16_0_WD_13,demo,demo:GB16,GB16,5,6,city:2643743,city:2655095,105.0
demo:GB16_0_WD_14,demo,demo:GB16,GB16,5,6,city:2643743,city:2655095,105.0
demo:GB16_0_WD_15,demo,demo:GB16,GB16,5,6,city:2643743,city:2655095,105.0
demo:GB16_0_WD_16,demo,demo:GB16,GB16,5,6,city:2643743,city:2655095,105.0
demo:GB16_0_WD_17,demo,demo:GB16,GB16,5,6,city:2643743,city:2655095,105.0
demo:GB16_0_WD_18,demo,demo:GB16,GB16,5,6,city:2643743,city:2655095,105.0
demo:GB16_0_WD_19,demo,demo:GB16,GB16,5,6,city:2643743,city:2655095,105.0
demo:GB16_0_WD_20,demo,demo:GB16,GB16,5,6,city:2643743,city:2655095,105.0
demo:GB16_0_WD_21,demo,demo:GB16,GB16,5,6,city:2643743,city:2655095,105.0
demo:GB16_0_WD_22,demo,demo:GB16,GB16,5,6,city:2643743,city:2655095,105.0
demo:GB16_0_WD_23,demo,demo:GB16,GB16,5,6,city:2643743,city:2655095,105.0
demo:GB16_0_WD_24,demo,demo:GB16,GB16,5,6,city:2643743,city:2655095,105.0
demo:GB16_0_WD_25,demo,demo:GB16,GB16,5,6,city:2643743,city:2655095,105.0
demo:GB16_0_WD_26,demo,demo:GB16,GB16,5,6,city:2643743,city:2655095,105.0
demo:GB16_0_WD_27,demo,demo:GB16,GB16,5,6,city:2643743,city:2655095,105.0
demo:GB16_0_WD_28,demo,demo:GB16,GB16,5,6,city:2643743,city:2655095,105.0
demo:GB16_0_WD_29,demo,demo:GB16,GB16,5,6,city:2643743,city:2655095,105.0
demo:GB16_0_WD_30,demo,demo:GB16,GB16,5,6,city:2643743,city:2655095,105.0
demo:GB16_0_WD_31,demo,demo:GB16,GB16,5,6,city:2643743,city:2655095,105.0
demo:GB16_0_WE_00,demo,demo:GB16,GB16,2,6,city:2643743,city:2655095,105.0
demo:GB16_0_WE_01,demo,demo:GB16,GB16,2,6,city:2643743,city:2655095,105.0
demo:GB16_0_WE_02,demo,demo:GB16,GB16,2,6,city:2643743,city:2655095,105.0
demo:GB16_0_WE_03,demo,demo:GB16,GB16,2,6,city:2643743,city:2655095,105.0
demo:GB16_0_WE_04,demo,demo:GB16,GB16,2,6,city:2643743,city:2655095,105.0
demo:GB16_0_WE_05,demo,demo:GB16,GB16,2,6,city:2643743,city:2655095,105.0
demo:GB16_0_WE_06,demo,demo:GB16,GB16,2,6,city:2643743,city:2655095,105.0
demo:GB16_0_WE_07,demo,demo:GB16,GB16,2,6,city:2643743,city:2655095,105.0
demo:GB16_0_WE_08,demo,demo:GB16,GB16,2,6,city:2643743,city:2655095,105.0
demo:GB16_0_WE_09,demo,demo:GB16,GB16,2,6,city:2643743,city:2655095,105.0
demo:GB16_0_WE_10,demo,demo:GB16,GB16,2,6,city:2643743,city:2655095,105.0
demo:GB16_0_WE_11,demo,demo:GB16,GB16,2,6,city:2643743,city:2655095,105.0
demo:GB16_0_WE_12,demo,demo:GB16,GB16,2,6,city:2643743,city:2655095,105.0
demo:GB16_0_WE_13,demo,demo:GB16,GB16,2,6,city:2643743,city:2655095,105.0
demo:GB16_0_WE_14,demo,demo:GB16,GB16,2,6,city:2643743,city:2655095,105.0
demo:GB16_0_WE_15,demo,demo:GB16,GB16,2,6,city:2643743,city:2655095,105.0
demo:GB16_0_WE_16,demo,demo:GB16,GB16,2,6,city:2643743,city:2655095,105.0
demo:GB16_0_WE_17,demo,demo:GB16,GB16,2,6,city:2643743,city:2655095,105.0
demo:GB16_0_WE_18,demo,demo:GB16,GB16,2,6,city:2643743,city:2655095,105.0
demo:GB16_0_WE_19,demo,demo:GB16,GB16,2,6,city:2643743,city:2655095,105.0
demo:GB16_0_WE_20,demo,demo:GB16,GB16,2,6,city:2643743,city:2655095,105.0
demo:GB16_0_WE_21,demo,demo:GB16,GB16,2,6,city:2643743,city:2655095,105.0
demo:GB16_0_WE_22,demo,demo:GB16,GB16,2,6,city:2643743,city:2655095,105.0
demo:GB16_0_WE_23,demo,demo:GB16,GB16,2,6,city:2643743,city:2655095,105.0
demo:GB16_0_WE_24,demo,demo:GB16,GB16,2,6,city:2643743,city:2655095,105.0
demo:GB16_0_WE_25,demo,demo:GB16,GB16,2,6,city:2643743,city:2655095,105.0
demo:GB16_0_WE_26,demo,demo:GB16,GB16,2,6,city:2643743,city:2655095,105.0
demo:GB16_1_WD_00,demo,demo:GB16,GB16,5,6,city:2655095,city:2643743,105.0
demo:GB16_1_WD_01,demo,demo:GB16,GB16,5,6,city:2655095,city:2643743,105.0
demo:GB16_1_WD_02,demo,demo:GB16,GB16,5,6,city:2655095,city:2643743,105.0
demo:GB16_1_WD_03,demo,demo:GB16,GB16,5,6,city:2655095,city:2643743,105.0
demo:GB16_1_WD_04,demo,demo:GB16,GB16,5,6,city:2655095,city:2643743,105.0
demo:GB16_1_WD_05,demo,demo:GB16,GB16,5,6,city:2655095,city:2643743,105.0
demo:GB16_1_WD_06,demo,demo:GB16,GB16,5,6,city:2655095,city:2643743,105.0
demo:GB16_1_WD_07,demo,demo:GB16,GB16,5,6,city:2655095,city:2643743,105.0
demo:GB16_1_WD_08,demo,demo:GB16,GB16,5,6,city:2655095,city:2643743,105.0
demo:GB16_1_WD_09,demo,demo:GB16,GB16,5,6,city:2655095,city:2643743,105.0
demo:GB16_1_WD_10,demo,demo:GB16,GB16,5,6,city:2655095,city:2643743,105.0
demo:GB16_1_WD_11,demo,demo:GB16,GB16,5,6,city:2655095,city:2643743,105.0
demo:GB16_1_WD_12,demo,demo:GB16,GB16,5,6,city:2655095,city:2643743,105.0
demo:GB16_1_WD_13,demo,demo:GB16,GB16,5,6,city:2655095,city:2643743,105.0
demo:GB16_1_WD_14,demo,demo:GB16,GB16,5,6,city:2655095,city:2643743,105.0
demo:GB16_1_WD_15,demo,demo:GB16,GB16,5,6,city:2655095,city:2643743,105.0
demo:GB16_1_WD_16,demo,demo:GB16,GB16,5,6,city:2655095,city:2643743,105.0
demo:GB16_1_WD_17,demo,demo:GB16,GB16,5,6,city:2655095,city:2643743,105.0
demo:GB16_1_WD_18,demo,demo:GB16,GB16,5,6,city:2655095,city:2643743,105.0
demo:GB16_1_WD_19,demo,demo:GB16,GB16,5,6,city:2655095,city:2643743,105.0
demo:GB16_1_WD_20,demo,demo:GB16,GB16,5,6,city:2655095,city:2643743,105.0
demo:GB16_1_WD_21,demo,demo:GB16,GB16,5,6,city:2655095,city:2643743,105.0
demo:GB16_1_WD_22,demo,demo:GB16,GB16,5,6,city:2655095,city:2643743,105.0
demo:GB16_1_WD_23,demo,demo:GB16,GB16,5,6,city:2655095,city:2643743,105.0
demo:GB16_1_WD_24,demo,demo:GB16,GB16,5,6,city:2655095,city:2643743,105.0
demo:GB16_1_WD_25,demo,demo:GB16,GB16,5,6,city:2655095,city:2643743,105.0
demo:GB16_1_WD_26,demo,demo:GB16,GB16,5,6,city:2655095,city:2643743,105.0
demo:GB16_1_WD_27,demo,demo:GB16,GB16,5,6,city:2655095,city:2643743,105.0
demo:GB16_1_WD_28,demo,demo:GB16,GB16,5,6,city:2655095,city:2643743,105.0
demo:GB16_1_WD_29,demo,demo:GB16,GB16,5,6,city:2655095,city:2643743,105.0
demo:GB16_1_WD_30,demo,demo:GB16,GB16,5,6,city:2655095,city:2643743,105.0
demo:GB16_1_WD_31,demo,demo:GB16,GB16,5,6,city:2655095,city:2643743,105.0
demo:GB16_1_WE_00,demo,demo:GB16,GB16,2,6,city:2655095,city:2643743,105.0
demo:GB16_1_WE_01,demo,demo:GB16,GB16,2,6,city:2655095,city:2643743,105.0
demo:GB16_1_WE_02,demo,demo:GB16,GB16,2,6,city:2655095,city:2643743,105.0
demo:GB16_1_WE_03,demo,demo:GB16,GB16,2,6,city:2655095,city:2643743,105.0
demo:GB16_1_WE_04,demo,demo:GB16,GB16,2,6,city:2655095,city:2643743,105.0
demo:GB16_1_WE_05,demo,demo:GB16,GB16,2,6,city:2655095,city:2643743,105.0
demo:GB16_1_WE_06,demo,demo:GB16,GB16,2,6,city:2655095,city:2643743,105.0
demo:GB16_1_WE_07,demo,demo:GB16,GB16,2,6,city:2655095,city:2643743,105.0
demo:GB16_1_WE_08,demo,demo:GB16,GB16,2,6,city:2655095,city:2643743,105.0
demo:GB16_1_WE_09,demo,demo:GB16,GB16,2,6,city:2655095,city:2643743,105.0
demo:GB16_1_WE_10,demo,demo:GB16,GB16,2,6,city:2655095,city:2643743,105.0
demo:GB16_1_WE_11,demo,demo:GB16,GB16,2,6,city:2655095,city:2643743,105.0
demo:GB16_1_WE_12,demo,demo:GB16,GB16,2,6,city:2655095,city:2643743,105.0
demo:GB16_1_WE_13,demo,demo:GB16,GB16,2,6,city:2655095,city:2643743,105.0
demo:GB16_1_WE_14,demo,demo:GB16,GB16,2,6,city:2655095,city:2643743,105.0
demo:GB16_1_WE_15,demo,demo:GB16,GB16,2,6,city:2655095,city:2643743,105.0
demo:GB16_1_WE_16,demo,demo:GB16,GB16,2,6,city:2655095,city:2643743,105.0
demo:GB16_1_WE_17,demo,demo:GB16,GB16,2,6,city:2655095,city:2643743,105.0
demo:GB16_1_WE_18,demo,demo:GB16,GB16,2,6,city:2655095,city:2643743,105.0
demo:GB16_1_WE_19,demo,demo:GB16,GB16,2,6,city:2655095,city:2643743,105.0
demo:GB16_1_WE_20,demo,demo:GB16,GB16,2,6,city:2655095,city:2643743,105.0
demo:GB16_1_WE_21,demo,demo:GB16,GB16,2,6,city:2655095,city:2643743,105.0
demo:GB16_1_WE_22,demo,demo:GB16,GB16,2,6,city:2655095,city:2643743,105.0
demo:GB16_1_WE_23,demo,demo:GB16,GB16,2,6,city:2655095,city:2643743,105.0
demo:GB16_1_WE_24,demo,demo:GB16,GB16,2,6,city:2655095,city:2643743,105.0
demo:GB16_1_WE_25,demo,demo:GB16,GB16,2,6,city:2655095,city:2643743,105.0
demo:GB16_1_WE_26,demo,demo:GB16,GB16,2,6,city:2655095,city:2643743,105.0
demo:GB17_0_WD_00,demo,demo:GB17,GB17,5,4,city:2643743,city:2641181,115.0
demo:GB17_0_WD_01,demo,demo:GB17,GB17,5,4,city:2643743,city:2641181,115.0
demo:GB17_0_WD_02,demo,demo:GB17,GB17,5,4,city:2643743,city:2641181,115.0
demo:GB17_0_WD_03,demo,demo:GB17,GB17,5,4,city:2643743,city:2641181,115.0
demo:GB17_0_WD_04,demo,demo:GB17,GB17,5,4,city:2643743,city:2641181,115.0
demo:GB17_0_WD_05,demo,demo:GB17,GB17,5,4,city:2643743,city:2641181,115.0
demo:GB17_0_WD_06,demo,demo:GB17,GB17,5,4,city:2643743,city:2641181,115.0
demo:GB17_0_WD_07,demo,demo:GB17,GB17,5,4,city:2643743,city:2641181,115.0
demo:GB17_0_WD_08,demo,demo:GB17,GB17,5,4,city:2643743,city:2641181,115.0
demo:GB17_0_WD_09,demo,demo:GB17,GB17,5,4,city:2643743,city:2641181,115.0
demo:GB17_0_WD_10,demo,demo:GB17,GB17,5,4,city:2643743,city:2641181,115.0
demo:GB17_0_WD_11,demo,demo:GB17,GB17,5,4,city:2643743,city:2641181,115.0
demo:GB17_0_WD_12,demo,demo:GB17,GB17,5,4,city:2643743,city:2641181,115.0
demo:GB17_0_WD_13,demo,demo:GB17,GB17,5,4,city:2643743,city:2641181,115.0
demo:GB17_0_WD_14,demo,demo:GB17,GB17,5,4,city:2643743,city:2641181,115.0
demo:GB17_0_WD_15,demo,demo:GB17,GB17,5,4,city:2643743,city:2641181,115.0
demo:GB17_0_WD_16,demo,demo:GB17,GB17,5,4,city:2643743,city:2641181,115.0
demo:GB17_0_WD_17,demo,demo:GB17,GB17,5,4,city:2643743,city:2641181,115.0
demo:GB17_0_WD_18,demo,demo:GB17,GB17,5,4,city:2643743,city:2641181,115.0
demo:GB17_0_WD_19,demo,demo:GB17,GB17,5,4,city:2643743,city:2641181,115.0
demo:GB17_0_WD_20,demo,demo:GB17,GB17,5,4,city:2643743,city:2641181,115.0
demo:GB17_0_WD_21,demo,demo:GB17,GB17,5,4,city:2643743,city:2641181,115.0
demo:GB17_0_WD_22,demo,demo:GB17,GB17,5,4,city:2643743,city:2641181,115.0
demo:GB17_0_WD_23,demo,demo:GB17,GB17,5,4,city:2643743,city:2641181,115.0
demo:GB17_0_WD_24,demo,demo:GB17,GB17,5,4,city:2643743,city:2641181,115.0
demo:GB17_0_WD_25,demo,demo:GB17,GB17,5,4,city:2643743,city:2641181,115.0
demo:GB17_0_WD_26,demo,demo:GB17,GB17,5,4,city:2643743,city:2641181,115.0
demo:GB17_0_WD_27,demo,demo:GB17,GB17,5,4,city:2643743,city:2641181,115.0
demo:GB17_0_WD_28,demo,demo:GB17,GB17,5,4,city:2643743,city:2641181,115.0
demo:GB17_0_WD_29,demo,demo:GB17,GB17,5,4,city:2643743,city:2641181,115.0
demo:GB17_0_WD_30,demo,demo:GB17,GB17,5,4,city:2643743,city:2641181,115.0
demo:GB17_0_WD_31,demo,demo:GB17,GB17,5,4,city:2643743,city:2641181,115.0
demo:GB17_0_WE_00,demo,demo:GB17,GB17,2,4,city:2643743,city:2641181,115.0
demo:GB17_0_WE_01,demo,demo:GB17,GB17,2,4,city:2643743,city:2641181,115.0
demo:GB17_0_WE_02,demo,demo:GB17,GB17,2,4,city:2643743,city:2641181,115.0
demo:GB17_0_WE_03,demo,demo:GB17,GB17,2,4,city:2643743,city:2641181,115.0
demo:GB17_0_WE_04,demo,demo:GB17,GB17,2,4,city:2643743,city:2641181,115.0
demo:GB17_0_WE_05,demo,demo:GB17,GB17,2,4,city:2643743,city:2641181,115.0
demo:GB17_0_WE_06,demo,demo:GB17,GB17,2,4,city:2643743,city:2641181,115.0
demo:GB17_0_WE_07,demo,demo:GB17,GB17,2,4,city:2643743,city:2641181,115.0
demo:GB17_0_WE_08,demo,demo:GB17,GB17,2,4,city:2643743,city:2641181,115.0
demo:GB17_0_WE_09,demo,demo:GB17,GB17,2,4,city:2643743,city:2641181,115.0
demo:GB17_0_WE_10,demo,demo:GB17,GB17,2,4,city:2643743,city:2641181,115.0
demo:GB17_0_WE_11,demo,demo:GB17,GB17,2,4,city:2643743,city:2641181,115.0
demo:GB17_0_WE_12,demo,demo:GB17,GB17,2,4,city:2643743,city:2641181,115.0
demo:GB17_0_WE_13,demo,demo:GB17,GB17,2,4,city:2643743,city:2641181,115.0
demo:GB17_0_WE_14,demo,demo:GB17,GB17,2,4,city:2643743,city:2641181,115.0
demo:GB17_0_WE_15,demo,demo:GB17,GB17,2,4,city:2643743,city:2641181,115.0
demo:GB17_0_WE_16,demo,demo:GB17,GB17,2,4,city:2643743,city:2641181,115.0
demo:GB17_0_WE_17,demo,demo:GB17,GB17,2,4,city:2643743,city:2641181,115.0
demo:GB17_0_WE_18,demo,demo:GB17,GB17,2,4,city:2643743,city:2641181,115.0
demo:GB17_0_WE_19,demo,demo:GB17,GB17,2,4,city:2643743,city:2641181,115.0
demo:GB17_0_WE_20,demo,demo:GB17,GB17,2,4,city:2643743,city:2641181,115.0
demo:GB17_0_WE_21,demo,demo:GB17,GB17,2,4,city:2643743,city:2641181,115.0
demo:GB17_0_WE_22,demo,demo:GB17,GB17,2,4,city:2643743,city:2641181,115.0
demo:GB17_0_WE_23,demo,demo:GB17,GB17,2,4,city:2643743,city:2641181,115.0
demo:GB17_0_WE_24,demo,demo:GB17,GB17,2,4,city:2643743,city:2641181,115.0
demo:GB17_0_WE_25,demo,demo:GB17,GB17,2,4,city:2643743,city:2641181,115.0
demo:GB17_0_WE_26,demo,demo:GB17,GB17,2,4,city:2643743,city:2641181,115.0
demo:GB17_1_WD_00,demo,demo:GB17,GB17,5,4,city:2641181,city:2643743,115.0
demo:GB17_1_WD_01,demo,demo:GB17,GB17,5,4,city:2641181,city:2643743,115.0
demo:GB17_1_WD_02,demo,demo:GB17,GB17,5,4,city:2641181,city:2643743,115.0
demo:GB17_1_WD_03,demo,demo:GB17,GB17,5,4,city:2641181,city:2643743,115.0
demo:GB17_1_WD_04,demo,demo:GB17,GB17,5,4,city:2641181,city:2643743,115.0
demo:GB17_1_WD_05,demo,demo:GB17,GB17,5,4,city:2641181,city:2643743,115.0
demo:GB17_1_WD_06,demo,demo:GB17,GB17,5,4,city:2641181,city:2643743,115.0
demo:GB17_1_WD_07,demo,demo:GB17,GB17,5,4,city:2641181,city:2643743,115.0
demo:GB17_1_WD_08,demo,demo:GB17,GB17,5,4,city:2641181,city:2643743,115.0
demo:GB17_1_WD_09,demo,demo:GB17,GB17,5,4,city:2641181,city:2643743,115.0
demo:GB17_1_WD_10,demo,demo:GB17,GB17,5,4,city:2641181,city:2643743,115.0
demo:GB17_1_WD_11,demo,demo:GB17,GB17,5,4,city:2641181,city:2643743,115.0
demo:GB17_1_WD_12,demo,demo:GB17,GB17,5,4,city:2641181,city:2643743,115.0
demo:GB17_1_WD_13,demo,demo:GB17,GB17,5,4,city:2641181,city:2643743,115.0
demo:GB17_1_WD_14,demo,demo:GB17,GB17,5,4,city:2641181,city:2643743,115.0
demo:GB17_1_WD_15,demo,demo:GB17,GB17,5,4,city:2641181,city:2643743,115.0
demo:GB17_1_WD_16,demo,demo:GB17,GB17,5,4,city:2641181,city:2643743,115.0
demo:GB17_1_WD_17,demo,demo:GB17,GB17,5,4,city:2641181,city:2643743,115.0
demo:GB17_1_WD_18,demo,demo:GB17,GB17,5,4,city:2641181,city:2643743,115.0
demo:GB17_1_WD_19,demo,demo:GB17,GB17,5,4,city:2641181,city:2643743,115.0
demo:GB17_1_WD_20,demo,demo:GB17,GB17,5,4,city:2641181,city:2643743,115.0
demo:GB17_1_WD_21,demo,demo:GB17,GB17,5,4,city:2641181,city:2643743,115.0
demo:GB17_1_WD_22,demo,demo:GB17,GB17,5,4,city:2641181,city:2643743,115.0
demo:GB17_1_WD_23,demo,demo:GB17,GB17,5,4,city:2641181,city:2643743,115.0
demo:GB17_1_WD_24,demo,demo:GB17,GB17,5,4,city:2641181,city:2643743,115.0
demo:GB17_1_WD_25,demo,demo:GB17,GB17,5,4,city:2641181,city:2643743,115.0
demo:GB17_1_WD_26,demo,demo:GB17,GB17,5,4,city:2641181,city:2643743,115.0
demo:GB17_1_WD_27,demo,demo:GB17,GB17,5,4,city:2641181,city:2643743,115.0
demo:GB17_1_WD_28,demo,demo:GB17,GB17,5,4,city:2641181,city:2643743,115.0
demo:GB17_1_WD_29,demo,demo:GB17,GB17,5,4,city:2641181,city:2643743,115.0
demo:GB17_1_WD_30,demo,demo:GB17,GB17,5,4,city:2641181,city:2643743,115.0
demo:GB17_1_WD_31,demo,demo:GB17,GB17,5,4,city:2641181,city:2643743,115.0
demo:GB17_1_WE_00,demo,demo:GB17,GB17,2,4,city:2641181,city:2643743,115.0
demo:GB17_1_WE_01,demo,demo:GB17,GB17,2,4,city:2641181,city:2643743,115.0
demo:GB17_1_WE_02,demo,demo:GB17,GB17,2,4,city:2641181,city:2643743,115.0
demo:GB17_1_WE_03,demo,demo:GB17,GB17,2,4,city:2641181,city:2643743,115.0
demo:GB17_1_WE_04,demo,demo:GB17,GB17,2,4,city:2641181,city:2643743,115.0
demo:GB17_1_WE_05,demo,demo:GB17,GB17,2,4,city:2641181,city:2643743,115.0
demo:GB17_1_WE_06,demo,demo:GB17,GB17,2,4,city:2641181,city:2643743,115.0
demo:GB17_1_WE_07,demo,demo:GB17,GB17,2,4,city:2641181,city:2643743,115.0
demo:GB17_1_WE_08,demo,demo:GB17,GB17,2,4,city:2641181,city:2643743,115.0
demo:GB17_1_WE_09,demo,demo:GB17,GB17,2,4,city:2641181,city:2643743,115.0
demo:GB17_1_WE_10,demo,demo:GB17,GB17,2,4,city:2641181,city:2643743,115.0
demo:GB17_1_WE_11,demo,demo:GB17,GB17,2,4,city:2641181,city:2643743,115.0
demo:GB17_1_WE_12,demo,demo:GB17,GB17,2,4,city:2641181,city:2643743,115.0
demo:GB17_1_WE_13,demo,demo:GB17,GB17,2,4,city:2641181,city:2643743,115.0
demo:GB17_1_WE_14,demo,demo:GB17,GB17,2,4,city:2641181,city:2643743,115.0
demo:GB17_1_WE_15,demo,demo:GB17,GB17,2,4,city:2641181,city:2643743,115.0
demo:GB17_1_WE_16,demo,demo:GB17,GB17,2,4,city:2641181,city:2643743,115.0
demo:GB17_1_WE_17,demo,demo:GB17,GB17,2,4,city:2641181,city:2643743,115.0
demo:GB17_1_WE_18,demo,demo:GB17,GB17,2,4,city:2641181,city:2643743,115.0
demo:GB17_1_WE_19,demo,demo:GB17,GB17,2,4,city:2641181,city:2643743,115.0
demo:GB17_1_WE_20,demo,demo:GB17,GB17,2,4,city:2641181,city:2643743,115.0
demo:GB17_1_WE_21,demo,demo:GB17,GB17,2,4,city:2641181,city:2643743,115.0
demo:GB17_1_WE_22,demo,demo:GB17,GB17,2,4,city:2641181,city:2643743,115.0
demo:GB17_1_WE_23,demo,demo:GB17,GB17,2,4,city:2641181,city:2643743,115.0
demo:GB17_1_WE_24,demo,demo:GB17,GB17,2,4,city:2641181,city:2643743,115.0
demo:GB17_1_WE_25,demo,demo:GB17,GB17,2,4,city:2641181,city:2643743,115.0
demo:GB17_1_WE_26,demo,demo:GB17,GB17,2,4,city:2641181,city:2643743,115.0
demo:GB18_0_WD_00,demo,demo:GB18,GB18,5,3,city:2643743,city:2654710,60.0
demo:GB18_0_WD_01,demo,demo:GB18,GB18,5,3,city:2643743,city:2654710,60.0
demo:GB18_0_WD_02,demo,demo:GB18,GB18,5,3,city:2643743,city:2654710,60.0
demo:GB18_0_WD_03,demo,demo:GB18,GB18,5,3,city:2643743,city:2654710,60.0
demo:GB18_0_WD_04,demo,demo:GB18,GB18,5,3,city:2643743,city:2654710,60.0
demo:GB18_0_WD_05,demo,demo:GB18,GB18,5,3,city:2643743,city:2654710,60.0
demo:GB18_0_WD_06,demo,demo:GB18,GB18,5,3,city:2643743,city:2654710,60.0
demo:GB18_0_WD_07,demo,demo:GB18,GB18,5,3,city:2643743,city:2654710,60.0
demo:GB18_0_WD_08,demo,demo:GB18,GB18,5,3,city:2643743,city:2654710,60.0
demo:GB18_0_WD_09,demo,demo:GB18,GB18,5,3,city:2643743,city:2654710,60.0
demo:GB18_0_WD_10,demo,demo:GB18,GB18,5,3,city:2643743,city:2654710,60.0
demo:GB18_0_WD_11,demo,demo:GB18,GB18,5,3,city:2643743,city:2654710,60.0
demo:GB18_0_WD_12,demo,demo:GB18,GB18,5,3,city:2643743,city:2654710,60.0
demo:GB18_0_WD_13,demo,demo:GB18,GB18,5,3,city:2643743,city:2654710,60.0
demo:GB18_0_WD_14,demo,demo:GB18,GB18,5,3,city:2643743,city:2654710,60.0
demo:GB18_0_WD_15,demo,demo:GB18,GB18,5,3,city:2643743,city:2654710,60.0
demo:GB18_0_WD_16,demo,demo:GB18,GB18,5,3,city:2643743,city:2654710,60.0
demo:GB18_0_WD_17,demo,demo:GB18,GB18,5,3,city:2643743,city:2654710,60.0
demo:GB18_0_WD_18,demo,demo:GB18,GB18,5,3,city:2643743,city:2654710,60.0
demo:GB18_0_WD_19,demo,demo:GB18,GB18,5,3,city:2643743,city:2654710,60.0
demo:GB18_0_WD_20,demo,demo:GB18,GB18,5,3,city:2643743,city:2654710,60.0
demo:GB18_0_WD_21,demo,demo:GB18,GB18,5,3,city:2643743,city:2654710,60.0
demo:GB18_0_WD_22,demo,demo:GB18,GB18,5,3,city:2643743,city:2654710,60.0
demo:GB18_0_WD_23,demo,demo:GB18,GB18,5,3,city:2643743,city:2654710,60.0
demo:GB18_0_WD_24,demo,demo:GB18,GB18,5,3,city:2643743,city:2654710,60.0
demo:GB18_0_WD_25,demo,demo:GB18,GB18,5,3,city:2643743,city:2654710,60.0
demo:GB18_0_WD_26,demo,demo:GB18,GB18,5,3,city:2643743,city:2654710,60.0
demo:GB18_0_WD_27,demo,demo:GB18,GB18,5,3,city:2643743,city:2654710,60.0
demo:GB18_0_WD_28,demo,demo:GB18,GB18,5,3,city:2643743,city:2654710,60.0
demo:GB18_0_WD_29,demo,demo:GB18,GB18,5,3,city:2643743,city:2654710,60.0
demo:GB18_0_WD_30,demo,demo:GB18,GB18,5,3,city:2643743,city:2654710,60.0
demo:GB18_0_WD_31,demo,demo:GB18,GB18,5,3,city:2643743,city:2654710,60.0
demo:GB18_0_WE_00,demo,demo:GB18,GB18,2,3,city:2643743,city:2654710,60.0
demo:GB18_0_WE_01,demo,demo:GB18,GB18,2,3,city:2643743,city:2654710,60.0
demo:GB18_0_WE_02,demo,demo:GB18,GB18,2,3,city:2643743,city:2654710,60.0
demo:GB18_0_WE_03,demo,demo:GB18,GB18,2,3,city:2643743,city:2654710,60.0
demo:GB18_0_WE_04,demo,demo:GB18,GB18,2,3,city:2643743,city:2654710,60.0
demo:GB18_0_WE_05,demo,demo:GB18,GB18,2,3,city:2643743,city:2654710,60.0
demo:GB18_0_WE_06,demo,demo:GB18,GB18,2,3,city:2643743,city:2654710,60.0
demo:GB18_0_WE_07,demo,demo:GB18,GB18,2,3,city:2643743,city:2654710,60.0
demo:GB18_0_WE_08,demo,demo:GB18,GB18,2,3,city:2643743,city:2654710,60.0
demo:GB18_0_WE_09,demo,demo:GB18,GB18,2,3,city:2643743,city:2654710,60.0
demo:GB18_0_WE_10,demo,demo:GB18,GB18,2,3,city:2643743,city:2654710,60.0
demo:GB18_0_WE_11,demo,demo:GB18,GB18,2,3,city:2643743,city:2654710,60.0
demo:GB18_0_WE_12,demo,demo:GB18,GB18,2,3,city:2643743,city:2654710,60.0
demo:GB18_0_WE_13,demo,demo:GB18,GB18,2,3,city:2643743,city:2654710,60.0
demo:GB18_0_WE_14,demo,demo:GB18,GB18,2,3,city:2643743,city:2654710,60.0
demo:GB18_0_WE_15,demo,demo:GB18,GB18,2,3,city:2643743,city:2654710,60.0
demo:GB18_0_WE_16,demo,demo:GB18,GB18,2,3,city:2643743,city:2654710,60.0
demo:GB18_0_WE_17,demo,demo:GB18,GB18,2,3,city:2643743,city:2654710,60.0
demo:GB18_0_WE_18,demo,demo:GB18,GB18,2,3,city:2643743,city:2654710,60.0
demo:GB18_0_WE_19,demo,demo:GB18,GB18,2,3,city:2643743,city:2654710,60.0
demo:GB18_0_WE_20,demo,demo:GB18,GB18,2,3,city:2643743,city:2654710,60.0
demo:GB18_0_WE_21,demo,demo:GB18,GB18,2,3,city:2643743,city:2654710,60.0
demo:GB18_0_WE_22,demo,demo:GB18,GB18,2,3,city:2643743,city:2654710,60.0
demo:GB18_0_WE_23,demo,demo:GB18,GB18,2,3,city:2643743,city:2654710,60.0
demo:GB18_0_WE_24,demo,demo:GB18,GB18,2,3,city:2643743,city:2654710,60.0
demo:GB18_0_WE_25,demo,demo:GB18,GB18,2,3,city:2643743,city:2654710,60.0
demo:GB18_0_WE_26,demo,demo:GB18,GB18,2,3,city:2643743,city:2654710,60.0
demo:GB18_1_WD_00,demo,demo:GB18,GB18,5,3,city:2654710,city:2643743,60.0
demo:GB18_1_WD_01,demo,demo:GB18,GB18,5,3,city:2654710,city:2643743,60.0
demo:GB18_1_WD_02,demo,demo:GB18,GB18,5,3,city:2654710,city:2643743,60.0
demo:GB18_1_WD_03,demo,demo:GB18,GB18,5,3,city:2654710,city:2643743,60.0
demo:GB18_1_WD_04,demo,demo:GB18,GB18,5,3,city:2654710,city:2643743,60.0
demo:GB18_1_WD_05,demo,demo:GB18,GB18,5,3,city:2654710,city:2643743,60.0
demo:GB18_1_WD_06,demo,demo:GB18,GB18,5,3,city:2654710,city:2643743,60.0
demo:GB18_1_WD_07,demo,demo:GB18,GB18,5,3,city:2654710,city:2643743,60.0
demo:GB18_1_WD_08,demo,demo:GB18,GB18,5,3,city:2654710,city:2643743,60.0
demo:GB18_1_WD_09,demo,demo:GB18,GB18,5,3,city:2654710,city:2643743,60.0
demo:GB18_1_WD_10,demo,demo:GB18,GB18,5,3,city:2654710,city:2643743,60.0
demo:GB18_1_WD_11,demo,demo:GB18,GB18,5,3,city:2654710,city:2643743,60.0
demo:GB18_1_WD_12,demo,demo:GB18,GB18,5,3,city:2654710,city:2643743,60.0
demo:GB18_1_WD_13,demo,demo:GB18,GB18,5,3,city:2654710,city:2643743,60.0
demo:GB18_1_WD_14,demo,demo:GB18,GB18,5,3,city:2654710,city:2643743,60.0
demo:GB18_1_WD_15,demo,demo:GB18,GB18,5,3,city:2654710,city:2643743,60.0
demo:GB18_1_WD_16,demo,demo:GB18,GB18,5,3,city:2654710,city:2643743,60.0
demo:GB18_1_WD_17,demo,demo:GB18,GB18,5,3,city:2654710,city:2643743,60.0
demo:GB18_1_WD_18,demo,demo:GB18,GB18,5,3,city:2654710,city:2643743,60.0
demo:GB18_1_WD_19,demo,demo:GB18,GB18,5,3,city:2654710,city:2643743,60.0
demo:GB18_1_WD_20,demo,demo:GB18,GB18,5,3,city:2654710,city:2643743,60.0
demo:GB18_1_WD_21,demo,demo:GB18,GB18,5,3,city:2654710,city:2643743,60.0
demo:GB18_1_WD_22,demo,demo:GB18,GB18,5,3,city:2654710,city:2643743,60.0
demo:GB18_1_WD_23,demo,demo:GB18,GB18,5,3,city:2654710,city:2643743,60.0
demo:GB18_1_WD_24,demo,demo:GB18,GB18,5,3,city:2654710,city:2643743,60.0
demo:GB18_1_WD_25,demo,demo:GB18,GB18,5,3,city:2654710,city:2643743,60.0
demo:GB18_1_WD_26,demo,demo:GB18,GB18,5,3,city:2654710,city:2643743,60.0
demo:GB18_1_WD_27,demo,demo:GB18,GB18,5,3,city:2654710,city:2643743,60.0
demo:GB18_1_WD_28,demo,demo:GB18,GB18,5,3,city:2654710,city:2643743,60.0
demo:GB18_1_WD_29,demo,demo:GB18,GB18,5,3,city:2654710,city:2643743,60.0
demo:GB18_1_WD_30,demo,demo:GB18,GB18,5,3,city:2654710,city:2643743,60.0
demo:GB18_1_WD_31,demo,demo:GB18,GB18,5,3,city:2654710,city:2643743,60.0
demo:GB18_1_WE_00,demo,demo:GB18,GB18,2,3,city:2654710,city:2643743,60.0
demo:GB18_1_WE_01,demo,demo:GB18,GB18,2,3,city:2654710,city:2643743,60.0
demo:GB18_1_WE_02,demo,demo:GB18,GB18,2,3,city:2654710,city:2643743,60.0
demo:GB18_1_WE_03,demo,demo:GB18,GB18,2,3,city:2654710,city:2643743,60.0
demo:GB18_1_WE_04,demo,demo:GB18,GB18,2,3,city:2654710,city:2643743,60.0
demo:GB18_1_WE_05,demo,demo:GB18,GB18,2,3,city:2654710,city:2643743,60.0
demo:GB18_1_WE_06,demo,demo:GB18,GB18,2,3,city:2654710,city:2643743,60.0
demo:GB18_1_WE_07,demo,demo:GB18,GB18,2,3,city:2654710,city:2643743,60.0
demo:GB18_1_WE_08,demo,demo:GB18,GB18,2,3,city:2654710,city:2643743,60.0
demo:GB18_1_WE_09,demo,demo:GB18,GB18,2,3,city:2654710,city:2643743,60.0
demo:GB18_1_WE_10,demo,demo:GB18,GB18,2,3,city:2654710,city:2643743,60.0
demo:GB18_1_WE_11,demo,demo:GB18,GB18,2,3,city:2654710,city:2643743,60.0
demo:GB18_1_WE_12,demo,demo:GB18,GB18,2,3,city:2654710,city:2643743,60.0
demo:GB18_1_WE_13,demo,demo:GB18,GB18,2,3,city:2654710,city:2643743,60.0
demo:GB18_1_WE_14,demo,demo:GB18,GB18,2,3,city:2654710,city:2643743,60.0
demo:GB18_1_WE_15,demo,demo:GB18,GB18,2,3,city:2654710,city:2643743,60.0
demo:GB18_1_WE_16,demo,demo:GB18,GB18,2,3,city:2654710,city:2643743,60.0
demo:GB18_1_WE_17,demo,demo:GB18,GB18,2,3,city:2654710,city:2643743,60.0
demo:GB18_1_WE_18,demo,demo:GB18,GB18,2,3,city:2654710,city:2643743,60.0
demo:GB18_1_WE_19,demo,demo:GB18,GB18,2,3,city:2654710,city:2643743,60.0
demo:GB18_1_WE_20,demo,demo:GB18,GB18,2,3,city:2654710,city:2643743,60.0
demo:GB18_1_WE_21,demo,demo:GB18,GB18,2,3,city:2654710,city:2643743,60.0
demo:GB18_1_WE_22,demo,demo:GB18,GB18,2,3,city:2654710,city:2643743,60.0
demo:GB18_1_WE_23,demo,demo:GB18,GB18,2,3,city:2654710,city:2643743,60.0
demo:GB18_1_WE_24,demo,demo:GB18,GB18,2,3,city:2654710,city:2643743,60.0
demo:GB18_1_WE_25,demo,demo:GB18,GB18,2,3,city:2654710,city:2643743,60.0
demo:GB18_1_WE_26,demo,demo:GB18,GB18,2,3,city:2654710,city:2643743,60.0
demo:GB19_0_WD_00,demo,demo:GB19,GB19,5,2,city:2650225,city:2648579,50.0
demo:GB19_0_WD_01,demo,demo:GB19,GB19,5,2,city:2650225,city:2648579,50.0
demo:GB19_0_WD_02,demo,demo:GB19,GB19,5,2,city:2650225,city:2648579,50.0
demo:GB19_0_WD_03,demo,demo:GB19,GB19,5,2,city:2650225,city:2648579,50.0
demo:GB19_0_WD_04,demo,demo:GB19,GB19,5,2,city:2650225,city:2648579,50.0
demo:GB19_0_WD_05,demo,demo:GB19,GB19,5,2,city:2650225,city:2648579,50.0
demo:GB19_0_WD_06,demo,demo:GB19,GB19,5,2,city:2650225,city:2648579,50.0
demo:GB19_0_WD_07,demo,demo:GB19,GB19,5,2,city:2650225,city:2648579,50.0
demo:GB19_0_WD_08,demo,demo:GB19,GB19,5,2,city:2650225,city:2648579,50.0
demo:GB19_0_WD_09,demo,demo:GB19,GB19,5,2,city:2650225,city:2648579,50.0
demo:GB19_0_WD_10,demo,demo:GB19,GB19,5,2,city:2650225,city:2648579,50.0
demo:GB19_0_WD_11,demo,demo:GB19,GB19,5,2,city:2650225,city:2648579,50.0
demo:GB19_0_WD_12,demo,demo:GB19,GB19,5,2,city:2650225,city:2648579,50.0
demo:GB19_0_WD_13,demo,demo:GB19,GB19,5,2,city:2650225,city:2648579,50.0
demo:GB19_0_WD_14,demo,demo:GB19,GB19,5,2,city:2650225,city:2648579,50.0
demo:GB19_0_WD_15,demo,demo:GB19,GB19,5,2,city:2650225,city:2648579,50.0
demo:GB19_0_WD_16,demo,demo:GB19,GB19,5,2,city:2650225,city:2648579,50.0
demo:GB19_0_WD_17,demo,demo:GB19,GB19,5,2,city:2650225,city:2648579,50.0
demo:GB19_0_WD_18,demo,demo:GB19,GB19,5,2,city:2650225,city:2648579,50.0
demo:GB19_0_WD_19,demo,demo:GB19,GB19,5,2,city:2650225,city:2648579,50.0
demo:GB19_0_WD_20,demo,demo:GB19,GB19,5,2,city:2650225,city:2648579,50.0
demo:GB19_0_WD_21,demo,demo:GB19,GB19,5,2,city:2650225,city:2648579,50.0
demo:GB19_0_WD_22,demo,demo:GB19,GB19,5,2,city:2650225,city:2648579,50.0
demo:GB19_0_WD_23,demo,demo:GB19,GB19,5,2,city:2650225,city:2648579,50.0
demo:GB19_0_WD_24,demo,demo:GB19,GB19,5,2,city:2650225,city:2648579,50.0
demo:GB19_0_WD_25,demo,demo:GB19,GB19,5,2,city:2650225,city:2648579,50.0
demo:GB19_0_WD_26,demo,demo:GB19,GB19,5,2,city:2650225,city:2648579,50.0
demo:GB19_0_WD_27,demo,demo:GB19,GB19,5,2,city:2650225,city:2648579,50.0
demo:GB19_0_WD_28,demo,demo:GB19,GB19,5,2,city:2650225,city:2648579,50.0
demo:GB19_0_WD_29,demo,demo:GB19,GB19,5,2,city:2650225,city:2648579,50.0
demo:GB19_0_WD_30,demo,demo:GB19,GB19,5,2,city:2650225,city:2648579,50.0
demo:GB19_0_WD_31,demo,demo:GB19,GB19,5,2,city:2650225,city:2648579,50.0
demo:GB19_0_WD_32,demo,demo:GB19,GB19,5,2,city:2650225,city:2648579,50.0
demo:GB19_0_WD_33,demo,demo:GB19,GB19,5,2,city:2650225,city:2648579,50.0
demo:GB19_0_WD_34,demo,demo:GB19,GB19,5,2,city:2650225,city:2648579,50.0
demo:GB19_0_WD_35,demo,demo:GB19,GB19,5,2,city:2650225,city:2648579,50.0
demo:GB19_0_WD_36,demo,demo:GB19,GB19,5,2,city:2650225,city:2648579,50.0
demo:GB19_0_WD_37,demo,demo:GB19,GB19,5,2,city:2650225,city:2648579,50.0
demo:GB19_0_WD_38,demo,demo:GB19,GB19,5,2,city:2650225,city:2648579,50.0
demo:GB19_0_WD_39,demo,demo:GB19,GB19,5,2,city:2650225,city:2648579,50.0
demo:GB19_0_WD_40,demo,demo:GB19,GB19,5,2,city:2650225,city:2648579,50.0
demo:GB19_0_WD_41,demo,demo:GB19,GB19,5,2,city:2650225,city:2648579,50.0
demo:GB19_0_WD_42,demo,demo:GB19,GB19,5,2,city:2650225,city:2648579,50.0
demo:GB19_0_WD_43,demo,demo:GB19,GB19,5,2,city:2650225,city:2648579,50.0
demo:GB19_0_WD_44,demo,demo:GB19,GB19,5,2,city:2650225,city:2648579,50.0
demo:GB19_0_WD_45,demo,demo:GB19,GB19,5,2,city:2650225,city:2648579,50.0
demo:GB19_0_WD_46,demo,demo:GB19,GB19,5,2,city:2650225,city:2648579,50.0
demo:GB19_0_WD_47,demo,demo:GB19,GB19,5,2,city:2650225,city:2648579,50.0
demo:GB19_0_WD_48,demo,demo:GB19,GB19,5,2,city:2650225,city:2648579,50.0
demo:GB19_0_WD_49,demo,demo:GB19,GB19,5,2,city:2650225,city:2648579,50.0
demo:GB19_0_WD_50,demo,demo:GB19,GB19,5,2,city:2650225,city:2648579,50.0
demo:GB19_0_WD_51,demo,demo:GB19,GB19,5,2,city:2650225,city:2648579,50.0
demo:GB19_0_WD_52,demo,demo:GB19,GB19,5,2,city:2650225,city:2648579,50.0
demo:GB19_0_WD_53,demo,demo:GB19,GB19,5,2,city:2650225,city:2648579,50.0
demo:GB19_0_WD_54,demo,demo:GB19,GB19,5,2,city:2650225,city:2648579,50.0
demo:GB19_0_WD_55,demo,demo:GB19,GB19,5,2,city:2650225,city:2648579,50.0
demo:GB19_0_WD_56,demo,demo:GB19,GB19,5,2,city:2650225,city:2648579,50.0
demo:GB19_0_WD_57,demo,demo:GB19,GB19,5,2,city:2650225,city:2648579,50.0
demo:GB19_0_WD_58,demo,demo:GB19,GB19,5,2,city:2650225,city:2648579,50.0
demo:GB19_0_WD_59,demo,demo:GB19,GB19,5,2,city:2650225,city:2648579,50.0
demo:GB19_0_WD_60,demo,demo:GB19,GB19,5,2,city:2650225,city:2648579,50.0
demo:GB19_0_WD_61,demo,demo:GB19,GB19,5,2,city:2650225,city:2648579,50.0
demo:GB19_0_WD_62,demo,demo:GB19,GB19,5,2,city:2650225,city:2648579,50.0
demo:GB19_0_WD_63,demo,demo:GB19,GB19,5,2,city:2650225,city:2648579,50.0
demo:GB19_0_WE_00,demo,demo:GB19,GB19,2,2,city:2650225,city:2648579,50.0
demo:GB19_0_WE_01,demo,demo:GB19,GB19,2,2,city:2650225,city:2648579,50.0
demo:GB19_0_WE_02,demo,demo:GB19,GB19,2,2,city:2650225,city:2648579,50.0
demo:GB19_0_WE_03,demo,demo:GB19,GB19,2,2,city:2650225,city:2648579,50.0
demo:GB19_0_WE_04,demo,demo:GB19,GB19,2,2,city:2650225,city:2648579,50.0
demo:GB19_0_WE_05,demo,demo:GB19,GB19,2,2,city:2650225,city:2648579,50.0
demo:GB19_0_WE_06,demo,demo:GB19,GB19,2,2,city:2650225,city:2648579,50.0
demo:GB19_0_WE_07,demo,demo:GB19,GB19,2,2,city:2650225,city:2648579,50.0
demo:GB19_0_WE_08,demo,demo:GB19,GB19,2,2,city:2650225,city:2648579,50.0
demo:GB19_0_WE_09,demo,demo:GB19,GB19,2,2,city:2650225,city:2648579,50.0
demo:GB19_0_WE_10,demo,demo:GB19,GB19,2,2,city:2650225,city:2648579,50.0
demo:GB19_0_WE_11,demo,demo:GB19,GB19,2,2,city:2650225,city:2648579,50.0
demo:GB19_0_WE_12,demo,demo:GB19,GB19,2,2,city:2650225,city:2648579,50.0
demo:GB19_0_WE_13,demo,demo:GB19,GB19,2,2,city:2650225,city:2648579,50.0
demo:GB19_0_WE_14,demo,demo:GB19,GB19,2,2,city:2650225,city:2648579,50.0
demo:GB19_0_WE_15,demo,demo:GB19,GB19,2,2,city:2650225,city:2648579,50.0
demo:GB19_0_WE_16,demo,demo:GB19,GB19,2,2,city:2650225,city:2648579,50.0
demo:GB19_0_WE_17,demo,demo:GB19,GB19,2,2,city:2650225,city:2648579,50.0
demo:GB19_0_WE_18,demo,demo:GB19,GB19,2,2,city:2650225,city:2648579,50.0
demo:GB19_0_WE_19,demo,demo:GB19,GB19,2,2,city:2650225,city:2648579,50.0
demo:GB19_0_WE_20,demo,demo:GB19,GB19,2,2,city:2650225,city:2648579,50.0
demo:GB19_0_WE_21,demo,demo:GB19,GB19,2,2,city:2650225,city:2648579,50.0
demo:GB19_0_WE_22,demo,demo:GB19,GB19,2,2,city:2650225,city:2648579,50.0
demo:GB19_0_WE_23,demo,demo:GB19,GB19,2,2,city:2650225,city:2648579,50.0
demo:GB19_0_WE_24,demo,demo:GB19,GB19,2,2,city:2650225,city:2648579,50.0
demo:GB19_0_WE_25,demo,demo:GB19,GB19,2,2,city:2650225,city:2648579,50.0
demo:GB19_0_WE_26,demo,demo:GB19,GB19,2,2,city:2650225,city:2648579,50.0
demo:GB19_0_WE_27,demo,demo:GB19,GB19,2,2,city:2650225,city:2648579,50.0
demo:GB19_0_WE_28,demo,demo:GB19,GB19,2,2,city:2650225,city:2648579,50.0
demo:GB19_0_WE_29,demo,demo:GB19,GB19,2,2,city:2650225,city:2648579,50.0
demo:GB19_0_WE_30,demo,demo:GB19,GB19,2,2,city:2650225,city:2648579,50.0
demo:GB19_0_WE_31,demo,demo:GB19,GB19,2,2,city:2650225,city:2648579,50.0
demo:GB19_0_WE_32,demo,demo:GB19,GB19,2,2,city:2650225,city:2648579,50.0
demo:GB19_0_WE_33,demo,demo:GB19,GB19,2,2,city:2650225,city:2648579,50.0
demo:GB19_0_WE_34,demo,demo:GB19,GB19,2,2,city:2650225,city:2648579,50.0
demo:GB19_0_WE_35,demo,demo:GB19,GB19,2,2,city:2650225,city:2648579,50.0
demo:GB19_0_WE_36,demo,demo:GB19,GB19,2,2,city:2650225,city:2648579,50.0
demo:GB19_0_WE_37,demo,demo:GB19,GB19,2,2,city:2650225,city:2648579,50.0
demo:GB19_0_WE_38,demo,demo:GB19,GB19,2,2,city:2650225,city:2648579,50.0
demo:GB19_0_WE_39,demo,demo:GB19,GB19,2,2,city:2650225,city:2648579,50.0
demo:GB19_0_WE_40,demo,demo:GB19,GB19,2,2,city:2650225,city:2648579,50.0
demo:GB19_0_WE_41,demo,demo:GB19,GB19,2,2,city:2650225,city:2648579,50.0
demo:GB19_0_WE_42,demo,demo:GB19,GB19,2,2,city:2650225,city:2648579,50.0
demo:GB19_0_WE_43,demo,demo:GB19,GB19,2,2,city:2650225,city:2648579,50.0
demo:GB19_0_WE_44,demo,demo:GB19,GB19,2,2,city:2650225,city:2648579,50.0
demo:GB19_0_WE_45,demo,demo:GB19,GB19,2,2,city:2650225,city:2648579,50.0
demo:GB19_0_WE_46,demo,demo:GB19,GB19,2,2,city:2650225,city:2648579,50.0
demo:GB19_0_WE_47,demo,demo:GB19,GB19,2,2,city:2650225,city:2648579,50.0
demo:GB19_0_WE_48,demo,demo:GB19,GB19,2,2,city:2650225,city:2648579,50.0
demo:GB19_0_WE_49,demo,demo:GB19,GB19,2,2,city:2650225,city:2648579,50.0
demo:GB19_0_WE_50,demo,demo:GB19,GB19,2,2,city:2650225,city:2648579,50.0
demo:GB19_0_WE_51,demo,demo:GB19,GB19,2,2,city:2650225,city:2648579,50.0
demo:GB19_0_WE_52,demo,demo:GB19,GB19,2,2,city:2650225,city:2648579,50.0
demo:GB19_0_WE_53,demo,demo:GB19,GB19,2,2,city:2650225,city:2648579,50.0
demo:GB19_1_WD_00,demo,demo:GB19,GB19,5,2,city:2648579,city:2650225,50.0
demo:GB19_1_WD_01,demo,demo:GB19,GB19,5,2,city:2648579,city:2650225,50.0
demo:GB19_1_WD_02,demo,demo:GB19,GB19,5,2,city:2648579,city:2650225,50.0
demo:GB19_1_WD_03,demo,demo:GB19,GB19,5,2,city:2648579,city:2650225,50.0
demo:GB19_1_WD_04,demo,demo:GB19,GB19,5,2,city:2648579,city:2650225,50.0
demo:GB19_1_WD_05,demo,demo:GB19,GB19,5,2,city:2648579,city:2650225,50.0
demo:GB19_1_WD_06,demo,demo:GB19,GB19,5,2,city:2648579,city:2650225,50.0
demo:GB19_1_WD_07,demo,demo:GB19,GB19,5,2,city:2648579,city:2650225,50.0
demo:GB19_1_WD_08,demo,demo:GB19,GB19,5,2,city:2648579,city:2650225,50.0
demo:GB19_1_WD_09,demo,demo:GB19,GB19,5,2,city:2648579,city:2650225,50.0
demo:GB19_1_WD_10,demo,demo:GB19,GB19,5,2,city:2648579,city:2650225,50.0
demo:GB19_1_WD_11,demo,demo:GB19,GB19,5,2,city:2648579,city:2650225,50.0
demo:GB19_1_WD_12,demo,demo:GB19,GB19,5,2,city:2648579,city:2650225,50.0
demo:GB19_1_WD_13,demo,demo:GB19,GB19,5,2,city:2648579,city:2650225,50.0
demo:GB19_1_WD_14,demo,demo:GB19,GB19,5,2,city:2648579,city:2650225,50.0
demo:GB19_1_WD_15,demo,demo:GB19,GB19,5,2,city:2648579,city:2650225,50.0
demo:GB19_1_WD_16,demo,demo:GB19,GB19,5,2,city:2648579,city:2650225,50.0
demo:GB19_1_WD_17,demo,demo:GB19,GB19,5,2,city:2648579,city:2650225,50.0
demo:GB19_1_WD_18,demo,demo:GB19,GB19,5,2,city:2648579,city:2650225,50.0
demo:GB19_1_WD_19,demo,demo:GB19,GB19,5,2,city:2648579,city:2650225,50.0
demo:GB19_1_WD_20,demo,demo:GB19,GB19,5,2,city:2648579,city:2650225,50.0
demo:GB19_1_WD_21,demo,demo:GB19,GB19,5,2,city:2648579,city:2650225,50.0
demo:GB19_1_WD_22,demo,demo:GB19,GB19,5,2,city:2648579,city:2650225,50.0
demo:GB19_1_WD_23,demo,demo:GB19,GB19,5,2,city:2648579,city:2650225,50.0
demo:GB19_1_WD_24,demo,demo:GB19,GB19,5,2,city:2648579,city:2650225,50.0
demo:GB19_1_WD_25,demo,demo:GB19,GB19,5,2,city:2648579,city:2650225,50.0
demo:GB19_1_WD_26,demo,demo:GB19,GB19,5,2,city:2648579,city:2650225,50.0
demo:GB19_1_WD_27,demo,demo:GB19,GB19,5,2,city:2648579,city:2650225,50.0
demo:GB19_1_WD_28,demo,demo:GB19,GB19,5,2,city:2648579,city:2650225,50.0
demo:GB19_1_WD_29,demo,demo:GB19,GB19,5,2,city:2648579,city:2650225,50.0
demo:GB19_1_WD_30,demo,demo:GB19,GB19,5,2,city:2648579,city:2650225,50.0
demo:GB19_1_WD_31,demo,demo:GB19,GB19,5,2,city:2648579,city:2650225,50.0
demo:GB19_1_WD_32,demo,demo:GB19,GB19,5,2,city:2648579,city:2650225,50.0
demo:GB19_1_WD_33,demo,demo:GB19,GB19,5,2,city:2648579,city:2650225,50.0
demo:GB19_1_WD_34,demo,demo:GB19,GB19,5,2,city:2648579,city:2650225,50.0
demo:GB19_1_WD_35,demo,demo:GB19,GB19,5,2,city:2648579,city:2650225,50.0
demo:GB19_1_WD_36,demo,demo:GB19,GB19,5,2,city:2648579,city:2650225,50.0
demo:GB19_1_WD_37,demo,demo:GB19,GB19,5,2,city:2648579,city:2650225,50.0
demo:GB19_1_WD_38,demo,demo:GB19,GB19,5,2,city:2648579,city:2650225,50.0
demo:GB19_1_WD_39,demo,demo:GB19,GB19,5,2,city:2648579,city:2650225,50.0
demo:GB19_1_WD_40,demo,demo:GB19,GB19,5,2,city:2648579,city:2650225,50.0
demo:GB19_1_WD_41,demo,demo:GB19,GB19,5,2,city:2648579,city:2650225,50.0
demo:GB19_1_WD_42,demo,demo:GB19,GB19,5,2,city:2648579,city:2650225,50.0
demo:GB19_1_WD_43,demo,demo:GB19,GB19,5,2,city:2648579,city:2650225,50.0
demo:GB19_1_WD_44,demo,demo:GB19,GB19,5,2,city:2648579,city:2650225,50.0
demo:GB19_1_WD_45,demo,demo:GB19,GB19,5,2,city:2648579,city:2650225,50.0
demo:GB19_1_WD_46,demo,demo:GB19,GB19,5,2,city:2648579,city:2650225,50.0
demo:GB19_1_WD_47,demo,demo:GB19,GB19,5,2,city:2648579,city:2650225,50.0
demo:GB19_1_WD_48,demo,demo:GB19,GB19,5,2,city:2648579,city:2650225,50.0
demo:GB19_1_WD_49,demo,demo:GB19,GB19,5,2,city:2648579,city:2650225,50.0
demo:GB19_1_WD_50,demo,demo:GB19,GB19,5,2,city:2648579,city:2650225,50.0
demo:GB19_1_WD_51,demo,demo:GB19,GB19,5,2,city:2648579,city:2650225,50.0
demo:GB19_1_WD_52,demo,demo:GB19,GB19,5,2,city:2648579,city:2650225,50.0
demo:GB19_1_WD_53,demo,demo:GB19,GB19,5,2,city:2648579,city:2650225,50.0
demo:GB19_1_WD_54,demo,demo:GB19,GB19,5,2,city:2648579,city:2650225,50.0
demo:GB19_1_WD_55,demo,demo:GB19,GB19,5,2,city:2648579,city:2650225,50.0
demo:GB19_1_WD_56,demo,demo:GB19,GB19,5,2,city:2648579,city:2650225,50.0
demo:GB19_1_WD_57,demo,demo:GB19,GB19,5,2,city:2648579,city:2650225,50.0
demo:GB19_1_WD_58,demo,demo:GB19,GB19,5,2,city:2648579,city:2650225,50.0
demo:GB19_1_WD_59,demo,demo:GB19,GB19,5,2,city:2648579,city:2650225,50.0
demo:GB19_1_WD_60,demo,demo:GB19,GB19,5,2,city:2648579,city:2650225,50.0
demo:GB19_1_WD_61,demo,demo:GB19,GB19,5,2,city:2648579,city:2650225,50.0
demo:GB19_1_WD_62,demo,demo:GB19,GB19,5,2,city:2648579,city:2650225,50.0
demo:GB19_1_WD_63,demo,demo:GB19,GB19,5,2,city:2648579,city:2650225,50.0
demo:GB19_1_WE_00,demo,demo:GB19,GB19,2,2,city:2648579,city:2650225,50.0
demo:GB19_1_WE_01,demo,demo:GB19,GB19,2,2,city:2648579,city:2650225,50.0
demo:GB19_1_WE_02,demo,demo:GB19,GB19,2,2,city:2648579,city:2650225,50.0
demo:GB19_1_WE_03,demo,demo:GB19,GB19,2,2,city:2648579,city:2650225,50.0
demo:GB19_1_WE_04,demo,demo:GB19,GB19,2,2,city:2648579,city:2650225,50.0
demo:GB19_1_WE_05,demo,demo:GB19,GB19,2,2,city:2648579,city:2650225,50.0
demo:GB19_1_WE_06,demo,demo:GB19,GB19,2,2,city:2648579,city:2650225,50.0
demo:GB19_1_WE_07,demo,demo:GB19,GB19,2,2,city:2648579,city:2650225,50.0
demo:GB19_1_WE_08,demo,demo:GB19,GB19,2,2,city:2648579,city:2650225,50.0
demo:GB19_1_WE_09,demo,demo:GB19,GB19,2,2,city:2648579,city:2650225,50.0
demo:GB19_1_WE_10,demo,demo:GB19,GB19,2,2,city:2648579,city:2650225,50.0
demo:GB19_1_WE_11,demo,demo:GB19,GB19,2,2,city:2648579,city:2650225,50.0
demo:GB19_1_WE_12,demo,demo:GB19,GB19,2,2,city:2648579,city:2650225,50.0
demo:GB19_1_WE_13,demo,demo:GB19,GB19,2,2,city:2648579,city:2650225,50.0
demo:GB19_1_WE_14,demo,demo:GB19,GB19,2,2,city:2648579,city:2650225,50.0
demo:GB19_1_WE_15,demo,demo:GB19,GB19,2,2,city:2648579,city:2650225,50.0
demo:GB19_1_WE_16,demo,demo:GB19,GB19,2,2,city:2648579,city:2650225,50.0
demo:GB19_1_WE_17,demo,demo:GB19,GB19,2,2,city:2648579,city:2650225,50.0
demo:GB19_1_WE_18,demo,demo:GB19,GB19,2,2,city:2648579,city:2650225,50.0
demo:GB19_1_WE_19,demo,demo:GB19,GB19,2,2,city:2648579,city:2650225,50.0
demo:GB19_1_WE_20,demo,demo:GB19,GB19,2,2,city:2648579,city:2650225,50.0
demo:GB19_1_WE_21,demo,demo:GB19,GB19,2,2,city:2648579,city:2650225,50.0
demo:GB19_1_WE_22,demo,demo:GB19,GB19,2,2,city:2648579,city:2650225,50.0
demo:GB19_1_WE_23,demo,demo:GB19,GB19,2,2,city:2648579,city:2650225,50.0
demo:GB19_1_WE_24,demo,demo:GB19,GB19,2,2,city:2648579,city:2650225,50.0
demo:GB19_1_WE_25,demo,demo:GB19,GB19,2,2,city:2648579,city:2650225,50.0
demo:GB19_1_WE_26,demo,demo:GB19,GB19,2,2,city:2648579,city:2650225,50.0
demo:GB19_1_WE_27,demo,demo:GB19,GB19,2,2,city:2648579,city:2650225,50.0
demo:GB19_1_WE_28,demo,demo:GB19,GB19,2,2,city:2648579,city:2650225,50.0
demo:GB19_1_WE_29,demo,demo:GB19,GB19,2,2,city:2648579,city:2650225,50.0
demo:GB19_1_WE_30,demo,demo:GB19,GB19,2,2,city:2648579,city:2650225,50.0
demo:GB19_1_WE_31,demo,demo:GB19,GB19,2,2,city:2648579,city:2650225,50.0
demo:GB19_1_WE_32,demo,demo:GB19,GB19,2,2,city:2648579,city:2650225,50.0
demo:GB19_1_WE_33,demo,demo:GB19,GB19,2,2,city:2648579,city:2650225,50.0
demo:GB19_1_WE_34,demo,demo:GB19,GB19,2,2,city:2648579,city:2650225,50.0
demo:GB19_1_WE_35,demo,demo:GB19,GB19,2,2,city:2648579,city:2650225,50.0
demo:GB19_1_WE_36,demo,demo:GB19,GB19,2,2,city:2648579,city:2650225,50.0
demo:GB19_1_WE_37,demo,demo:GB19,GB19,2,2,city:2648579,city:2650225,50.0
demo:GB19_1_WE_38,demo,demo:GB19,GB19,2,2,city:2648579,city:2650225,50.0
demo:GB19_1_WE_39,demo,demo:GB19,GB19,2,2,city:2648579,city:2650225,50.0
demo:GB19_1_WE_40,demo,demo:GB19,GB19,2,2,city:2648579,city:2650225,50.0
demo:GB19_1_WE_41,demo,demo:GB19,GB19,2,2,city:2648579,city:2650225,50.0
demo:GB19_1_WE_42,demo,demo:GB19,GB19,2,2,city:2648579,city:2650225,50.0
demo:GB19_1_WE_43,demo,demo:GB19,GB19,2,2,city:2648579,city:2650225,50.0
demo:GB19_1_WE_44,demo,demo:GB19,GB19,2,2,city:2648579,city:2650225,50.0
demo:GB19_1_WE_45,demo,demo:GB19,GB19,2,2,city:2648579,city:2650225,50.0
demo:GB19_1_WE_46,demo,demo:GB19,GB19,2,2,city:2648579,city:2650225,50.0
demo:GB19_1_WE_47,demo,demo:GB19,GB19,2,2,city:2648579,city:2650225,50.0
demo:GB19_1_WE_48,demo,demo:GB19,GB19,2,2,city:2648579,city:2650225,50.0
demo:GB19_1_WE_49,demo,demo:GB19,GB19,2,2,city:2648579,city:2650225,50.0
demo:GB19_1_WE_50,demo,demo:GB19,GB19,2,2,city:2648579,city:2650225,50.0
demo:GB19_1_WE_51,demo,demo:GB19,GB19,2,2,city:2648579,city:2650225,50.0
demo:GB19_1_WE_52,demo,demo:GB19,GB19,2,2,city:2648579,city:2650225,50.0
demo:GB19_1_WE_53,demo,demo:GB19,GB19,2,2,city:2648579,city:2650225,50.0
demo:GB20_0_WD_00,demo,demo:GB20,GB20,5,11,city:2650225,city:2640194,520.0
demo:GB20_0_WD_01,demo,demo:GB20,GB20,5,11,city:2650225,city:2640194,520.0
demo:GB20_0_WD_02,demo,demo:GB20,GB20,5,11,city:2650225,city:2640194,520.0
demo:GB20_0_WD_03,demo,demo:GB20,GB20,5,11,city:2650225,city:2640194,520.0
demo:GB20_0_WD_04,demo,demo:GB20,GB20,5,11,city:2650225,city:2640194,520.0
demo:GB20_0_WD_05,demo,demo:GB20,GB20,5,11,city:2650225,city:2640194,520.0
demo:GB20_0_WD_06,demo,demo:GB20,GB20,5,11,city:2650225,city:2640194,520.0
demo:GB20_0_WD_07,demo,demo:GB20,GB20,5,11,city:2650225,city:2640194,520.0
demo:GB20_0_WD_08,demo,demo:GB20,GB20,5,11,city:2650225,city:2640194,520.0
demo:GB20_0_WD_09,demo,demo:GB20,GB20,5,11,city:2650225,city:2640194,520.0
demo:GB20_0_WD_10,demo,demo:GB20,GB20,5,11,city:2650225,city:2640194,520.0
demo:GB20_0_WD_11,demo,demo:GB20,GB20,5,11,city:2650225,city:2640194,520.0
demo:GB20_0_WD_12,demo,demo:GB20,GB20,5,11,city:2650225,city:2640194,520.0
demo:GB20_0_WD_13,demo,demo:GB20,GB20,5,11,city:2650225,city:2640194,520.0
demo:GB20_0_WE_00,demo,demo:GB20,GB20,2,11,city:2650225,city:2640194,520.0
demo:GB20_0_WE_01,demo,demo:GB20,GB20,2,11,city:2650225,city:2640194,520.0
demo:GB20_0_WE_02,demo,demo:GB20,GB20,2,11,city:2650225,city:2640194,520.0
demo:GB20_0_WE_03,demo,demo:GB20,GB20,2,11,city:2650225,city:2640194,520.0
demo:GB20_0_WE_04,demo,demo:GB20,GB20,2,11,city:2650225,city:2640194,520.0
demo:GB20_0_WE_05,demo,demo:GB20,GB20,2,11,city:2650225,city:2640194,520.0
demo:GB20_0_WE_06,demo,demo:GB20,GB20,2,11,city:2650225,city:2640194,520.0
demo:GB20_0_WE_07,demo,demo:GB20,GB20,2,11,city:2650225,city:2640194,520.0
demo:GB20_0_WE_08,demo,demo:GB20,GB20,2,11,city:2650225,city:2640194,520.0
demo:GB20_0_WE_09,demo,demo:GB20,GB20,2,11,city:2650225,city:2640194,520.0
demo:GB20_0_WE_10,demo,demo:GB20,GB20,2,11,city:2650225,city:2640194,520.0
demo:GB20_0_WE_11,demo,demo:GB20,GB20,2,11,city:2650225,city:2640194,520.0
demo:GB20_1_WD_00,demo,demo:GB20,GB20,5,11,city:2640194,city:2650225,520.0
demo:GB20_1_WD_01,demo,demo:GB20,GB20,5,11,city:2640194,city:2650225,520.0
demo:GB20_1_WD_02,demo,demo:GB20,GB20,5,11,city:2640194,city:2650225,520.0
demo:GB20_1_WD_03,demo,demo:GB20,GB20,5,11,city:2640194,city:2650225,520.0
demo:GB20_1_WD_04,demo,demo:GB20,GB20,5,11,city:2640194,city:2650225,520.0
demo:GB20_1_WD_05,demo,demo:GB20,GB20,5,11,city:2640194,city:2650225,520.0
demo:GB20_1_WD_06,demo,demo:GB20,GB20,5,11,city:2640194,city:2650225,520.0
demo:GB20_1_WD_07,demo,demo:GB20,GB20,5,11,city:2640194,city:2650225,520.0
demo:GB20_1_WD_08,demo,demo:GB20,GB20,5,11,city:2640194,city:2650225,520.0
demo:GB20_1_WD_09,demo,demo:GB20,GB20,5,11,city:2640194,city:2650225,520.0
demo:GB20_1_WD_10,demo,demo:GB20,GB20,5,11,city:2640194,city:2650225,520.0
demo:GB20_1_WD_11,demo,demo:GB20,GB20,5,11,city:2640194,city:2650225,520.0
demo:GB20_1_WD_12,demo,demo:GB20,GB20,5,11,city:2640194,city:2650225,520.0
demo:GB20_1_WD_13,demo,demo:GB20,GB20,5,11,city:2640194,city:2650225,520.0
demo:GB20_1_WE_00,demo,demo:GB20,GB20,2,11,city:2640194,city:2650225,520.0
demo:GB20_1_WE_01,demo,demo:GB20,GB20,2,11,city:2640194,city:2650225,520.0
demo:GB20_1_WE_02,demo,demo:GB20,GB20,2,11,city:2640194,city:2650225,520.0
demo:GB20_1_WE_03,demo,demo:GB20,GB20,2,11,city:2640194,city:2650225,520.0
demo:GB20_1_WE_04,demo,demo:GB20,GB20,2,11,city:2640194,city:2650225,520.0
demo:GB20_1_WE_05,demo,demo:GB20,GB20,2,11,city:2640194,city:2650225,520.0
demo:GB20_1_WE_06,demo,demo:GB20,GB20,2,11,city:2640194,city:2650225,520.0
demo:GB20_1_WE_07,demo,demo:GB20,GB20,2,11,city:2640194,city:2650225,520.0
demo:GB20_1_WE_08,demo,demo:GB20,GB20,2,11,city:2640194,city:2650225,520.0
demo:GB20_1_WE_09,demo,demo:GB20,GB20,2,11,city:2640194,city:2650225,520.0
demo:GB20_1_WE_10,demo,demo:GB20,GB20,2,11,city:2640194,city:2650225,520.0
demo:GB20_1_WE_11,demo,demo:GB20,GB20,2,11,city:2640194,city:2650225,520.0
demo:GB21_0_WD_00,demo,demo:GB21,GB21,5,10,city:2643123,city:2655095,260.0
demo:GB21_0_WD_01,demo,demo:GB21,GB21,5,10,city:2643123,city:2655095,260.0
demo:GB21_0_WD_02,demo,demo:GB21,GB21,5,10,city:2643123,city:2655095,260.0
demo:GB21_0_WD_03,demo,demo:GB21,GB21,5,10,city:2643123,city:2655095,260.0
demo:GB21_0_WD_04,demo,demo:GB21,GB21,5,10,city:2643123,city:2655095,260.0
demo:GB21_0_WD_05,demo,demo:GB21,GB21,5,10,city:2643123,city:2655095,260.0
demo:GB21_0_WD_06,demo,demo:GB21,GB21,5,10,city:2643123,city:2655095,260.0
demo:GB21_0_WD_07,demo,demo:GB21,GB21,5,10,city:2643123,city:2655095,260.0
demo:GB21_0_WD_08,demo,demo:GB21,GB21,5,10,city:2643123,city:2655095,260.0
demo:GB21_0_WD_09,demo,demo:GB21,GB21,5,10,city:2643123,city:2655095,260.0
demo:GB21_0_WD_10,demo,demo:GB21,GB21,5,10,city:2643123,city:2655095,260.0
demo:GB21_0_WD_11,demo,demo:GB21,GB21,5,10,city:2643123,city:2655095,260.0
demo:GB21_0_WD_12,demo,demo:GB21,GB21,5,10,city:2643123,city:2655095,260.0
demo:GB21_0_WD_13,demo,demo:GB21,GB21,5,10,city:2643123,city:2655095,260.0
demo:GB21_0_WE_00,demo,demo:GB21,GB21,2,10,city:2643123,city:2655095,260.0
demo:GB21_0_WE_01,demo,demo:GB21,GB21,2,10,city:2643123,city:2655095,260.0
demo:GB21_0_WE_02,demo,demo:GB21,GB21,2,10,city:2643123,city:2655095,260.0
demo:GB21_0_WE_03,demo,demo:GB21,GB21,2,10,city:2643123,city:2655095,260.0
demo:GB21_0_WE_04,demo,demo:GB21,GB21,2,10,city:2643123,city:2655095,260.0
demo:GB21_0_WE_05,demo,demo:GB21,GB21,2,10,city:2643123,city:2655095,260.0
demo:GB21_0_WE_06,demo,demo:GB21,GB21,2,10,city:2643123,city:2655095,260.0
demo:GB21_0_WE_07,demo,demo:GB21,GB21,2,10,city:2643123,city:2655095,260.0
demo:GB21_0_WE_08,demo,demo:GB21,GB21,2,10,city:2643123,city:2655095,260.0
demo:GB21_0_WE_09,demo,demo:GB21,GB21,2,10,city:2643123,city:2655095,260.0
demo:GB21_0_WE_10,demo,demo:GB21,GB21,2,10,city:2643123,city:2655095,260.0
demo:GB21_0_WE_11,demo,demo:GB21,GB21,2,10,city:2643123,city:2655095,260.0
demo:GB21_1_WD_00,demo,demo:GB21,GB21,5,10,city:2655095,city:2643123,260.0
demo:GB21_1_WD_01,demo,demo:GB21,GB21,5,10,city:2655095,city:2643123,260.0
demo:GB21_1_WD_02,demo,demo:GB21,GB21,5,10,city:2655095,city:2643123,260.0
demo:GB21_1_WD_03,demo,demo:GB21,GB21,5,10,city:2655095,city:2643123,260.0
demo:GB21_1_WD_04,demo,demo:GB21,GB21,5,10,city:2655095,city:2643123,260.0
demo:GB21_1_WD_05,demo,demo:GB21,GB21,5,10,city:2655095,city:2643123,260.0
demo:GB21_1_WD_06,demo,demo:GB21,GB21,5,10,city:2655095,city:2643123,260.0
demo:GB21_1_WD_07,demo,demo:GB21,GB21,5,10,city:2655095,city:2643123,260.0
demo:GB21_1_WD_08,demo,demo:GB21,GB21,5,10,city:2655095,city:2643123,260.0
demo:GB21_1_WD_09,demo,demo:GB21,GB21,5,10,city:2655095,city:2643123,260.0
demo:GB21_1_WD_10,demo,demo:GB21,GB21,5,10,city:2655095,city:2643123,260.0
demo:GB21_1_WD_11,demo,demo:GB21,GB21,5,10,city:2655095,city:2643123,260.0
demo:GB21_1_WD_12,demo,demo:GB21,GB21,5,10,city:2655095,city:2643123,260.0
demo:GB21_1_WD_13,demo,demo:GB21,GB21,5,10,city:2655095,city:2643123,260.0
demo:GB21_1_WE_00,demo,demo:GB21,GB21,2,10,city:2655095,city:2643123,260.0
demo:GB21_1_WE_01,demo,demo:GB21,GB21,2,10,city:2655095,city:2643123,260.0
demo:GB21_1_WE_02,demo,demo:GB21,GB21,2,10,city:2655095,city:2643123,260.0
demo:GB21_1_WE_03,demo,demo:GB21,GB21,2,10,city:2655095,city:2643123,260.0
demo:GB21_1_WE_04,demo,demo:GB21,GB21,2,10,city:2655095,city:2643123,260.0
demo:GB21_1_WE_05,demo,demo:GB21,GB21,2,10,city:2655095,city:2643123,260.0
demo:GB21_1_WE_06,demo,demo:GB21,GB21,2,10,city:2655095,city:2643123,260.0
demo:GB21_1_WE_07,demo,demo:GB21,GB21,2,10,city:2655095,city:2643123,260.0
demo:GB21_1_WE_08,demo,demo:GB21,GB21,2,10,city:2655095,city:2643123,260.0
demo:GB21_1_WE_09,demo,demo:GB21,GB21,2,10,city:2655095,city:2643123,260.0
demo:GB21_1_WE_10,demo,demo:GB21,GB21,2,10,city:2655095,city:2643123,260.0
demo:GB21_1_WE_11,demo,demo:GB21,GB21,2,10,city:2655095,city:2643123,260.0
demo:GB22_0_WD_00,demo,demo:GB22,GB22,5,8,city:2644210,city:2641673,180.0
demo:GB22_0_WD_01,demo,demo:GB22,GB22,5,8,city:2644210,city:2641673,180.0
demo:GB22_0_WD_02,demo,demo:GB22,GB22,5,8,city:2644210,city:2641673,180.0
demo:GB22_0_WD_03,demo,demo:GB22,GB22,5,8,city:2644210,city:2641673,180.0
demo:GB22_0_WD_04,demo,demo:GB22,GB22,5,8,city:2644210,city:2641673,180.0
demo:GB22_0_WD_05,demo,demo:GB22,GB22,5,8,city:2644210,city:2641673,180.0
demo:GB22_0_WD_06,demo,demo:GB22,GB22,5,8,city:2644210,city:2641673,180.0
demo:GB22_0_WD_07,demo,demo:GB22,GB22,5,8,city:2644210,city:2641673,180.0
demo:GB22_0_WD_08,demo,demo:GB22,GB22,5,8,city:2644210,city:2641673,180.0
demo:GB22_0_WD_09,demo,demo:GB22,GB22,5,8,city:2644210,city:2641673,180.0
demo:GB22_0_WD_10,demo,demo:GB22,GB22,5,8,city:2644210,city:2641673,180.0
demo:GB22_0_WD_11,demo,demo:GB22,GB22,5,8,city:2644210,city:2641673,180.0
demo:GB22_0_WD_12,demo,demo:GB22,GB22,5,8,city:2644210,city:2641673,180.0
demo:GB22_0_WD_13,demo,demo:GB22,GB22,5,8,city:2644210,city:2641673,180.0
demo:GB22_0_WD_14,demo,demo:GB22,GB22,5,8,city:2644210,city:2641673,180.0
demo:GB22_0_WD_15,demo,demo:GB22,GB22,5,8,city:2644210,city:2641673,180.0
demo:GB22_0_WE_00,demo,demo:GB22,GB22,2,8,city:2644210,city:2641673,180.0
demo:GB22_0_WE_01,demo,demo:GB22,GB22,2,8,city:2644210,city:2641673,180.0
demo:GB22_0_WE_02,demo,demo:GB22,GB22,2,8,city:2644210,city:2641673,180.0
demo:GB22_0_WE_03,demo,demo:GB22,GB22,2,8,city:2644210,city:2641673,180.0
demo:GB22_0_WE_04,demo,demo:GB22,GB22,2,8,city:2644210,city:2641673,180.0
demo:GB22_0_WE_05,demo,demo:GB22,GB22,2,8,city:2644210,city:2641673,180.0
demo:GB22_0_WE_06,demo,demo:GB22,GB22,2,8,city:2644210,city:2641673,180.0
demo:GB22_0_WE_07,demo,demo:GB22,GB22,2,8,city:2644210,city:2641673,180.0
demo:GB22_0_WE_08,demo,demo:GB22,GB22,2,8,city:2644210,city:2641673,180.0
demo:GB22_0_WE_09,demo,demo:GB22,GB22,2,8,city:2644210,city:2641673,180.0
demo:GB22_0_WE_10,demo,demo:GB22,GB22,2,8,city:2644210,city:2641673,180.0
demo:GB22_0_WE_11,demo,demo:GB22,GB22,2,8,city:2644210,city:2641673,180.0
demo:GB22_0_WE_12,demo,demo:GB22,GB22,2,8,city:2644210,city:2641673,180.0
demo:GB22_0_WE_13,demo,demo:GB22,GB22,2,8,city:2644210,city:2641673,180.0
demo:GB22_1_WD_00,demo,demo:GB22,GB22,5,8,city:2641673,city:2644210,180.0
demo:GB22_1_WD_01,demo,demo:GB22,GB22,5,8,city:2641673,city:2644210,180.0
demo:GB22_1_WD_02,demo,demo:GB22,GB22,5,8,city:2641673,city:2644210,180.0
demo:GB22_1_WD_03,demo,demo:GB22,GB22,5,8,city:2641673,city:2644210,180.0
demo:GB22_1_WD_04,demo,demo:GB22,GB22,5,8,city:2641673,city:2644210,180.0
demo:GB22_1_WD_05,demo,demo:GB22,GB22,5,8,city:2641673,city:2644210,180.0
demo:GB22_1_WD_06,demo,demo:GB22,GB22,5,8,city:2641673,city:2644210,180.0
demo:GB22_1_WD_07,demo,demo:GB22,GB22,5,8,city:2641673,city:2644210,180.0
demo:GB22_1_WD_08,demo,demo:GB22,GB22,5,8,city:2641673,city:2644210,180.0
demo:GB22_1_WD_09,demo,demo:GB22,GB22,5,8,city:2641673,city:2644210,180.0
demo:GB22_1_WD_10,demo,demo:GB22,GB22,5,8,city:2641673,city:2644210,180.0
demo:GB22_1_WD_11,demo,demo:GB22,GB22,5,8,city:2641673,city:2644210,180.0
demo:GB22_1_WD_12,demo,demo:GB22,GB22,5,8,city:2641673,city:2644210,180.0
demo:GB22_1_WD_13,demo,demo:GB22,GB22,5,8,city:2641673,city:2644210,180.0
demo:GB22_1_WD_14,demo,demo:GB22,GB22,5,8,city:2641673,city:2644210,180.0
demo:GB22_1_WD_15,demo,demo:GB22,GB22,5,8,city:2641673,city:2644210,180.0
demo:GB22_1_WE_00,demo,demo:GB22,GB22,2,8,city:2641673,city:2644210,180.0
demo:GB22_1_WE_01,demo,demo:GB22,GB22,2,8,city:2641673,city:2644210,180.0
demo:GB22_1_WE_02,demo,demo:GB22,GB22,2,8,city:2641673,city:2644210,180.0
demo:GB22_1_WE_03,demo,demo:GB22,GB22,2,8,city:2641673,city:2644210,180.0
demo:GB22_1_WE_04,demo,demo:GB22,GB22,2,8,city:2641673,city:2644210,180.0
demo:GB22_1_WE_05,demo,demo:GB22,GB22,2,8,city:2641673,city:2644210,180.0
demo:GB22_1_WE_06,demo,demo:GB22,GB22,2,8,city:2641673,city:2644210,180.0
demo:GB22_1_WE_07,demo,demo:GB22,GB22,2,8,city:2641673,city:2644210,180.0
demo:GB22_1_WE_08,demo,demo:GB22,GB22,2,8,city:2641673,city:2644210,180.0
demo:GB22_1_WE_09,demo,demo:GB22,GB22,2,8,city:2641673,city:2644210,180.0
demo:GB22_1_WE_10,demo,demo:GB22,GB22,2,8,city:2641673,city:2644210,180.0
demo:GB22_1_WE_11,demo,demo:GB22,GB22,2,8,city:2641673,city:2644210,180.0
demo:GB22_1_WE_12,demo,demo:GB22,GB22,2,8,city:2641673,city:2644210,180.0
demo:GB22_1_WE_13,demo,demo:GB22,GB22,2,8,city:2641673,city:2644210,180.0
demo:GB23_0_WD_00,demo,demo:GB23,GB23,5,5,stn:demo:S0405,city:2633352,95.0
demo:GB23_0_WD_01,demo,demo:GB23,GB23,5,5,stn:demo:S0405,city:2633352,95.0
demo:GB23_0_WD_02,demo,demo:GB23,GB23,5,5,stn:demo:S0405,city:2633352,95.0
demo:GB23_0_WD_03,demo,demo:GB23,GB23,5,5,stn:demo:S0405,city:2633352,95.0
demo:GB23_0_WD_04,demo,demo:GB23,GB23,5,5,stn:demo:S0405,city:2633352,95.0
demo:GB23_0_WD_05,demo,demo:GB23,GB23,5,5,stn:demo:S0405,city:2633352,95.0
demo:GB23_0_WD_06,demo,demo:GB23,GB23,5,5,stn:demo:S0405,city:2633352,95.0
demo:GB23_0_WD_07,demo,demo:GB23,GB23,5,5,stn:demo:S0405,city:2633352,95.0
demo:GB23_0_WD_08,demo,demo:GB23,GB23,5,5,stn:demo:S0405,city:2633352,95.0
demo:GB23_0_WD_09,demo,demo:GB23,GB23,5,5,stn:demo:S0405,city:2633352,95.0
demo:GB23_0_WD_10,demo,demo:GB23,GB23,5,5,stn:demo:S0405,city:2633352,95.0
demo:GB23_0_WD_11,demo,demo:GB23,GB23,5,5,stn:demo:S0405,city:2633352,95.0
demo:GB23_0_WD_12,demo,demo:GB23,GB23,5,5,stn:demo:S0405,city:2633352,95.0
demo:GB23_0_WD_13,demo,demo:GB23,GB23,5,5,stn:demo:S0405,city:2633352,95.0
demo:GB23_0_WD_14,demo,demo:GB23,GB23,5,5,stn:demo:S0405,city:2633352,95.0
demo:GB23_0_WD_15,demo,demo:GB23,GB23,5,5,stn:demo:S0405,city:2633352,95.0
demo:GB23_0_WE_00,demo,demo:GB23,GB23,2,5,stn:demo:S0405,city:2633352,95.0
demo:GB23_0_WE_01,demo,demo:GB23,GB23,2,5,stn:demo:S0405,city:2633352,95.0
demo:GB23_0_WE_02,demo,demo:GB23,GB23,2,5,stn:demo:S0405,city:2633352,95.0
demo:GB23_0_WE_03,demo,demo:GB23,GB23,2,5,stn:demo:S0405,city:2633352,94.0
demo:GB23_0_WE_04,demo,demo:GB23,GB23,2,5,stn:demo:S0405,city:2633352,95.0
demo:GB23_0_WE_05,demo,demo:GB23,GB23,2,5,stn:demo:S0405,city:2633352,95.0
demo:GB23_0_WE_06,demo,demo:GB23,GB23,2,5,stn:demo:S0405,city:2633352,95.0
demo:GB23_0_WE_07,demo,demo:GB23,GB23,2,5,stn:demo:S0405,city:2633352,95.0
demo:GB23_0_WE_08,demo,demo:GB23,GB23,2,5,stn:demo:S0405,city:2633352,95.0
demo:GB23_0_WE_09,demo,demo:GB23,GB23,2,5,stn:demo:S0405,city:2633352,95.0
demo:GB23_0_WE_10,demo,demo:GB23,GB23,2,5,stn:demo:S0405,city:2633352,96.0
demo:GB23_0_WE_11,demo,demo:GB23,GB23,2,5,stn:demo:S0405,city:2633352,95.0
demo:GB23_0_WE_12,demo,demo:GB23,GB23,2,5,stn:demo:S0405,city:2633352,95.0
demo:GB23_0_WE_13,demo,demo:GB23,GB23,2,5,stn:demo:S0405,city:2633352,95.0
demo:GB23_1_WD_00,demo,demo:GB23,GB23,5,5,city:2633352,stn:demo:S0405,95.0
demo:GB23_1_WD_01,demo,demo:GB23,GB23,5,5,city:2633352,stn:demo:S0405,95.0
demo:GB23_1_WD_02,demo,demo:GB23,GB23,5,5,city:2633352,stn:demo:S0405,95.0
demo:GB23_1_WD_03,demo,demo:GB23,GB23,5,5,city:2633352,stn:demo:S0405,95.0
demo:GB23_1_WD_04,demo,demo:GB23,GB23,5,5,city:2633352,stn:demo:S0405,95.0
demo:GB23_1_WD_05,demo,demo:GB23,GB23,5,5,city:2633352,stn:demo:S0405,95.0
demo:GB23_1_WD_06,demo,demo:GB23,GB23,5,5,city:2633352,stn:demo:S0405,95.0
demo:GB23_1_WD_07,demo,demo:GB23,GB23,5,5,city:2633352,stn:demo:S0405,95.0
demo:GB23_1_WD_08,demo,demo:GB23,GB23,5,5,city:2633352,stn:demo:S0405,95.0
demo:GB23_1_WD_09,demo,demo:GB23,GB23,5,5,city:2633352,stn:demo:S0405,95.0
demo:GB23_1_WD_10,demo,demo:GB23,GB23,5,5,city:2633352,stn:demo:S0405,95.0
demo:GB23_1_WD_11,demo,demo:GB23,GB23,5,5,city:2633352,stn:demo:S0405,95.0
demo:GB23_1_WD_12,demo,demo:GB23,GB23,5,5,city:2633352,stn:demo:S0405,95.0
demo:GB23_1_WD_13,demo,demo:GB23,GB23,5,5,city:2633352,stn:demo:S0405,95.0
demo:GB23_1_WD_14,demo,demo:GB23,GB23,5,5,city:2633352,stn:demo:S0405,95.0
demo:GB23_1_WD_15,demo,demo:GB23,GB23,5,5,city:2633352,stn:demo:S0405,95.0
demo:GB23_1_WE_00,demo,demo:GB23,GB23,2,5,city:2633352,stn:demo:S0405,95.0
demo:GB23_1_WE_01,demo,demo:GB23,GB23,2,5,city:2633352,stn:demo:S0405,95.0
demo:GB23_1_WE_02,demo,demo:GB23,GB23,2,5,city:2633352,stn:demo:S0405,95.0
demo:GB23_1_WE_03,demo,demo:GB23,GB23,2,5,city:2633352,stn:demo:S0405,94.0
demo:GB23_1_WE_04,demo,demo:GB23,GB23,2,5,city:2633352,stn:demo:S0405,95.0
demo:GB23_1_WE_05,demo,demo:GB23,GB23,2,5,city:2633352,stn:demo:S0405,95.0
demo:GB23_1_WE_06,demo,demo:GB23,GB23,2,5,city:2633352,stn:demo:S0405,95.0
demo:GB23_1_WE_07,demo,demo:GB23,GB23,2,5,city:2633352,stn:demo:S0405,95.0
demo:GB23_1_WE_08,demo,demo:GB23,GB23,2,5,city:2633352,stn:demo:S0405,95.0
demo:GB23_1_WE_09,demo,demo:GB23,GB23,2,5,city:2633352,stn:demo:S0405,95.0
demo:GB23_1_WE_10,demo,demo:GB23,GB23,2,5,city:2633352,stn:demo:S0405,96.0
demo:GB23_1_WE_11,demo,demo:GB23,GB23,2,5,city:2633352,stn:demo:S0405,95.0
demo:GB23_1_WE_12,demo,demo:GB23,GB23,2,5,city:2633352,stn:demo:S0405,95.0
demo:GB23_1_WE_13,demo,demo:GB23,GB23,2,5,city:2633352,stn:demo:S0405,95.0
demo:GB24_0_WD_00,demo,demo:GB24,GB24,5,3,city:2643123,city:2638077,50.0
demo:GB24_0_WD_01,demo,demo:GB24,GB24,5,3,city:2643123,city:2638077,50.0
demo:GB24_0_WD_02,demo,demo:GB24,GB24,5,3,city:2643123,city:2638077,50.0
demo:GB24_0_WD_03,demo,demo:GB24,GB24,5,3,city:2643123,city:2638077,50.0
demo:GB24_0_WD_04,demo,demo:GB24,GB24,5,3,city:2643123,city:2638077,50.0
demo:GB24_0_WD_05,demo,demo:GB24,GB24,5,3,city:2643123,city:2638077,50.0
demo:GB24_0_WD_06,demo,demo:GB24,GB24,5,3,city:2643123,city:2638077,50.0
demo:GB24_0_WD_07,demo,demo:GB24,GB24,5,3,city:2643123,city:2638077,50.0
demo:GB24_0_WD_08,demo,demo:GB24,GB24,5,3,city:2643123,city:2638077,50.0
demo:GB24_0_WD_09,demo,demo:GB24,GB24,5,3,city:2643123,city:2638077,50.0
demo:GB24_0_WD_10,demo,demo:GB24,GB24,5,3,city:2643123,city:2638077,50.0
demo:GB24_0_WD_11,demo,demo:GB24,GB24,5,3,city:2643123,city:2638077,50.0
demo:GB24_0_WD_12,demo,demo:GB24,GB24,5,3,city:2643123,city:2638077,50.0
demo:GB24_0_WD_13,demo,demo:GB24,GB24,5,3,city:2643123,city:2638077,50.0
demo:GB24_0_WD_14,demo,demo:GB24,GB24,5,3,city:2643123,city:2638077,50.0
demo:GB24_0_WD_15,demo,demo:GB24,GB24,5,3,city:2643123,city:2638077,50.0
demo:GB24_0_WD_16,demo,demo:GB24,GB24,5,3,city:2643123,city:2638077,50.0
demo:GB24_0_WD_17,demo,demo:GB24,GB24,5,3,city:2643123,city:2638077,50.0
demo:GB24_0_WD_18,demo,demo:GB24,GB24,5,3,city:2643123,city:2638077,50.0
demo:GB24_0_WD_19,demo,demo:GB24,GB24,5,3,city:2643123,city:2638077,50.0
demo:GB24_0_WD_20,demo,demo:GB24,GB24,5,3,city:2643123,city:2638077,50.0
demo:GB24_0_WD_21,demo,demo:GB24,GB24,5,3,city:2643123,city:2638077,50.0
demo:GB24_0_WD_22,demo,demo:GB24,GB24,5,3,city:2643123,city:2638077,50.0
demo:GB24_0_WD_23,demo,demo:GB24,GB24,5,3,city:2643123,city:2638077,50.0
demo:GB24_0_WD_24,demo,demo:GB24,GB24,5,3,city:2643123,city:2638077,50.0
demo:GB24_0_WD_25,demo,demo:GB24,GB24,5,3,city:2643123,city:2638077,50.0
demo:GB24_0_WD_26,demo,demo:GB24,GB24,5,3,city:2643123,city:2638077,50.0
demo:GB24_0_WD_27,demo,demo:GB24,GB24,5,3,city:2643123,city:2638077,50.0
demo:GB24_0_WD_28,demo,demo:GB24,GB24,5,3,city:2643123,city:2638077,50.0
demo:GB24_0_WD_29,demo,demo:GB24,GB24,5,3,city:2643123,city:2638077,50.0
demo:GB24_0_WD_30,demo,demo:GB24,GB24,5,3,city:2643123,city:2638077,50.0
demo:GB24_0_WD_31,demo,demo:GB24,GB24,5,3,city:2643123,city:2638077,50.0
demo:GB24_0_WE_00,demo,demo:GB24,GB24,2,3,city:2643123,city:2638077,50.0
demo:GB24_0_WE_01,demo,demo:GB24,GB24,2,3,city:2643123,city:2638077,50.0
demo:GB24_0_WE_02,demo,demo:GB24,GB24,2,3,city:2643123,city:2638077,50.0
demo:GB24_0_WE_03,demo,demo:GB24,GB24,2,3,city:2643123,city:2638077,50.0
demo:GB24_0_WE_04,demo,demo:GB24,GB24,2,3,city:2643123,city:2638077,50.0
demo:GB24_0_WE_05,demo,demo:GB24,GB24,2,3,city:2643123,city:2638077,50.0
demo:GB24_0_WE_06,demo,demo:GB24,GB24,2,3,city:2643123,city:2638077,50.0
demo:GB24_0_WE_07,demo,demo:GB24,GB24,2,3,city:2643123,city:2638077,50.0
demo:GB24_0_WE_08,demo,demo:GB24,GB24,2,3,city:2643123,city:2638077,50.0
demo:GB24_0_WE_09,demo,demo:GB24,GB24,2,3,city:2643123,city:2638077,50.0
demo:GB24_0_WE_10,demo,demo:GB24,GB24,2,3,city:2643123,city:2638077,50.0
demo:GB24_0_WE_11,demo,demo:GB24,GB24,2,3,city:2643123,city:2638077,50.0
demo:GB24_0_WE_12,demo,demo:GB24,GB24,2,3,city:2643123,city:2638077,50.0
demo:GB24_0_WE_13,demo,demo:GB24,GB24,2,3,city:2643123,city:2638077,50.0
demo:GB24_0_WE_14,demo,demo:GB24,GB24,2,3,city:2643123,city:2638077,50.0
demo:GB24_0_WE_15,demo,demo:GB24,GB24,2,3,city:2643123,city:2638077,50.0
demo:GB24_0_WE_16,demo,demo:GB24,GB24,2,3,city:2643123,city:2638077,50.0
demo:GB24_0_WE_17,demo,demo:GB24,GB24,2,3,city:2643123,city:2638077,50.0
demo:GB24_0_WE_18,demo,demo:GB24,GB24,2,3,city:2643123,city:2638077,50.0
demo:GB24_0_WE_19,demo,demo:GB24,GB24,2,3,city:2643123,city:2638077,50.0
demo:GB24_0_WE_20,demo,demo:GB24,GB24,2,3,city:2643123,city:2638077,50.0
demo:GB24_0_WE_21,demo,demo:GB24,GB24,2,3,city:2643123,city:2638077,50.0
demo:GB24_0_WE_22,demo,demo:GB24,GB24,2,3,city:2643123,city:2638077,50.0
demo:GB24_0_WE_23,demo,demo:GB24,GB24,2,3,city:2643123,city:2638077,50.0
demo:GB24_0_WE_24,demo,demo:GB24,GB24,2,3,city:2643123,city:2638077,50.0
demo:GB24_0_WE_25,demo,demo:GB24,GB24,2,3,city:2643123,city:2638077,50.0
demo:GB24_0_WE_26,demo,demo:GB24,GB24,2,3,city:2643123,city:2638077,50.0
demo:GB24_1_WD_00,demo,demo:GB24,GB24,5,3,city:2638077,city:2643123,50.0
demo:GB24_1_WD_01,demo,demo:GB24,GB24,5,3,city:2638077,city:2643123,50.0
demo:GB24_1_WD_02,demo,demo:GB24,GB24,5,3,city:2638077,city:2643123,50.0
demo:GB24_1_WD_03,demo,demo:GB24,GB24,5,3,city:2638077,city:2643123,50.0
demo:GB24_1_WD_04,demo,demo:GB24,GB24,5,3,city:2638077,city:2643123,50.0
demo:GB24_1_WD_05,demo,demo:GB24,GB24,5,3,city:2638077,city:2643123,50.0
demo:GB24_1_WD_06,demo,demo:GB24,GB24,5,3,city:2638077,city:2643123,50.0
demo:GB24_1_WD_07,demo,demo:GB24,GB24,5,3,city:2638077,city:2643123,50.0
demo:GB24_1_WD_08,demo,demo:GB24,GB24,5,3,city:2638077,city:2643123,50.0
demo:GB24_1_WD_09,demo,demo:GB24,GB24,5,3,city:2638077,city:2643123,50.0
demo:GB24_1_WD_10,demo,demo:GB24,GB24,5,3,city:2638077,city:2643123,50.0
demo:GB24_1_WD_11,demo,demo:GB24,GB24,5,3,city:2638077,city:2643123,50.0
demo:GB24_1_WD_12,demo,demo:GB24,GB24,5,3,city:2638077,city:2643123,50.0
demo:GB24_1_WD_13,demo,demo:GB24,GB24,5,3,city:2638077,city:2643123,50.0
demo:GB24_1_WD_14,demo,demo:GB24,GB24,5,3,city:2638077,city:2643123,50.0
demo:GB24_1_WD_15,demo,demo:GB24,GB24,5,3,city:2638077,city:2643123,50.0
demo:GB24_1_WD_16,demo,demo:GB24,GB24,5,3,city:2638077,city:2643123,50.0
demo:GB24_1_WD_17,demo,demo:GB24,GB24,5,3,city:2638077,city:2643123,50.0
demo:GB24_1_WD_18,demo,demo:GB24,GB24,5,3,city:2638077,city:2643123,50.0
demo:GB24_1_WD_19,demo,demo:GB24,GB24,5,3,city:2638077,city:2643123,50.0
demo:GB24_1_WD_20,demo,demo:GB24,GB24,5,3,city:2638077,city:2643123,50.0
demo:GB24_1_WD_21,demo,demo:GB24,GB24,5,3,city:2638077,city:2643123,50.0
demo:GB24_1_WD_22,demo,demo:GB24,GB24,5,3,city:2638077,city:2643123,50.0
demo:GB24_1_WD_23,demo,demo:GB24,GB24,5,3,city:2638077,city:2643123,50.0
demo:GB24_1_WD_24,demo,demo:GB24,GB24,5,3,city:2638077,city:2643123,50.0
demo:GB24_1_WD_25,demo,demo:GB24,GB24,5,3,city:2638077,city:2643123,50.0
demo:GB24_1_WD_26,demo,demo:GB24,GB24,5,3,city:2638077,city:2643123,50.0
demo:GB24_1_WD_27,demo,demo:GB24,GB24,5,3,city:2638077,city:2643123,50.0
demo:GB24_1_WD_28,demo,demo:GB24,GB24,5,3,city:2638077,city:2643123,50.0
demo:GB24_1_WD_29,demo,demo:GB24,GB24,5,3,city:2638077,city:2643123,50.0
demo:GB24_1_WD_30,demo,demo:GB24,GB24,5,3,city:2638077,city:2643123,50.0
demo:GB24_1_WD_31,demo,demo:GB24,GB24,5,3,city:2638077,city:2643123,50.0
demo:GB24_1_WE_00,demo,demo:GB24,GB24,2,3,city:2638077,city:2643123,50.0
demo:GB24_1_WE_01,demo,demo:GB24,GB24,2,3,city:2638077,city:2643123,50.0
demo:GB24_1_WE_02,demo,demo:GB24,GB24,2,3,city:2638077,city:2643123,50.0
demo:GB24_1_WE_03,demo,demo:GB24,GB24,2,3,city:2638077,city:2643123,50.0
demo:GB24_1_WE_04,demo,demo:GB24,GB24,2,3,city:2638077,city:2643123,50.0
demo:GB24_1_WE_05,demo,demo:GB24,GB24,2,3,city:2638077,city:2643123,50.0
demo:GB24_1_WE_06,demo,demo:GB24,GB24,2,3,city:2638077,city:2643123,50.0
demo:GB24_1_WE_07,demo,demo:GB24,GB24,2,3,city:2638077,city:2643123,50.0
demo:GB24_1_WE_08,demo,demo:GB24,GB24,2,3,city:2638077,city:2643123,50.0
demo:GB24_1_WE_09,demo,demo:GB24,GB24,2,3,city:2638077,city:2643123,50.0
demo:GB24_1_WE_10,demo,demo:GB24,GB24,2,3,city:2638077,city:2643123,50.0
demo:GB24_1_WE_11,demo,demo:GB24,GB24,2,3,city:2638077,city:2643123,50.0
demo:GB24_1_WE_12,demo,demo:GB24,GB24,2,3,city:2638077,city:2643123,50.0
demo:GB24_1_WE_13,demo,demo:GB24,GB24,2,3,city:2638077,city:2643123,50.0
demo:GB24_1_WE_14,demo,demo:GB24,GB24,2,3,city:2638077,city:2643123,50.0
demo:GB24_1_WE_15,demo,demo:GB24,GB24,2,3,city:2638077,city:2643123,50.0
demo:GB24_1_WE_16,demo,demo:GB24,GB24,2,3,city:2638077,city:2643123,50.0
demo:GB24_1_WE_17,demo,demo:GB24,GB24,2,3,city:2638077,city:2643123,50.0
demo:GB24_1_WE_18,demo,demo:GB24,GB24,2,3,city:2638077,city:2643123,50.0
demo:GB24_1_WE_19,demo,demo:GB24,GB24,2,3,city:2638077,city:2643123,50.0
demo:GB24_1_WE_20,demo,demo:GB24,GB24,2,3,city:2638077,city:2643123,50.0
demo:GB24_1_WE_21,demo,demo:GB24,GB24,2,3,city:2638077,city:2643123,50.0
demo:GB24_1_WE_22,demo,demo:GB24,GB24,2,3,city:2638077,city:2643123,50.0
demo:GB24_1_WE_23,demo,demo:GB24,GB24,2,3,city:2638077,city:2643123,50.0
demo:GB24_1_WE_24,demo,demo:GB24,GB24,2,3,city:2638077,city:2643123,50.0
demo:GB24_1_WE_25,demo,demo:GB24,GB24,2,3,city:2638077,city:2643123,50.0
demo:GB24_1_WE_26,demo,demo:GB24,GB24,2,3,city:2638077,city:2643123,50.0
demo:GB25_0_WD_00,demo,demo:GB25,GB25,5,5,city:2648579,city:2657832,150.0
demo:GB25_0_WD_01,demo,demo:GB25,GB25,5,5,city:2648579,city:2657832,150.0
demo:GB25_0_WD_02,demo,demo:GB25,GB25,5,5,city:2648579,city:2657832,150.0
demo:GB25_0_WD_03,demo,demo:GB25,GB25,5,5,city:2648579,city:2657832,150.0
demo:GB25_0_WD_04,demo,demo:GB25,GB25,5,5,city:2648579,city:2657832,150.0
demo:GB25_0_WD_05,demo,demo:GB25,GB25,5,5,city:2648579,city:2657832,150.0
demo:GB25_0_WD_06,demo,demo:GB25,GB25,5,5,city:2648579,city:2657832,150.0
demo:GB25_0_WD_07,demo,demo:GB25,GB25,5,5,city:2648579,city:2657832,150.0
demo:GB25_0_WD_08,demo,demo:GB25,GB25,5,5,city:2648579,city:2657832,150.0
demo:GB25_0_WD_09,demo,demo:GB25,GB25,5,5,city:2648579,city:2657832,150.0
demo:GB25_0_WD_10,demo,demo:GB25,GB25,5,5,city:2648579,city:2657832,150.0
demo:GB25_0_WD_11,demo,demo:GB25,GB25,5,5,city:2648579,city:2657832,150.0
demo:GB25_0_WD_12,demo,demo:GB25,GB25,5,5,city:2648579,city:2657832,150.0
demo:GB25_0_WD_13,demo,demo:GB25,GB25,5,5,city:2648579,city:2657832,150.0
demo:GB25_0_WD_14,demo,demo:GB25,GB25,5,5,city:2648579,city:2657832,150.0
demo:GB25_0_WD_15,demo,demo:GB25,GB25,5,5,city:2648579,city:2657832,150.0
demo:GB25_0_WE_00,demo,demo:GB25,GB25,2,5,city:2648579,city:2657832,150.0
demo:GB25_0_WE_01,demo,demo:GB25,GB25,2,5,city:2648579,city:2657832,150.0
demo:GB25_0_WE_02,demo,demo:GB25,GB25,2,5,city:2648579,city:2657832,150.0
demo:GB25_0_WE_03,demo,demo:GB25,GB25,2,5,city:2648579,city:2657832,150.0
demo:GB25_0_WE_04,demo,demo:GB25,GB25,2,5,city:2648579,city:2657832,150.0
demo:GB25_0_WE_05,demo,demo:GB25,GB25,2,5,city:2648579,city:2657832,150.0
demo:GB25_0_WE_06,demo,demo:GB25,GB25,2,5,city:2648579,city:2657832,150.0
demo:GB25_0_WE_07,demo,demo:GB25,GB25,2,5,city:2648579,city:2657832,150.0
demo:GB25_0_WE_08,demo,demo:GB25,GB25,2,5,city:2648579,city:2657832,150.0
demo:GB25_0_WE_09,demo,demo:GB25,GB25,2,5,city:2648579,city:2657832,150.0
demo:GB25_0_WE_10,demo,demo:GB25,GB25,2,5,city:2648579,city:2657832,150.0
demo:GB25_0_WE_11,demo,demo:GB25,GB25,2,5,city:2648579,city:2657832,150.0
demo:GB25_0_WE_12,demo,demo:GB25,GB25,2,5,city:2648579,city:2657832,150.0
demo:GB25_0_WE_13,demo,demo:GB25,GB25,2,5,city:2648579,city:2657832,150.0
demo:GB25_1_WD_00,demo,demo:GB25,GB25,5,5,city:2657832,city:2648579,150.0
demo:GB25_1_WD_01,demo,demo:GB25,GB25,5,5,city:2657832,city:2648579,150.0
demo:GB25_1_WD_02,demo,demo:GB25,GB25,5,5,city:2657832,city:2648579,150.0
demo:GB25_1_WD_03,demo,demo:GB25,GB25,5,5,city:2657832,city:2648579,150.0
demo:GB25_1_WD_04,demo,demo:GB25,GB25,5,5,city:2657832,city:2648579,150.0
demo:GB25_1_WD_05,demo,demo:GB25,GB25,5,5,city:2657832,city:2648579,150.0
demo:GB25_1_WD_06,demo,demo:GB25,GB25,5,5,city:2657832,city:2648579,150.0
demo:GB25_1_WD_07,demo,demo:GB25,GB25,5,5,city:2657832,city:2648579,150.0
demo:GB25_1_WD_08,demo,demo:GB25,GB25,5,5,city:2657832,city:2648579,150.0
demo:GB25_1_WD_09,demo,demo:GB25,GB25,5,5,city:2657832,city:2648579,150.0
demo:GB25_1_WD_10,demo,demo:GB25,GB25,5,5,city:2657832,city:2648579,150.0
demo:GB25_1_WD_11,demo,demo:GB25,GB25,5,5,city:2657832,city:2648579,150.0
demo:GB25_1_WD_12,demo,demo:GB25,GB25,5,5,city:2657832,city:2648579,150.0
demo:GB25_1_WD_13,demo,demo:GB25,GB25,5,5,city:2657832,city:2648579,150.0
demo:GB25_1_WD_14,demo,demo:GB25,GB25,5,5,city:2657832,city:2648579,150.0
demo:GB25_1_WD_15,demo,demo:GB25,GB25,5,5,city:2657832,city:2648579,150.0
demo:GB25_1_WE_00,demo,demo:GB25,GB25,2,5,city:2657832,city:2648579,150.0
demo:GB25_1_WE_01,demo,demo:GB25,GB25,2,5,city:2657832,city:2648579,150.0
demo:GB25_1_WE_02,demo,demo:GB25,GB25,2,5,city:2657832,city:2648579,150.0
demo:GB25_1_WE_03,demo,demo:GB25,GB25,2,5,city:2657832,city:2648579,150.0
demo:GB25_1_WE_04,demo,demo:GB25,GB25,2,5,city:2657832,city:2648579,150.0
demo:GB25_1_WE_05,demo,demo:GB25,GB25,2,5,city:2657832,city:2648579,150.0
demo:GB25_1_WE_06,demo,demo:GB25,GB25,2,5,city:2657832,city:2648579,150.0
demo:GB25_1_WE_07,demo,demo:GB25,GB25,2,5,city:2657832,city:2648579,150.0
demo:GB25_1_WE_08,demo,demo:GB25,GB25,2,5,city:2657832,city:2648579,150.0
demo:GB25_1_WE_09,demo,demo:GB25,GB25,2,5,city:2657832,city:2648579,150.0
demo:GB25_1_WE_10,demo,demo:GB25,GB25,2,5,city:2657832,city:2648579,150.0
demo:GB25_1_WE_11,demo,demo:GB25,GB25,2,5,city:2657832,city:2648579,150.0
demo:GB25_1_WE_12,demo,demo:GB25,GB25,2,5,city:2657832,city:2648579,150.0
demo:GB25_1_WE_13,demo,demo:GB25,GB25,2,5,city:2657832,city:2648579,150.0
demo:GB26_0_WD_00,demo,demo:GB26,GB26,5,5,city:2650225,city:2657832,145.0
demo:GB26_0_WD_01,demo,demo:GB26,GB26,5,5,city:2650225,city:2657832,145.0
demo:GB26_0_WD_02,demo,demo:GB26,GB26,5,5,city:2650225,city:2657832,145.0
demo:GB26_0_WD_03,demo,demo:GB26,GB26,5,5,city:2650225,city:2657832,145.0
demo:GB26_0_WD_04,demo,demo:GB26,GB26,5,5,city:2650225,city:2657832,145.0
demo:GB26_0_WD_05,demo,demo:GB26,GB26,5,5,city:2650225,city:2657832,145.0
demo:GB26_0_WD_06,demo,demo:GB26,GB26,5,5,city:2650225,city:2657832,145.0
demo:GB26_0_WD_07,demo,demo:GB26,GB26,5,5,city:2650225,city:2657832,145.0
demo:GB26_0_WD_08,demo,demo:GB26,GB26,5,5,city:2650225,city:2657832,145.0
demo:GB26_0_WD_09,demo,demo:GB26,GB26,5,5,city:2650225,city:2657832,145.0
demo:GB26_0_WD_10,demo,demo:GB26,GB26,5,5,city:2650225,city:2657832,145.0
demo:GB26_0_WD_11,demo,demo:GB26,GB26,5,5,city:2650225,city:2657832,145.0
demo:GB26_0_WD_12,demo,demo:GB26,GB26,5,5,city:2650225,city:2657832,145.0
demo:GB26_0_WD_13,demo,demo:GB26,GB26,5,5,city:2650225,city:2657832,145.0
demo:GB26_0_WD_14,demo,demo:GB26,GB26,5,5,city:2650225,city:2657832,145.0
demo:GB26_0_WD_15,demo,demo:GB26,GB26,5,5,city:2650225,city:2657832,145.0
demo:GB26_0_WE_00,demo,demo:GB26,GB26,2,5,city:2650225,city:2657832,145.0
demo:GB26_0_WE_01,demo,demo:GB26,GB26,2,5,city:2650225,city:2657832,145.0
demo:GB26_0_WE_02,demo,demo:GB26,GB26,2,5,city:2650225,city:2657832,145.0
demo:GB26_0_WE_03,demo,demo:GB26,GB26,2,5,city:2650225,city:2657832,144.0
demo:GB26_0_WE_04,demo,demo:GB26,GB26,2,5,city:2650225,city:2657832,145.0
demo:GB26_0_WE_05,demo,demo:GB26,GB26,2,5,city:2650225,city:2657832,145.0
demo:GB26_0_WE_06,demo,demo:GB26,GB26,2,5,city:2650225,city:2657832,145.0
demo:GB26_0_WE_07,demo,demo:GB26,GB26,2,5,city:2650225,city:2657832,145.0
demo:GB26_0_WE_08,demo,demo:GB26,GB26,2,5,city:2650225,city:2657832,145.0
demo:GB26_0_WE_09,demo,demo:GB26,GB26,2,5,city:2650225,city:2657832,145.0
demo:GB26_0_WE_10,demo,demo:GB26,GB26,2,5,city:2650225,city:2657832,146.0
demo:GB26_0_WE_11,demo,demo:GB26,GB26,2,5,city:2650225,city:2657832,145.0
demo:GB26_0_WE_12,demo,demo:GB26,GB26,2,5,city:2650225,city:2657832,145.0
demo:GB26_0_WE_13,demo,demo:GB26,GB26,2,5,city:2650225,city:2657832,145.0
demo:GB26_1_WD_00,demo,demo:GB26,GB26,5,5,city:2657832,city:2650225,145.0
demo:GB26_1_WD_01,demo,demo:GB26,GB26,5,5,city:2657832,city:2650225,145.0
demo:GB26_1_WD_02,demo,demo:GB26,GB26,5,5,city:2657832,city:2650225,145.0
demo:GB26_1_WD_03,demo,demo:GB26,GB26,5,5,city:2657832,city:2650225,145.0
demo:GB26_1_WD_04,demo,demo:GB26,GB26,5,5,city:2657832,city:2650225,145.0
demo:GB26_1_WD_05,demo,demo:GB26,GB26,5,5,city:2657832,city:2650225,145.0
demo:GB26_1_WD_06,demo,demo:GB26,GB26,5,5,city:2657832,city:2650225,145.0
demo:GB26_1_WD_07,demo,demo:GB26,GB26,5,5,city:2657832,city:2650225,145.0
demo:GB26_1_WD_08,demo,demo:GB26,GB26,5,5,city:2657832,city:2650225,145.0
demo:GB26_1_WD_09,demo,demo:GB26,GB26,5,5,city:2657832,city:2650225,145.0
demo:GB26_1_WD_10,demo,demo:GB26,GB26,5,5,city:2657832,city:2650225,145.0
demo:GB26_1_WD_11,demo,demo:GB26,GB26,5,5,city:2657832,city:2650225,145.0
demo:GB26_1_WD_12,demo,demo:GB26,GB26,5,5,city:2657832,city:2650225,145.0
demo:GB26_1_WD_13,demo,demo:GB26,GB26,5,5,city:2657832,city:2650225,145.0
demo:GB26_1_WD_14,demo,demo:GB26,GB26,5,5,city:2657832,city:2650225,145.0
demo:GB26_1_WD_15,demo,demo:GB26,GB26,5,5,city:2657832,city:2650225,145.0
demo:GB26_1_WE_00,demo,demo:GB26,GB26,2,5,city:2657832,city:2650225,145.0
demo:GB26_1_WE_01,demo,demo:GB26,GB26,2,5,city:2657832,city:2650225,145.0
demo:GB26_1_WE_02,demo,demo:GB26,GB26,2,5,city:2657832,city:2650225,145.0
demo:GB26_1_WE_03,demo,demo:GB26,GB26,2,5,city:2657832,city:2650225,144.0
demo:GB26_1_WE_04,demo,demo:GB26,GB26,2,5,city:2657832,city:2650225,145.0
demo:GB26_1_WE_05,demo,demo:GB26,GB26,2,5,city:2657832,city:2650225,145.0
demo:GB26_1_WE_06,demo,demo:GB26,GB26,2,5,city:2657832,city:2650225,145.0
demo:GB26_1_WE_07,demo,demo:GB26,GB26,2,5,city:2657832,city:2650225,145.0
demo:GB26_1_WE_08,demo,demo:GB26,GB26,2,5,city:2657832,city:2650225,145.0
demo:GB26_1_WE_09,demo,demo:GB26,GB26,2,5,city:2657832,city:2650225,145.0
demo:GB26_1_WE_10,demo,demo:GB26,GB26,2,5,city:2657832,city:2650225,146.0
demo:GB26_1_WE_11,demo,demo:GB26,GB26,2,5,city:2657832,city:2650225,145.0
demo:GB26_1_WE_12,demo,demo:GB26,GB26,2,5,city:2657832,city:2650225,145.0
demo:GB26_1_WE_13,demo,demo:GB26,GB26,2,5,city:2657832,city:2650225,145.0
demo:GB27_0_WD_00,demo,demo:GB27,GB27,5,4,city:2648579,city:2646088,205.0
demo:GB27_0_WD_01,demo,demo:GB27,GB27,5,4,city:2648579,city:2646088,205.0
demo:GB27_0_WD_02,demo,demo:GB27,GB27,5,4,city:2648579,city:2646088,205.0
demo:GB27_0_WD_03,demo,demo:GB27,GB27,5,4,city:2648579,city:2646088,205.0
demo:GB27_0_WD_04,demo,demo:GB27,GB27,5,4,city:2648579,city:2646088,205.0
demo:GB27_0_WD_05,demo,demo:GB27,GB27,5,4,city:2648579,city:2646088,205.0
demo:GB27_0_WD_06,demo,demo:GB27,GB27,5,4,city:2648579,city:2646088,205.0
demo:GB27_0_WD_07,demo,demo:GB27,GB27,5,4,city:2648579,city:2646088,205.0
demo:GB27_0_WE_00,demo,demo:GB27,GB27,2,4,city:2648579,city:2646088,205.0
demo:GB27_0_WE_01,demo,demo:GB27,GB27,2,4,city:2648579,city:2646088,205.0
demo:GB27_0_WE_02,demo,demo:GB27,GB27,2,4,city:2648579,city:2646088,205.0
demo:GB27_0_WE_03,demo,demo:GB27,GB27,2,4,city:2648579,city:2646088,205.0
demo:GB27_0_WE_04,demo,demo:GB27,GB27,2,4,city:2648579,city:2646088,205.0
demo:GB27_0_WE_05,demo,demo:GB27,GB27,2,4,city:2648579,city:2646088,205.0
demo:GB27_0_WE_06,demo,demo:GB27,GB27,2,4,city:2648579,city:2646088,205.0
demo:GB27_1_WD_00,demo,demo:GB27,GB27,5,4,city:2646088,city:2648579,205.0
demo:GB27_1_WD_01,demo,demo:GB27,GB27,5,4,city:2646088,city:2648579,205.0
demo:GB27_1_WD_02,demo,demo:GB27,GB27,5,4,city:2646088,city:2648579,205.0
demo:GB27_1_WD_03,demo,demo:GB27,GB27,5,4,city:2646088,city:2648579,205.0
demo:GB27_1_WD_04,demo,demo:GB27,GB27,5,4,city:2646088,city:2648579,205.0
demo:GB27_1_WD_05,demo,demo:GB27,GB27,5,4,city:2646088,city:2648579,205.0
demo:GB27_1_WD_06,demo,demo:GB27,GB27,5,4,city:2646088,city:2648579,205.0
demo:GB27_1_WD_07,demo,demo:GB27,GB27,5,4,city:2646088,city:2648579,205.0
demo:GB27_1_WE_00,demo,demo:GB27,GB27,2,4,city:2646088,city:2648579,205.0
demo:GB27_1_WE_01,demo,demo:GB27,GB27,2,4,city:2646088,city:2648579,205.0
demo:GB27_1_WE_02,demo,demo:GB27,GB27,2,4,city:2646088,city:2648579,205.0
demo:GB27_1_WE_03,demo,demo:GB27,GB27,2,4,city:2646088,city:2648579,205.0
demo:GB27_1_WE_04,demo,demo:GB27,GB27,2,4,city:2646088,city:2648579,205.0
demo:GB27_1_WE_05,demo,demo:GB27,GB27,2,4,city:2646088,city:2648579,205.0
demo:GB27_1_WE_06,demo,demo:GB27,GB27,2,4,city:2646088,city:2648579,205.0
demo:GB28_0_D_sun_mon_tue_wed_thu_fri_00,demo,demo:GB28,GB28,6,2,city:2643743,city:2650225,440.0
demo:GB28_1_D_sun_mon_tue_wed_thu_fri_00,demo,demo:GB28,GB28,6,2,city:2650225,city:2643743,440.0
demo:GB29_0_D_sun_mon_tue_wed_thu_fri_00,demo,demo:GB29,GB29,6,2,city:2643743,city:2648579,455.0
demo:GB29_1_D_sun_mon_tue_wed_thu_fri_00,demo,demo:GB29,GB29,6,2,city:2648579,city:2643743,455.0
demo:GB30_0_D_sun_mon_tue_wed_thu_fri_00,demo,demo:GB30,GB30,6,3,city:2643743,city:2646088,690.0
demo:GB30_1_D_sun_mon_tue_wed_thu_fri_00,demo,demo:GB30,GB30,6,3,city:2646088,city:2643743,690.0
demo:GB31_0_D_sun_mon_tue_wed_thu_fri_00,demo,demo:GB31,GB31,6,5,city:2643743,city:2640377,470.0
demo:GB31_1_D_sun_mon_tue_wed_thu_fri_00,demo,demo:GB31,GB31,6,5,city:2640377,city:2643743,470.0
demo:GR01_0_WD_00,demo,demo:GR01,GR01,5,3,city:264371,city:734077,256.0
demo:GR01_0_WD_01,demo,demo:GR01,GR01,5,3,city:264371,city:734077,254.0
demo:GR01_0_WD_02,demo,demo:GR01,GR01,5,3,city:264371,city:734077,256.0
demo:GR01_0_WD_03,demo,demo:GR01,GR01,5,3,city:264371,city:734077,254.0
demo:GR01_0_WD_04,demo,demo:GR01,GR01,5,3,city:264371,city:734077,256.0
demo:GR01_0_WD_05,demo,demo:GR01,GR01,5,3,city:264371,city:734077,254.0
demo:GR01_0_WE_00,demo,demo:GR01,GR01,2,3,city:264371,city:734077,255.0
demo:GR01_0_WE_01,demo,demo:GR01,GR01,2,3,city:264371,city:734077,255.0
demo:GR01_0_WE_02,demo,demo:GR01,GR01,2,3,city:264371,city:734077,255.0
demo:GR01_0_WE_03,demo,demo:GR01,GR01,2,3,city:264371,city:734077,255.0
demo:GR01_0_WE_04,demo,demo:GR01,GR01,2,3,city:264371,city:734077,255.0
demo:GR01_1_WD_00,demo,demo:GR01,GR01,5,3,city:734077,city:264371,256.0
demo:GR01_1_WD_01,demo,demo:GR01,GR01,5,3,city:734077,city:264371,254.0
demo:GR01_1_WD_02,demo,demo:GR01,GR01,5,3,city:734077,city:264371,256.0
demo:GR01_1_WD_03,demo,demo:GR01,GR01,5,3,city:734077,city:264371,254.0
demo:GR01_1_WD_04,demo,demo:GR01,GR01,5,3,city:734077,city:264371,256.0
demo:GR01_1_WD_05,demo,demo:GR01,GR01,5,3,city:734077,city:264371,254.0
demo:GR01_1_WE_00,demo,demo:GR01,GR01,2,3,city:734077,city:264371,255.0
demo:GR01_1_WE_01,demo,demo:GR01,GR01,2,3,city:734077,city:264371,255.0
demo:GR01_1_WE_02,demo,demo:GR01,GR01,2,3,city:734077,city:264371,255.0
demo:GR01_1_WE_03,demo,demo:GR01,GR01,2,3,city:734077,city:264371,255.0
demo:GR01_1_WE_04,demo,demo:GR01,GR01,2,3,city:734077,city:264371,255.0
demo:HR01_0_WD_00,demo,demo:HR01,HR01,5,4,city:3186886,city:3190261,380.0
demo:HR01_0_WD_01,demo,demo:HR01,HR01,5,4,city:3186886,city:3190261,380.0
demo:HR01_0_WE_00,demo,demo:HR01,HR01,2,4,city:3186886,city:3190261,380.0
demo:HR01_0_WE_01,demo,demo:HR01,HR01,2,4,city:3186886,city:3190261,380.0
demo:HR01_1_WD_00,demo,demo:HR01,HR01,5,4,city:3190261,city:3186886,380.0
demo:HR01_1_WD_01,demo,demo:HR01,HR01,5,4,city:3190261,city:3186886,380.0
demo:HR01_1_WE_00,demo,demo:HR01,HR01,2,4,city:3190261,city:3186886,380.0
demo:HR01_1_WE_01,demo,demo:HR01,HR01,2,4,city:3190261,city:3186886,380.0
demo:HR02_0_WD_00,demo,demo:HR02,HR02,5,2,city:3186886,city:3196359,140.0
demo:HR02_0_WD_01,demo,demo:HR02,HR02,5,2,city:3186886,city:3196359,140.0
demo:HR02_0_WD_02,demo,demo:HR02,HR02,5,2,city:3186886,city:3196359,140.0
demo:HR02_0_WD_03,demo,demo:HR02,HR02,5,2,city:3186886,city:3196359,140.0
demo:HR02_0_WE_00,demo,demo:HR02,HR02,2,2,city:3186886,city:3196359,140.0
demo:HR02_0_WE_01,demo,demo:HR02,HR02,2,2,city:3186886,city:3196359,140.0
demo:HR02_0_WE_02,demo,demo:HR02,HR02,2,2,city:3186886,city:3196359,140.0
demo:HR02_1_WD_00,demo,demo:HR02,HR02,5,2,city:3196359,city:3186886,140.0
demo:HR02_1_WD_01,demo,demo:HR02,HR02,5,2,city:3196359,city:3186886,140.0
demo:HR02_1_WD_02,demo,demo:HR02,HR02,5,2,city:3196359,city:3186886,140.0
demo:HR02_1_WD_03,demo,demo:HR02,HR02,5,2,city:3196359,city:3186886,140.0
demo:HR02_1_WE_00,demo,demo:HR02,HR02,2,2,city:3196359,city:3186886,140.0
demo:HR02_1_WE_01,demo,demo:HR02,HR02,2,2,city:3196359,city:3186886,140.0
demo:HR02_1_WE_02,demo,demo:HR02,HR02,2,2,city:3196359,city:3186886,140.0
demo:HU01_0_WD_00,demo,demo:HU01,HU01,5,2,city:3054643,city:717582,125.0
demo:HU01_0_WD_01,demo,demo:HU01,HU01,5,2,city:3054643,city:717582,125.0
demo:HU01_0_WD_02,demo,demo:HU01,HU01,5,2,city:3054643,city:717582,125.0
demo:HU01_0_WD_03,demo,demo:HU01,HU01,5,2,city:3054643,city:717582,125.0
demo:HU01_0_WD_04,demo,demo:HU01,HU01,5,2,city:3054643,city:717582,125.0
demo:HU01_0_WD_05,demo,demo:HU01,HU01,5,2,city:3054643,city:717582,125.0
demo:HU01_0_WD_06,demo,demo:HU01,HU01,5,2,city:3054643,city:717582,125.0
demo:HU01_0_WD_07,demo,demo:HU01,HU01,5,2,city:3054643,city:717582,125.0
demo:HU01_0_WD_08,demo,demo:HU01,HU01,5,2,city:3054643,city:717582,125.0
demo:HU01_0_WD_09,demo,demo:HU01,HU01,5,2,city:3054643,city:717582,125.0
demo:HU01_0_WD_10,demo,demo:HU01,HU01,5,2,city:3054643,city:717582,125.0
demo:HU01_0_WD_11,demo,demo:HU01,HU01,5,2,city:3054643,city:717582,125.0
demo:HU01_0_WD_12,demo,demo:HU01,HU01,5,2,city:3054643,city:717582,125.0
demo:HU01_0_WD_13,demo,demo:HU01,HU01,5,2,city:3054643,city:717582,125.0
demo:HU01_0_WD_14,demo,demo:HU01,HU01,5,2,city:3054643,city:717582,125.0
demo:HU01_0_WD_15,demo,demo:HU01,HU01,5,2,city:3054643,city:717582,125.0
demo:HU01_0_WE_00,demo,demo:HU01,HU01,2,2,city:3054643,city:717582,125.0
demo:HU01_0_WE_01,demo,demo:HU01,HU01,2,2,city:3054643,city:717582,125.0
demo:HU01_0_WE_02,demo,demo:HU01,HU01,2,2,city:3054643,city:717582,125.0
demo:HU01_0_WE_03,demo,demo:HU01,HU01,2,2,city:3054643,city:717582,124.0
demo:HU01_0_WE_04,demo,demo:HU01,HU01,2,2,city:3054643,city:717582,125.0
demo:HU01_0_WE_05,demo,demo:HU01,HU01,2,2,city:3054643,city:717582,125.0
demo:HU01_0_WE_06,demo,demo:HU01,HU01,2,2,city:3054643,city:717582,125.0
demo:HU01_0_WE_07,demo,demo:HU01,HU01,2,2,city:3054643,city:717582,125.0
demo:HU01_0_WE_08,demo,demo:HU01,HU01,2,2,city:3054643,city:717582,125.0
demo:HU01_0_WE_09,demo,demo:HU01,HU01,2,2,city:3054643,city:717582,125.0
demo:HU01_0_WE_10,demo,demo:HU01,HU01,2,2,city:3054643,city:717582,126.0
demo:HU01_0_WE_11,demo,demo:HU01,HU01,2,2,city:3054643,city:717582,125.0
demo:HU01_0_WE_12,demo,demo:HU01,HU01,2,2,city:3054643,city:717582,125.0
demo:HU01_0_WE_13,demo,demo:HU01,HU01,2,2,city:3054643,city:717582,125.0
demo:HU01_1_WD_00,demo,demo:HU01,HU01,5,2,city:717582,city:3054643,125.0
demo:HU01_1_WD_01,demo,demo:HU01,HU01,5,2,city:717582,city:3054643,125.0
demo:HU01_1_WD_02,demo,demo:HU01,HU01,5,2,city:717582,city:3054643,125.0
demo:HU01_1_WD_03,demo,demo:HU01,HU01,5,2,city:717582,city:3054643,125.0
demo:HU01_1_WD_04,demo,demo:HU01,HU01,5,2,city:717582,city:3054643,125.0
demo:HU01_1_WD_05,demo,demo:HU01,HU01,5,2,city:717582,city:3054643,125.0
demo:HU01_1_WD_06,demo,demo:HU01,HU01,5,2,city:717582,city:3054643,125.0
demo:HU01_1_WD_07,demo,demo:HU01,HU01,5,2,city:717582,city:3054643,125.0
demo:HU01_1_WD_08,demo,demo:HU01,HU01,5,2,city:717582,city:3054643,125.0
demo:HU01_1_WD_09,demo,demo:HU01,HU01,5,2,city:717582,city:3054643,125.0
demo:HU01_1_WD_10,demo,demo:HU01,HU01,5,2,city:717582,city:3054643,125.0
demo:HU01_1_WD_11,demo,demo:HU01,HU01,5,2,city:717582,city:3054643,125.0
demo:HU01_1_WD_12,demo,demo:HU01,HU01,5,2,city:717582,city:3054643,125.0
demo:HU01_1_WD_13,demo,demo:HU01,HU01,5,2,city:717582,city:3054643,125.0
demo:HU01_1_WD_14,demo,demo:HU01,HU01,5,2,city:717582,city:3054643,125.0
demo:HU01_1_WD_15,demo,demo:HU01,HU01,5,2,city:717582,city:3054643,125.0
demo:HU01_1_WE_00,demo,demo:HU01,HU01,2,2,city:717582,city:3054643,125.0
demo:HU01_1_WE_01,demo,demo:HU01,HU01,2,2,city:717582,city:3054643,125.0
demo:HU01_1_WE_02,demo,demo:HU01,HU01,2,2,city:717582,city:3054643,125.0
demo:HU01_1_WE_03,demo,demo:HU01,HU01,2,2,city:717582,city:3054643,124.0
demo:HU01_1_WE_04,demo,demo:HU01,HU01,2,2,city:717582,city:3054643,125.0
demo:HU01_1_WE_05,demo,demo:HU01,HU01,2,2,city:717582,city:3054643,125.0
demo:HU01_1_WE_06,demo,demo:HU01,HU01,2,2,city:717582,city:3054643,125.0
demo:HU01_1_WE_07,demo,demo:HU01,HU01,2,2,city:717582,city:3054643,125.0
demo:HU01_1_WE_08,demo,demo:HU01,HU01,2,2,city:717582,city:3054643,125.0
demo:HU01_1_WE_09,demo,demo:HU01,HU01,2,2,city:717582,city:3054643,125.0
demo:HU01_1_WE_10,demo,demo:HU01,HU01,2,2,city:717582,city:3054643,126.0
demo:HU01_1_WE_11,demo,demo:HU01,HU01,2,2,city:717582,city:3054643,125.0
demo:HU01_1_WE_12,demo,demo:HU01,HU01,2,2,city:717582,city:3054643,125.0
demo:HU01_1_WE_13,demo,demo:HU01,HU01,2,2,city:717582,city:3054643,125.0
demo:HU02_0_WD_00,demo,demo:HU02,HU02,5,4,city:3054643,city:716935,185.0
demo:HU02_0_WD_01,demo,demo:HU02,HU02,5,4,city:3054643,city:716935,185.0
demo:HU02_0_WD_02,demo,demo:HU02,HU02,5,4,city:3054643,city:716935,185.0
demo:HU02_0_WD_03,demo,demo:HU02,HU02,5,4,city:3054643,city:716935,185.0
demo:HU02_0_WD_04,demo,demo:HU02,HU02,5,4,city:3054643,city:716935,185.0
demo:HU02_0_WD_05,demo,demo:HU02,HU02,5,4,city:3054643,city:716935,185.0
demo:HU02_0_WD_06,demo,demo:HU02,HU02,5,4,city:3054643,city:716935,185.0
demo:HU02_0_WD_07,demo,demo:HU02,HU02,5,4,city:3054643,city:716935,185.0
demo:HU02_0_WD_08,demo,demo:HU02,HU02,5,4,city:3054643,city:716935,185.0
demo:HU02_0_WD_09,demo,demo:HU02,HU02,5,4,city:3054643,city:716935,185.0
demo:HU02_0_WD_10,demo,demo:HU02,HU02,5,4,city:3054643,city:716935,185.0
demo:HU02_0_WD_11,demo,demo:HU02,HU02,5,4,city:3054643,city:716935,185.0
demo:HU02_0_WD_12,demo,demo:HU02,HU02,5,4,city:3054643,city:716935,185.0
demo:HU02_0_WD_13,demo,demo:HU02,HU02,5,4,city:3054643,city:716935,185.0
demo:HU02_0_WD_14,demo,demo:HU02,HU02,5,4,city:3054643,city:716935,185.0
demo:HU02_0_WD_15,demo,demo:HU02,HU02,5,4,city:3054643,city:716935,185.0
demo:HU02_0_WE_00,demo,demo:HU02,HU02,2,4,city:3054643,city:716935,185.0
demo:HU02_0_WE_01,demo,demo:HU02,HU02,2,4,city:3054643,city:716935,185.0
demo:HU02_0_WE_02,demo,demo:HU02,HU02,2,4,city:3054643,city:716935,185.0
demo:HU02_0_WE_03,demo,demo:HU02,HU02,2,4,city:3054643,city:716935,184.0
demo:HU02_0_WE_04,demo,demo:HU02,HU02,2,4,city:3054643,city:716935,185.0
demo:HU02_0_WE_05,demo,demo:HU02,HU02,2,4,city:3054643,city:716935,185.0
demo:HU02_0_WE_06,demo,demo:HU02,HU02,2,4,city:3054643,city:716935,185.0
demo:HU02_0_WE_07,demo,demo:HU02,HU02,2,4,city:3054643,city:716935,185.0
demo:HU02_0_WE_08,demo,demo:HU02,HU02,2,4,city:3054643,city:716935,185.0
demo:HU02_0_WE_09,demo,demo:HU02,HU02,2,4,city:3054643,city:716935,185.0
demo:HU02_0_WE_10,demo,demo:HU02,HU02,2,4,city:3054643,city:716935,186.0
demo:HU02_0_WE_11,demo,demo:HU02,HU02,2,4,city:3054643,city:716935,185.0
demo:HU02_0_WE_12,demo,demo:HU02,HU02,2,4,city:3054643,city:716935,185.0
demo:HU02_0_WE_13,demo,demo:HU02,HU02,2,4,city:3054643,city:716935,185.0
demo:HU02_1_WD_00,demo,demo:HU02,HU02,5,4,city:716935,city:3054643,185.0
demo:HU02_1_WD_01,demo,demo:HU02,HU02,5,4,city:716935,city:3054643,185.0
demo:HU02_1_WD_02,demo,demo:HU02,HU02,5,4,city:716935,city:3054643,185.0
demo:HU02_1_WD_03,demo,demo:HU02,HU02,5,4,city:716935,city:3054643,185.0
demo:HU02_1_WD_04,demo,demo:HU02,HU02,5,4,city:716935,city:3054643,185.0
demo:HU02_1_WD_05,demo,demo:HU02,HU02,5,4,city:716935,city:3054643,185.0
demo:HU02_1_WD_06,demo,demo:HU02,HU02,5,4,city:716935,city:3054643,185.0
demo:HU02_1_WD_07,demo,demo:HU02,HU02,5,4,city:716935,city:3054643,185.0
demo:HU02_1_WD_08,demo,demo:HU02,HU02,5,4,city:716935,city:3054643,185.0
demo:HU02_1_WD_09,demo,demo:HU02,HU02,5,4,city:716935,city:3054643,185.0
demo:HU02_1_WD_10,demo,demo:HU02,HU02,5,4,city:716935,city:3054643,185.0
demo:HU02_1_WD_11,demo,demo:HU02,HU02,5,4,city:716935,city:3054643,185.0
demo:HU02_1_WD_12,demo,demo:HU02,HU02,5,4,city:716935,city:3054643,185.0
demo:HU02_1_WD_13,demo,demo:HU02,HU02,5,4,city:716935,city:3054643,185.0
demo:HU02_1_WD_14,demo,demo:HU02,HU02,5,4,city:716935,city:3054643,185.0
demo:HU02_1_WD_15,demo,demo:HU02,HU02,5,4,city:716935,city:3054643,185.0
demo:HU02_1_WE_00,demo,demo:HU02,HU02,2,4,city:716935,city:3054643,185.0
demo:HU02_1_WE_01,demo,demo:HU02,HU02,2,4,city:716935,city:3054643,185.0
demo:HU02_1_WE_02,demo,demo:HU02,HU02,2,4,city:716935,city:3054643,185.0
demo:HU02_1_WE_03,demo,demo:HU02,HU02,2,4,city:716935,city:3054643,184.0
demo:HU02_1_WE_04,demo,demo:HU02,HU02,2,4,city:716935,city:3054643,185.0
demo:HU02_1_WE_05,demo,demo:HU02,HU02,2,4,city:716935,city:3054643,185.0
demo:HU02_1_WE_06,demo,demo:HU02,HU02,2,4,city:716935,city:3054643,185.0
demo:HU02_1_WE_07,demo,demo:HU02,HU02,2,4,city:716935,city:3054643,185.0
demo:HU02_1_WE_08,demo,demo:HU02,HU02,2,4,city:716935,city:3054643,185.0
demo:HU02_1_WE_09,demo,demo:HU02,HU02,2,4,city:716935,city:3054643,185.0
demo:HU02_1_WE_10,demo,demo:HU02,HU02,2,4,city:716935,city:3054643,186.0
demo:HU02_1_WE_11,demo,demo:HU02,HU02,2,4,city:716935,city:3054643,185.0
demo:HU02_1_WE_12,demo,demo:HU02,HU02,2,4,city:716935,city:3054643,185.0
demo:HU02_1_WE_13,demo,demo:HU02,HU02,2,4,city:716935,city:3054643,185.0
demo:HU03_0_WD_00,demo,demo:HU03,HU03,5,4,city:3054643,city:715429,140.0
demo:HU03_0_WD_01,demo,demo:HU03,HU03,5,4,city:3054643,city:715429,140.0
demo:HU03_0_WD_02,demo,demo:HU03,HU03,5,4,city:3054643,city:715429,140.0
demo:HU03_0_WD_03,demo,demo:HU03,HU03,5,4,city:3054643,city:715429,140.0
demo:HU03_0_WD_04,demo,demo:HU03,HU03,5,4,city:3054643,city:715429,140.0
demo:HU03_0_WD_05,demo,demo:HU03,HU03,5,4,city:3054643,city:715429,140.0
demo:HU03_0_WD_06,demo,demo:HU03,HU03,5,4,city:3054643,city:715429,140.0
demo:HU03_0_WD_07,demo,demo:HU03,HU03,5,4,city:3054643,city:715429,140.0
demo:HU03_0_WD_08,demo,demo:HU03,HU03,5,4,city:3054643,city:715429,140.0
demo:HU03_0_WD_09,demo,demo:HU03,HU03,5,4,city:3054643,city:715429,140.0
demo:HU03_0_WD_10,demo,demo:HU03,HU03,5,4,city:3054643,city:715429,140.0
demo:HU03_0_WD_11,demo,demo:HU03,HU03,5,4,city:3054643,city:715429,140.0
demo:HU03_0_WD_12,demo,demo:HU03,HU03,5,4,city:3054643,city:715429,140.0
demo:HU03_0_WD_13,demo,demo:HU03,HU03,5,4,city:3054643,city:715429,140.0
demo:HU03_0_WD_14,demo,demo:HU03,HU03,5,4,city:3054643,city:715429,140.0
demo:HU03_0_WD_15,demo,demo:HU03,HU03,5,4,city:3054643,city:715429,140.0
demo:HU03_0_WE_00,demo,demo:HU03,HU03,2,4,city:3054643,city:715429,140.0
demo:HU03_0_WE_01,demo,demo:HU03,HU03,2,4,city:3054643,city:715429,140.0
demo:HU03_0_WE_02,demo,demo:HU03,HU03,2,4,city:3054643,city:715429,140.0
demo:HU03_0_WE_03,demo,demo:HU03,HU03,2,4,city:3054643,city:715429,140.0
demo:HU03_0_WE_04,demo,demo:HU03,HU03,2,4,city:3054643,city:715429,140.0
demo:HU03_0_WE_05,demo,demo:HU03,HU03,2,4,city:3054643,city:715429,140.0
demo:HU03_0_WE_06,demo,demo:HU03,HU03,2,4,city:3054643,city:715429,140.0
demo:HU03_0_WE_07,demo,demo:HU03,HU03,2,4,city:3054643,city:715429,140.0
demo:HU03_0_WE_08,demo,demo:HU03,HU03,2,4,city:3054643,city:715429,140.0
demo:HU03_0_WE_09,demo,demo:HU03,HU03,2,4,city:3054643,city:715429,140.0
demo:HU03_0_WE_10,demo,demo:HU03,HU03,2,4,city:3054643,city:715429,140.0
demo:HU03_0_WE_11,demo,demo:HU03,HU03,2,4,city:3054643,city:715429,140.0
demo:HU03_0_WE_12,demo,demo:HU03,HU03,2,4,city:3054643,city:715429,140.0
demo:HU03_0_WE_13,demo,demo:HU03,HU03,2,4,city:3054643,city:715429,140.0
demo:HU03_1_WD_00,demo,demo:HU03,HU03,5,4,city:715429,city:3054643,140.0
demo:HU03_1_WD_01,demo,demo:HU03,HU03,5,4,city:715429,city:3054643,140.0
demo:HU03_1_WD_02,demo,demo:HU03,HU03,5,4,city:715429,city:3054643,140.0
demo:HU03_1_WD_03,demo,demo:HU03,HU03,5,4,city:715429,city:3054643,140.0
demo:HU03_1_WD_04,demo,demo:HU03,HU03,5,4,city:715429,city:3054643,140.0
demo:HU03_1_WD_05,demo,demo:HU03,HU03,5,4,city:715429,city:3054643,140.0
demo:HU03_1_WD_06,demo,demo:HU03,HU03,5,4,city:715429,city:3054643,140.0
demo:HU03_1_WD_07,demo,demo:HU03,HU03,5,4,city:715429,city:3054643,140.0
demo:HU03_1_WD_08,demo,demo:HU03,HU03,5,4,city:715429,city:3054643,140.0
demo:HU03_1_WD_09,demo,demo:HU03,HU03,5,4,city:715429,city:3054643,140.0
demo:HU03_1_WD_10,demo,demo:HU03,HU03,5,4,city:715429,city:3054643,140.0
demo:HU03_1_WD_11,demo,demo:HU03,HU03,5,4,city:715429,city:3054643,140.0
demo:HU03_1_WD_12,demo,demo:HU03,HU03,5,4,city:715429,city:3054643,140.0
demo:HU03_1_WD_13,demo,demo:HU03,HU03,5,4,city:715429,city:3054643,140.0
demo:HU03_1_WD_14,demo,demo:HU03,HU03,5,4,city:715429,city:3054643,140.0
demo:HU03_1_WD_15,demo,demo:HU03,HU03,5,4,city:715429,city:3054643,140.0
demo:HU03_1_WE_00,demo,demo:HU03,HU03,2,4,city:715429,city:3054643,140.0
demo:HU03_1_WE_01,demo,demo:HU03,HU03,2,4,city:715429,city:3054643,140.0
demo:HU03_1_WE_02,demo,demo:HU03,HU03,2,4,city:715429,city:3054643,140.0
demo:HU03_1_WE_03,demo,demo:HU03,HU03,2,4,city:715429,city:3054643,140.0
demo:HU03_1_WE_04,demo,demo:HU03,HU03,2,4,city:715429,city:3054643,140.0
demo:HU03_1_WE_05,demo,demo:HU03,HU03,2,4,city:715429,city:3054643,140.0
demo:HU03_1_WE_06,demo,demo:HU03,HU03,2,4,city:715429,city:3054643,140.0
demo:HU03_1_WE_07,demo,demo:HU03,HU03,2,4,city:715429,city:3054643,140.0
demo:HU03_1_WE_08,demo,demo:HU03,HU03,2,4,city:715429,city:3054643,140.0
demo:HU03_1_WE_09,demo,demo:HU03,HU03,2,4,city:715429,city:3054643,140.0
demo:HU03_1_WE_10,demo,demo:HU03,HU03,2,4,city:715429,city:3054643,140.0
demo:HU03_1_WE_11,demo,demo:HU03,HU03,2,4,city:715429,city:3054643,140.0
demo:HU03_1_WE_12,demo,demo:HU03,HU03,2,4,city:715429,city:3054643,140.0
demo:HU03_1_WE_13,demo,demo:HU03,HU03,2,4,city:715429,city:3054643,140.0
demo:HU04_0_WD_00,demo,demo:HU04,HU04,5,4,city:3054643,city:3046526,180.0
demo:HU04_0_WD_01,demo,demo:HU04,HU04,5,4,city:3054643,city:3046526,180.0
demo:HU04_0_WD_02,demo,demo:HU04,HU04,5,4,city:3054643,city:3046526,180.0
demo:HU04_0_WD_03,demo,demo:HU04,HU04,5,4,city:3054643,city:3046526,180.0
demo:HU04_0_WD_04,demo,demo:HU04,HU04,5,4,city:3054643,city:3046526,180.0
demo:HU04_0_WD_05,demo,demo:HU04,HU04,5,4,city:3054643,city:3046526,180.0
demo:HU04_0_WD_06,demo,demo:HU04,HU04,5,4,city:3054643,city:3046526,180.0
demo:HU04_0_WD_07,demo,demo:HU04,HU04,5,4,city:3054643,city:3046526,180.0
demo:HU04_0_WE_00,demo,demo:HU04,HU04,2,4,city:3054643,city:3046526,180.0
demo:HU04_0_WE_01,demo,demo:HU04,HU04,2,4,city:3054643,city:3046526,180.0
demo:HU04_0_WE_02,demo,demo:HU04,HU04,2,4,city:3054643,city:3046526,180.0
demo:HU04_0_WE_03,demo,demo:HU04,HU04,2,4,city:3054643,city:3046526,180.0
demo:HU04_0_WE_04,demo,demo:HU04,HU04,2,4,city:3054643,city:3046526,180.0
demo:HU04_0_WE_05,demo,demo:HU04,HU04,2,4,city:3054643,city:3046526,180.0
demo:HU04_0_WE_06,demo,demo:HU04,HU04,2,4,city:3054643,city:3046526,180.0
demo:HU04_1_WD_00,demo,demo:HU04,HU04,5,4,city:3046526,city:3054643,180.0
demo:HU04_1_WD_01,demo,demo:HU04,HU04,5,4,city:3046526,city:3054643,180.0
demo:HU04_1_WD_02,demo,demo:HU04,HU04,5,4,city:3046526,city:3054643,180.0
demo:HU04_1_WD_03,demo,demo:HU04,HU04,5,4,city:3046526,city:3054643,180.0
demo:HU04_1_WD_04,demo,demo:HU04,HU04,5,4,city:3046526,city:3054643,180.0
demo:HU04_1_WD_05,demo,demo:HU04,HU04,5,4,city:3046526,city:3054643,180.0
demo:HU04_1_WD_06,demo,demo:HU04,HU04,5,4,city:3046526,city:3054643,180.0
demo:HU04_1_WD_07,demo,demo:HU04,HU04,5,4,city:3046526,city:3054643,180.0
demo:HU04_1_WE_00,demo,demo:HU04,HU04,2,4,city:3046526,city:3054643,180.0
demo:HU04_1_WE_01,demo,demo:HU04,HU04,2,4,city:3046526,city:3054643,180.0
demo:HU04_1_WE_02,demo,demo:HU04,HU04,2,4,city:3046526,city:3054643,180.0
demo:HU04_1_WE_03,demo,demo:HU04,HU04,2,4,city:3046526,city:3054643,180.0
demo:HU04_1_WE_04,demo,demo:HU04,HU04,2,4,city:3046526,city:3054643,180.0
demo:HU04_1_WE_05,demo,demo:HU04,HU04,2,4,city:3046526,city:3054643,180.0
demo:HU04_1_WE_06,demo,demo:HU04,HU04,2,4,city:3046526,city:3054643,180.0
demo:HU05_0_WD_00,demo,demo:HU05,HU05,5,6,city:3054643,city:3186886,360.0
demo:HU05_0_WE_00,demo,demo:HU05,HU05,2,6,city:3054643,city:3186886,360.0
demo:HU05_1_WD_00,demo,demo:HU05,HU05,5,6,city:3186886,city:3054643,360.0
demo:HU05_1_WE_00,demo,demo:HU05,HU05,2,6,city:3186886,city:3054643,360.0
demo:HU06_0_ALL_00,demo,demo:HU06,HU06,7,7,city:3054643,city:683506,810.0
demo:HU06_1_ALL_00,demo,demo:HU06,HU06,7,7,city:683506,city:3054643,810.0
demo:IE01_0_WD_00,demo,demo:IE01,IE01,5,6,city:2964574,city:2965140,155.0
demo:IE01_0_WD_01,demo,demo:IE01,IE01,5,6,city:2964574,city:2965140,156.0
demo:IE01_0_WD_02,demo,demo:IE01,IE01,5,6,city:2964574,city:2965140,155.0
demo:IE01_0_WD_03,demo,demo:IE01,IE01,5,6,city:2964574,city:2965140,155.0
demo:IE01_0_WD_04,demo,demo:IE01,IE01,5,6,city:2964574,city:2965140,154.0
demo:IE01_0_WD_05,demo,demo:IE01,IE01,5,6,city:2964574,city:2965140,155.0
demo:IE01_0_WD_06,demo,demo:IE01,IE01,5,6,city:2964574,city:2965140,155.0
demo:IE01_0_WD_07,demo,demo:IE01,IE01,5,6,city:2964574,city:2965140,156.0
demo:IE01_0_WD_08,demo,demo:IE01,IE01,5,6,city:2964574,city:2965140,155.0
demo:IE01_0_WD_09,demo,demo:IE01,IE01,5,6,city:2964574,city:2965140,155.0
demo:IE01_0_WD_10,demo,demo:IE01,IE01,5,6,city:2964574,city:2965140,154.0
demo:IE01_0_WD_11,demo,demo:IE01,IE01,5,6,city:2964574,city:2965140,155.0
demo:IE01_0_WD_12,demo,demo:IE01,IE01,5,6,city:2964574,city:2965140,155.0
demo:IE01_0_WD_13,demo,demo:IE01,IE01,5,6,city:2964574,city:2965140,156.0
demo:IE01_0_WD_14,demo,demo:IE01,IE01,5,6,city:2964574,city:2965140,155.0
demo:IE01_0_WD_15,demo,demo:IE01,IE01,5,6,city:2964574,city:2965140,155.0
demo:IE01_0_WD_16,demo,demo:IE01,IE01,5,6,city:2964574,city:2965140,154.0
demo:IE01_0_WD_17,demo,demo:IE01,IE01,5,6,city:2964574,city:2965140,155.0
demo:IE01_0_WE_00,demo,demo:IE01,IE01,2,6,city:2964574,city:2965140,155.0
demo:IE01_0_WE_01,demo,demo:IE01,IE01,2,6,city:2964574,city:2965140,155.0
demo:IE01_0_WE_02,demo,demo:IE01,IE01,2,6,city:2964574,city:2965140,155.0
demo:IE01_0_WE_03,demo,demo:IE01,IE01,2,6,city:2964574,city:2965140,155.0
demo:IE01_0_WE_04,demo,demo:IE01,IE01,2,6,city:2964574,city:2965140,155.0
demo:IE01_0_WE_05,demo,demo:IE01,IE01,2,6,city:2964574,city:2965140,155.0
demo:IE01_0_WE_06,demo,demo:IE01,IE01,2,6,city:2964574,city:2965140,155.0
demo:IE01_0_WE_07,demo,demo:IE01,IE01,2,6,city:2964574,city:2965140,155.0
demo:IE01_0_WE_08,demo,demo:IE01,IE01,2,6,city:2964574,city:2965140,155.0
demo:IE01_0_WE_09,demo,demo:IE01,IE01,2,6,city:2964574,city:2965140,155.0
demo:IE01_0_WE_10,demo,demo:IE01,IE01,2,6,city:2964574,city:2965140,155.0
demo:IE01_0_WE_11,demo,demo:IE01,IE01,2,6,city:2964574,city:2965140,155.0
demo:IE01_0_WE_12,demo,demo:IE01,IE01,2,6,city:2964574,city:2965140,155.0
demo:IE01_0_WE_13,demo,demo:IE01,IE01,2,6,city:2964574,city:2965140,155.0
demo:IE01_0_WE_14,demo,demo:IE01,IE01,2,6,city:2964574,city:2965140,155.0
demo:IE01_1_WD_00,demo,demo:IE01,IE01,5,6,city:2965140,city:2964574,155.0
demo:IE01_1_WD_01,demo,demo:IE01,IE01,5,6,city:2965140,city:2964574,156.0
demo:IE01_1_WD_02,demo,demo:IE01,IE01,5,6,city:2965140,city:2964574,155.0
demo:IE01_1_WD_03,demo,demo:IE01,IE01,5,6,city:2965140,city:2964574,155.0
demo:IE01_1_WD_04,demo,demo:IE01,IE01,5,6,city:2965140,city:2964574,154.0
demo:IE01_1_WD_05,demo,demo:IE01,IE01,5,6,city:2965140,city:2964574,155.0
demo:IE01_1_WD_06,demo,demo:IE01,IE01,5,6,city:2965140,city:2964574,155.0
demo:IE01_1_WD_07,demo,demo:IE01,IE01,5,6,city:2965140,city:2964574,156.0
demo:IE01_1_WD_08,demo,demo:IE01,IE01,5,6,city:2965140,city:2964574,155.0
demo:IE01_1_WD_09,demo,demo:IE01,IE01,5,6,city:2965140,city:2964574,155.0
demo:IE01_1_WD_10,demo,demo:IE01,IE01,5,6,city:2965140,city:2964574,154.0
demo:IE01_1_WD_11,demo,demo:IE01,IE01,5,6,city:2965140,city:2964574,155.0
demo:IE01_1_WD_12,demo,demo:IE01,IE01,5,6,city:2965140,city:2964574,155.0
demo:IE01_1_WD_13,demo,demo:IE01,IE01,5,6,city:2965140,city:2964574,156.0
demo:IE01_1_WD_14,demo,demo:IE01,IE01,5,6,city:2965140,city:2964574,155.0
demo:IE01_1_WD_15,demo,demo:IE01,IE01,5,6,city:2965140,city:2964574,155.0
demo:IE01_1_WD_16,demo,demo:IE01,IE01,5,6,city:2965140,city:2964574,154.0
demo:IE01_1_WD_17,demo,demo:IE01,IE01,5,6,city:2965140,city:2964574,155.0
demo:IE01_1_WE_00,demo,demo:IE01,IE01,2,6,city:2965140,city:2964574,155.0
demo:IE01_1_WE_01,demo,demo:IE01,IE01,2,6,city:2965140,city:2964574,155.0
demo:IE01_1_WE_02,demo,demo:IE01,IE01,2,6,city:2965140,city:2964574,155.0
demo:IE01_1_WE_03,demo,demo:IE01,IE01,2,6,city:2965140,city:2964574,155.0
demo:IE01_1_WE_04,demo,demo:IE01,IE01,2,6,city:2965140,city:2964574,155.0
demo:IE01_1_WE_05,demo,demo:IE01,IE01,2,6,city:2965140,city:2964574,155.0
demo:IE01_1_WE_06,demo,demo:IE01,IE01,2,6,city:2965140,city:2964574,155.0
demo:IE01_1_WE_07,demo,demo:IE01,IE01,2,6,city:2965140,city:2964574,155.0
demo:IE01_1_WE_08,demo,demo:IE01,IE01,2,6,city:2965140,city:2964574,155.0
demo:IE01_1_WE_09,demo,demo:IE01,IE01,2,6,city:2965140,city:2964574,155.0
demo:IE01_1_WE_10,demo,demo:IE01,IE01,2,6,city:2965140,city:2964574,155.0
demo:IE01_1_WE_11,demo,demo:IE01,IE01,2,6,city:2965140,city:2964574,155.0
demo:IE01_1_WE_12,demo,demo:IE01,IE01,2,6,city:2965140,city:2964574,155.0
demo:IE01_1_WE_13,demo,demo:IE01,IE01,2,6,city:2965140,city:2964574,155.0
demo:IE01_1_WE_14,demo,demo:IE01,IE01,2,6,city:2965140,city:2964574,155.0
demo:IE02_0_WD_00,demo,demo:IE02,IE02,5,6,city:2964574,city:2655984,120.0
demo:IE02_0_WD_01,demo,demo:IE02,IE02,5,6,city:2964574,city:2655984,120.0
demo:IE02_0_WD_02,demo,demo:IE02,IE02,5,6,city:2964574,city:2655984,120.0
demo:IE02_0_WD_03,demo,demo:IE02,IE02,5,6,city:2964574,city:2655984,120.0
demo:IE02_0_WD_04,demo,demo:IE02,IE02,5,6,city:2964574,city:2655984,120.0
demo:IE02_0_WD_05,demo,demo:IE02,IE02,5,6,city:2964574,city:2655984,120.0
demo:IE02_0_WD_06,demo,demo:IE02,IE02,5,6,city:2964574,city:2655984,120.0
demo:IE02_0_WD_07,demo,demo:IE02,IE02,5,6,city:2964574,city:2655984,120.0
demo:IE02_0_WD_08,demo,demo:IE02,IE02,5,6,city:2964574,city:2655984,120.0
demo:IE02_0_WD_09,demo,demo:IE02,IE02,5,6,city:2964574,city:2655984,120.0
demo:IE02_0_WD_10,demo,demo:IE02,IE02,5,6,city:2964574,city:2655984,120.0
demo:IE02_0_WD_11,demo,demo:IE02,IE02,5,6,city:2964574,city:2655984,120.0
demo:IE02_0_WE_00,demo,demo:IE02,IE02,2,6,city:2964574,city:2655984,120.0
demo:IE02_0_WE_01,demo,demo:IE02,IE02,2,6,city:2964574,city:2655984,120.0
demo:IE02_0_WE_02,demo,demo:IE02,IE02,2,6,city:2964574,city:2655984,120.0
demo:IE02_0_WE_03,demo,demo:IE02,IE02,2,6,city:2964574,city:2655984,120.0
demo:IE02_0_WE_04,demo,demo:IE02,IE02,2,6,city:2964574,city:2655984,120.0
demo:IE02_0_WE_05,demo,demo:IE02,IE02,2,6,city:2964574,city:2655984,120.0
demo:IE02_0_WE_06,demo,demo:IE02,IE02,2,6,city:2964574,city:2655984,120.0
demo:IE02_0_WE_07,demo,demo:IE02,IE02,2,6,city:2964574,city:2655984,120.0
demo:IE02_0_WE_08,demo,demo:IE02,IE02,2,6,city:2964574,city:2655984,120.0
demo:IE02_0_WE_09,demo,demo:IE02,IE02,2,6,city:2964574,city:2655984,120.0
demo:IE02_1_WD_00,demo,demo:IE02,IE02,5,6,city:2655984,city:2964574,120.0
demo:IE02_1_WD_01,demo,demo:IE02,IE02,5,6,city:2655984,city:2964574,120.0
demo:IE02_1_WD_02,demo,demo:IE02,IE02,5,6,city:2655984,city:2964574,120.0
demo:IE02_1_WD_03,demo,demo:IE02,IE02,5,6,city:2655984,city:2964574,120.0
demo:IE02_1_WD_04,demo,demo:IE02,IE02,5,6,city:2655984,city:2964574,120.0
demo:IE02_1_WD_05,demo,demo:IE02,IE02,5,6,city:2655984,city:2964574,120.0
demo:IE02_1_WD_06,demo,demo:IE02,IE02,5,6,city:2655984,city:2964574,120.0
demo:IE02_1_WD_07,demo,demo:IE02,IE02,5,6,city:2655984,city:2964574,120.0
demo:IE02_1_WD_08,demo,demo:IE02,IE02,5,6,city:2655984,city:2964574,120.0
demo:IE02_1_WD_09,demo,demo:IE02,IE02,5,6,city:2655984,city:2964574,120.0
demo:IE02_1_WD_10,demo,demo:IE02,IE02,5,6,city:2655984,city:2964574,120.0
demo:IE02_1_WD_11,demo,demo:IE02,IE02,5,6,city:2655984,city:2964574,120.0
demo:IE02_1_WE_00,demo,demo:IE02,IE02,2,6,city:2655984,city:2964574,120.0
demo:IE02_1_WE_01,demo,demo:IE02,IE02,2,6,city:2655984,city:2964574,120.0
demo:IE02_1_WE_02,demo,demo:IE02,IE02,2,6,city:2655984,city:2964574,120.0
demo:IE02_1_WE_03,demo,demo:IE02,IE02,2,6,city:2655984,city:2964574,120.0
demo:IE02_1_WE_04,demo,demo:IE02,IE02,2,6,city:2655984,city:2964574,120.0
demo:IE02_1_WE_05,demo,demo:IE02,IE02,2,6,city:2655984,city:2964574,120.0
demo:IE02_1_WE_06,demo,demo:IE02,IE02,2,6,city:2655984,city:2964574,120.0
demo:IE02_1_WE_07,demo,demo:IE02,IE02,2,6,city:2655984,city:2964574,120.0
demo:IE02_1_WE_08,demo,demo:IE02,IE02,2,6,city:2655984,city:2964574,120.0
demo:IE02_1_WE_09,demo,demo:IE02,IE02,2,6,city:2655984,city:2964574,120.0
demo:IE03_0_WD_00,demo,demo:IE03,IE03,5,3,city:2964574,city:2964180,140.0
demo:IE03_0_WD_01,demo,demo:IE03,IE03,5,3,city:2964574,city:2964180,140.0
demo:IE03_0_WD_02,demo,demo:IE03,IE03,5,3,city:2964574,city:2964180,140.0
demo:IE03_0_WD_03,demo,demo:IE03,IE03,5,3,city:2964574,city:2964180,140.0
demo:IE03_0_WD_04,demo,demo:IE03,IE03,5,3,city:2964574,city:2964180,140.0
demo:IE03_0_WD_05,demo,demo:IE03,IE03,5,3,city:2964574,city:2964180,140.0
demo:IE03_0_WD_06,demo,demo:IE03,IE03,5,3,city:2964574,city:2964180,140.0
demo:IE03_0_WD_07,demo,demo:IE03,IE03,5,3,city:2964574,city:2964180,140.0
demo:IE03_0_WD_08,demo,demo:IE03,IE03,5,3,city:2964574,city:2964180,140.0
demo:IE03_0_WD_09,demo,demo:IE03,IE03,5,3,city:2964574,city:2964180,140.0
demo:IE03_0_WE_00,demo,demo:IE03,IE03,2,3,city:2964574,city:2964180,140.0
demo:IE03_0_WE_01,demo,demo:IE03,IE03,2,3,city:2964574,city:2964180,140.0
demo:IE03_0_WE_02,demo,demo:IE03,IE03,2,3,city:2964574,city:2964180,140.0
demo:IE03_0_WE_03,demo,demo:IE03,IE03,2,3,city:2964574,city:2964180,140.0
demo:IE03_0_WE_04,demo,demo:IE03,IE03,2,3,city:2964574,city:2964180,140.0
demo:IE03_0_WE_05,demo,demo:IE03,IE03,2,3,city:2964574,city:2964180,140.0
demo:IE03_0_WE_06,demo,demo:IE03,IE03,2,3,city:2964574,city:2964180,140.0
demo:IE03_0_WE_07,demo,demo:IE03,IE03,2,3,city:2964574,city:2964180,140.0
demo:IE03_1_WD_00,demo,demo:IE03,IE03,5,3,city:2964180,city:2964574,140.0
demo:IE03_1_WD_01,demo,demo:IE03,IE03,5,3,city:2964180,city:2964574,140.0
demo:IE03_1_WD_02,demo,demo:IE03,IE03,5,3,city:2964180,city:2964574,140.0
demo:IE03_1_WD_03,demo,demo:IE03,IE03,5,3,city:2964180,city:2964574,140.0
demo:IE03_1_WD_04,demo,demo:IE03,IE03,5,3,city:2964180,city:2964574,140.0
demo:IE03_1_WD_05,demo,demo:IE03,IE03,5,3,city:2964180,city:2964574,140.0
demo:IE03_1_WD_06,demo,demo:IE03,IE03,5,3,city:2964180,city:2964574,140.0
demo:IE03_1_WD_07,demo,demo:IE03,IE03,5,3,city:2964180,city:2964574,140.0
demo:IE03_1_WD_08,demo,demo:IE03,IE03,5,3,city:2964180,city:2964574,140.0
demo:IE03_1_WD_09,demo,demo:IE03,IE03,5,3,city:2964180,city:2964574,140.0
demo:IE03_1_WE_00,demo,demo:IE03,IE03,2,3,city:2964180,city:2964574,140.0
demo:IE03_1_WE_01,demo,demo:IE03,IE03,2,3,city:2964180,city:2964574,140.0
demo:IE03_1_WE_02,demo,demo:IE03,IE03,2,3,city:2964180,city:2964574,140.0
demo:IE03_1_WE_03,demo,demo:IE03,IE03,2,3,city:2964180,city:2964574,140.0
demo:IE03_1_WE_04,demo,demo:IE03,IE03,2,3,city:2964180,city:2964574,140.0
demo:IE03_1_WE_05,demo,demo:IE03,IE03,2,3,city:2964180,city:2964574,140.0
demo:IE03_1_WE_06,demo,demo:IE03,IE03,2,3,city:2964180,city:2964574,140.0
demo:IE03_1_WE_07,demo,demo:IE03,IE03,2,3,city:2964180,city:2964574,140.0
demo:IE04_0_WD_00,demo,demo:IE04,IE04,5,3,city:2964574,city:2962943,135.0
demo:IE04_0_WD_01,demo,demo:IE04,IE04,5,3,city:2964574,city:2962943,135.0
demo:IE04_0_WD_02,demo,demo:IE04,IE04,5,3,city:2964574,city:2962943,135.0
demo:IE04_0_WD_03,demo,demo:IE04,IE04,5,3,city:2964574,city:2962943,135.0
demo:IE04_0_WD_04,demo,demo:IE04,IE04,5,3,city:2964574,city:2962943,135.0
demo:IE04_0_WD_05,demo,demo:IE04,IE04,5,3,city:2964574,city:2962943,135.0
demo:IE04_0_WD_06,demo,demo:IE04,IE04,5,3,city:2964574,city:2962943,135.0
demo:IE04_0_WD_07,demo,demo:IE04,IE04,5,3,city:2964574,city:2962943,135.0
demo:IE04_0_WE_00,demo,demo:IE04,IE04,2,3,city:2964574,city:2962943,135.0
demo:IE04_0_WE_01,demo,demo:IE04,IE04,2,3,city:2964574,city:2962943,135.0
demo:IE04_0_WE_02,demo,demo:IE04,IE04,2,3,city:2964574,city:2962943,135.0
demo:IE04_0_WE_03,demo,demo:IE04,IE04,2,3,city:2964574,city:2962943,135.0
demo:IE04_0_WE_04,demo,demo:IE04,IE04,2,3,city:2964574,city:2962943,135.0
demo:IE04_0_WE_05,demo,demo:IE04,IE04,2,3,city:2964574,city:2962943,135.0
demo:IE04_0_WE_06,demo,demo:IE04,IE04,2,3,city:2964574,city:2962943,135.0
demo:IE04_1_WD_00,demo,demo:IE04,IE04,5,3,city:2962943,city:2964574,135.0
demo:IE04_1_WD_01,demo,demo:IE04,IE04,5,3,city:2962943,city:2964574,135.0
demo:IE04_1_WD_02,demo,demo:IE04,IE04,5,3,city:2962943,city:2964574,135.0
demo:IE04_1_WD_03,demo,demo:IE04,IE04,5,3,city:2962943,city:2964574,135.0
demo:IE04_1_WD_04,demo,demo:IE04,IE04,5,3,city:2962943,city:2964574,135.0
demo:IE04_1_WD_05,demo,demo:IE04,IE04,5,3,city:2962943,city:2964574,135.0
demo:IE04_1_WD_06,demo,demo:IE04,IE04,5,3,city:2962943,city:2964574,135.0
demo:IE04_1_WD_07,demo,demo:IE04,IE04,5,3,city:2962943,city:2964574,135.0
demo:IE04_1_WE_00,demo,demo:IE04,IE04,2,3,city:2962943,city:2964574,135.0
demo:IE04_1_WE_01,demo,demo:IE04,IE04,2,3,city:2962943,city:2964574,135.0
demo:IE04_1_WE_02,demo,demo:IE04,IE04,2,3,city:2962943,city:2964574,135.0
demo:IE04_1_WE_03,demo,demo:IE04,IE04,2,3,city:2962943,city:2964574,135.0
demo:IE04_1_WE_04,demo,demo:IE04,IE04,2,3,city:2962943,city:2964574,135.0
demo:IE04_1_WE_05,demo,demo:IE04,IE04,2,3,city:2962943,city:2964574,135.0
demo:IE04_1_WE_06,demo,demo:IE04,IE04,2,3,city:2962943,city:2964574,135.0
demo:IE05_0_WD_00,demo,demo:IE05,IE05,5,3,city:2964574,city:2960992,145.0
demo:IE05_0_WD_01,demo,demo:IE05,IE05,5,3,city:2964574,city:2960992,145.0
demo:IE05_0_WD_02,demo,demo:IE05,IE05,5,3,city:2964574,city:2960992,145.0
demo:IE05_0_WD_03,demo,demo:IE05,IE05,5,3,city:2964574,city:2960992,145.0
demo:IE05_0_WD_04,demo,demo:IE05,IE05,5,3,city:2964574,city:2960992,145.0
demo:IE05_0_WD_05,demo,demo:IE05,IE05,5,3,city:2964574,city:2960992,145.0
demo:IE05_0_WD_06,demo,demo:IE05,IE05,5,3,city:2964574,city:2960992,145.0
demo:IE05_0_WE_00,demo,demo:IE05,IE05,2,3,city:2964574,city:2960992,146.0
demo:IE05_0_WE_01,demo,demo:IE05,IE05,2,3,city:2964574,city:2960992,144.0
demo:IE05_0_WE_02,demo,demo:IE05,IE05,2,3,city:2964574,city:2960992,146.0
demo:IE05_0_WE_03,demo,demo:IE05,IE05,2,3,city:2964574,city:2960992,144.0
demo:IE05_0_WE_04,demo,demo:IE05,IE05,2,3,city:2964574,city:2960992,146.0
demo:IE05_0_WE_05,demo,demo:IE05,IE05,2,3,city:2964574,city:2960992,144.0
demo:IE05_1_WD_00,demo,demo:IE05,IE05,5,3,city:2960992,city:2964574,145.0
demo:IE05_1_WD_01,demo,demo:IE05,IE05,5,3,city:2960992,city:2964574,145.0
demo:IE05_1_WD_02,demo,demo:IE05,IE05,5,3,city:2960992,city:2964574,145.0
demo:IE05_1_WD_03,demo,demo:IE05,IE05,5,3,city:2960992,city:2964574,145.0
demo:IE05_1_WD_04,demo,demo:IE05,IE05,5,3,city:2960992,city:2964574,145.0
demo:IE05_1_WD_05,demo,demo:IE05,IE05,5,3,city:2960992,city:2964574,145.0
demo:IE05_1_WD_06,demo,demo:IE05,IE05,5,3,city:2960992,city:2964574,145.0
demo:IE05_1_WE_00,demo,demo:IE05,IE05,2,3,city:2960992,city:2964574,146.0
demo:IE05_1_WE_01,demo,demo:IE05,IE05,2,3,city:2960992,city:2964574,144.0
demo:IE05_1_WE_02,demo,demo:IE05,IE05,2,3,city:2960992,city:2964574,146.0
demo:IE05_1_WE_03,demo,demo:IE05,IE05,2,3,city:2960992,city:2964574,144.0
demo:IE05_1_WE_04,demo,demo:IE05,IE05,2,3,city:2960992,city:2964574,146.0
demo:IE05_1_WE_05,demo,demo:IE05,IE05,2,3,city:2960992,city:2964574,144.0
demo:IT01_0_WD_00,demo,demo:IT01,IT01,5,8,city:3165524,city:3168673,361.0
demo:IT01_0_WD_01,demo,demo:IT01,IT01,5,8,city:3165524,city:3168673,361.0
demo:IT01_0_WD_02,demo,demo:IT01,IT01,5,8,city:3165524,city:3168673,361.0
demo:IT01_0_WD_03,demo,demo:IT01,IT01,5,8,city:3165524,city:3168673,362.0
demo:IT01_0_WD_04,demo,demo:IT01,IT01,5,8,city:3165524,city:3168673,361.0
demo:IT01_0_WD_05,demo,demo:IT01,IT01,5,8,city:3165524,city:3168673,361.0
demo:IT01_0_WD_06,demo,demo:IT01,IT01,5,8,city:3165524,city:3168673,361.0
demo:IT01_0_WD_07,demo,demo:IT01,IT01,5,8,city:3165524,city:3168673,361.0
demo:IT01_0_WD_08,demo,demo:IT01,IT01,5,8,city:3165524,city:3168673,361.0
demo:IT01_0_WD_09,demo,demo:IT01,IT01,5,8,city:3165524,city:3168673,361.0
demo:IT01_0_WD_10,demo,demo:IT01,IT01,5,8,city:3165524,city:3168673,360.0
demo:IT01_0_WD_11,demo,demo:IT01,IT01,5,8,city:3165524,city:3168673,361.0
demo:IT01_0_WD_12,demo,demo:IT01,IT01,5,8,city:3165524,city:3168673,361.0
demo:IT01_0_WD_13,demo,demo:IT01,IT01,5,8,city:3165524,city:3168673,361.0
demo:IT01_0_WE_00,demo,demo:IT01,IT01,2,8,city:3165524,city:3168673,361.0
demo:IT01_0_WE_01,demo,demo:IT01,IT01,2,8,city:3165524,city:3168673,361.0
demo:IT01_0_WE_02,demo,demo:IT01,IT01,2,8,city:3165524,city:3168673,361.0
demo:IT01_0_WE_03,demo,demo:IT01,IT01,2,8,city:3165524,city:3168673,361.0
demo:IT01_0_WE_04,demo,demo:IT01,IT01,2,8,city:3165524,city:3168673,361.0
demo:IT01_0_WE_05,demo,demo:IT01,IT01,2,8,city:3165524,city:3168673,361.0
demo:IT01_0_WE_06,demo,demo:IT01,IT01,2,8,city:3165524,city:3168673,361.0
demo:IT01_0_WE_07,demo,demo:IT01,IT01,2,8,city:3165524,city:3168673,361.0
demo:IT01_0_WE_08,demo,demo:IT01,IT01,2,8,city:3165524,city:3168673,361.0
demo:IT01_0_WE_09,demo,demo:IT01,IT01,2,8,city:3165524,city:3168673,361.0
demo:IT01_0_WE_10,demo,demo:IT01,IT01,2,8,city:3165524,city:3168673,361.0
demo:IT01_0_WE_11,demo,demo:IT01,IT01,2,8,city:3165524,city:3168673,361.0
demo:IT01_1_WD_00,demo,demo:IT01,IT01,5,8,city:3168673,city:3165524,361.0
demo:IT01_1_WD_01,demo,demo:IT01,IT01,5,8,city:3168673,city:3165524,361.0
demo:IT01_1_WD_02,demo,demo:IT01,IT01,5,8,city:3168673,city:3165524,361.0
demo:IT01_1_WD_03,demo,demo:IT01,IT01,5,8,city:3168673,city:3165524,360.0
demo:IT01_1_WD_04,demo,demo:IT01,IT01,5,8,city:3168673,city:3165524,361.0
demo:IT01_1_WD_05,demo,demo:IT01,IT01,5,8,city:3168673,city:3165524,361.0
demo:IT01_1_WD_06,demo,demo:IT01,IT01,5,8,city:3168673,city:3165524,361.0
demo:IT01_1_WD_07,demo,demo:IT01,IT01,5,8,city:3168673,city:3165524,361.0
demo:IT01_1_WD_08,demo,demo:IT01,IT01,5,8,city:3168673,city:3165524,361.0
demo:IT01_1_WD_09,demo,demo:IT01,IT01,5,8,city:3168673,city:3165524,361.0
demo:IT01_1_WD_10,demo,demo:IT01,IT01,5,8,city:3168673,city:3165524,362.0
demo:IT01_1_WD_11,demo,demo:IT01,IT01,5,8,city:3168673,city:3165524,361.0
demo:IT01_1_WD_12,demo,demo:IT01,IT01,5,8,city:3168673,city:3165524,361.0
demo:IT01_1_WD_13,demo,demo:IT01,IT01,5,8,city:3168673,city:3165524,361.0
demo:IT01_1_WE_00,demo,demo:IT01,IT01,2,8,city:3168673,city:3165524,361.0
demo:IT01_1_WE_01,demo,demo:IT01,IT01,2,8,city:3168673,city:3165524,361.0
demo:IT01_1_WE_02,demo,demo:IT01,IT01,2,8,city:3168673,city:3165524,361.0
demo:IT01_1_WE_03,demo,demo:IT01,IT01,2,8,city:3168673,city:3165524,361.0
demo:IT01_1_WE_04,demo,demo:IT01,IT01,2,8,city:3168673,city:3165524,361.0
demo:IT01_1_WE_05,demo,demo:IT01,IT01,2,8,city:3168673,city:3165524,361.0
demo:IT01_1_WE_06,demo,demo:IT01,IT01,2,8,city:3168673,city:3165524,361.0
demo:IT01_1_WE_07,demo,demo:IT01,IT01,2,8,city:3168673,city:3165524,361.0
demo:IT01_1_WE_08,demo,demo:IT01,IT01,2,8,city:3168673,city:3165524,361.0
demo:IT01_1_WE_09,demo,demo:IT01,IT01,2,8,city:3168673,city:3165524,361.0
demo:IT01_1_WE_10,demo,demo:IT01,IT01,2,8,city:3168673,city:3165524,361.0
demo:IT01_1_WE_11,demo,demo:IT01,IT01,2,8,city:3168673,city:3165524,361.0
demo:IT02_0_WD_00,demo,demo:IT02,IT02,5,2,city:3173435,city:3169070,179.0
demo:IT02_0_WD_01,demo,demo:IT02,IT02,5,2,city:3173435,city:3169070,179.0
demo:IT02_0_WD_02,demo,demo:IT02,IT02,5,2,city:3173435,city:3169070,179.0
demo:IT02_0_WD_03,demo,demo:IT02,IT02,5,2,city:3173435,city:3169070,179.0
demo:IT02_0_WD_04,demo,demo:IT02,IT02,5,2,city:3173435,city:3169070,179.0
demo:IT02_0_WD_05,demo,demo:IT02,IT02,5,2,city:3173435,city:3169070,179.0
demo:IT02_0_WD_06,demo,demo:IT02,IT02,5,2,city:3173435,city:3169070,179.0
demo:IT02_0_WD_07,demo,demo:IT02,IT02,5,2,city:3173435,city:3169070,179.0
demo:IT02_0_WD_08,demo,demo:IT02,IT02,5,2,city:3173435,city:3169070,179.0
demo:IT02_0_WD_09,demo,demo:IT02,IT02,5,2,city:3173435,city:3169070,179.0
demo:IT02_0_WD_10,demo,demo:IT02,IT02,5,2,city:3173435,city:3169070,179.0
demo:IT02_0_WD_11,demo,demo:IT02,IT02,5,2,city:3173435,city:3169070,179.0
demo:IT02_0_WE_00,demo,demo:IT02,IT02,2,2,city:3173435,city:3169070,178.0
demo:IT02_0_WE_01,demo,demo:IT02,IT02,2,2,city:3173435,city:3169070,180.0
demo:IT02_0_WE_02,demo,demo:IT02,IT02,2,2,city:3173435,city:3169070,178.0
demo:IT02_0_WE_03,demo,demo:IT02,IT02,2,2,city:3173435,city:3169070,180.0
demo:IT02_0_WE_04,demo,demo:IT02,IT02,2,2,city:3173435,city:3169070,178.0
demo:IT02_0_WE_05,demo,demo:IT02,IT02,2,2,city:3173435,city:3169070,180.0
demo:IT02_0_WE_06,demo,demo:IT02,IT02,2,2,city:3173435,city:3169070,178.0
demo:IT02_0_WE_07,demo,demo:IT02,IT02,2,2,city:3173435,city:3169070,180.0
demo:IT02_0_WE_08,demo,demo:IT02,IT02,2,2,city:3173435,city:3169070,178.0
demo:IT02_0_WE_09,demo,demo:IT02,IT02,2,2,city:3173435,city:3169070,180.0
demo:IT02_1_WD_00,demo,demo:IT02,IT02,5,2,city:3169070,city:3173435,179.0
demo:IT02_1_WD_01,demo,demo:IT02,IT02,5,2,city:3169070,city:3173435,179.0
demo:IT02_1_WD_02,demo,demo:IT02,IT02,5,2,city:3169070,city:3173435,179.0
demo:IT02_1_WD_03,demo,demo:IT02,IT02,5,2,city:3169070,city:3173435,179.0
demo:IT02_1_WD_04,demo,demo:IT02,IT02,5,2,city:3169070,city:3173435,179.0
demo:IT02_1_WD_05,demo,demo:IT02,IT02,5,2,city:3169070,city:3173435,179.0
demo:IT02_1_WD_06,demo,demo:IT02,IT02,5,2,city:3169070,city:3173435,179.0
demo:IT02_1_WD_07,demo,demo:IT02,IT02,5,2,city:3169070,city:3173435,179.0
demo:IT02_1_WD_08,demo,demo:IT02,IT02,5,2,city:3169070,city:3173435,179.0
demo:IT02_1_WD_09,demo,demo:IT02,IT02,5,2,city:3169070,city:3173435,179.0
demo:IT02_1_WD_10,demo,demo:IT02,IT02,5,2,city:3169070,city:3173435,179.0
demo:IT02_1_WD_11,demo,demo:IT02,IT02,5,2,city:3169070,city:3173435,179.0
demo:IT02_1_WE_00,demo,demo:IT02,IT02,2,2,city:3169070,city:3173435,178.0
demo:IT02_1_WE_01,demo,demo:IT02,IT02,2,2,city:3169070,city:3173435,180.0
demo:IT02_1_WE_02,demo,demo:IT02,IT02,2,2,city:3169070,city:3173435,178.0
demo:IT02_1_WE_03,demo,demo:IT02,IT02,2,2,city:3169070,city:3173435,180.0
demo:IT02_1_WE_04,demo,demo:IT02,IT02,2,2,city:3169070,city:3173435,178.0
demo:IT02_1_WE_05,demo,demo:IT02,IT02,2,2,city:3169070,city:3173435,180.0
demo:IT02_1_WE_06,demo,demo:IT02,IT02,2,2,city:3169070,city:3173435,178.0
demo:IT02_1_WE_07,demo,demo:IT02,IT02,2,2,city:3169070,city:3173435,180.0
demo:IT02_1_WE_08,demo,demo:IT02,IT02,2,2,city:3169070,city:3173435,178.0
demo:IT02_1_WE_09,demo,demo:IT02,IT02,2,2,city:3169070,city:3173435,180.0
demo:IT03_0_WD_00,demo,demo:IT03,IT03,5,6,city:3173435,city:3172394,258.0
demo:IT03_0_WD_01,demo,demo:IT03,IT03,5,6,city:3173435,city:3172394,258.0
demo:IT03_0_WD_02,demo,demo:IT03,IT03,5,6,city:3173435,city:3172394,258.0
demo:IT03_0_WD_03,demo,demo:IT03,IT03,5,6,city:3173435,city:3172394,258.0
demo:IT03_0_WD_04,demo,demo:IT03,IT03,5,6,city:3173435,city:3172394,258.0
demo:IT03_0_WD_05,demo,demo:IT03,IT03,5,6,city:3173435,city:3172394,258.0
demo:IT03_0_WD_06,demo,demo:IT03,IT03,5,6,city:3173435,city:3172394,258.0
demo:IT03_0_WD_07,demo,demo:IT03,IT03,5,6,city:3173435,city:3172394,258.0
demo:IT03_0_WD_08,demo,demo:IT03,IT03,5,6,city:3173435,city:3172394,258.0
demo:IT03_0_WD_09,demo,demo:IT03,IT03,5,6,city:3173435,city:3172394,258.0
demo:IT03_0_WD_10,demo,demo:IT03,IT03,5,6,city:3173435,city:3172394,258.0
demo:IT03_0_WD_11,demo,demo:IT03,IT03,5,6,city:3173435,city:3172394,258.0
demo:IT03_0_WD_12,demo,demo:IT03,IT03,5,6,city:3173435,city:3172394,258.0
demo:IT03_0_WD_13,demo,demo:IT03,IT03,5,6,city:3173435,city:3172394,258.0
demo:IT03_0_WD_14,demo,demo:IT03,IT03,5,6,city:3173435,city:3172394,258.0
demo:IT03_0_WD_15,demo,demo:IT03,IT03,5,6,city:3173435,city:3172394,258.0
demo:IT03_0_WD_16,demo,demo:IT03,IT03,5,6,city:3173435,city:3172394,258.0
demo:IT03_0_WD_17,demo,demo:IT03,IT03,5,6,city:3173435,city:3172394,258.0
demo:IT03_0_WD_18,demo,demo:IT03,IT03,5,6,city:3173435,city:3172394,258.0
demo:IT03_0_WD_19,demo,demo:IT03,IT03,5,6,city:3173435,city:3172394,258.0
demo:IT03_0_WE_00,demo,demo:IT03,IT03,2,6,city:3173435,city:3172394,258.0
demo:IT03_0_WE_01,demo,demo:IT03,IT03,2,6,city:3173435,city:3172394,258.0
demo:IT03_0_WE_02,demo,demo:IT03,IT03,2,6,city:3173435,city:3172394,258.0
demo:IT03_0_WE_03,demo,demo:IT03,IT03,2,6,city:3173435,city:3172394,258.0
demo:IT03_0_WE_04,demo,demo:IT03,IT03,2,6,city:3173435,city:3172394,258.0
demo:IT03_0_WE_05,demo,demo:IT03,IT03,2,6,city:3173435,city:3172394,258.0
demo:IT03_0_WE_06,demo,demo:IT03,IT03,2,6,city:3173435,city:3172394,258.0
demo:IT03_0_WE_07,demo,demo:IT03,IT03,2,6,city:3173435,city:3172394,258.0
demo:IT03_0_WE_08,demo,demo:IT03,IT03,2,6,city:3173435,city:3172394,258.0
demo:IT03_0_WE_09,demo,demo:IT03,IT03,2,6,city:3173435,city:3172394,258.0
demo:IT03_0_WE_10,demo,demo:IT03,IT03,2,6,city:3173435,city:3172394,258.0
demo:IT03_0_WE_11,demo,demo:IT03,IT03,2,6,city:3173435,city:3172394,258.0
demo:IT03_0_WE_12,demo,demo:IT03,IT03,2,6,city:3173435,city:3172394,258.0
demo:IT03_0_WE_13,demo,demo:IT03,IT03,2,6,city:3173435,city:3172394,258.0
demo:IT03_0_WE_14,demo,demo:IT03,IT03,2,6,city:3173435,city:3172394,258.0
demo:IT03_0_WE_15,demo,demo:IT03,IT03,2,6,city:3173435,city:3172394,258.0
demo:IT03_0_WE_16,demo,demo:IT03,IT03,2,6,city:3173435,city:3172394,258.0
demo:IT03_1_WD_00,demo,demo:IT03,IT03,5,6,city:3172394,city:3173435,258.0
demo:IT03_1_WD_01,demo,demo:IT03,IT03,5,6,city:3172394,city:3173435,258.0
demo:IT03_1_WD_02,demo,demo:IT03,IT03,5,6,city:3172394,city:3173435,258.0
demo:IT03_1_WD_03,demo,demo:IT03,IT03,5,6,city:3172394,city:3173435,258.0
demo:IT03_1_WD_04,demo,demo:IT03,IT03,5,6,city:3172394,city:3173435,258.0
demo:IT03_1_WD_05,demo,demo:IT03,IT03,5,6,city:3172394,city:3173435,258.0
demo:IT03_1_WD_06,demo,demo:IT03,IT03,5,6,city:3172394,city:3173435,258.0
demo:IT03_1_WD_07,demo,demo:IT03,IT03,5,6,city:3172394,city:3173435,258.0
demo:IT03_1_WD_08,demo,demo:IT03,IT03,5,6,city:3172394,city:3173435,258.0
demo:IT03_1_WD_09,demo,demo:IT03,IT03,5,6,city:3172394,city:3173435,258.0
demo:IT03_1_WD_10,demo,demo:IT03,IT03,5,6,city:3172394,city:3173435,258.0
demo:IT03_1_WD_11,demo,demo:IT03,IT03,5,6,city:3172394,city:3173435,258.0
demo:IT03_1_WD_12,demo,demo:IT03,IT03,5,6,city:3172394,city:3173435,258.0
demo:IT03_1_WD_13,demo,demo:IT03,IT03,5,6,city:3172394,city:3173435,258.0
demo:IT03_1_WD_14,demo,demo:IT03,IT03,5,6,city:3172394,city:3173435,258.0
demo:IT03_1_WD_15,demo,demo:IT03,IT03,5,6,city:3172394,city:3173435,258.0
demo:IT03_1_WD_16,demo,demo:IT03,IT03,5,6,city:3172394,city:3173435,258.0
demo:IT03_1_WD_17,demo,demo:IT03,IT03,5,6,city:3172394,city:3173435,258.0
demo:IT03_1_WD_18,demo,demo:IT03,IT03,5,6,city:3172394,city:3173435,258.0
demo:IT03_1_WD_19,demo,demo:IT03,IT03,5,6,city:3172394,city:3173435,258.0
demo:IT03_1_WE_00,demo,demo:IT03,IT03,2,6,city:3172394,city:3173435,258.0
demo:IT03_1_WE_01,demo,demo:IT03,IT03,2,6,city:3172394,city:3173435,258.0
demo:IT03_1_WE_02,demo,demo:IT03,IT03,2,6,city:3172394,city:3173435,258.0
demo:IT03_1_WE_03,demo,demo:IT03,IT03,2,6,city:3172394,city:3173435,258.0
demo:IT03_1_WE_04,demo,demo:IT03,IT03,2,6,city:3172394,city:3173435,258.0
demo:IT03_1_WE_05,demo,demo:IT03,IT03,2,6,city:3172394,city:3173435,258.0
demo:IT03_1_WE_06,demo,demo:IT03,IT03,2,6,city:3172394,city:3173435,258.0
demo:IT03_1_WE_07,demo,demo:IT03,IT03,2,6,city:3172394,city:3173435,258.0
demo:IT03_1_WE_08,demo,demo:IT03,IT03,2,6,city:3172394,city:3173435,258.0
demo:IT03_1_WE_09,demo,demo:IT03,IT03,2,6,city:3172394,city:3173435,258.0
demo:IT03_1_WE_10,demo,demo:IT03,IT03,2,6,city:3172394,city:3173435,258.0
demo:IT03_1_WE_11,demo,demo:IT03,IT03,2,6,city:3172394,city:3173435,258.0
demo:IT03_1_WE_12,demo,demo:IT03,IT03,2,6,city:3172394,city:3173435,258.0
demo:IT03_1_WE_13,demo,demo:IT03,IT03,2,6,city:3172394,city:3173435,258.0
demo:IT03_1_WE_14,demo,demo:IT03,IT03,2,6,city:3172394,city:3173435,258.0
demo:IT03_1_WE_15,demo,demo:IT03,IT03,2,6,city:3172394,city:3173435,258.0
demo:IT03_1_WE_16,demo,demo:IT03,IT03,2,6,city:3172394,city:3173435,258.0
demo:IT04_0_WD_00,demo,demo:IT04,IT04,5,8,city:3164603,city:3172394,292.0
demo:IT04_0_WD_01,demo,demo:IT04,IT04,5,8,city:3164603,city:3172394,292.0
demo:IT04_0_WD_02,demo,demo:IT04,IT04,5,8,city:3164603,city:3172394,292.0
demo:IT04_0_WD_03,demo,demo:IT04,IT04,5,8,city:3164603,city:3172394,292.0
demo:IT04_0_WD_04,demo,demo:IT04,IT04,5,8,city:3164603,city:3172394,292.0
demo:IT04_0_WD_05,demo,demo:IT04,IT04,5,8,city:3164603,city:3172394,292.0
demo:IT04_0_WD_06,demo,demo:IT04,IT04,5,8,city:3164603,city:3172394,292.0
demo:IT04_0_WD_07,demo,demo:IT04,IT04,5,8,city:3164603,city:3172394,292.0
demo:IT04_0_WD_08,demo,demo:IT04,IT04,5,8,city:3164603,city:3172394,292.0
demo:IT04_0_WD_09,demo,demo:IT04,IT04,5,8,city:3164603,city:3172394,292.0
demo:IT04_0_WD_10,demo,demo:IT04,IT04,5,8,city:3164603,city:3172394,292.0
demo:IT04_0_WD_11,demo,demo:IT04,IT04,5,8,city:3164603,city:3172394,292.0
demo:IT04_0_WD_12,demo,demo:IT04,IT04,5,8,city:3164603,city:3172394,292.0
demo:IT04_0_WD_13,demo,demo:IT04,IT04,5,8,city:3164603,city:3172394,292.0
demo:IT04_0_WE_00,demo,demo:IT04,IT04,2,8,city:3164603,city:3172394,292.0
demo:IT04_0_WE_01,demo,demo:IT04,IT04,2,8,city:3164603,city:3172394,292.0
demo:IT04_0_WE_02,demo,demo:IT04,IT04,2,8,city:3164603,city:3172394,292.0
demo:IT04_0_WE_03,demo,demo:IT04,IT04,2,8,city:3164603,city:3172394,292.0
demo:IT04_0_WE_04,demo,demo:IT04,IT04,2,8,city:3164603,city:3172394,292.0
demo:IT04_0_WE_05,demo,demo:IT04,IT04,2,8,city:3164603,city:3172394,292.0
demo:IT04_0_WE_06,demo,demo:IT04,IT04,2,8,city:3164603,city:3172394,292.0
demo:IT04_0_WE_07,demo,demo:IT04,IT04,2,8,city:3164603,city:3172394,292.0
demo:IT04_0_WE_08,demo,demo:IT04,IT04,2,8,city:3164603,city:3172394,292.0
demo:IT04_0_WE_09,demo,demo:IT04,IT04,2,8,city:3164603,city:3172394,292.0
demo:IT04_0_WE_10,demo,demo:IT04,IT04,2,8,city:3164603,city:3172394,292.0
demo:IT04_0_WE_11,demo,demo:IT04,IT04,2,8,city:3164603,city:3172394,292.0
demo:IT04_1_WD_00,demo,demo:IT04,IT04,5,8,city:3172394,city:3164603,292.0
demo:IT04_1_WD_01,demo,demo:IT04,IT04,5,8,city:3172394,city:3164603,292.0
demo:IT04_1_WD_02,demo,demo:IT04,IT04,5,8,city:3172394,city:3164603,292.0
demo:IT04_1_WD_03,demo,demo:IT04,IT04,5,8,city:3172394,city:3164603,292.0
demo:IT04_1_WD_04,demo,demo:IT04,IT04,5,8,city:3172394,city:3164603,292.0
demo:IT04_1_WD_05,demo,demo:IT04,IT04,5,8,city:3172394,city:3164603,292.0
demo:IT04_1_WD_06,demo,demo:IT04,IT04,5,8,city:3172394,city:3164603,292.0
demo:IT04_1_WD_07,demo,demo:IT04,IT04,5,8,city:3172394,city:3164603,292.0
demo:IT04_1_WD_08,demo,demo:IT04,IT04,5,8,city:3172394,city:3164603,292.0
demo:IT04_1_WD_09,demo,demo:IT04,IT04,5,8,city:3172394,city:3164603,292.0
demo:IT04_1_WD_10,demo,demo:IT04,IT04,5,8,city:3172394,city:3164603,292.0
demo:IT04_1_WD_11,demo,demo:IT04,IT04,5,8,city:3172394,city:3164603,292.0
demo:IT04_1_WD_12,demo,demo:IT04,IT04,5,8,city:3172394,city:3164603,292.0
demo:IT04_1_WD_13,demo,demo:IT04,IT04,5,8,city:3172394,city:3164603,292.0
demo:IT04_1_WE_00,demo,demo:IT04,IT04,2,8,city:3172394,city:3164603,292.0
demo:IT04_1_WE_01,demo,demo:IT04,IT04,2,8,city:3172394,city:3164603,292.0
demo:IT04_1_WE_02,demo,demo:IT04,IT04,2,8,city:3172394,city:3164603,292.0
demo:IT04_1_WE_03,demo,demo:IT04,IT04,2,8,city:3172394,city:3164603,292.0
demo:IT04_1_WE_04,demo,demo:IT04,IT04,2,8,city:3172394,city:3164603,292.0
demo:IT04_1_WE_05,demo,demo:IT04,IT04,2,8,city:3172394,city:3164603,292.0
demo:IT04_1_WE_06,demo,demo:IT04,IT04,2,8,city:3172394,city:3164603,292.0
demo:IT04_1_WE_07,demo,demo:IT04,IT04,2,8,city:3172394,city:3164603,292.0
demo:IT04_1_WE_08,demo,demo:IT04,IT04,2,8,city:3172394,city:3164603,292.0
demo:IT04_1_WE_09,demo,demo:IT04,IT04,2,8,city:3172394,city:3164603,292.0
demo:IT04_1_WE_10,demo,demo:IT04,IT04,2,8,city:3172394,city:3164603,292.0
demo:IT04_1_WE_11,demo,demo:IT04,IT04,2,8,city:3172394,city:3164603,292.0
demo:IT05_0_WD_00,demo,demo:IT05,IT05,5,8,city:3165524,city:3164603,192.0
demo:IT05_0_WD_01,demo,demo:IT05,IT05,5,8,city:3165524,city:3164603,194.0
demo:IT05_0_WD_02,demo,demo:IT05,IT05,5,8,city:3165524,city:3164603,192.0
demo:IT05_0_WD_03,demo,demo:IT05,IT05,5,8,city:3165524,city:3164603,194.0
demo:IT05_0_WD_04,demo,demo:IT05,IT05,5,8,city:3165524,city:3164603,192.0
demo:IT05_0_WD_05,demo,demo:IT05,IT05,5,8,city:3165524,city:3164603,194.0
demo:IT05_0_WE_00,demo,demo:IT05,IT05,2,8,city:3165524,city:3164603,193.0
demo:IT05_0_WE_01,demo,demo:IT05,IT05,2,8,city:3165524,city:3164603,193.0
demo:IT05_0_WE_02,demo,demo:IT05,IT05,2,8,city:3165524,city:3164603,193.0
demo:IT05_0_WE_03,demo,demo:IT05,IT05,2,8,city:3165524,city:3164603,193.0
demo:IT05_0_WE_04,demo,demo:IT05,IT05,2,8,city:3165524,city:3164603,193.0
demo:IT05_1_WD_00,demo,demo:IT05,IT05,5,8,city:3164603,city:3165524,194.0
demo:IT05_1_WD_01,demo,demo:IT05,IT05,5,8,city:3164603,city:3165524,192.0
demo:IT05_1_WD_02,demo,demo:IT05,IT05,5,8,city:3164603,city:3165524,194.0
demo:IT05_1_WD_03,demo,demo:IT05,IT05,5,8,city:3164603,city:3165524,192.0
demo:IT05_1_WD_04,demo,demo:IT05,IT05,5,8,city:3164603,city:3165524,194.0
demo:IT05_1_WD_05,demo,demo:IT05,IT05,5,8,city:3164603,city:3165524,192.0
demo:IT05_1_WE_00,demo,demo:IT05,IT05,2,8,city:3164603,city:3165524,193.0
demo:IT05_1_WE_01,demo,demo:IT05,IT05,2,8,city:3164603,city:3165524,193.0
demo:IT05_1_WE_02,demo,demo:IT05,IT05,2,8,city:3164603,city:3165524,193.0
demo:IT05_1_WE_03,demo,demo:IT05,IT05,2,8,city:3164603,city:3165524,193.0
demo:IT05_1_WE_04,demo,demo:IT05,IT05,2,8,city:3164603,city:3165524,193.0
demo:IT06_0_WD_00,demo,demo:IT06,IT06,5,8,city:3173435,city:3164603,140.0
demo:IT06_0_WD_01,demo,demo:IT06,IT06,5,8,city:3173435,city:3164603,140.0
demo:IT06_0_WD_02,demo,demo:IT06,IT06,5,8,city:3173435,city:3164603,140.0
demo:IT06_0_WD_03,demo,demo:IT06,IT06,5,8,city:3173435,city:3164603,140.0
demo:IT06_0_WD_04,demo,demo:IT06,IT06,5,8,city:3173435,city:3164603,140.0
demo:IT06_0_WD_05,demo,demo:IT06,IT06,5,8,city:3173435,city:3164603,140.0
demo:IT06_0_WD_06,demo,demo:IT06,IT06,5,8,city:3173435,city:3164603,140.0
demo:IT06_0_WD_07,demo,demo:IT06,IT06,5,8,city:3173435,city:3164603,140.0
demo:IT06_0_WD_08,demo,demo:IT06,IT06,5,8,city:3173435,city:3164603,140.0
demo:IT06_0_WD_09,demo,demo:IT06,IT06,5,8,city:3173435,city:3164603,140.0
demo:IT06_0_WD_10,demo,demo:IT06,IT06,5,8,city:3173435,city:3164603,140.0
demo:IT06_0_WD_11,demo,demo:IT06,IT06,5,8,city:3173435,city:3164603,140.0
demo:IT06_0_WD_12,demo,demo:IT06,IT06,5,8,city:3173435,city:3164603,140.0
demo:IT06_0_WD_13,demo,demo:IT06,IT06,5,8,city:3173435,city:3164603,140.0
demo:IT06_0_WE_00,demo,demo:IT06,IT06,2,8,city:3173435,city:3164603,140.0
demo:IT06_0_WE_01,demo,demo:IT06,IT06,2,8,city:3173435,city:3164603,140.0
demo:IT06_0_WE_02,demo,demo:IT06,IT06,2,8,city:3173435,city:3164603,140.0
demo:IT06_0_WE_03,demo,demo:IT06,IT06,2,8,city:3173435,city:3164603,140.0
demo:IT06_0_WE_04,demo,demo:IT06,IT06,2,8,city:3173435,city:3164603,140.0
demo:IT06_0_WE_05,demo,demo:IT06,IT06,2,8,city:3173435,city:3164603,140.0
demo:IT06_0_WE_06,demo,demo:IT06,IT06,2,8,city:3173435,city:3164603,140.0
demo:IT06_0_WE_07,demo,demo:IT06,IT06,2,8,city:3173435,city:3164603,140.0
demo:IT06_0_WE_08,demo,demo:IT06,IT06,2,8,city:3173435,city:3164603,140.0
demo:IT06_0_WE_09,demo,demo:IT06,IT06,2,8,city:3173435,city:3164603,140.0
demo:IT06_0_WE_10,demo,demo:IT06,IT06,2,8,city:3173435,city:3164603,140.0
demo:IT06_0_WE_11,demo,demo:IT06,IT06,2,8,city:3173435,city:3164603,140.0
demo:IT06_1_WD_00,demo,demo:IT06,IT06,5,8,city:3164603,city:3173435,140.0
demo:IT06_1_WD_01,demo,demo:IT06,IT06,5,8,city:3164603,city:3173435,140.0
demo:IT06_1_WD_02,demo,demo:IT06,IT06,5,8,city:3164603,city:3173435,140.0
demo:IT06_1_WD_03,demo,demo:IT06,IT06,5,8,city:3164603,city:3173435,140.0
demo:IT06_1_WD_04,demo,demo:IT06,IT06,5,8,city:3164603,city:3173435,140.0
demo:IT06_1_WD_05,demo,demo:IT06,IT06,5,8,city:3164603,city:3173435,140.0
demo:IT06_1_WD_06,demo,demo:IT06,IT06,5,8,city:3164603,city:3173435,140.0
demo:IT06_1_WD_07,demo,demo:IT06,IT06,5,8,city:3164603,city:3173435,140.0
demo:IT06_1_WD_08,demo,demo:IT06,IT06,5,8,city:3164603,city:3173435,140.0
demo:IT06_1_WD_09,demo,demo:IT06,IT06,5,8,city:3164603,city:3173435,140.0
demo:IT06_1_WD_10,demo,demo:IT06,IT06,5,8,city:3164603,city:3173435,140.0
demo:IT06_1_WD_11,demo,demo:IT06,IT06,5,8,city:3164603,city:3173435,140.0
demo:IT06_1_WD_12,demo,demo:IT06,IT06,5,8,city:3164603,city:3173435,140.0
demo:IT06_1_WD_13,demo,demo:IT06,IT06,5,8,city:3164603,city:3173435,140.0
demo:IT06_1_WE_00,demo,demo:IT06,IT06,2,8,city:3164603,city:3173435,140.0
demo:IT06_1_WE_01,demo,demo:IT06,IT06,2,8,city:3164603,city:3173435,140.0
demo:IT06_1_WE_02,demo,demo:IT06,IT06,2,8,city:3164603,city:3173435,140.0
demo:IT06_1_WE_03,demo,demo:IT06,IT06,2,8,city:3164603,city:3173435,140.0
demo:IT06_1_WE_04,demo,demo:IT06,IT06,2,8,city:3164603,city:3173435,140.0
demo:IT06_1_WE_05,demo,demo:IT06,IT06,2,8,city:3164603,city:3173435,140.0
demo:IT06_1_WE_06,demo,demo:IT06,IT06,2,8,city:3164603,city:3173435,140.0
demo:IT06_1_WE_07,demo,demo:IT06,IT06,2,8,city:3164603,city:3173435,140.0
demo:IT06_1_WE_08,demo,demo:IT06,IT06,2,8,city:3164603,city:3173435,140.0
demo:IT06_1_WE_09,demo,demo:IT06,IT06,2,8,city:3164603,city:3173435,140.0
demo:IT06_1_WE_10,demo,demo:IT06,IT06,2,8,city:3164603,city:3173435,140.0
demo:IT06_1_WE_11,demo,demo:IT06,IT06,2,8,city:3164603,city:3173435,140.0
demo:IT07_0_WD_00,demo,demo:IT07,IT07,5,4,city:3173435,city:3176219,94.0
demo:IT07_0_WD_01,demo,demo:IT07,IT07,5,4,city:3173435,city:3176219,96.0
demo:IT07_0_WD_02,demo,demo:IT07,IT07,5,4,city:3173435,city:3176219,94.0
demo:IT07_0_WD_03,demo,demo:IT07,IT07,5,4,city:3173435,city:3176219,96.0
demo:IT07_0_WD_04,demo,demo:IT07,IT07,5,4,city:3173435,city:3176219,94.0
demo:IT07_0_WD_05,demo,demo:IT07,IT07,5,4,city:3173435,city:3176219,96.0
demo:IT07_0_WD_06,demo,demo:IT07,IT07,5,4,city:3173435,city:3176219,94.0
demo:IT07_0_WD_07,demo,demo:IT07,IT07,5,4,city:3173435,city:3176219,96.0
demo:IT07_0_WD_08,demo,demo:IT07,IT07,5,4,city:3173435,city:3176219,94.0
demo:IT07_0_WD_09,demo,demo:IT07,IT07,5,4,city:3173435,city:3176219,96.0
demo:IT07_0_WE_00,demo,demo:IT07,IT07,2,4,city:3173435,city:3176219,95.0
demo:IT07_0_WE_01,demo,demo:IT07,IT07,2,4,city:3173435,city:3176219,95.0
demo:IT07_0_WE_02,demo,demo:IT07,IT07,2,4,city:3173435,city:3176219,95.0
demo:IT07_0_WE_03,demo,demo:IT07,IT07,2,4,city:3173435,city:3176219,95.0
demo:IT07_0_WE_04,demo,demo:IT07,IT07,2,4,city:3173435,city:3176219,95.0
demo:IT07_0_WE_05,demo,demo:IT07,IT07,2,4,city:3173435,city:3176219,95.0
demo:IT07_0_WE_06,demo,demo:IT07,IT07,2,4,city:3173435,city:3176219,95.0
demo:IT07_0_WE_07,demo,demo:IT07,IT07,2,4,city:3173435,city:3176219,95.0
demo:IT07_1_WD_00,demo,demo:IT07,IT07,5,4,city:3176219,city:3173435,94.0
demo:IT07_1_WD_01,demo,demo:IT07,IT07,5,4,city:3176219,city:3173435,96.0
demo:IT07_1_WD_02,demo,demo:IT07,IT07,5,4,city:3176219,city:3173435,94.0
demo:IT07_1_WD_03,demo,demo:IT07,IT07,5,4,city:3176219,city:3173435,96.0
demo:IT07_1_WD_04,demo,demo:IT07,IT07,5,4,city:3176219,city:3173435,94.0
demo:IT07_1_WD_05,demo,demo:IT07,IT07,5,4,city:3176219,city:3173435,96.0
demo:IT07_1_WD_06,demo,demo:IT07,IT07,5,4,city:3176219,city:3173435,94.0
demo:IT07_1_WD_07,demo,demo:IT07,IT07,5,4,city:3176219,city:3173435,96.0
demo:IT07_1_WD_08,demo,demo:IT07,IT07,5,4,city:3176219,city:3173435,94.0
demo:IT07_1_WD_09,demo,demo:IT07,IT07,5,4,city:3176219,city:3173435,96.0
demo:IT07_1_WE_00,demo,demo:IT07,IT07,2,4,city:3176219,city:3173435,95.0
demo:IT07_1_WE_01,demo,demo:IT07,IT07,2,4,city:3176219,city:3173435,95.0
demo:IT07_1_WE_02,demo,demo:IT07,IT07,2,4,city:3176219,city:3173435,95.0
demo:IT07_1_WE_03,demo,demo:IT07,IT07,2,4,city:3176219,city:3173435,95.0
demo:IT07_1_WE_04,demo,demo:IT07,IT07,2,4,city:3176219,city:3173435,95.0
demo:IT07_1_WE_05,demo,demo:IT07,IT07,2,4,city:3176219,city:3173435,95.0
demo:IT07_1_WE_06,demo,demo:IT07,IT07,2,4,city:3176219,city:3173435,95.0
demo:IT07_1_WE_07,demo,demo:IT07,IT07,2,4,city:3176219,city:3173435,95.0
demo:IT08_0_WD_00,demo,demo:IT08,IT08,5,4,city:3165524,city:3176219,110.0
demo:IT08_0_WD_01,demo,demo:IT08,IT08,5,4,city:3165524,city:3176219,110.0
demo:IT08_0_WD_02,demo,demo:IT08,IT08,5,4,city:3165524,city:3176219,110.0
demo:IT08_0_WD_03,demo,demo:IT08,IT08,5,4,city:3165524,city:3176219,110.0
demo:IT08_0_WD_04,demo,demo:IT08,IT08,5,4,city:3165524,city:3176219,110.0
demo:IT08_0_WD_05,demo,demo:IT08,IT08,5,4,city:3165524,city:3176219,110.0
demo:IT08_0_WD_06,demo,demo:IT08,IT08,5,4,city:3165524,city:3176219,110.0
demo:IT08_0_WD_07,demo,demo:IT08,IT08,5,4,city:3165524,city:3176219,110.0
demo:IT08_0_WE_00,demo,demo:IT08,IT08,2,4,city:3165524,city:3176219,110.0
demo:IT08_0_WE_01,demo,demo:IT08,IT08,2,4,city:3165524,city:3176219,110.0
demo:IT08_0_WE_02,demo,demo:IT08,IT08,2,4,city:3165524,city:3176219,110.0
demo:IT08_0_WE_03,demo,demo:IT08,IT08,2,4,city:3165524,city:3176219,110.0
demo:IT08_0_WE_04,demo,demo:IT08,IT08,2,4,city:3165524,city:3176219,110.0
demo:IT08_0_WE_05,demo,demo:IT08,IT08,2,4,city:3165524,city:3176219,110.0
demo:IT08_0_WE_06,demo,demo:IT08,IT08,2,4,city:3165524,city:3176219,110.0
demo:IT08_1_WD_00,demo,demo:IT08,IT08,5,4,city:3176219,city:3165524,110.0
demo:IT08_1_WD_01,demo,demo:IT08,IT08,5,4,city:3176219,city:3165524,110.0
demo:IT08_1_WD_02,demo,demo:IT08,IT08,5,4,city:3176219,city:3165524,110.0
demo:IT08_1_WD_03,demo,demo:IT08,IT08,5,4,city:3176219,city:3165524,110.0
demo:IT08_1_WD_04,demo,demo:IT08,IT08,5,4,city:3176219,city:3165524,110.0
demo:IT08_1_WD_05,demo,demo:IT08,IT08,5,4,city:3176219,city:3165524,110.0
demo:IT08_1_WD_06,demo,demo:IT08,IT08,5,4,city:3176219,city:3165524,110.0
demo:IT08_1_WD_07,demo,demo:IT08,IT08,5,4,city:3176219,city:3165524,110.0
demo:IT08_1_WE_00,demo,demo:IT08,IT08,2,4,city:3176219,city:3165524,110.0
demo:IT08_1_WE_01,demo,demo:IT08,IT08,2,4,city:3176219,city:3165524,110.0
demo:IT08_1_WE_02,demo,demo:IT08,IT08,2,4,city:3176219,city:3165524,110.0
demo:IT08_1_WE_03,demo,demo:IT08,IT08,2,4,city:3176219,city:3165524,110.0
demo:IT08_1_WE_04,demo,demo:IT08,IT08,2,4,city:3176219,city:3165524,110.0
demo:IT08_1_WE_05,demo,demo:IT08,IT08,2,4,city:3176219,city:3165524,110.0
demo:IT08_1_WE_06,demo,demo:IT08,IT08,2,4,city:3176219,city:3165524,110.0
demo:IT09_0_WD_00,demo,demo:IT09,IT09,5,7,city:3176219,city:3169070,360.0
demo:IT09_0_WD_01,demo,demo:IT09,IT09,5,7,city:3176219,city:3169070,360.0
demo:IT09_0_WD_02,demo,demo:IT09,IT09,5,7,city:3176219,city:3169070,360.0
demo:IT09_0_WD_03,demo,demo:IT09,IT09,5,7,city:3176219,city:3169070,360.0
demo:IT09_0_WD_04,demo,demo:IT09,IT09,5,7,city:3176219,city:3169070,360.0
demo:IT09_0_WE_00,demo,demo:IT09,IT09,2,7,city:3176219,city:3169070,360.0
demo:IT09_0_WE_01,demo,demo:IT09,IT09,2,7,city:3176219,city:3169070,360.0
demo:IT09_0_WE_02,demo,demo:IT09,IT09,2,7,city:3176219,city:3169070,360.0
demo:IT09_0_WE_03,demo,demo:IT09,IT09,2,7,city:3176219,city:3169070,360.0
demo:IT09_1_WD_00,demo,demo:IT09,IT09,5,7,city:3169070,city:3176219,360.0
demo:IT09_1_WD_01,demo,demo:IT09,IT09,5,7,city:3169070,city:3176219,360.0
demo:IT09_1_WD_02,demo,demo:IT09,IT09,5,7,city:3169070,city:3176219,360.0
demo:IT09_1_WD_03,demo,demo:IT09,IT09,5,7,city:3169070,city:3176219,360.0
demo:IT09_1_WD_04,demo,demo:IT09,IT09,5,7,city:3169070,city:3176219,360.0
demo:IT09_1_WE_00,demo,demo:IT09,IT09,2,7,city:3169070,city:3176219,360.0
demo:IT09_1_WE_01,demo,demo:IT09,IT09,2,7,city:3169070,city:3176219,360.0
demo:IT09_1_WE_02,demo,demo:IT09,IT09,2,7,city:3169070,city:3176219,360.0
demo:IT09_1_WE_03,demo,demo:IT09,IT09,2,7,city:3169070,city:3176219,360.0
demo:IT10_0_WD_00,demo,demo:IT10,IT10,5,3,city:3176959,city:3170647,60.0
demo:IT10_0_WD_01,demo,demo:IT10,IT10,5,3,city:3176959,city:3170647,60.0
demo:IT10_0_WD_02,demo,demo:IT10,IT10,5,3,city:3176959,city:3170647,60.0
demo:IT10_0_WD_03,demo,demo:IT10,IT10,5,3,city:3176959,city:3170647,60.0
demo:IT10_0_WD_04,demo,demo:IT10,IT10,5,3,city:3176959,city:3170647,60.0
demo:IT10_0_WD_05,demo,demo:IT10,IT10,5,3,city:3176959,city:3170647,60.0
demo:IT10_0_WD_06,demo,demo:IT10,IT10,5,3,city:3176959,city:3170647,60.0
demo:IT10_0_WD_07,demo,demo:IT10,IT10,5,3,city:3176959,city:3170647,60.0
demo:IT10_0_WD_08,demo,demo:IT10,IT10,5,3,city:3176959,city:3170647,60.0
demo:IT10_0_WD_09,demo,demo:IT10,IT10,5,3,city:3176959,city:3170647,60.0
demo:IT10_0_WD_10,demo,demo:IT10,IT10,5,3,city:3176959,city:3170647,60.0
demo:IT10_0_WD_11,demo,demo:IT10,IT10,5,3,city:3176959,city:3170647,60.0
demo:IT10_0_WD_12,demo,demo:IT10,IT10,5,3,city:3176959,city:3170647,60.0
demo:IT10_0_WD_13,demo,demo:IT10,IT10,5,3,city:3176959,city:3170647,60.0
demo:IT10_0_WD_14,demo,demo:IT10,IT10,5,3,city:3176959,city:3170647,60.0
demo:IT10_0_WD_15,demo,demo:IT10,IT10,5,3,city:3176959,city:3170647,60.0
demo:IT10_0_WE_00,demo,demo:IT10,IT10,2,3,city:3176959,city:3170647,60.0
demo:IT10_0_WE_01,demo,demo:IT10,IT10,2,3,city:3176959,city:3170647,60.0
demo:IT10_0_WE_02,demo,demo:IT10,IT10,2,3,city:3176959,city:3170647,60.0
demo:IT10_0_WE_03,demo,demo:IT10,IT10,2,3,city:3176959,city:3170647,60.0
demo:IT10_0_WE_04,demo,demo:IT10,IT10,2,3,city:3176959,city:3170647,60.0
demo:IT10_0_WE_05,demo,demo:IT10,IT10,2,3,city:3176959,city:3170647,60.0
demo:IT10_0_WE_06,demo,demo:IT10,IT10,2,3,city:3176959,city:3170647,60.0
demo:IT10_0_WE_07,demo,demo:IT10,IT10,2,3,city:3176959,city:3170647,60.0
demo:IT10_0_WE_08,demo,demo:IT10,IT10,2,3,city:3176959,city:3170647,60.0
demo:IT10_0_WE_09,demo,demo:IT10,IT10,2,3,city:3176959,city:3170647,60.0
demo:IT10_0_WE_10,demo,demo:IT10,IT10,2,3,city:3176959,city:3170647,60.0
demo:IT10_0_WE_11,demo,demo:IT10,IT10,2,3,city:3176959,city:3170647,60.0
demo:IT10_0_WE_12,demo,demo:IT10,IT10,2,3,city:3176959,city:3170647,60.0
demo:IT10_0_WE_13,demo,demo:IT10,IT10,2,3,city:3176959,city:3170647,60.0
demo:IT10_1_WD_00,demo,demo:IT10,IT10,5,3,city:3170647,city:3176959,60.0
demo:IT10_1_WD_01,demo,demo:IT10,IT10,5,3,city:3170647,city:3176959,60.0
demo:IT10_1_WD_02,demo,demo:IT10,IT10,5,3,city:3170647,city:3176959,60.0
demo:IT10_1_WD_03,demo,demo:IT10,IT10,5,3,city:3170647,city:3176959,60.0
demo:IT10_1_WD_04,demo,demo:IT10,IT10,5,3,city:3170647,city:3176959,60.0
demo:IT10_1_WD_05,demo,demo:IT10,IT10,5,3,city:3170647,city:3176959,60.0
demo:IT10_1_WD_06,demo,demo:IT10,IT10,5,3,city:3170647,city:3176959,60.0
demo:IT10_1_WD_07,demo,demo:IT10,IT10,5,3,city:3170647,city:3176959,60.0
demo:IT10_1_WD_08,demo,demo:IT10,IT10,5,3,city:3170647,city:3176959,60.0
demo:IT10_1_WD_09,demo,demo:IT10,IT10,5,3,city:3170647,city:3176959,60.0
demo:IT10_1_WD_10,demo,demo:IT10,IT10,5,3,city:3170647,city:3176959,60.0
demo:IT10_1_WD_11,demo,demo:IT10,IT10,5,3,city:3170647,city:3176959,60.0
demo:IT10_1_WD_12,demo,demo:IT10,IT10,5,3,city:3170647,city:3176959,60.0
demo:IT10_1_WD_13,demo,demo:IT10,IT10,5,3,city:3170647,city:3176959,60.0
demo:IT10_1_WD_14,demo,demo:IT10,IT10,5,3,city:3170647,city:3176959,60.0
demo:IT10_1_WD_15,demo,demo:IT10,IT10,5,3,city:3170647,city:3176959,60.0
demo:IT10_1_WE_00,demo,demo:IT10,IT10,2,3,city:3170647,city:3176959,60.0
demo:IT10_1_WE_01,demo,demo:IT10,IT10,2,3,city:3170647,city:3176959,60.0
demo:IT10_1_WE_02,demo,demo:IT10,IT10,2,3,city:3170647,city:3176959,60.0
demo:IT10_1_WE_03,demo,demo:IT10,IT10,2,3,city:3170647,city:3176959,60.0
demo:IT10_1_WE_04,demo,demo:IT10,IT10,2,3,city:3170647,city:3176959,60.0
demo:IT10_1_WE_05,demo,demo:IT10,IT10,2,3,city:3170647,city:3176959,60.0
demo:IT10_1_WE_06,demo,demo:IT10,IT10,2,3,city:3170647,city:3176959,60.0
demo:IT10_1_WE_07,demo,demo:IT10,IT10,2,3,city:3170647,city:3176959,60.0
demo:IT10_1_WE_08,demo,demo:IT10,IT10,2,3,city:3170647,city:3176959,60.0
demo:IT10_1_WE_09,demo,demo:IT10,IT10,2,3,city:3170647,city:3176959,60.0
demo:IT10_1_WE_10,demo,demo:IT10,IT10,2,3,city:3170647,city:3176959,60.0
demo:IT10_1_WE_11,demo,demo:IT10,IT10,2,3,city:3170647,city:3176959,60.0
demo:IT10_1_WE_12,demo,demo:IT10,IT10,2,3,city:3170647,city:3176959,60.0
demo:IT10_1_WE_13,demo,demo:IT10,IT10,2,3,city:3170647,city:3176959,60.0
demo:IT11_0_WD_00,demo,demo:IT11,IT11,5,9,city:3173435,city:3174953,485.0
demo:IT11_0_WD_01,demo,demo:IT11,IT11,5,9,city:3173435,city:3174953,485.0
demo:IT11_0_WD_02,demo,demo:IT11,IT11,5,9,city:3173435,city:3174953,485.0
demo:IT11_0_WD_03,demo,demo:IT11,IT11,5,9,city:3173435,city:3174953,485.0
demo:IT11_0_WD_04,demo,demo:IT11,IT11,5,9,city:3173435,city:3174953,485.0
demo:IT11_0_WD_05,demo,demo:IT11,IT11,5,9,city:3173435,city:3174953,485.0
demo:IT11_0_WD_06,demo,demo:IT11,IT11,5,9,city:3173435,city:3174953,485.0
demo:IT11_0_WD_07,demo,demo:IT11,IT11,5,9,city:3173435,city:3174953,485.0
demo:IT11_0_WE_00,demo,demo:IT11,IT11,2,9,city:3173435,city:3174953,485.0
demo:IT11_0_WE_01,demo,demo:IT11,IT11,2,9,city:3173435,city:3174953,485.0
demo:IT11_0_WE_02,demo,demo:IT11,IT11,2,9,city:3173435,city:3174953,485.0
demo:IT11_0_WE_03,demo,demo:IT11,IT11,2,9,city:3173435,city:3174953,485.0
demo:IT11_0_WE_04,demo,demo:IT11,IT11,2,9,city:3173435,city:3174953,485.0
demo:IT11_0_WE_05,demo,demo:IT11,IT11,2,9,city:3173435,city:3174953,485.0
demo:IT11_0_WE_06,demo,demo:IT11,IT11,2,9,city:3173435,city:3174953,485.0
demo:IT11_1_WD_00,demo,demo:IT11,IT11,5,9,city:3174953,city:3173435,485.0
demo:IT11_1_WD_01,demo,demo:IT11,IT11,5,9,city:3174953,city:3173435,485.0
demo:IT11_1_WD_02,demo,demo:IT11,IT11,5,9,city:3174953,city:3173435,485.0
demo:IT11_1_WD_03,demo,demo:IT11,IT11,5,9,city:3174953,city:3173435,485.0
demo:IT11_1_WD_04,demo,demo:IT11,IT11,5,9,city:3174953,city:3173435,485.0
demo:IT11_1_WD_05,demo,demo:IT11,IT11,5,9,city:3174953,city:3173435,485.0
demo:IT11_1_WD_06,demo,demo:IT11,IT11,5,9,city:3174953,city:3173435,485.0
demo:IT11_1_WD_07,demo,demo:IT11,IT11,5,9,city:3174953,city:3173435,485.0
demo:IT11_1_WE_00,demo,demo:IT11,IT11,2,9,city:3174953,city:3173435,485.0
demo:IT11_1_WE_01,demo,demo:IT11,IT11,2,9,city:3174953,city:3173435,485.0
demo:IT11_1_WE_02,demo,demo:IT11,IT11,2,9,city:3174953,city:3173435,485.0
demo:IT11_1_WE_03,demo,demo:IT11,IT11,2,9,city:3174953,city:3173435,485.0
demo:IT11_1_WE_04,demo,demo:IT11,IT11,2,9,city:3174953,city:3173435,485.0
demo:IT11_1_WE_05,demo,demo:IT11,IT11,2,9,city:3174953,city:3173435,485.0
demo:IT11_1_WE_06,demo,demo:IT11,IT11,2,9,city:3174953,city:3173435,485.0
demo:IT12_0_WD_00,demo,demo:IT12,IT12,5,5,city:3169070,city:3182351,246.0
demo:IT12_0_WD_01,demo,demo:IT12,IT12,5,5,city:3169070,city:3182351,244.0
demo:IT12_0_WD_02,demo,demo:IT12,IT12,5,5,city:3169070,city:3182351,246.0
demo:IT12_0_WD_03,demo,demo:IT12,IT12,5,5,city:3169070,city:3182351,244.0
demo:IT12_0_WD_04,demo,demo:IT12,IT12,5,5,city:3169070,city:3182351,246.0
demo:IT12_0_WD_05,demo,demo:IT12,IT12,5,5,city:3169070,city:3182351,244.0
demo:IT12_0_WE_00,demo,demo:IT12,IT12,2,5,city:3169070,city:3182351,245.0
demo:IT12_0_WE_01,demo,demo:IT12,IT12,2,5,city:3169070,city:3182351,245.0
demo:IT12_0_WE_02,demo,demo:IT12,IT12,2,5,city:3169070,city:3182351,245.0
demo:IT12_0_WE_03,demo,demo:IT12,IT12,2,5,city:3169070,city:3182351,245.0
demo:IT12_0_WE_04,demo,demo:IT12,IT12,2,5,city:3169070,city:3182351,245.0
demo:IT12_1_WD_00,demo,demo:IT12,IT12,5,5,city:3182351,city:3169070,246.0
demo:IT12_1_WD_01,demo,demo:IT12,IT12,5,5,city:3182351,city:3169070,244.0
demo:IT12_1_WD_02,demo,demo:IT12,IT12,5,5,city:3182351,city:3169070,246.0
demo:IT12_1_WD_03,demo,demo:IT12,IT12,5,5,city:3182351,city:3169070,244.0
demo:IT12_1_WD_04,demo,demo:IT12,IT12,5,5,city:3182351,city:3169070,246.0
demo:IT12_1_WD_05,demo,demo:IT12,IT12,5,5,city:3182351,city:3169070,244.0
demo:IT12_1_WE_00,demo,demo:IT12,IT12,2,5,city:3182351,city:3169070,245.0
demo:IT12_1_WE_01,demo,demo:IT12,IT12,2,5,city:3182351,city:3169070,245.0
demo:IT12_1_WE_02,demo,demo:IT12,IT12,2,5,city:3182351,city:3169070,245.0
demo:IT12_1_WE_03,demo,demo:IT12,IT12,2,5,city:3182351,city:3169070,245.0
demo:IT12_1_WE_04,demo,demo:IT12,IT12,2,5,city:3182351,city:3169070,245.0
demo:IT13_0_WD_00,demo,demo:IT13,IT13,5,6,city:3169070,city:2523630,340.0
demo:IT13_0_WD_01,demo,demo:IT13,IT13,5,6,city:3169070,city:2523630,340.0
demo:IT13_0_WD_02,demo,demo:IT13,IT13,5,6,city:3169070,city:2523630,340.0
demo:IT13_0_WD_03,demo,demo:IT13,IT13,5,6,city:3169070,city:2523630,340.0
demo:IT13_0_WD_04,demo,demo:IT13,IT13,5,6,city:3169070,city:2523630,340.0
demo:IT13_0_WD_05,demo,demo:IT13,IT13,5,6,city:3169070,city:2523630,340.0
demo:IT13_0_WE_00,demo,demo:IT13,IT13,2,6,city:3169070,city:2523630,340.0
demo:IT13_0_WE_01,demo,demo:IT13,IT13,2,6,city:3169070,city:2523630,340.0
demo:IT13_0_WE_02,demo,demo:IT13,IT13,2,6,city:3169070,city:2523630,340.0
demo:IT13_0_WE_03,demo,demo:IT13,IT13,2,6,city:3169070,city:2523630,340.0
demo:IT13_0_WE_04,demo,demo:IT13,IT13,2,6,city:3169070,city:2523630,340.0
demo:IT13_1_WD_00,demo,demo:IT13,IT13,5,6,city:2523630,city:3169070,340.0
demo:IT13_1_WD_01,demo,demo:IT13,IT13,5,6,city:2523630,city:3169070,340.0
demo:IT13_1_WD_02,demo,demo:IT13,IT13,5,6,city:2523630,city:3169070,340.0
demo:IT13_1_WD_03,demo,demo:IT13,IT13,5,6,city:2523630,city:3169070,340.0
demo:IT13_1_WD_04,demo,demo:IT13,IT13,5,6,city:2523630,city:3169070,340.0
demo:IT13_1_WD_05,demo,demo:IT13,IT13,5,6,city:2523630,city:3169070,340.0
demo:IT13_1_WE_00,demo,demo:IT13,IT13,2,6,city:2523630,city:3169070,340.0
demo:IT13_1_WE_01,demo,demo:IT13,IT13,2,6,city:2523630,city:3169070,340.0
demo:IT13_1_WE_02,demo,demo:IT13,IT13,2,6,city:2523630,city:3169070,340.0
demo:IT13_1_WE_03,demo,demo:IT13,IT13,2,6,city:2523630,city:3169070,340.0
demo:IT13_1_WE_04,demo,demo:IT13,IT13,2,6,city:2523630,city:3169070,340.0
demo:IT14_0_WD_00,demo,demo:IT14,IT14,5,6,city:3169070,city:3181913,275.0
demo:IT14_0_WD_01,demo,demo:IT14,IT14,5,6,city:3169070,city:3181913,275.0
demo:IT14_0_WD_02,demo,demo:IT14,IT14,5,6,city:3169070,city:3181913,275.0
demo:IT14_0_WD_03,demo,demo:IT14,IT14,5,6,city:3169070,city:3181913,275.0
demo:IT14_0_WD_04,demo,demo:IT14,IT14,5,6,city:3169070,city:3181913,275.0
demo:IT14_0_WE_00,demo,demo:IT14,IT14,2,6,city:3169070,city:3181913,275.0
demo:IT14_0_WE_01,demo,demo:IT14,IT14,2,6,city:3169070,city:3181913,275.0
demo:IT14_0_WE_02,demo,demo:IT14,IT14,2,6,city:3169070,city:3181913,275.0
demo:IT14_0_WE_03,demo,demo:IT14,IT14,2,6,city:3169070,city:3181913,275.0
demo:IT14_1_WD_00,demo,demo:IT14,IT14,5,6,city:3181913,city:3169070,275.0
demo:IT14_1_WD_01,demo,demo:IT14,IT14,5,6,city:3181913,city:3169070,275.0
demo:IT14_1_WD_02,demo,demo:IT14,IT14,5,6,city:3181913,city:3169070,275.0
demo:IT14_1_WD_03,demo,demo:IT14,IT14,5,6,city:3181913,city:3169070,275.0
demo:IT14_1_WD_04,demo,demo:IT14,IT14,5,6,city:3181913,city:3169070,275.0
demo:IT14_1_WE_00,demo,demo:IT14,IT14,2,6,city:3181913,city:3169070,275.0
demo:IT14_1_WE_01,demo,demo:IT14,IT14,2,6,city:3181913,city:3169070,275.0
demo:IT14_1_WE_02,demo,demo:IT14,IT14,2,6,city:3181913,city:3169070,275.0
demo:IT14_1_WE_03,demo,demo:IT14,IT14,2,6,city:3181913,city:3169070,275.0
demo:IT15_0_WD_00,demo,demo:IT15,IT15,5,7,city:3169070,city:2523083,640.0
demo:IT15_0_WD_01,demo,demo:IT15,IT15,5,7,city:3169070,city:2523083,640.0
demo:IT15_0_WE_00,demo,demo:IT15,IT15,2,7,city:3169070,city:2523083,640.0
demo:IT15_0_WE_01,demo,demo:IT15,IT15,2,7,city:3169070,city:2523083,640.0
demo:IT15_1_WD_00,demo,demo:IT15,IT15,5,7,city:2523083,city:3169070,640.0
demo:IT15_1_WD_01,demo,demo:IT15,IT15,5,7,city:2523083,city:3169070,640.0
demo:IT15_1_WE_00,demo,demo:IT15,IT15,2,7,city:2523083,city:3169070,640.0
demo:IT15_1_WE_01,demo,demo:IT15,IT15,2,7,city:2523083,city:3169070,640.0
demo:IT16_0_WD_00,demo,demo:IT16,IT16,5,2,city:3173529,city:3165185,120.0
demo:IT16_0_WD_01,demo,demo:IT16,IT16,5,2,city:3173529,city:3165185,120.0
demo:IT16_0_WD_02,demo,demo:IT16,IT16,5,2,city:3173529,city:3165185,120.0
demo:IT16_0_WD_03,demo,demo:IT16,IT16,5,2,city:3173529,city:3165185,120.0
demo:IT16_0_WD_04,demo,demo:IT16,IT16,5,2,city:3173529,city:3165185,120.0
demo:IT16_0_WD_05,demo,demo:IT16,IT16,5,2,city:3173529,city:3165185,120.0
demo:IT16_0_WD_06,demo,demo:IT16,IT16,5,2,city:3173529,city:3165185,120.0
demo:IT16_0_WD_07,demo,demo:IT16,IT16,5,2,city:3173529,city:3165185,120.0
demo:IT16_0_WD_08,demo,demo:IT16,IT16,5,2,city:3173529,city:3165185,120.0
demo:IT16_0_WD_09,demo,demo:IT16,IT16,5,2,city:3173529,city:3165185,120.0
demo:IT16_0_WE_00,demo,demo:IT16,IT16,2,2,city:3173529,city:3165185,120.0
demo:IT16_0_WE_01,demo,demo:IT16,IT16,2,2,city:3173529,city:3165185,120.0
demo:IT16_0_WE_02,demo,demo:IT16,IT16,2,2,city:3173529,city:3165185,120.0
demo:IT16_0_WE_03,demo,demo:IT16,IT16,2,2,city:3173529,city:3165185,120.0
demo:IT16_0_WE_04,demo,demo:IT16,IT16,2,2,city:3173529,city:3165185,120.0
demo:IT16_0_WE_05,demo,demo:IT16,IT16,2,2,city:3173529,city:3165185,120.0
demo:IT16_0_WE_06,demo,demo:IT16,IT16,2,2,city:3173529,city:3165185,120.0
demo:IT16_0_WE_07,demo,demo:IT16,IT16,2,2,city:3173529,city:3165185,120.0
demo:IT16_1_WD_00,demo,demo:IT16,IT16,5,2,city:3165185,city:3173529,120.0
demo:IT16_1_WD_01,demo,demo:IT16,IT16,5,2,city:3165185,city:3173529,120.0
demo:IT16_1_WD_02,demo,demo:IT16,IT16,5,2,city:3165185,city:3173529,120.0
demo:IT16_1_WD_03,demo,demo:IT16,IT16,5,2,city:3165185,city:3173529,120.0
demo:IT16_1_WD_04,demo,demo:IT16,IT16,5,2,city:3165185,city:3173529,120.0
demo:IT16_1_WD_05,demo,demo:IT16,IT16,5,2,city:3165185,city:3173529,120.0
demo:IT16_1_WD_06,demo,demo:IT16,IT16,5,2,city:3165185,city:3173529,120.0
demo:IT16_1_WD_07,demo,demo:IT16,IT16,5,2,city:3165185,city:3173529,120.0
demo:IT16_1_WD_08,demo,demo:IT16,IT16,5,2,city:3165185,city:3173529,120.0
demo:IT16_1_WD_09,demo,demo:IT16,IT16,5,2,city:3165185,city:3173529,120.0
demo:IT16_1_WE_00,demo,demo:IT16,IT16,2,2,city:3165185,city:3173529,120.0
demo:IT16_1_WE_01,demo,demo:IT16,IT16,2,2,city:3165185,city:3173529,120.0
demo:IT16_1_WE_02,demo,demo:IT16,IT16,2,2,city:3165185,city:3173529,120.0
demo:IT16_1_WE_03,demo,demo:IT16,IT16,2,2,city:3165185,city:3173529,120.0
demo:IT16_1_WE_04,demo,demo:IT16,IT16,2,2,city:3165185,city:3173529,120.0
demo:IT16_1_WE_05,demo,demo:IT16,IT16,2,2,city:3165185,city:3173529,120.0
demo:IT16_1_WE_06,demo,demo:IT16,IT16,2,2,city:3165185,city:3173529,120.0
demo:IT16_1_WE_07,demo,demo:IT16,IT16,2,2,city:3165185,city:3173529,120.0
demo:IT17_0_WD_00,demo,demo:IT17,IT17,5,3,city:3173529,city:3165072,90.0
demo:IT17_0_WD_01,demo,demo:IT17,IT17,5,3,city:3173529,city:3165072,90.0
demo:IT17_0_WD_02,demo,demo:IT17,IT17,5,3,city:3173529,city:3165072,90.0
demo:IT17_0_WD_03,demo,demo:IT17,IT17,5,3,city:3173529,city:3165072,90.0
demo:IT17_0_WD_04,demo,demo:IT17,IT17,5,3,city:3173529,city:3165072,90.0
demo:IT17_0_WD_05,demo,demo:IT17,IT17,5,3,city:3173529,city:3165072,90.0
demo:IT17_0_WD_06,demo,demo:IT17,IT17,5,3,city:3173529,city:3165072,90.0
demo:IT17_0_WD_07,demo,demo:IT17,IT17,5,3,city:3173529,city:3165072,90.0
demo:IT17_0_WE_00,demo,demo:IT17,IT17,2,3,city:3173529,city:3165072,90.0
demo:IT17_0_WE_01,demo,demo:IT17,IT17,2,3,city:3173529,city:3165072,90.0
demo:IT17_0_WE_02,demo,demo:IT17,IT17,2,3,city:3173529,city:3165072,90.0
demo:IT17_0_WE_03,demo,demo:IT17,IT17,2,3,city:3173529,city:3165072,90.0
demo:IT17_0_WE_04,demo,demo:IT17,IT17,2,3,city:3173529,city:3165072,90.0
demo:IT17_0_WE_05,demo,demo:IT17,IT17,2,3,city:3173529,city:3165072,90.0
demo:IT17_0_WE_06,demo,demo:IT17,IT17,2,3,city:3173529,city:3165072,90.0
demo:IT17_1_WD_00,demo,demo:IT17,IT17,5,3,city:3165072,city:3173529,90.0
demo:IT17_1_WD_01,demo,demo:IT17,IT17,5,3,city:3165072,city:3173529,90.0
demo:IT17_1_WD_02,demo,demo:IT17,IT17,5,3,city:3165072,city:3173529,90.0
demo:IT17_1_WD_03,demo,demo:IT17,IT17,5,3,city:3165072,city:3173529,90.0
demo:IT17_1_WD_04,demo,demo:IT17,IT17,5,3,city:3165072,city:3173529,90.0
demo:IT17_1_WD_05,demo,demo:IT17,IT17,5,3,city:3165072,city:3173529,90.0
demo:IT17_1_WD_06,demo,demo:IT17,IT17,5,3,city:3165072,city:3173529,90.0
demo:IT17_1_WD_07,demo,demo:IT17,IT17,5,3,city:3165072,city:3173529,90.0
demo:IT17_1_WE_00,demo,demo:IT17,IT17,2,3,city:3165072,city:3173529,90.0
demo:IT17_1_WE_01,demo,demo:IT17,IT17,2,3,city:3165072,city:3173529,90.0
demo:IT17_1_WE_02,demo,demo:IT17,IT17,2,3,city:3165072,city:3173529,90.0
demo:IT17_1_WE_03,demo,demo:IT17,IT17,2,3,city:3165072,city:3173529,90.0
demo:IT17_1_WE_04,demo,demo:IT17,IT17,2,3,city:3165072,city:3173529,90.0
demo:IT17_1_WE_05,demo,demo:IT17,IT17,2,3,city:3165072,city:3173529,90.0
demo:IT17_1_WE_06,demo,demo:IT17,IT17,2,3,city:3165072,city:3173529,90.0
demo:IT18_0_WD_00,demo,demo:IT18,IT18,5,2,city:2524170,city:2523920,190.0
demo:IT18_0_WD_01,demo,demo:IT18,IT18,5,2,city:2524170,city:2523920,190.0
demo:IT18_0_WD_02,demo,demo:IT18,IT18,5,2,city:2524170,city:2523920,190.0
demo:IT18_0_WD_03,demo,demo:IT18,IT18,5,2,city:2524170,city:2523920,190.0
demo:IT18_0_WD_04,demo,demo:IT18,IT18,5,2,city:2524170,city:2523920,190.0
demo:IT18_0_WD_05,demo,demo:IT18,IT18,5,2,city:2524170,city:2523920,190.0
demo:IT18_0_WE_00,demo,demo:IT18,IT18,2,2,city:2524170,city:2523920,190.0
demo:IT18_0_WE_01,demo,demo:IT18,IT18,2,2,city:2524170,city:2523920,190.0
demo:IT18_0_WE_02,demo,demo:IT18,IT18,2,2,city:2524170,city:2523920,190.0
demo:IT18_0_WE_03,demo,demo:IT18,IT18,2,2,city:2524170,city:2523920,190.0
demo:IT18_0_WE_04,demo,demo:IT18,IT18,2,2,city:2524170,city:2523920,190.0
demo:IT18_1_WD_00,demo,demo:IT18,IT18,5,2,city:2523920,city:2524170,190.0
demo:IT18_1_WD_01,demo,demo:IT18,IT18,5,2,city:2523920,city:2524170,190.0
demo:IT18_1_WD_02,demo,demo:IT18,IT18,5,2,city:2523920,city:2524170,190.0
demo:IT18_1_WD_03,demo,demo:IT18,IT18,5,2,city:2523920,city:2524170,190.0
demo:IT18_1_WD_04,demo,demo:IT18,IT18,5,2,city:2523920,city:2524170,190.0
demo:IT18_1_WD_05,demo,demo:IT18,IT18,5,2,city:2523920,city:2524170,190.0
demo:IT18_1_WE_00,demo,demo:IT18,IT18,2,2,city:2523920,city:2524170,190.0
demo:IT18_1_WE_01,demo,demo:IT18,IT18,2,2,city:2523920,city:2524170,190.0
demo:IT18_1_WE_02,demo,demo:IT18,IT18,2,2,city:2523920,city:2524170,190.0
demo:IT18_1_WE_03,demo,demo:IT18,IT18,2,2,city:2523920,city:2524170,190.0
demo:IT18_1_WE_04,demo,demo:IT18,IT18,2,2,city:2523920,city:2524170,190.0
demo:IT19_0_ALL_00,demo,demo:IT19,IT19,7,8,city:3173435,city:2523920,1230.0
demo:IT19_1_ALL_00,demo,demo:IT19,IT19,7,8,city:2523920,city:3173435,1230.0
demo:IT20_0_WD_00,demo,demo:IT20,IT20,5,5,city:3173435,city:3164582,220.0
demo:IT20_0_WD_01,demo,demo:IT20,IT20,5,5,city:3173435,city:3164582,220.0
demo:IT20_0_WD_02,demo,demo:IT20,IT20,5,5,city:3173435,city:3164582,220.0
demo:IT20_0_WD_03,demo,demo:IT20,IT20,5,5,city:3173435,city:3164582,220.0
demo:IT20_0_WE_00,demo,demo:IT20,IT20,2,5,city:3173435,city:3164582,220.0
demo:IT20_0_WE_01,demo,demo:IT20,IT20,2,5,city:3173435,city:3164582,220.0
demo:IT20_0_WE_02,demo,demo:IT20,IT20,2,5,city:3173435,city:3164582,220.0
demo:IT20_1_WD_00,demo,demo:IT20,IT20,5,5,city:3164582,city:3173435,220.0
demo:IT20_1_WD_01,demo,demo:IT20,IT20,5,5,city:3164582,city:3173435,220.0
demo:IT20_1_WD_02,demo,demo:IT20,IT20,5,5,city:3164582,city:3173435,220.0
demo:IT20_1_WD_03,demo,demo:IT20,IT20,5,5,city:3164582,city:3173435,220.0
demo:IT20_1_WE_00,demo,demo:IT20,IT20,2,5,city:3164582,city:3173435,220.0
demo:IT20_1_WE_01,demo,demo:IT20,IT20,2,5,city:3164582,city:3173435,220.0
demo:IT20_1_WE_02,demo,demo:IT20,IT20,2,5,city:3164582,city:3173435,220.0
demo:NJ01_0_ALL_00,demo,demo:NJ01,NJ01,7,12,city:2761369,city:2759794,870.0
demo:NJ01_1_ALL_00,demo,demo:NJ01,NJ01,7,12,city:2759794,city:2761369,870.0
demo:NJ02_0_ALL_00,demo,demo:NJ02,NJ02,7,7,city:2761369,city:2911298,810.0
demo:NJ02_1_ALL_00,demo,demo:NJ02,NJ02,7,7,city:2911298,city:2761369,810.0
demo:NJ03_0_ALL_00,demo,demo:NJ03,NJ03,7,7,city:2657896,city:2911298,720.0
demo:NJ03_1_ALL_00,demo,demo:NJ03,NJ03,7,7,city:2911298,city:2657896,720.0
demo:NJ04_0_ALL_00,demo,demo:NJ04,NJ04,7,7,city:2657896,city:2759794,670.0
demo:NJ04_1_ALL_00,demo,demo:NJ04,NJ04,7,7,city:2759794,city:2657896,670.0
demo:NJ05_0_ALL_00,demo,demo:NJ05,NJ05,7,6,city:2761369,city:3169070,840.0
demo:NJ05_1_ALL_00,demo,demo:NJ05,NJ05,7,6,city:3169070,city:2761369,840.0
demo:NJ06_0_ALL_00,demo,demo:NJ06,NJ06,7,6,city:2867714,city:3169070,780.0
demo:NJ06_1_ALL_00,demo,demo:NJ06,NJ06,7,6,city:3169070,city:2867714,780.0
demo:NJ07_0_ALL_00,demo,demo:NJ07,NJ07,7,8,city:2761369,city:2657896,570.0
demo:NJ07_1_ALL_00,demo,demo:NJ07,NJ07,7,8,city:2657896,city:2761369,570.0
demo:NJ08_0_D_mon_wed_fri_00,demo,demo:NJ08,NJ08,3,9,city:2800866,city:3067696,1000.0
demo:NJ08_1_D_mon_wed_fri_00,demo,demo:NJ08,NJ08,3,9,city:3067696,city:2800866,1000.0
demo:NL01_0_WD_00,demo,demo:NL01,NL01,5,3,city:2759794,city:2747891,41.0
demo:NL01_0_WD_01,demo,demo:NL01,NL01,5,3,city:2759794,city:2747891,41.0
demo:NL01_0_WD_02,demo,demo:NL01,NL01,5,3,city:2759794,city:2747891,41.0
demo:NL01_0_WD_03,demo,demo:NL01,NL01,5,3,city:2759794,city:2747891,41.0
demo:NL01_0_WD_04,demo,demo:NL01,NL01,5,3,city:2759794,city:2747891,41.0
demo:NL01_0_WD_05,demo,demo:NL01,NL01,5,3,city:2759794,city:2747891,41.0
demo:NL01_0_WD_06,demo,demo:NL01,NL01,5,3,city:2759794,city:2747891,41.0
demo:NL01_0_WD_07,demo,demo:NL01,NL01,5,3,city:2759794,city:2747891,41.0
demo:NL01_0_WD_08,demo,demo:NL01,NL01,5,3,city:2759794,city:2747891,41.0
demo:NL01_0_WD_09,demo,demo:NL01,NL01,5,3,city:2759794,city:2747891,41.0
demo:NL01_0_WD_10,demo,demo:NL01,NL01,5,3,city:2759794,city:2747891,41.0
demo:NL01_0_WD_11,demo,demo:NL01,NL01,5,3,city:2759794,city:2747891,41.0
demo:NL01_0_WD_12,demo,demo:NL01,NL01,5,3,city:2759794,city:2747891,41.0
demo:NL01_0_WD_13,demo,demo:NL01,NL01,5,3,city:2759794,city:2747891,41.0
demo:NL01_0_WD_14,demo,demo:NL01,NL01,5,3,city:2759794,city:2747891,41.0
demo:NL01_0_WD_15,demo,demo:NL01,NL01,5,3,city:2759794,city:2747891,41.0
demo:NL01_0_WD_16,demo,demo:NL01,NL01,5,3,city:2759794,city:2747891,41.0
demo:NL01_0_WD_17,demo,demo:NL01,NL01,5,3,city:2759794,city:2747891,41.0
demo:NL01_0_WD_18,demo,demo:NL01,NL01,5,3,city:2759794,city:2747891,41.0
demo:NL01_0_WD_19,demo,demo:NL01,NL01,5,3,city:2759794,city:2747891,41.0
demo:NL01_0_WD_20,demo,demo:NL01,NL01,5,3,city:2759794,city:2747891,41.0
demo:NL01_0_WD_21,demo,demo:NL01,NL01,5,3,city:2759794,city:2747891,41.0
demo:NL01_0_WD_22,demo,demo:NL01,NL01,5,3,city:2759794,city:2747891,41.0
demo:NL01_0_WD_23,demo,demo:NL01,NL01,5,3,city:2759794,city:2747891,41.0
demo:NL01_0_WD_24,demo,demo:NL01,NL01,5,3,city:2759794,city:2747891,41.0
demo:NL01_0_WD_25,demo,demo:NL01,NL01,5,3,city:2759794,city:2747891,41.0
demo:NL01_0_WD_26,demo,demo:NL01,NL01,5,3,city:2759794,city:2747891,41.0
demo:NL01_0_WD_27,demo,demo:NL01,NL01,5,3,city:2759794,city:2747891,41.0
demo:NL01_0_WD_28,demo,demo:NL01,NL01,5,3,city:2759794,city:2747891,41.0
demo:NL01_0_WD_29,demo,demo:NL01,NL01,5,3,city:2759794,city:2747891,41.0
demo:NL01_0_WD_30,demo,demo:NL01,NL01,5,3,city:2759794,city:2747891,41.0
demo:NL01_0_WD_31,demo,demo:NL01,NL01,5,3,city:2759794,city:2747891,41.0
demo:NL01_0_WE_00,demo,demo:NL01,NL01,2,3,city:2759794,city:2747891,41.0
demo:NL01_0_WE_01,demo,demo:NL01,NL01,2,3,city:2759794,city:2747891,41.0
demo:NL01_0_WE_02,demo,demo:NL01,NL01,2,3,city:2759794,city:2747891,41.0
demo:NL01_0_WE_03,demo,demo:NL01,NL01,2,3,city:2759794,city:2747891,41.0
demo:NL01_0_WE_04,demo,demo:NL01,NL01,2,3,city:2759794,city:2747891,41.0
demo:NL01_0_WE_05,demo,demo:NL01,NL01,2,3,city:2759794,city:2747891,41.0
demo:NL01_0_WE_06,demo,demo:NL01,NL01,2,3,city:2759794,city:2747891,41.0
demo:NL01_0_WE_07,demo,demo:NL01,NL01,2,3,city:2759794,city:2747891,41.0
demo:NL01_0_WE_08,demo,demo:NL01,NL01,2,3,city:2759794,city:2747891,41.0
demo:NL01_0_WE_09,demo,demo:NL01,NL01,2,3,city:2759794,city:2747891,41.0
demo:NL01_0_WE_10,demo,demo:NL01,NL01,2,3,city:2759794,city:2747891,41.0
demo:NL01_0_WE_11,demo,demo:NL01,NL01,2,3,city:2759794,city:2747891,41.0
demo:NL01_0_WE_12,demo,demo:NL01,NL01,2,3,city:2759794,city:2747891,41.0
demo:NL01_0_WE_13,demo,demo:NL01,NL01,2,3,city:2759794,city:2747891,41.0
demo:NL01_0_WE_14,demo,demo:NL01,NL01,2,3,city:2759794,city:2747891,41.0
demo:NL01_0_WE_15,demo,demo:NL01,NL01,2,3,city:2759794,city:2747891,41.0
demo:NL01_0_WE_16,demo,demo:NL01,NL01,2,3,city:2759794,city:2747891,41.0
demo:NL01_0_WE_17,demo,demo:NL01,NL01,2,3,city:2759794,city:2747891,41.0
demo:NL01_0_WE_18,demo,demo:NL01,NL01,2,3,city:2759794,city:2747891,41.0
demo:NL01_0_WE_19,demo,demo:NL01,NL01,2,3,city:2759794,city:2747891,41.0
demo:NL01_0_WE_20,demo,demo:NL01,NL01,2,3,city:2759794,city:2747891,41.0
demo:NL01_0_WE_21,demo,demo:NL01,NL01,2,3,city:2759794,city:2747891,41.0
demo:NL01_0_WE_22,demo,demo:NL01,NL01,2,3,city:2759794,city:2747891,41.0
demo:NL01_0_WE_23,demo,demo:NL01,NL01,2,3,city:2759794,city:2747891,41.0
demo:NL01_0_WE_24,demo,demo:NL01,NL01,2,3,city:2759794,city:2747891,41.0
demo:NL01_0_WE_25,demo,demo:NL01,NL01,2,3,city:2759794,city:2747891,41.0
demo:NL01_0_WE_26,demo,demo:NL01,NL01,2,3,city:2759794,city:2747891,41.0
demo:NL01_1_WD_00,demo,demo:NL01,NL01,5,3,city:2747891,city:2759794,41.0
demo:NL01_1_WD_01,demo,demo:NL01,NL01,5,3,city:2747891,city:2759794,41.0
demo:NL01_1_WD_02,demo,demo:NL01,NL01,5,3,city:2747891,city:2759794,41.0
demo:NL01_1_WD_03,demo,demo:NL01,NL01,5,3,city:2747891,city:2759794,41.0
demo:NL01_1_WD_04,demo,demo:NL01,NL01,5,3,city:2747891,city:2759794,41.0
demo:NL01_1_WD_05,demo,demo:NL01,NL01,5,3,city:2747891,city:2759794,41.0
demo:NL01_1_WD_06,demo,demo:NL01,NL01,5,3,city:2747891,city:2759794,41.0
demo:NL01_1_WD_07,demo,demo:NL01,NL01,5,3,city:2747891,city:2759794,41.0
demo:NL01_1_WD_08,demo,demo:NL01,NL01,5,3,city:2747891,city:2759794,41.0
demo:NL01_1_WD_09,demo,demo:NL01,NL01,5,3,city:2747891,city:2759794,41.0
demo:NL01_1_WD_10,demo,demo:NL01,NL01,5,3,city:2747891,city:2759794,41.0
demo:NL01_1_WD_11,demo,demo:NL01,NL01,5,3,city:2747891,city:2759794,41.0
demo:NL01_1_WD_12,demo,demo:NL01,NL01,5,3,city:2747891,city:2759794,41.0
demo:NL01_1_WD_13,demo,demo:NL01,NL01,5,3,city:2747891,city:2759794,41.0
demo:NL01_1_WD_14,demo,demo:NL01,NL01,5,3,city:2747891,city:2759794,41.0
demo:NL01_1_WD_15,demo,demo:NL01,NL01,5,3,city:2747891,city:2759794,41.0
demo:NL01_1_WD_16,demo,demo:NL01,NL01,5,3,city:2747891,city:2759794,41.0
demo:NL01_1_WD_17,demo,demo:NL01,NL01,5,3,city:2747891,city:2759794,41.0
demo:NL01_1_WD_18,demo,demo:NL01,NL01,5,3,city:2747891,city:2759794,41.0
demo:NL01_1_WD_19,demo,demo:NL01,NL01,5,3,city:2747891,city:2759794,41.0
demo:NL01_1_WD_20,demo,demo:NL01,NL01,5,3,city:2747891,city:2759794,41.0
demo:NL01_1_WD_21,demo,demo:NL01,NL01,5,3,city:2747891,city:2759794,41.0
demo:NL01_1_WD_22,demo,demo:NL01,NL01,5,3,city:2747891,city:2759794,41.0
demo:NL01_1_WD_23,demo,demo:NL01,NL01,5,3,city:2747891,city:2759794,41.0
demo:NL01_1_WD_24,demo,demo:NL01,NL01,5,3,city:2747891,city:2759794,41.0
demo:NL01_1_WD_25,demo,demo:NL01,NL01,5,3,city:2747891,city:2759794,41.0
demo:NL01_1_WD_26,demo,demo:NL01,NL01,5,3,city:2747891,city:2759794,41.0
demo:NL01_1_WD_27,demo,demo:NL01,NL01,5,3,city:2747891,city:2759794,41.0
demo:NL01_1_WD_28,demo,demo:NL01,NL01,5,3,city:2747891,city:2759794,41.0
demo:NL01_1_WD_29,demo,demo:NL01,NL01,5,3,city:2747891,city:2759794,41.0
demo:NL01_1_WD_30,demo,demo:NL01,NL01,5,3,city:2747891,city:2759794,41.0
demo:NL01_1_WD_31,demo,demo:NL01,NL01,5,3,city:2747891,city:2759794,41.0
demo:NL01_1_WE_00,demo,demo:NL01,NL01,2,3,city:2747891,city:2759794,41.0
demo:NL01_1_WE_01,demo,demo:NL01,NL01,2,3,city:2747891,city:2759794,41.0
demo:NL01_1_WE_02,demo,demo:NL01,NL01,2,3,city:2747891,city:2759794,41.0
demo:NL01_1_WE_03,demo,demo:NL01,NL01,2,3,city:2747891,city:2759794,41.0
demo:NL01_1_WE_04,demo,demo:NL01,NL01,2,3,city:2747891,city:2759794,41.0
demo:NL01_1_WE_05,demo,demo:NL01,NL01,2,3,city:2747891,city:2759794,41.0
demo:NL01_1_WE_06,demo,demo:NL01,NL01,2,3,city:2747891,city:2759794,41.0
demo:NL01_1_WE_07,demo,demo:NL01,NL01,2,3,city:2747891,city:2759794,41.0
demo:NL01_1_WE_08,demo,demo:NL01,NL01,2,3,city:2747891,city:2759794,41.0
demo:NL01_1_WE_09,demo,demo:NL01,NL01,2,3,city:2747891,city:2759794,41.0
demo:NL01_1_WE_10,demo,demo:NL01,NL01,2,3,city:2747891,city:2759794,41.0
demo:NL01_1_WE_11,demo,demo:NL01,NL01,2,3,city:2747891,city:2759794,41.0
demo:NL01_1_WE_12,demo,demo:NL01,NL01,2,3,city:2747891,city:2759794,41.0
demo:NL01_1_WE_13,demo,demo:NL01,NL01,2,3,city:2747891,city:2759794,41.0
demo:NL01_1_WE_14,demo,demo:NL01,NL01,2,3,city:2747891,city:2759794,41.0
demo:NL01_1_WE_15,demo,demo:NL01,NL01,2,3,city:2747891,city:2759794,41.0
demo:NL01_1_WE_16,demo,demo:NL01,NL01,2,3,city:2747891,city:2759794,41.0
demo:NL01_1_WE_17,demo,demo:NL01,NL01,2,3,city:2747891,city:2759794,41.0
demo:NL01_1_WE_18,demo,demo:NL01,NL01,2,3,city:2747891,city:2759794,41.0
demo:NL01_1_WE_19,demo,demo:NL01,NL01,2,3,city:2747891,city:2759794,41.0
demo:NL01_1_WE_20,demo,demo:NL01,NL01,2,3,city:2747891,city:2759794,41.0
demo:NL01_1_WE_21,demo,demo:NL01,NL01,2,3,city:2747891,city:2759794,41.0
demo:NL01_1_WE_22,demo,demo:NL01,NL01,2,3,city:2747891,city:2759794,41.0
demo:NL01_1_WE_23,demo,demo:NL01,NL01,2,3,city:2747891,city:2759794,41.0
demo:NL01_1_WE_24,demo,demo:NL01,NL01,2,3,city:2747891,city:2759794,41.0
demo:NL01_1_WE_25,demo,demo:NL01,NL01,2,3,city:2747891,city:2759794,41.0
demo:NL01_1_WE_26,demo,demo:NL01,NL01,2,3,city:2747891,city:2759794,41.0
demo:NL02_0_WD_00,demo,demo:NL02,NL02,5,7,city:2759794,city:2756669,80.0
demo:NL02_0_WD_01,demo,demo:NL02,NL02,5,7,city:2759794,city:2756669,80.0
demo:NL02_0_WD_02,demo,demo:NL02,NL02,5,7,city:2759794,city:2756669,80.0
demo:NL02_0_WD_03,demo,demo:NL02,NL02,5,7,city:2759794,city:2756669,80.0
demo:NL02_0_WD_04,demo,demo:NL02,NL02,5,7,city:2759794,city:2756669,80.0
demo:NL02_0_WD_05,demo,demo:NL02,NL02,5,7,city:2759794,city:2756669,80.0
demo:NL02_0_WD_06,demo,demo:NL02,NL02,5,7,city:2759794,city:2756669,80.0
demo:NL02_0_WD_07,demo,demo:NL02,NL02,5,7,city:2759794,city:2756669,80.0
demo:NL02_0_WD_08,demo,demo:NL02,NL02,5,7,city:2759794,city:2756669,80.0
demo:NL02_0_WD_09,demo,demo:NL02,NL02,5,7,city:2759794,city:2756669,80.0
demo:NL02_0_WD_10,demo,demo:NL02,NL02,5,7,city:2759794,city:2756669,80.0
demo:NL02_0_WD_11,demo,demo:NL02,NL02,5,7,city:2759794,city:2756669,80.0
demo:NL02_0_WD_12,demo,demo:NL02,NL02,5,7,city:2759794,city:2756669,80.0
demo:NL02_0_WD_13,demo,demo:NL02,NL02,5,7,city:2759794,city:2756669,80.0
demo:NL02_0_WD_14,demo,demo:NL02,NL02,5,7,city:2759794,city:2756669,80.0
demo:NL02_0_WD_15,demo,demo:NL02,NL02,5,7,city:2759794,city:2756669,80.0
demo:NL02_0_WD_16,demo,demo:NL02,NL02,5,7,city:2759794,city:2756669,80.0
demo:NL02_0_WD_17,demo,demo:NL02,NL02,5,7,city:2759794,city:2756669,80.0
demo:NL02_0_WD_18,demo,demo:NL02,NL02,5,7,city:2759794,city:2756669,80.0
demo:NL02_0_WD_19,demo,demo:NL02,NL02,5,7,city:2759794,city:2756669,80.0
demo:NL02_0_WD_20,demo,demo:NL02,NL02,5,7,city:2759794,city:2756669,80.0
demo:NL02_0_WD_21,demo,demo:NL02,NL02,5,7,city:2759794,city:2756669,80.0
demo:NL02_0_WD_22,demo,demo:NL02,NL02,5,7,city:2759794,city:2756669,80.0
demo:NL02_0_WD_23,demo,demo:NL02,NL02,5,7,city:2759794,city:2756669,80.0
demo:NL02_0_WD_24,demo,demo:NL02,NL02,5,7,city:2759794,city:2756669,80.0
demo:NL02_0_WD_25,demo,demo:NL02,NL02,5,7,city:2759794,city:2756669,80.0
demo:NL02_0_WD_26,demo,demo:NL02,NL02,5,7,city:2759794,city:2756669,80.0
demo:NL02_0_WD_27,demo,demo:NL02,NL02,5,7,city:2759794,city:2756669,80.0
demo:NL02_0_WD_28,demo,demo:NL02,NL02,5,7,city:2759794,city:2756669,80.0
demo:NL02_0_WD_29,demo,demo:NL02,NL02,5,7,city:2759794,city:2756669,80.0
demo:NL02_0_WD_30,demo,demo:NL02,NL02,5,7,city:2759794,city:2756669,80.0
demo:NL02_0_WD_31,demo,demo:NL02,NL02,5,7,city:2759794,city:2756669,80.0
demo:NL02_0_WE_00,demo,demo:NL02,NL02,2,7,city:2759794,city:2756669,80.0
demo:NL02_0_WE_01,demo,demo:NL02,NL02,2,7,city:2759794,city:2756669,80.0
demo:NL02_0_WE_02,demo,demo:NL02,NL02,2,7,city:2759794,city:2756669,80.0
demo:NL02_0_WE_03,demo,demo:NL02,NL02,2,7,city:2759794,city:2756669,80.0
demo:NL02_0_WE_04,demo,demo:NL02,NL02,2,7,city:2759794,city:2756669,80.0
demo:NL02_0_WE_05,demo,demo:NL02,NL02,2,7,city:2759794,city:2756669,80.0
demo:NL02_0_WE_06,demo,demo:NL02,NL02,2,7,city:2759794,city:2756669,80.0
demo:NL02_0_WE_07,demo,demo:NL02,NL02,2,7,city:2759794,city:2756669,80.0
demo:NL02_0_WE_08,demo,demo:NL02,NL02,2,7,city:2759794,city:2756669,80.0
demo:NL02_0_WE_09,demo,demo:NL02,NL02,2,7,city:2759794,city:2756669,80.0
demo:NL02_0_WE_10,demo,demo:NL02,NL02,2,7,city:2759794,city:2756669,80.0
demo:NL02_0_WE_11,demo,demo:NL02,NL02,2,7,city:2759794,city:2756669,80.0
demo:NL02_0_WE_12,demo,demo:NL02,NL02,2,7,city:2759794,city:2756669,80.0
demo:NL02_0_WE_13,demo,demo:NL02,NL02,2,7,city:2759794,city:2756669,80.0
demo:NL02_0_WE_14,demo,demo:NL02,NL02,2,7,city:2759794,city:2756669,80.0
demo:NL02_0_WE_15,demo,demo:NL02,NL02,2,7,city:2759794,city:2756669,80.0
demo:NL02_0_WE_16,demo,demo:NL02,NL02,2,7,city:2759794,city:2756669,80.0
demo:NL02_0_WE_17,demo,demo:NL02,NL02,2,7,city:2759794,city:2756669,80.0
demo:NL02_0_WE_18,demo,demo:NL02,NL02,2,7,city:2759794,city:2756669,80.0
demo:NL02_0_WE_19,demo,demo:NL02,NL02,2,7,city:2759794,city:2756669,80.0
demo:NL02_0_WE_20,demo,demo:NL02,NL02,2,7,city:2759794,city:2756669,80.0
demo:NL02_0_WE_21,demo,demo:NL02,NL02,2,7,city:2759794,city:2756669,80.0
demo:NL02_0_WE_22,demo,demo:NL02,NL02,2,7,city:2759794,city:2756669,80.0
demo:NL02_0_WE_23,demo,demo:NL02,NL02,2,7,city:2759794,city:2756669,80.0
demo:NL02_0_WE_24,demo,demo:NL02,NL02,2,7,city:2759794,city:2756669,80.0
demo:NL02_0_WE_25,demo,demo:NL02,NL02,2,7,city:2759794,city:2756669,80.0
demo:NL02_0_WE_26,demo,demo:NL02,NL02,2,7,city:2759794,city:2756669,80.0
demo:NL02_1_WD_00,demo,demo:NL02,NL02,5,7,city:2756669,city:2759794,80.0
demo:NL02_1_WD_01,demo,demo:NL02,NL02,5,7,city:2756669,city:2759794,80.0
demo:NL02_1_WD_02,demo,demo:NL02,NL02,5,7,city:2756669,city:2759794,80.0
demo:NL02_1_WD_03,demo,demo:NL02,NL02,5,7,city:2756669,city:2759794,80.0
demo:NL02_1_WD_04,demo,demo:NL02,NL02,5,7,city:2756669,city:2759794,80.0
demo:NL02_1_WD_05,demo,demo:NL02,NL02,5,7,city:2756669,city:2759794,80.0
demo:NL02_1_WD_06,demo,demo:NL02,NL02,5,7,city:2756669,city:2759794,80.0
demo:NL02_1_WD_07,demo,demo:NL02,NL02,5,7,city:2756669,city:2759794,80.0
demo:NL02_1_WD_08,demo,demo:NL02,NL02,5,7,city:2756669,city:2759794,80.0
demo:NL02_1_WD_09,demo,demo:NL02,NL02,5,7,city:2756669,city:2759794,80.0
demo:NL02_1_WD_10,demo,demo:NL02,NL02,5,7,city:2756669,city:2759794,80.0
demo:NL02_1_WD_11,demo,demo:NL02,NL02,5,7,city:2756669,city:2759794,80.0
demo:NL02_1_WD_12,demo,demo:NL02,NL02,5,7,city:2756669,city:2759794,80.0
demo:NL02_1_WD_13,demo,demo:NL02,NL02,5,7,city:2756669,city:2759794,80.0
demo:NL02_1_WD_14,demo,demo:NL02,NL02,5,7,city:2756669,city:2759794,80.0
demo:NL02_1_WD_15,demo,demo:NL02,NL02,5,7,city:2756669,city:2759794,80.0
demo:NL02_1_WD_16,demo,demo:NL02,NL02,5,7,city:2756669,city:2759794,80.0
demo:NL02_1_WD_17,demo,demo:NL02,NL02,5,7,city:2756669,city:2759794,80.0
demo:NL02_1_WD_18,demo,demo:NL02,NL02,5,7,city:2756669,city:2759794,80.0
demo:NL02_1_WD_19,demo,demo:NL02,NL02,5,7,city:2756669,city:2759794,80.0
demo:NL02_1_WD_20,demo,demo:NL02,NL02,5,7,city:2756669,city:2759794,80.0
demo:NL02_1_WD_21,demo,demo:NL02,NL02,5,7,city:2756669,city:2759794,80.0
demo:NL02_1_WD_22,demo,demo:NL02,NL02,5,7,city:2756669,city:2759794,80.0
demo:NL02_1_WD_23,demo,demo:NL02,NL02,5,7,city:2756669,city:2759794,80.0
demo:NL02_1_WD_24,demo,demo:NL02,NL02,5,7,city:2756669,city:2759794,80.0
demo:NL02_1_WD_25,demo,demo:NL02,NL02,5,7,city:2756669,city:2759794,80.0
demo:NL02_1_WD_26,demo,demo:NL02,NL02,5,7,city:2756669,city:2759794,80.0
demo:NL02_1_WD_27,demo,demo:NL02,NL02,5,7,city:2756669,city:2759794,80.0
demo:NL02_1_WD_28,demo,demo:NL02,NL02,5,7,city:2756669,city:2759794,80.0
demo:NL02_1_WD_29,demo,demo:NL02,NL02,5,7,city:2756669,city:2759794,80.0
demo:NL02_1_WD_30,demo,demo:NL02,NL02,5,7,city:2756669,city:2759794,80.0
demo:NL02_1_WD_31,demo,demo:NL02,NL02,5,7,city:2756669,city:2759794,80.0
demo:NL02_1_WE_00,demo,demo:NL02,NL02,2,7,city:2756669,city:2759794,80.0
demo:NL02_1_WE_01,demo,demo:NL02,NL02,2,7,city:2756669,city:2759794,80.0
demo:NL02_1_WE_02,demo,demo:NL02,NL02,2,7,city:2756669,city:2759794,80.0
demo:NL02_1_WE_03,demo,demo:NL02,NL02,2,7,city:2756669,city:2759794,80.0
demo:NL02_1_WE_04,demo,demo:NL02,NL02,2,7,city:2756669,city:2759794,80.0
demo:NL02_1_WE_05,demo,demo:NL02,NL02,2,7,city:2756669,city:2759794,80.0
demo:NL02_1_WE_06,demo,demo:NL02,NL02,2,7,city:2756669,city:2759794,80.0
demo:NL02_1_WE_07,demo,demo:NL02,NL02,2,7,city:2756669,city:2759794,80.0
demo:NL02_1_WE_08,demo,demo:NL02,NL02,2,7,city:2756669,city:2759794,80.0
demo:NL02_1_WE_09,demo,demo:NL02,NL02,2,7,city:2756669,city:2759794,80.0
demo:NL02_1_WE_10,demo,demo:NL02,NL02,2,7,city:2756669,city:2759794,80.0
demo:NL02_1_WE_11,demo,demo:NL02,NL02,2,7,city:2756669,city:2759794,80.0
demo:NL02_1_WE_12,demo,demo:NL02,NL02,2,7,city:2756669,city:2759794,80.0
demo:NL02_1_WE_13,demo,demo:NL02,NL02,2,7,city:2756669,city:2759794,80.0
demo:NL02_1_WE_14,demo,demo:NL02,NL02,2,7,city:2756669,city:2759794,80.0
demo:NL02_1_WE_15,demo,demo:NL02,NL02,2,7,city:2756669,city:2759794,80.0
demo:NL02_1_WE_16,demo,demo:NL02,NL02,2,7,city:2756669,city:2759794,80.0
demo:NL02_1_WE_17,demo,demo:NL02,NL02,2,7,city:2756669,city:2759794,80.0
demo:NL02_1_WE_18,demo,demo:NL02,NL02,2,7,city:2756669,city:2759794,80.0
demo:NL02_1_WE_19,demo,demo:NL02,NL02,2,7,city:2756669,city:2759794,80.0
demo:NL02_1_WE_20,demo,demo:NL02,NL02,2,7,city:2756669,city:2759794,80.0
demo:NL02_1_WE_21,demo,demo:NL02,NL02,2,7,city:2756669,city:2759794,80.0
demo:NL02_1_WE_22,demo,demo:NL02,NL02,2,7,city:2756669,city:2759794,80.0
demo:NL02_1_WE_23,demo,demo:NL02,NL02,2,7,city:2756669,city:2759794,80.0
demo:NL02_1_WE_24,demo,demo:NL02,NL02,2,7,city:2756669,city:2759794,80.0
demo:NL02_1_WE_25,demo,demo:NL02,NL02,2,7,city:2756669,city:2759794,80.0
demo:NL02_1_WE_26,demo,demo:NL02,NL02,2,7,city:2756669,city:2759794,80.0
demo:NL03_0_WD_00,demo,demo:NL03,NL03,5,3,city:2759794,city:2747373,50.0
demo:NL03_0_WD_01,demo,demo:NL03,NL03,5,3,city:2759794,city:2747373,50.0
demo:NL03_0_WD_02,demo,demo:NL03,NL03,5,3,city:2759794,city:2747373,50.0
demo:NL03_0_WD_03,demo,demo:NL03,NL03,5,3,city:2759794,city:2747373,50.0
demo:NL03_0_WD_04,demo,demo:NL03,NL03,5,3,city:2759794,city:2747373,50.0
demo:NL03_0_WD_05,demo,demo:NL03,NL03,5,3,city:2759794,city:2747373,50.0
demo:NL03_0_WD_06,demo,demo:NL03,NL03,5,3,city:2759794,city:2747373,50.0
demo:NL03_0_WD_07,demo,demo:NL03,NL03,5,3,city:2759794,city:2747373,50.0
demo:NL03_0_WD_08,demo,demo:NL03,NL03,5,3,city:2759794,city:2747373,50.0
demo:NL03_0_WD_09,demo,demo:NL03,NL03,5,3,city:2759794,city:2747373,50.0
demo:NL03_0_WD_10,demo,demo:NL03,NL03,5,3,city:2759794,city:2747373,50.0
demo:NL03_0_WD_11,demo,demo:NL03,NL03,5,3,city:2759794,city:2747373,50.0
demo:NL03_0_WD_12,demo,demo:NL03,NL03,5,3,city:2759794,city:2747373,50.0
demo:NL03_0_WD_13,demo,demo:NL03,NL03,5,3,city:2759794,city:2747373,50.0
demo:NL03_0_WD_14,demo,demo:NL03,NL03,5,3,city:2759794,city:2747373,50.0
demo:NL03_0_WD_15,demo,demo:NL03,NL03,5,3,city:2759794,city:2747373,50.0
demo:NL03_0_WD_16,demo,demo:NL03,NL03,5,3,city:2759794,city:2747373,50.0
demo:NL03_0_WD_17,demo,demo:NL03,NL03,5,3,city:2759794,city:2747373,50.0
demo:NL03_0_WD_18,demo,demo:NL03,NL03,5,3,city:2759794,city:2747373,50.0
demo:NL03_0_WD_19,demo,demo:NL03,NL03,5,3,city:2759794,city:2747373,50.0
demo:NL03_0_WD_20,demo,demo:NL03,NL03,5,3,city:2759794,city:2747373,50.0
demo:NL03_0_WD_21,demo,demo:NL03,NL03,5,3,city:2759794,city:2747373,50.0
demo:NL03_0_WD_22,demo,demo:NL03,NL03,5,3,city:2759794,city:2747373,50.0
demo:NL03_0_WD_23,demo,demo:NL03,NL03,5,3,city:2759794,city:2747373,50.0
demo:NL03_0_WD_24,demo,demo:NL03,NL03,5,3,city:2759794,city:2747373,50.0
demo:NL03_0_WD_25,demo,demo:NL03,NL03,5,3,city:2759794,city:2747373,50.0
demo:NL03_0_WD_26,demo,demo:NL03,NL03,5,3,city:2759794,city:2747373,50.0
demo:NL03_0_WD_27,demo,demo:NL03,NL03,5,3,city:2759794,city:2747373,50.0
demo:NL03_0_WD_28,demo,demo:NL03,NL03,5,3,city:2759794,city:2747373,50.0
demo:NL03_0_WD_29,demo,demo:NL03,NL03,5,3,city:2759794,city:2747373,50.0
demo:NL03_0_WD_30,demo,demo:NL03,NL03,5,3,city:2759794,city:2747373,50.0
demo:NL03_0_WD_31,demo,demo:NL03,NL03,5,3,city:2759794,city:2747373,50.0
demo:NL03_0_WE_00,demo,demo:NL03,NL03,2,3,city:2759794,city:2747373,50.0
demo:NL03_0_WE_01,demo,demo:NL03,NL03,2,3,city:2759794,city:2747373,50.0
demo:NL03_0_WE_02,demo,demo:NL03,NL03,2,3,city:2759794,city:2747373,50.0
demo:NL03_0_WE_03,demo,demo:NL03,NL03,2,3,city:2759794,city:2747373,50.0
demo:NL03_0_WE_04,demo,demo:NL03,NL03,2,3,city:2759794,city:2747373,50.0
demo:NL03_0_WE_05,demo,demo:NL03,NL03,2,3,city:2759794,city:2747373,50.0
demo:NL03_0_WE_06,demo,demo:NL03,NL03,2,3,city:2759794,city:2747373,50.0
demo:NL03_0_WE_07,demo,demo:NL03,NL03,2,3,city:2759794,city:2747373,50.0
demo:NL03_0_WE_08,demo,demo:NL03,NL03,2,3,city:2759794,city:2747373,50.0
demo:NL03_0_WE_09,demo,demo:NL03,NL03,2,3,city:2759794,city:2747373,50.0
demo:NL03_0_WE_10,demo,demo:NL03,NL03,2,3,city:2759794,city:2747373,50.0
demo:NL03_0_WE_11,demo,demo:NL03,NL03,2,3,city:2759794,city:2747373,50.0
demo:NL03_0_WE_12,demo,demo:NL03,NL03,2,3,city:2759794,city:2747373,50.0
demo:NL03_0_WE_13,demo,demo:NL03,NL03,2,3,city:2759794,city:2747373,50.0
demo:NL03_0_WE_14,demo,demo:NL03,NL03,2,3,city:2759794,city:2747373,50.0
demo:NL03_0_WE_15,demo,demo:NL03,NL03,2,3,city:2759794,city:2747373,50.0
demo:NL03_0_WE_16,demo,demo:NL03,NL03,2,3,city:2759794,city:2747373,50.0
demo:NL03_0_WE_17,demo,demo:NL03,NL03,2,3,city:2759794,city:2747373,50.0
demo:NL03_0_WE_18,demo,demo:NL03,NL03,2,3,city:2759794,city:2747373,50.0
demo:NL03_0_WE_19,demo,demo:NL03,NL03,2,3,city:2759794,city:2747373,50.0
demo:NL03_0_WE_20,demo,demo:NL03,NL03,2,3,city:2759794,city:2747373,50.0
demo:NL03_0_WE_21,demo,demo:NL03,NL03,2,3,city:2759794,city:2747373,50.0
demo:NL03_0_WE_22,demo,demo:NL03,NL03,2,3,city:2759794,city:2747373,50.0
demo:NL03_0_WE_23,demo,demo:NL03,NL03,2,3,city:2759794,city:2747373,50.0
demo:NL03_0_WE_24,demo,demo:NL03,NL03,2,3,city:2759794,city:2747373,50.0
demo:NL03_0_WE_25,demo,demo:NL03,NL03,2,3,city:2759794,city:2747373,50.0
demo:NL03_0_WE_26,demo,demo:NL03,NL03,2,3,city:2759794,city:2747373,50.0
demo:NL03_1_WD_00,demo,demo:NL03,NL03,5,3,city:2747373,city:2759794,50.0
demo:NL03_1_WD_01,demo,demo:NL03,NL03,5,3,city:2747373,city:2759794,50.0
demo:NL03_1_WD_02,demo,demo:NL03,NL03,5,3,city:2747373,city:2759794,50.0
demo:NL03_1_WD_03,demo,demo:NL03,NL03,5,3,city:2747373,city:2759794,50.0
demo:NL03_1_WD_04,demo,demo:NL03,NL03,5,3,city:2747373,city:2759794,50.0
demo:NL03_1_WD_05,demo,demo:NL03,NL03,5,3,city:2747373,city:2759794,50.0
demo:NL03_1_WD_06,demo,demo:NL03,NL03,5,3,city:2747373,city:2759794,50.0
demo:NL03_1_WD_07,demo,demo:NL03,NL03,5,3,city:2747373,city:2759794,50.0
demo:NL03_1_WD_08,demo,demo:NL03,NL03,5,3,city:2747373,city:2759794,50.0
demo:NL03_1_WD_09,demo,demo:NL03,NL03,5,3,city:2747373,city:2759794,50.0
demo:NL03_1_WD_10,demo,demo:NL03,NL03,5,3,city:2747373,city:2759794,50.0
demo:NL03_1_WD_11,demo,demo:NL03,NL03,5,3,city:2747373,city:2759794,50.0
demo:NL03_1_WD_12,demo,demo:NL03,NL03,5,3,city:2747373,city:2759794,50.0
demo:NL03_1_WD_13,demo,demo:NL03,NL03,5,3,city:2747373,city:2759794,50.0
demo:NL03_1_WD_14,demo,demo:NL03,NL03,5,3,city:2747373,city:2759794,50.0
demo:NL03_1_WD_15,demo,demo:NL03,NL03,5,3,city:2747373,city:2759794,50.0
demo:NL03_1_WD_16,demo,demo:NL03,NL03,5,3,city:2747373,city:2759794,50.0
demo:NL03_1_WD_17,demo,demo:NL03,NL03,5,3,city:2747373,city:2759794,50.0
demo:NL03_1_WD_18,demo,demo:NL03,NL03,5,3,city:2747373,city:2759794,50.0
demo:NL03_1_WD_19,demo,demo:NL03,NL03,5,3,city:2747373,city:2759794,50.0
demo:NL03_1_WD_20,demo,demo:NL03,NL03,5,3,city:2747373,city:2759794,50.0
demo:NL03_1_WD_21,demo,demo:NL03,NL03,5,3,city:2747373,city:2759794,50.0
demo:NL03_1_WD_22,demo,demo:NL03,NL03,5,3,city:2747373,city:2759794,50.0
demo:NL03_1_WD_23,demo,demo:NL03,NL03,5,3,city:2747373,city:2759794,50.0
demo:NL03_1_WD_24,demo,demo:NL03,NL03,5,3,city:2747373,city:2759794,50.0
demo:NL03_1_WD_25,demo,demo:NL03,NL03,5,3,city:2747373,city:2759794,50.0
demo:NL03_1_WD_26,demo,demo:NL03,NL03,5,3,city:2747373,city:2759794,50.0
demo:NL03_1_WD_27,demo,demo:NL03,NL03,5,3,city:2747373,city:2759794,50.0
demo:NL03_1_WD_28,demo,demo:NL03,NL03,5,3,city:2747373,city:2759794,50.0
demo:NL03_1_WD_29,demo,demo:NL03,NL03,5,3,city:2747373,city:2759794,50.0
demo:NL03_1_WD_30,demo,demo:NL03,NL03,5,3,city:2747373,city:2759794,50.0
demo:NL03_1_WD_31,demo,demo:NL03,NL03,5,3,city:2747373,city:2759794,50.0
demo:NL03_1_WE_00,demo,demo:NL03,NL03,2,3,city:2747373,city:2759794,50.0
demo:NL03_1_WE_01,demo,demo:NL03,NL03,2,3,city:2747373,city:2759794,50.0
demo:NL03_1_WE_02,demo,demo:NL03,NL03,2,3,city:2747373,city:2759794,50.0
demo:NL03_1_WE_03,demo,demo:NL03,NL03,2,3,city:2747373,city:2759794,50.0
demo:NL03_1_WE_04,demo,demo:NL03,NL03,2,3,city:2747373,city:2759794,50.0
demo:NL03_1_WE_05,demo,demo:NL03,NL03,2,3,city:2747373,city:2759794,50.0
demo:NL03_1_WE_06,demo,demo:NL03,NL03,2,3,city:2747373,city:2759794,50.0
demo:NL03_1_WE_07,demo,demo:NL03,NL03,2,3,city:2747373,city:2759794,50.0
demo:NL03_1_WE_08,demo,demo:NL03,NL03,2,3,city:2747373,city:2759794,50.0
demo:NL03_1_WE_09,demo,demo:NL03,NL03,2,3,city:2747373,city:2759794,50.0
demo:NL03_1_WE_10,demo,demo:NL03,NL03,2,3,city:2747373,city:2759794,50.0
demo:NL03_1_WE_11,demo,demo:NL03,NL03,2,3,city:2747373,city:2759794,50.0
demo:NL03_1_WE_12,demo,demo:NL03,NL03,2,3,city:2747373,city:2759794,50.0
demo:NL03_1_WE_13,demo,demo:NL03,NL03,2,3,city:2747373,city:2759794,50.0
demo:NL03_1_WE_14,demo,demo:NL03,NL03,2,3,city:2747373,city:2759794,50.0
demo:NL03_1_WE_15,demo,demo:NL03,NL03,2,3,city:2747373,city:2759794,50.0
demo:NL03_1_WE_16,demo,demo:NL03,NL03,2,3,city:2747373,city:2759794,50.0
demo:NL03_1_WE_17,demo,demo:NL03,NL03,2,3,city:2747373,city:2759794,50.0
demo:NL03_1_WE_18,demo,demo:NL03,NL03,2,3,city:2747373,city:2759794,50.0
demo:NL03_1_WE_19,demo,demo:NL03,NL03,2,3,city:2747373,city:2759794,50.0
demo:NL03_1_WE_20,demo,demo:NL03,NL03,2,3,city:2747373,city:2759794,50.0
demo:NL03_1_WE_21,demo,demo:NL03,NL03,2,3,city:2747373,city:2759794,50.0
demo:NL03_1_WE_22,demo,demo:NL03,NL03,2,3,city:2747373,city:2759794,50.0
demo:NL03_1_WE_23,demo,demo:NL03,NL03,2,3,city:2747373,city:2759794,50.0
demo:NL03_1_WE_24,demo,demo:NL03,NL03,2,3,city:2747373,city:2759794,50.0
demo:NL03_1_WE_25,demo,demo:NL03,NL03,2,3,city:2747373,city:2759794,50.0
demo:NL03_1_WE_26,demo,demo:NL03,NL03,2,3,city:2747373,city:2759794,50.0
demo:NL04_0_WD_00,demo,demo:NL04,NL04,5,4,city:2759794,city:2756253,80.0
demo:NL04_0_WD_01,demo,demo:NL04,NL04,5,4,city:2759794,city:2756253,80.0
demo:NL04_0_WD_02,demo,demo:NL04,NL04,5,4,city:2759794,city:2756253,80.0
demo:NL04_0_WD_03,demo,demo:NL04,NL04,5,4,city:2759794,city:2756253,80.0
demo:NL04_0_WD_04,demo,demo:NL04,NL04,5,4,city:2759794,city:2756253,80.0
demo:NL04_0_WD_05,demo,demo:NL04,NL04,5,4,city:2759794,city:2756253,80.0
demo:NL04_0_WD_06,demo,demo:NL04,NL04,5,4,city:2759794,city:2756253,80.0
demo:NL04_0_WD_07,demo,demo:NL04,NL04,5,4,city:2759794,city:2756253,80.0
demo:NL04_0_WD_08,demo,demo:NL04,NL04,5,4,city:2759794,city:2756253,80.0
demo:NL04_0_WD_09,demo,demo:NL04,NL04,5,4,city:2759794,city:2756253,80.0
demo:NL04_0_WD_10,demo,demo:NL04,NL04,5,4,city:2759794,city:2756253,80.0
demo:NL04_0_WD_11,demo,demo:NL04,NL04,5,4,city:2759794,city:2756253,80.0
demo:NL04_0_WD_12,demo,demo:NL04,NL04,5,4,city:2759794,city:2756253,80.0
demo:NL04_0_WD_13,demo,demo:NL04,NL04,5,4,city:2759794,city:2756253,80.0
demo:NL04_0_WD_14,demo,demo:NL04,NL04,5,4,city:2759794,city:2756253,80.0
demo:NL04_0_WD_15,demo,demo:NL04,NL04,5,4,city:2759794,city:2756253,80.0
demo:NL04_0_WD_16,demo,demo:NL04,NL04,5,4,city:2759794,city:2756253,80.0
demo:NL04_0_WD_17,demo,demo:NL04,NL04,5,4,city:2759794,city:2756253,80.0
demo:NL04_0_WD_18,demo,demo:NL04,NL04,5,4,city:2759794,city:2756253,80.0
demo:NL04_0_WD_19,demo,demo:NL04,NL04,5,4,city:2759794,city:2756253,80.0
demo:NL04_0_WD_20,demo,demo:NL04,NL04,5,4,city:2759794,city:2756253,80.0
demo:NL04_0_WD_21,demo,demo:NL04,NL04,5,4,city:2759794,city:2756253,80.0
demo:NL04_0_WD_22,demo,demo:NL04,NL04,5,4,city:2759794,city:2756253,80.0
demo:NL04_0_WD_23,demo,demo:NL04,NL04,5,4,city:2759794,city:2756253,80.0
demo:NL04_0_WD_24,demo,demo:NL04,NL04,5,4,city:2759794,city:2756253,80.0
demo:NL04_0_WD_25,demo,demo:NL04,NL04,5,4,city:2759794,city:2756253,80.0
demo:NL04_0_WD_26,demo,demo:NL04,NL04,5,4,city:2759794,city:2756253,80.0
demo:NL04_0_WD_27,demo,demo:NL04,NL04,5,4,city:2759794,city:2756253,80.0
demo:NL04_0_WD_28,demo,demo:NL04,NL04,5,4,city:2759794,city:2756253,80.0
demo:NL04_0_WD_29,demo,demo:NL04,NL04,5,4,city:2759794,city:2756253,80.0
demo:NL04_0_WD_30,demo,demo:NL04,NL04,5,4,city:2759794,city:2756253,80.0
demo:NL04_0_WD_31,demo,demo:NL04,NL04,5,4,city:2759794,city:2756253,80.0
demo:NL04_0_WE_00,demo,demo:NL04,NL04,2,4,city:2759794,city:2756253,80.0
demo:NL04_0_WE_01,demo,demo:NL04,NL04,2,4,city:2759794,city:2756253,80.0
demo:NL04_0_WE_02,demo,demo:NL04,NL04,2,4,city:2759794,city:2756253,80.0
demo:NL04_0_WE_03,demo,demo:NL04,NL04,2,4,city:2759794,city:2756253,80.0
demo:NL04_0_WE_04,demo,demo:NL04,NL04,2,4,city:2759794,city:2756253,80.0
demo:NL04_0_WE_05,demo,demo:NL04,NL04,2,4,city:2759794,city:2756253,80.0
demo:NL04_0_WE_06,demo,demo:NL04,NL04,2,4,city:2759794,city:2756253,80.0
demo:NL04_0_WE_07,demo,demo:NL04,NL04,2,4,city:2759794,city:2756253,80.0
demo:NL04_0_WE_08,demo,demo:NL04,NL04,2,4,city:2759794,city:2756253,80.0
demo:NL04_0_WE_09,demo,demo:NL04,NL04,2,4,city:2759794,city:2756253,80.0
demo:NL04_0_WE_10,demo,demo:NL04,NL04,2,4,city:2759794,city:2756253,80.0
demo:NL04_0_WE_11,demo,demo:NL04,NL04,2,4,city:2759794,city:2756253,80.0
demo:NL04_0_WE_12,demo,demo:NL04,NL04,2,4,city:2759794,city:2756253,80.0
demo:NL04_0_WE_13,demo,demo:NL04,NL04,2,4,city:2759794,city:2756253,80.0
demo:NL04_0_WE_14,demo,demo:NL04,NL04,2,4,city:2759794,city:2756253,80.0
demo:NL04_0_WE_15,demo,demo:NL04,NL04,2,4,city:2759794,city:2756253,80.0
demo:NL04_0_WE_16,demo,demo:NL04,NL04,2,4,city:2759794,city:2756253,80.0
demo:NL04_0_WE_17,demo,demo:NL04,NL04,2,4,city:2759794,city:2756253,80.0
demo:NL04_0_WE_18,demo,demo:NL04,NL04,2,4,city:2759794,city:2756253,80.0
demo:NL04_0_WE_19,demo,demo:NL04,NL04,2,4,city:2759794,city:2756253,80.0
demo:NL04_0_WE_20,demo,demo:NL04,NL04,2,4,city:2759794,city:2756253,80.0
demo:NL04_0_WE_21,demo,demo:NL04,NL04,2,4,city:2759794,city:2756253,80.0
demo:NL04_0_WE_22,demo,demo:NL04,NL04,2,4,city:2759794,city:2756253,80.0
demo:NL04_0_WE_23,demo,demo:NL04,NL04,2,4,city:2759794,city:2756253,80.0
demo:NL04_0_WE_24,demo,demo:NL04,NL04,2,4,city:2759794,city:2756253,80.0
demo:NL04_0_WE_25,demo,demo:NL04,NL04,2,4,city:2759794,city:2756253,80.0
demo:NL04_0_WE_26,demo,demo:NL04,NL04,2,4,city:2759794,city:2756253,80.0
demo:NL04_1_WD_00,demo,demo:NL04,NL04,5,4,city:2756253,city:2759794,80.0
demo:NL04_1_WD_01,demo,demo:NL04,NL04,5,4,city:2756253,city:2759794,80.0
demo:NL04_1_WD_02,demo,demo:NL04,NL04,5,4,city:2756253,city:2759794,80.0
demo:NL04_1_WD_03,demo,demo:NL04,NL04,5,4,city:2756253,city:2759794,80.0
demo:NL04_1_WD_04,demo,demo:NL04,NL04,5,4,city:2756253,city:2759794,80.0
demo:NL04_1_WD_05,demo,demo:NL04,NL04,5,4,city:2756253,city:2759794,80.0
demo:NL04_1_WD_06,demo,demo:NL04,NL04,5,4,city:2756253,city:2759794,80.0
demo:NL04_1_WD_07,demo,demo:NL04,NL04,5,4,city:2756253,city:2759794,80.0
demo:NL04_1_WD_08,demo,demo:NL04,NL04,5,4,city:2756253,city:2759794,80.0
demo:NL04_1_WD_09,demo,demo:NL04,NL04,5,4,city:2756253,city:2759794,80.0
demo:NL04_1_WD_10,demo,demo:NL04,NL04,5,4,city:2756253,city:2759794,80.0
demo:NL04_1_WD_11,demo,demo:NL04,NL04,5,4,city:2756253,city:2759794,80.0
demo:NL04_1_WD_12,demo,demo:NL04,NL04,5,4,city:2756253,city:2759794,80.0
demo:NL04_1_WD_13,demo,demo:NL04,NL04,5,4,city:2756253,city:2759794,80.0
demo:NL04_1_WD_14,demo,demo:NL04,NL04,5,4,city:2756253,city:2759794,80.0
demo:NL04_1_WD_15,demo,demo:NL04,NL04,5,4,city:2756253,city:2759794,80.0
demo:NL04_1_WD_16,demo,demo:NL04,NL04,5,4,city:2756253,city:2759794,80.0
demo:NL04_1_WD_17,demo,demo:NL04,NL04,5,4,city:2756253,city:2759794,80.0
demo:NL04_1_WD_18,demo,demo:NL04,NL04,5,4,city:2756253,city:2759794,80.0
demo:NL04_1_WD_19,demo,demo:NL04,NL04,5,4,city:2756253,city:2759794,80.0
demo:NL04_1_WD_20,demo,demo:NL04,NL04,5,4,city:2756253,city:2759794,80.0
demo:NL04_1_WD_21,demo,demo:NL04,NL04,5,4,city:2756253,city:2759794,80.0
demo:NL04_1_WD_22,demo,demo:NL04,NL04,5,4,city:2756253,city:2759794,80.0
demo:NL04_1_WD_23,demo,demo:NL04,NL04,5,4,city:2756253,city:2759794,80.0
demo:NL04_1_WD_24,demo,demo:NL04,NL04,5,4,city:2756253,city:2759794,80.0
demo:NL04_1_WD_25,demo,demo:NL04,NL04,5,4,city:2756253,city:2759794,80.0
demo:NL04_1_WD_26,demo,demo:NL04,NL04,5,4,city:2756253,city:2759794,80.0
demo:NL04_1_WD_27,demo,demo:NL04,NL04,5,4,city:2756253,city:2759794,80.0
demo:NL04_1_WD_28,demo,demo:NL04,NL04,5,4,city:2756253,city:2759794,80.0
demo:NL04_1_WD_29,demo,demo:NL04,NL04,5,4,city:2756253,city:2759794,80.0
demo:NL04_1_WD_30,demo,demo:NL04,NL04,5,4,city:2756253,city:2759794,80.0
demo:NL04_1_WD_31,demo,demo:NL04,NL04,5,4,city:2756253,city:2759794,80.0
demo:NL04_1_WE_00,demo,demo:NL04,NL04,2,4,city:2756253,city:2759794,80.0
demo:NL04_1_WE_01,demo,demo:NL04,NL04,2,4,city:2756253,city:2759794,80.0
demo:NL04_1_WE_02,demo,demo:NL04,NL04,2,4,city:2756253,city:2759794,80.0
demo:NL04_1_WE_03,demo,demo:NL04,NL04,2,4,city:2756253,city:2759794,80.0
demo:NL04_1_WE_04,demo,demo:NL04,NL04,2,4,city:2756253,city:2759794,80.0
demo:NL04_1_WE_05,demo,demo:NL04,NL04,2,4,city:2756253,city:2759794,80.0
demo:NL04_1_WE_06,demo,demo:NL04,NL04,2,4,city:2756253,city:2759794,80.0
demo:NL04_1_WE_07,demo,demo:NL04,NL04,2,4,city:2756253,city:2759794,80.0
demo:NL04_1_WE_08,demo,demo:NL04,NL04,2,4,city:2756253,city:2759794,80.0
demo:NL04_1_WE_09,demo,demo:NL04,NL04,2,4,city:2756253,city:2759794,80.0
demo:NL04_1_WE_10,demo,demo:NL04,NL04,2,4,city:2756253,city:2759794,80.0
demo:NL04_1_WE_11,demo,demo:NL04,NL04,2,4,city:2756253,city:2759794,80.0
demo:NL04_1_WE_12,demo,demo:NL04,NL04,2,4,city:2756253,city:2759794,80.0
demo:NL04_1_WE_13,demo,demo:NL04,NL04,2,4,city:2756253,city:2759794,80.0
demo:NL04_1_WE_14,demo,demo:NL04,NL04,2,4,city:2756253,city:2759794,80.0
demo:NL04_1_WE_15,demo,demo:NL04,NL04,2,4,city:2756253,city:2759794,80.0
demo:NL04_1_WE_16,demo,demo:NL04,NL04,2,4,city:2756253,city:2759794,80.0
demo:NL04_1_WE_17,demo,demo:NL04,NL04,2,4,city:2756253,city:2759794,80.0
demo:NL04_1_WE_18,demo,demo:NL04,NL04,2,4,city:2756253,city:2759794,80.0
demo:NL04_1_WE_19,demo,demo:NL04,NL04,2,4,city:2756253,city:2759794,80.0
demo:NL04_1_WE_20,demo,demo:NL04,NL04,2,4,city:2756253,city:2759794,80.0
demo:NL04_1_WE_21,demo,demo:NL04,NL04,2,4,city:2756253,city:2759794,80.0
demo:NL04_1_WE_22,demo,demo:NL04,NL04,2,4,city:2756253,city:2759794,80.0
demo:NL04_1_WE_23,demo,demo:NL04,NL04,2,4,city:2756253,city:2759794,80.0
demo:NL04_1_WE_24,demo,demo:NL04,NL04,2,4,city:2756253,city:2759794,80.0
demo:NL04_1_WE_25,demo,demo:NL04,NL04,2,4,city:2756253,city:2759794,80.0
demo:NL04_1_WE_26,demo,demo:NL04,NL04,2,4,city:2756253,city:2759794,80.0
demo:NL05_0_WD_00,demo,demo:NL05,NL05,5,9,stn:demo:S0574,city:2751283,145.0
demo:NL05_0_WD_01,demo,demo:NL05,NL05,5,9,stn:demo:S0574,city:2751283,145.0
demo:NL05_0_WD_02,demo,demo:NL05,NL05,5,9,stn:demo:S0574,city:2751283,145.0
demo:NL05_0_WD_03,demo,demo:NL05,NL05,5,9,stn:demo:S0574,city:2751283,145.0
demo:NL05_0_WD_04,demo,demo:NL05,NL05,5,9,stn:demo:S0574,city:2751283,145.0
demo:NL05_0_WD_05,demo,demo:NL05,NL05,5,9,stn:demo:S0574,city:2751283,145.0
demo:NL05_0_WD_06,demo,demo:NL05,NL05,5,9,stn:demo:S0574,city:2751283,145.0
demo:NL05_0_WD_07,demo,demo:NL05,NL05,5,9,stn:demo:S0574,city:2751283,145.0
demo:NL05_0_WD_08,demo,demo:NL05,NL05,5,9,stn:demo:S0574,city:2751283,145.0
demo:NL05_0_WD_09,demo,demo:NL05,NL05,5,9,stn:demo:S0574,city:2751283,145.0
demo:NL05_0_WD_10,demo,demo:NL05,NL05,5,9,stn:demo:S0574,city:2751283,145.0
demo:NL05_0_WD_11,demo,demo:NL05,NL05,5,9,stn:demo:S0574,city:2751283,145.0
demo:NL05_0_WD_12,demo,demo:NL05,NL05,5,9,stn:demo:S0574,city:2751283,145.0
demo:NL05_0_WD_13,demo,demo:NL05,NL05,5,9,stn:demo:S0574,city:2751283,145.0
demo:NL05_0_WD_14,demo,demo:NL05,NL05,5,9,stn:demo:S0574,city:2751283,145.0
demo:NL05_0_WD_15,demo,demo:NL05,NL05,5,9,stn:demo:S0574,city:2751283,145.0
demo:NL05_0_WD_16,demo,demo:NL05,NL05,5,9,stn:demo:S0574,city:2751283,145.0
demo:NL05_0_WD_17,demo,demo:NL05,NL05,5,9,stn:demo:S0574,city:2751283,145.0
demo:NL05_0_WD_18,demo,demo:NL05,NL05,5,9,stn:demo:S0574,city:2751283,145.0
demo:NL05_0_WD_19,demo,demo:NL05,NL05,5,9,stn:demo:S0574,city:2751283,145.0
demo:NL05_0_WD_20,demo,demo:NL05,NL05,5,9,stn:demo:S0574,city:2751283,145.0
demo:NL05_0_WD_21,demo,demo:NL05,NL05,5,9,stn:demo:S0574,city:2751283,145.0
demo:NL05_0_WD_22,demo,demo:NL05,NL05,5,9,stn:demo:S0574,city:2751283,145.0
demo:NL05_0_WD_23,demo,demo:NL05,NL05,5,9,stn:demo:S0574,city:2751283,145.0
demo:NL05_0_WD_24,demo,demo:NL05,NL05,5,9,stn:demo:S0574,city:2751283,145.0
demo:NL05_0_WD_25,demo,demo:NL05,NL05,5,9,stn:demo:S0574,city:2751283,145.0
demo:NL05_0_WD_26,demo,demo:NL05,NL05,5,9,stn:demo:S0574,city:2751283,145.0
demo:NL05_0_WD_27,demo,demo:NL05,NL05,5,9,stn:demo:S0574,city:2751283,145.0
demo:NL05_0_WD_28,demo,demo:NL05,NL05,5,9,stn:demo:S0574,city:2751283,145.0
demo:NL05_0_WD_29,demo,demo:NL05,NL05,5,9,stn:demo:S0574,city:2751283,145.0
demo:NL05_0_WD_30,demo,demo:NL05,NL05,5,9,stn:demo:S0574,city:2751283,145.0
demo:NL05_0_WD_31,demo,demo:NL05,NL05,5,9,stn:demo:S0574,city:2751283,145.0
demo:NL05_0_WE_00,demo,demo:NL05,NL05,2,9,stn:demo:S0574,city:2751283,145.0
demo:NL05_0_WE_01,demo,demo:NL05,NL05,2,9,stn:demo:S0574,city:2751283,145.0
demo:NL05_0_WE_02,demo,demo:NL05,NL05,2,9,stn:demo:S0574,city:2751283,145.0
demo:NL05_0_WE_03,demo,demo:NL05,NL05,2,9,stn:demo:S0574,city:2751283,145.0
demo:NL05_0_WE_04,demo,demo:NL05,NL05,2,9,stn:demo:S0574,city:2751283,145.0
demo:NL05_0_WE_05,demo,demo:NL05,NL05,2,9,stn:demo:S0574,city:2751283,145.0
demo:NL05_0_WE_06,demo,demo:NL05,NL05,2,9,stn:demo:S0574,city:2751283,145.0
demo:NL05_0_WE_07,demo,demo:NL05,NL05,2,9,stn:demo:S0574,city:2751283,145.0
demo:NL05_0_WE_08,demo,demo:NL05,NL05,2,9,stn:demo:S0574,city:2751283,145.0
demo:NL05_0_WE_09,demo,demo:NL05,NL05,2,9,stn:demo:S0574,city:2751283,145.0
demo:NL05_0_WE_10,demo,demo:NL05,NL05,2,9,stn:demo:S0574,city:2751283,145.0
demo:NL05_0_WE_11,demo,demo:NL05,NL05,2,9,stn:demo:S0574,city:2751283,145.0
demo:NL05_0_WE_12,demo,demo:NL05,NL05,2,9,stn:demo:S0574,city:2751283,145.0
demo:NL05_0_WE_13,demo,demo:NL05,NL05,2,9,stn:demo:S0574,city:2751283,145.0
demo:NL05_0_WE_14,demo,demo:NL05,NL05,2,9,stn:demo:S0574,city:2751283,145.0
demo:NL05_0_WE_15,demo,demo:NL05,NL05,2,9,stn:demo:S0574,city:2751283,145.0
demo:NL05_0_WE_16,demo,demo:NL05,NL05,2,9,stn:demo:S0574,city:2751283,145.0
demo:NL05_0_WE_17,demo,demo:NL05,NL05,2,9,stn:demo:S0574,city:2751283,145.0
demo:NL05_0_WE_18,demo,demo:NL05,NL05,2,9,stn:demo:S0574,city:2751283,145.0
demo:NL05_0_WE_19,demo,demo:NL05,NL05,2,9,stn:demo:S0574,city:2751283,145.0
demo:NL05_0_WE_20,demo,demo:NL05,NL05,2,9,stn:demo:S0574,city:2751283,145.0
demo:NL05_0_WE_21,demo,demo:NL05,NL05,2,9,stn:demo:S0574,city:2751283,145.0
demo:NL05_0_WE_22,demo,demo:NL05,NL05,2,9,stn:demo:S0574,city:2751283,145.0
demo:NL05_0_WE_23,demo,demo:NL05,NL05,2,9,stn:demo:S0574,city:2751283,145.0
demo:NL05_0_WE_24,demo,demo:NL05,NL05,2,9,stn:demo:S0574,city:2751283,145.0
demo:NL05_0_WE_25,demo,demo:NL05,NL05,2,9,stn:demo:S0574,city:2751283,145.0
demo:NL05_0_WE_26,demo,demo:NL05,NL05,2,9,stn:demo:S0574,city:2751283,145.0
demo:NL05_1_WD_00,demo,demo:NL05,NL05,5,9,city:2751283,stn:demo:S0574,145.0
demo:NL05_1_WD_01,demo,demo:NL05,NL05,5,9,city:2751283,stn:demo:S0574,145.0
demo:NL05_1_WD_02,demo,demo:NL05,NL05,5,9,city:2751283,stn:demo:S0574,145.0
demo:NL05_1_WD_03,demo,demo:NL05,NL05,5,9,city:2751283,stn:demo:S0574,145.0
demo:NL05_1_WD_04,demo,demo:NL05,NL05,5,9,city:2751283,stn:demo:S0574,145.0
demo:NL05_1_WD_05,demo,demo:NL05,NL05,5,9,city:2751283,stn:demo:S0574,145.0
demo:NL05_1_WD_06,demo,demo:NL05,NL05,5,9,city:2751283,stn:demo:S0574,145.0
demo:NL05_1_WD_07,demo,demo:NL05,NL05,5,9,city:2751283,stn:demo:S0574,145.0
demo:NL05_1_WD_08,demo,demo:NL05,NL05,5,9,city:2751283,stn:demo:S0574,145.0
demo:NL05_1_WD_09,demo,demo:NL05,NL05,5,9,city:2751283,stn:demo:S0574,145.0
demo:NL05_1_WD_10,demo,demo:NL05,NL05,5,9,city:2751283,stn:demo:S0574,145.0
demo:NL05_1_WD_11,demo,demo:NL05,NL05,5,9,city:2751283,stn:demo:S0574,145.0
demo:NL05_1_WD_12,demo,demo:NL05,NL05,5,9,city:2751283,stn:demo:S0574,145.0
demo:NL05_1_WD_13,demo,demo:NL05,NL05,5,9,city:2751283,stn:demo:S0574,145.0
demo:NL05_1_WD_14,demo,demo:NL05,NL05,5,9,city:2751283,stn:demo:S0574,145.0
demo:NL05_1_WD_15,demo,demo:NL05,NL05,5,9,city:2751283,stn:demo:S0574,145.0
demo:NL05_1_WD_16,demo,demo:NL05,NL05,5,9,city:2751283,stn:demo:S0574,145.0
demo:NL05_1_WD_17,demo,demo:NL05,NL05,5,9,city:2751283,stn:demo:S0574,145.0
demo:NL05_1_WD_18,demo,demo:NL05,NL05,5,9,city:2751283,stn:demo:S0574,145.0
demo:NL05_1_WD_19,demo,demo:NL05,NL05,5,9,city:2751283,stn:demo:S0574,145.0
demo:NL05_1_WD_20,demo,demo:NL05,NL05,5,9,city:2751283,stn:demo:S0574,145.0
demo:NL05_1_WD_21,demo,demo:NL05,NL05,5,9,city:2751283,stn:demo:S0574,145.0
demo:NL05_1_WD_22,demo,demo:NL05,NL05,5,9,city:2751283,stn:demo:S0574,145.0
demo:NL05_1_WD_23,demo,demo:NL05,NL05,5,9,city:2751283,stn:demo:S0574,145.0
demo:NL05_1_WD_24,demo,demo:NL05,NL05,5,9,city:2751283,stn:demo:S0574,145.0
demo:NL05_1_WD_25,demo,demo:NL05,NL05,5,9,city:2751283,stn:demo:S0574,145.0
demo:NL05_1_WD_26,demo,demo:NL05,NL05,5,9,city:2751283,stn:demo:S0574,145.0
demo:NL05_1_WD_27,demo,demo:NL05,NL05,5,9,city:2751283,stn:demo:S0574,145.0
demo:NL05_1_WD_28,demo,demo:NL05,NL05,5,9,city:2751283,stn:demo:S0574,145.0
demo:NL05_1_WD_29,demo,demo:NL05,NL05,5,9,city:2751283,stn:demo:S0574,145.0
demo:NL05_1_WD_30,demo,demo:NL05,NL05,5,9,city:2751283,stn:demo:S0574,145.0
demo:NL05_1_WD_31,demo,demo:NL05,NL05,5,9,city:2751283,stn:demo:S0574,145.0
demo:NL05_1_WE_00,demo,demo:NL05,NL05,2,9,city:2751283,stn:demo:S0574,145.0
demo:NL05_1_WE_01,demo,demo:NL05,NL05,2,9,city:2751283,stn:demo:S0574,145.0
demo:NL05_1_WE_02,demo,demo:NL05,NL05,2,9,city:2751283,stn:demo:S0574,145.0
demo:NL05_1_WE_03,demo,demo:NL05,NL05,2,9,city:2751283,stn:demo:S0574,145.0
demo:NL05_1_WE_04,demo,demo:NL05,NL05,2,9,city:2751283,stn:demo:S0574,145.0
demo:NL05_1_WE_05,demo,demo:NL05,NL05,2,9,city:2751283,stn:demo:S0574,145.0
demo:NL05_1_WE_06,demo,demo:NL05,NL05,2,9,city:2751283,stn:demo:S0574,145.0
demo:NL05_1_WE_07,demo,demo:NL05,NL05,2,9,city:2751283,stn:demo:S0574,145.0
demo:NL05_1_WE_08,demo,demo:NL05,NL05,2,9,city:2751283,stn:demo:S0574,145.0
demo:NL05_1_WE_09,demo,demo:NL05,NL05,2,9,city:2751283,stn:demo:S0574,145.0
demo:NL05_1_WE_10,demo,demo:NL05,NL05,2,9,city:2751283,stn:demo:S0574,145.0
demo:NL05_1_WE_11,demo,demo:NL05,NL05,2,9,city:2751283,stn:demo:S0574,145.0
demo:NL05_1_WE_12,demo,demo:NL05,NL05,2,9,city:2751283,stn:demo:S0574,145.0
demo:NL05_1_WE_13,demo,demo:NL05,NL05,2,9,city:2751283,stn:demo:S0574,145.0
demo:NL05_1_WE_14,demo,demo:NL05,NL05,2,9,city:2751283,stn:demo:S0574,145.0
demo:NL05_1_WE_15,demo,demo:NL05,NL05,2,9,city:2751283,stn:demo:S0574,145.0
demo:NL05_1_WE_16,demo,demo:NL05,NL05,2,9,city:2751283,stn:demo:S0574,145.0
demo:NL05_1_WE_17,demo,demo:NL05,NL05,2,9,city:2751283,stn:demo:S0574,145.0
demo:NL05_1_WE_18,demo,demo:NL05,NL05,2,9,city:2751283,stn:demo:S0574,145.0
demo:NL05_1_WE_19,demo,demo:NL05,NL05,2,9,city:2751283,stn:demo:S0574,145.0
demo:NL05_1_WE_20,demo,demo:NL05,NL05,2,9,city:2751283,stn:demo:S0574,145.0
demo:NL05_1_WE_21,demo,demo:NL05,NL05,2,9,city:2751283,stn:demo:S0574,145.0
demo:NL05_1_WE_22,demo,demo:NL05,NL05,2,9,city:2751283,stn:demo:S0574,145.0
demo:NL05_1_WE_23,demo,demo:NL05,NL05,2,9,city:2751283,stn:demo:S0574,145.0
demo:NL05_1_WE_24,demo,demo:NL05,NL05,2,9,city:2751283,stn:demo:S0574,145.0
demo:NL05_1_WE_25,demo,demo:NL05,NL05,2,9,city:2751283,stn:demo:S0574,145.0
demo:NL05_1_WE_26,demo,demo:NL05,NL05,2,9,city:2751283,stn:demo:S0574,145.0
demo:NL06_0_WD_00,demo,demo:NL06,NL06,5,4,city:2759794,city:2750053,80.0
demo:NL06_0_WD_01,demo,demo:NL06,NL06,5,4,city:2759794,city:2750053,80.0
demo:NL06_0_WD_02,demo,demo:NL06,NL06,5,4,city:2759794,city:2750053,80.0
demo:NL06_0_WD_03,demo,demo:NL06,NL06,5,4,city:2759794,city:2750053,80.0
demo:NL06_0_WD_04,demo,demo:NL06,NL06,5,4,city:2759794,city:2750053,80.0
demo:NL06_0_WD_05,demo,demo:NL06,NL06,5,4,city:2759794,city:2750053,80.0
demo:NL06_0_WD_06,demo,demo:NL06,NL06,5,4,city:2759794,city:2750053,80.0
demo:NL06_0_WD_07,demo,demo:NL06,NL06,5,4,city:2759794,city:2750053,80.0
demo:NL06_0_WD_08,demo,demo:NL06,NL06,5,4,city:2759794,city:2750053,80.0
demo:NL06_0_WD_09,demo,demo:NL06,NL06,5,4,city:2759794,city:2750053,80.0
demo:NL06_0_WD_10,demo,demo:NL06,NL06,5,4,city:2759794,city:2750053,80.0
demo:NL06_0_WD_11,demo,demo:NL06,NL06,5,4,city:2759794,city:2750053,80.0
demo:NL06_0_WD_12,demo,demo:NL06,NL06,5,4,city:2759794,city:2750053,80.0
demo:NL06_0_WD_13,demo,demo:NL06,NL06,5,4,city:2759794,city:2750053,80.0
demo:NL06_0_WD_14,demo,demo:NL06,NL06,5,4,city:2759794,city:2750053,80.0
demo:NL06_0_WD_15,demo,demo:NL06,NL06,5,4,city:2759794,city:2750053,80.0
demo:NL06_0_WD_16,demo,demo:NL06,NL06,5,4,city:2759794,city:2750053,80.0
demo:NL06_0_WD_17,demo,demo:NL06,NL06,5,4,city:2759794,city:2750053,80.0
demo:NL06_0_WD_18,demo,demo:NL06,NL06,5,4,city:2759794,city:2750053,80.0
demo:NL06_0_WD_19,demo,demo:NL06,NL06,5,4,city:2759794,city:2750053,80.0
demo:NL06_0_WD_20,demo,demo:NL06,NL06,5,4,city:2759794,city:2750053,80.0
demo:NL06_0_WD_21,demo,demo:NL06,NL06,5,4,city:2759794,city:2750053,80.0
demo:NL06_0_WD_22,demo,demo:NL06,NL06,5,4,city:2759794,city:2750053,80.0
demo:NL06_0_WD_23,demo,demo:NL06,NL06,5,4,city:2759794,city:2750053,80.0
demo:NL06_0_WD_24,demo,demo:NL06,NL06,5,4,city:2759794,city:2750053,80.0
demo:NL06_0_WD_25,demo,demo:NL06,NL06,5,4,city:2759794,city:2750053,80.0
demo:NL06_0_WD_26,demo,demo:NL06,NL06,5,4,city:2759794,city:2750053,80.0
demo:NL06_0_WD_27,demo,demo:NL06,NL06,5,4,city:2759794,city:2750053,80.0
demo:NL06_0_WD_28,demo,demo:NL06,NL06,5,4,city:2759794,city:2750053,80.0
demo:NL06_0_WD_29,demo,demo:NL06,NL06,5,4,city:2759794,city:2750053,80.0
demo:NL06_0_WD_30,demo,demo:NL06,NL06,5,4,city:2759794,city:2750053,80.0
demo:NL06_0_WD_31,demo,demo:NL06,NL06,5,4,city:2759794,city:2750053,80.0
demo:NL06_0_WE_00,demo,demo:NL06,NL06,2,4,city:2759794,city:2750053,80.0
demo:NL06_0_WE_01,demo,demo:NL06,NL06,2,4,city:2759794,city:2750053,80.0
demo:NL06_0_WE_02,demo,demo:NL06,NL06,2,4,city:2759794,city:2750053,80.0
demo:NL06_0_WE_03,demo,demo:NL06,NL06,2,4,city:2759794,city:2750053,80.0
demo:NL06_0_WE_04,demo,demo:NL06,NL06,2,4,city:2759794,city:2750053,80.0
demo:NL06_0_WE_05,demo,demo:NL06,NL06,2,4,city:2759794,city:2750053,80.0
demo:NL06_0_WE_06,demo,demo:NL06,NL06,2,4,city:2759794,city:2750053,80.0
demo:NL06_0_WE_07,demo,demo:NL06,NL06,2,4,city:2759794,city:2750053,80.0
demo:NL06_0_WE_08,demo,demo:NL06,NL06,2,4,city:2759794,city:2750053,80.0
demo:NL06_0_WE_09,demo,demo:NL06,NL06,2,4,city:2759794,city:2750053,80.0
demo:NL06_0_WE_10,demo,demo:NL06,NL06,2,4,city:2759794,city:2750053,80.0
demo:NL06_0_WE_11,demo,demo:NL06,NL06,2,4,city:2759794,city:2750053,80.0
demo:NL06_0_WE_12,demo,demo:NL06,NL06,2,4,city:2759794,city:2750053,80.0
demo:NL06_0_WE_13,demo,demo:NL06,NL06,2,4,city:2759794,city:2750053,80.0
demo:NL06_0_WE_14,demo,demo:NL06,NL06,2,4,city:2759794,city:2750053,80.0
demo:NL06_0_WE_15,demo,demo:NL06,NL06,2,4,city:2759794,city:2750053,80.0
demo:NL06_0_WE_16,demo,demo:NL06,NL06,2,4,city:2759794,city:2750053,80.0
demo:NL06_0_WE_17,demo,demo:NL06,NL06,2,4,city:2759794,city:2750053,80.0
demo:NL06_0_WE_18,demo,demo:NL06,NL06,2,4,city:2759794,city:2750053,80.0
demo:NL06_0_WE_19,demo,demo:NL06,NL06,2,4,city:2759794,city:2750053,80.0
demo:NL06_0_WE_20,demo,demo:NL06,NL06,2,4,city:2759794,city:2750053,80.0
demo:NL06_0_WE_21,demo,demo:NL06,NL06,2,4,city:2759794,city:2750053,80.0
demo:NL06_0_WE_22,demo,demo:NL06,NL06,2,4,city:2759794,city:2750053,80.0
demo:NL06_0_WE_23,demo,demo:NL06,NL06,2,4,city:2759794,city:2750053,80.0
demo:NL06_0_WE_24,demo,demo:NL06,NL06,2,4,city:2759794,city:2750053,80.0
demo:NL06_0_WE_25,demo,demo:NL06,NL06,2,4,city:2759794,city:2750053,80.0
demo:NL06_0_WE_26,demo,demo:NL06,NL06,2,4,city:2759794,city:2750053,80.0
demo:NL06_1_WD_00,demo,demo:NL06,NL06,5,4,city:2750053,city:2759794,80.0
demo:NL06_1_WD_01,demo,demo:NL06,NL06,5,4,city:2750053,city:2759794,80.0
demo:NL06_1_WD_02,demo,demo:NL06,NL06,5,4,city:2750053,city:2759794,80.0
demo:NL06_1_WD_03,demo,demo:NL06,NL06,5,4,city:2750053,city:2759794,80.0
demo:NL06_1_WD_04,demo,demo:NL06,NL06,5,4,city:2750053,city:2759794,80.0
demo:NL06_1_WD_05,demo,demo:NL06,NL06,5,4,city:2750053,city:2759794,80.0
demo:NL06_1_WD_06,demo,demo:NL06,NL06,5,4,city:2750053,city:2759794,80.0
demo:NL06_1_WD_07,demo,demo:NL06,NL06,5,4,city:2750053,city:2759794,80.0
demo:NL06_1_WD_08,demo,demo:NL06,NL06,5,4,city:2750053,city:2759794,80.0
demo:NL06_1_WD_09,demo,demo:NL06,NL06,5,4,city:2750053,city:2759794,80.0
demo:NL06_1_WD_10,demo,demo:NL06,NL06,5,4,city:2750053,city:2759794,80.0
demo:NL06_1_WD_11,demo,demo:NL06,NL06,5,4,city:2750053,city:2759794,80.0
demo:NL06_1_WD_12,demo,demo:NL06,NL06,5,4,city:2750053,city:2759794,80.0
demo:NL06_1_WD_13,demo,demo:NL06,NL06,5,4,city:2750053,city:2759794,80.0
demo:NL06_1_WD_14,demo,demo:NL06,NL06,5,4,city:2750053,city:2759794,80.0
demo:NL06_1_WD_15,demo,demo:NL06,NL06,5,4,city:2750053,city:2759794,80.0
demo:NL06_1_WD_16,demo,demo:NL06,NL06,5,4,city:2750053,city:2759794,80.0
demo:NL06_1_WD_17,demo,demo:NL06,NL06,5,4,city:2750053,city:2759794,80.0
demo:NL06_1_WD_18,demo,demo:NL06,NL06,5,4,city:2750053,city:2759794,80.0
demo:NL06_1_WD_19,demo,demo:NL06,NL06,5,4,city:2750053,city:2759794,80.0
demo:NL06_1_WD_20,demo,demo:NL06,NL06,5,4,city:2750053,city:2759794,80.0
demo:NL06_1_WD_21,demo,demo:NL06,NL06,5,4,city:2750053,city:2759794,80.0
demo:NL06_1_WD_22,demo,demo:NL06,NL06,5,4,city:2750053,city:2759794,80.0
demo:NL06_1_WD_23,demo,demo:NL06,NL06,5,4,city:2750053,city:2759794,80.0
demo:NL06_1_WD_24,demo,demo:NL06,NL06,5,4,city:2750053,city:2759794,80.0
demo:NL06_1_WD_25,demo,demo:NL06,NL06,5,4,city:2750053,city:2759794,80.0
demo:NL06_1_WD_26,demo,demo:NL06,NL06,5,4,city:2750053,city:2759794,80.0
demo:NL06_1_WD_27,demo,demo:NL06,NL06,5,4,city:2750053,city:2759794,80.0
demo:NL06_1_WD_28,demo,demo:NL06,NL06,5,4,city:2750053,city:2759794,80.0
demo:NL06_1_WD_29,demo,demo:NL06,NL06,5,4,city:2750053,city:2759794,80.0
demo:NL06_1_WD_30,demo,demo:NL06,NL06,5,4,city:2750053,city:2759794,80.0
demo:NL06_1_WD_31,demo,demo:NL06,NL06,5,4,city:2750053,city:2759794,80.0
demo:NL06_1_WE_00,demo,demo:NL06,NL06,2,4,city:2750053,city:2759794,80.0
demo:NL06_1_WE_01,demo,demo:NL06,NL06,2,4,city:2750053,city:2759794,80.0
demo:NL06_1_WE_02,demo,demo:NL06,NL06,2,4,city:2750053,city:2759794,80.0
demo:NL06_1_WE_03,demo,demo:NL06,NL06,2,4,city:2750053,city:2759794,80.0
demo:NL06_1_WE_04,demo,demo:NL06,NL06,2,4,city:2750053,city:2759794,80.0
demo:NL06_1_WE_05,demo,demo:NL06,NL06,2,4,city:2750053,city:2759794,80.0
demo:NL06_1_WE_06,demo,demo:NL06,NL06,2,4,city:2750053,city:2759794,80.0
demo:NL06_1_WE_07,demo,demo:NL06,NL06,2,4,city:2750053,city:2759794,80.0
demo:NL06_1_WE_08,demo,demo:NL06,NL06,2,4,city:2750053,city:2759794,80.0
demo:NL06_1_WE_09,demo,demo:NL06,NL06,2,4,city:2750053,city:2759794,80.0
demo:NL06_1_WE_10,demo,demo:NL06,NL06,2,4,city:2750053,city:2759794,80.0
demo:NL06_1_WE_11,demo,demo:NL06,NL06,2,4,city:2750053,city:2759794,80.0
demo:NL06_1_WE_12,demo,demo:NL06,NL06,2,4,city:2750053,city:2759794,80.0
demo:NL06_1_WE_13,demo,demo:NL06,NL06,2,4,city:2750053,city:2759794,80.0
demo:NL06_1_WE_14,demo,demo:NL06,NL06,2,4,city:2750053,city:2759794,80.0
demo:NL06_1_WE_15,demo,demo:NL06,NL06,2,4,city:2750053,city:2759794,80.0
demo:NL06_1_WE_16,demo,demo:NL06,NL06,2,4,city:2750053,city:2759794,80.0
demo:NL06_1_WE_17,demo,demo:NL06,NL06,2,4,city:2750053,city:2759794,80.0
demo:NL06_1_WE_18,demo,demo:NL06,NL06,2,4,city:2750053,city:2759794,80.0
demo:NL06_1_WE_19,demo,demo:NL06,NL06,2,4,city:2750053,city:2759794,80.0
demo:NL06_1_WE_20,demo,demo:NL06,NL06,2,4,city:2750053,city:2759794,80.0
demo:NL06_1_WE_21,demo,demo:NL06,NL06,2,4,city:2750053,city:2759794,80.0
demo:NL06_1_WE_22,demo,demo:NL06,NL06,2,4,city:2750053,city:2759794,80.0
demo:NL06_1_WE_23,demo,demo:NL06,NL06,2,4,city:2750053,city:2759794,80.0
demo:NL06_1_WE_24,demo,demo:NL06,NL06,2,4,city:2750053,city:2759794,80.0
demo:NL06_1_WE_25,demo,demo:NL06,NL06,2,4,city:2750053,city:2759794,80.0
demo:NL06_1_WE_26,demo,demo:NL06,NL06,2,4,city:2750053,city:2759794,80.0
demo:NL07_0_WD_00,demo,demo:NL07,NL07,5,7,city:2759794,city:2756071,120.0
demo:NL07_0_WD_01,demo,demo:NL07,NL07,5,7,city:2759794,city:2756071,120.0
demo:NL07_0_WD_02,demo,demo:NL07,NL07,5,7,city:2759794,city:2756071,120.0
demo:NL07_0_WD_03,demo,demo:NL07,NL07,5,7,city:2759794,city:2756071,120.0
demo:NL07_0_WD_04,demo,demo:NL07,NL07,5,7,city:2759794,city:2756071,120.0
demo:NL07_0_WD_05,demo,demo:NL07,NL07,5,7,city:2759794,city:2756071,120.0
demo:NL07_0_WD_06,demo,demo:NL07,NL07,5,7,city:2759794,city:2756071,120.0
demo:NL07_0_WD_07,demo,demo:NL07,NL07,5,7,city:2759794,city:2756071,120.0
demo:NL07_0_WD_08,demo,demo:NL07,NL07,5,7,city:2759794,city:2756071,120.0
demo:NL07_0_WD_09,demo,demo:NL07,NL07,5,7,city:2759794,city:2756071,120.0
demo:NL07_0_WD_10,demo,demo:NL07,NL07,5,7,city:2759794,city:2756071,120.0
demo:NL07_0_WD_11,demo,demo:NL07,NL07,5,7,city:2759794,city:2756071,120.0
demo:NL07_0_WD_12,demo,demo:NL07,NL07,5,7,city:2759794,city:2756071,120.0
demo:NL07_0_WD_13,demo,demo:NL07,NL07,5,7,city:2759794,city:2756071,120.0
demo:NL07_0_WD_14,demo,demo:NL07,NL07,5,7,city:2759794,city:2756071,120.0
demo:NL07_0_WD_15,demo,demo:NL07,NL07,5,7,city:2759794,city:2756071,120.0
demo:NL07_0_WD_16,demo,demo:NL07,NL07,5,7,city:2759794,city:2756071,120.0
demo:NL07_0_WD_17,demo,demo:NL07,NL07,5,7,city:2759794,city:2756071,120.0
demo:NL07_0_WD_18,demo,demo:NL07,NL07,5,7,city:2759794,city:2756071,120.0
demo:NL07_0_WD_19,demo,demo:NL07,NL07,5,7,city:2759794,city:2756071,120.0
demo:NL07_0_WD_20,demo,demo:NL07,NL07,5,7,city:2759794,city:2756071,120.0
demo:NL07_0_WD_21,demo,demo:NL07,NL07,5,7,city:2759794,city:2756071,120.0
demo:NL07_0_WD_22,demo,demo:NL07,NL07,5,7,city:2759794,city:2756071,120.0
demo:NL07_0_WD_23,demo,demo:NL07,NL07,5,7,city:2759794,city:2756071,120.0
demo:NL07_0_WD_24,demo,demo:NL07,NL07,5,7,city:2759794,city:2756071,120.0
demo:NL07_0_WD_25,demo,demo:NL07,NL07,5,7,city:2759794,city:2756071,120.0
demo:NL07_0_WD_26,demo,demo:NL07,NL07,5,7,city:2759794,city:2756071,120.0
demo:NL07_0_WD_27,demo,demo:NL07,NL07,5,7,city:2759794,city:2756071,120.0
demo:NL07_0_WD_28,demo,demo:NL07,NL07,5,7,city:2759794,city:2756071,120.0
demo:NL07_0_WD_29,demo,demo:NL07,NL07,5,7,city:2759794,city:2756071,120.0
demo:NL07_0_WD_30,demo,demo:NL07,NL07,5,7,city:2759794,city:2756071,120.0
demo:NL07_0_WD_31,demo,demo:NL07,NL07,5,7,city:2759794,city:2756071,120.0
demo:NL07_0_WE_00,demo,demo:NL07,NL07,2,7,city:2759794,city:2756071,120.0
demo:NL07_0_WE_01,demo,demo:NL07,NL07,2,7,city:2759794,city:2756071,120.0
demo:NL07_0_WE_02,demo,demo:NL07,NL07,2,7,city:2759794,city:2756071,120.0
demo:NL07_0_WE_03,demo,demo:NL07,NL07,2,7,city:2759794,city:2756071,120.0
demo:NL07_0_WE_04,demo,demo:NL07,NL07,2,7,city:2759794,city:2756071,120.0
demo:NL07_0_WE_05,demo,demo:NL07,NL07,2,7,city:2759794,city:2756071,120.0
demo:NL07_0_WE_06,demo,demo:NL07,NL07,2,7,city:2759794,city:2756071,120.0
demo:NL07_0_WE_07,demo,demo:NL07,NL07,2,7,city:2759794,city:2756071,120.0
demo:NL07_0_WE_08,demo,demo:NL07,NL07,2,7,city:2759794,city:2756071,120.0
demo:NL07_0_WE_09,demo,demo:NL07,NL07,2,7,city:2759794,city:2756071,120.0
demo:NL07_0_WE_10,demo,demo:NL07,NL07,2,7,city:2759794,city:2756071,120.0
demo:NL07_0_WE_11,demo,demo:NL07,NL07,2,7,city:2759794,city:2756071,120.0
demo:NL07_0_WE_12,demo,demo:NL07,NL07,2,7,city:2759794,city:2756071,120.0
demo:NL07_0_WE_13,demo,demo:NL07,NL07,2,7,city:2759794,city:2756071,120.0
demo:NL07_0_WE_14,demo,demo:NL07,NL07,2,7,city:2759794,city:2756071,120.0
demo:NL07_0_WE_15,demo,demo:NL07,NL07,2,7,city:2759794,city:2756071,120.0
demo:NL07_0_WE_16,demo,demo:NL07,NL07,2,7,city:2759794,city:2756071,120.0
demo:NL07_0_WE_17,demo,demo:NL07,NL07,2,7,city:2759794,city:2756071,120.0
demo:NL07_0_WE_18,demo,demo:NL07,NL07,2,7,city:2759794,city:2756071,120.0
demo:NL07_0_WE_19,demo,demo:NL07,NL07,2,7,city:2759794,city:2756071,120.0
demo:NL07_0_WE_20,demo,demo:NL07,NL07,2,7,city:2759794,city:2756071,120.0
demo:NL07_0_WE_21,demo,demo:NL07,NL07,2,7,city:2759794,city:2756071,120.0
demo:NL07_0_WE_22,demo,demo:NL07,NL07,2,7,city:2759794,city:2756071,120.0
demo:NL07_0_WE_23,demo,demo:NL07,NL07,2,7,city:2759794,city:2756071,120.0
demo:NL07_0_WE_24,demo,demo:NL07,NL07,2,7,city:2759794,city:2756071,120.0
demo:NL07_0_WE_25,demo,demo:NL07,NL07,2,7,city:2759794,city:2756071,120.0
demo:NL07_0_WE_26,demo,demo:NL07,NL07,2,7,city:2759794,city:2756071,120.0
demo:NL07_1_WD_00,demo,demo:NL07,NL07,5,7,city:2756071,city:2759794,120.0
demo:NL07_1_WD_01,demo,demo:NL07,NL07,5,7,city:2756071,city:2759794,120.0
demo:NL07_1_WD_02,demo,demo:NL07,NL07,5,7,city:2756071,city:2759794,120.0
demo:NL07_1_WD_03,demo,demo:NL07,NL07,5,7,city:2756071,city:2759794,120.0
demo:NL07_1_WD_04,demo,demo:NL07,NL07,5,7,city:2756071,city:2759794,120.0
demo:NL07_1_WD_05,demo,demo:NL07,NL07,5,7,city:2756071,city:2759794,120.0
demo:NL07_1_WD_06,demo,demo:NL07,NL07,5,7,city:2756071,city:2759794,120.0
demo:NL07_1_WD_07,demo,demo:NL07,NL07,5,7,city:2756071,city:2759794,120.0
demo:NL07_1_WD_08,demo,demo:NL07,NL07,5,7,city:2756071,city:2759794,120.0
demo:NL07_1_WD_09,demo,demo:NL07,NL07,5,7,city:2756071,city:2759794,120.0
demo:NL07_1_WD_10,demo,demo:NL07,NL07,5,7,city:2756071,city:2759794,120.0
demo:NL07_1_WD_11,demo,demo:NL07,NL07,5,7,city:2756071,city:2759794,120.0
demo:NL07_1_WD_12,demo,demo:NL07,NL07,5,7,city:2756071,city:2759794,120.0
demo:NL07_1_WD_13,demo,demo:NL07,NL07,5,7,city:2756071,city:2759794,120.0
demo:NL07_1_WD_14,demo,demo:NL07,NL07,5,7,city:2756071,city:2759794,120.0
demo:NL07_1_WD_15,demo,demo:NL07,NL07,5,7,city:2756071,city:2759794,120.0
demo:NL07_1_WD_16,demo,demo:NL07,NL07,5,7,city:2756071,city:2759794,120.0
demo:NL07_1_WD_17,demo,demo:NL07,NL07,5,7,city:2756071,city:2759794,120.0
demo:NL07_1_WD_18,demo,demo:NL07,NL07,5,7,city:2756071,city:2759794,120.0
demo:NL07_1_WD_19,demo,demo:NL07,NL07,5,7,city:2756071,city:2759794,120.0
demo:NL07_1_WD_20,demo,demo:NL07,NL07,5,7,city:2756071,city:2759794,120.0
demo:NL07_1_WD_21,demo,demo:NL07,NL07,5,7,city:2756071,city:2759794,120.0
demo:NL07_1_WD_22,demo,demo:NL07,NL07,5,7,city:2756071,city:2759794,120.0
demo:NL07_1_WD_23,demo,demo:NL07,NL07,5,7,city:2756071,city:2759794,120.0
demo:NL07_1_WD_24,demo,demo:NL07,NL07,5,7,city:2756071,city:2759794,120.0
demo:NL07_1_WD_25,demo,demo:NL07,NL07,5,7,city:2756071,city:2759794,120.0
demo:NL07_1_WD_26,demo,demo:NL07,NL07,5,7,city:2756071,city:2759794,120.0
demo:NL07_1_WD_27,demo,demo:NL07,NL07,5,7,city:2756071,city:2759794,120.0
demo:NL07_1_WD_28,demo,demo:NL07,NL07,5,7,city:2756071,city:2759794,120.0
demo:NL07_1_WD_29,demo,demo:NL07,NL07,5,7,city:2756071,city:2759794,120.0
demo:NL07_1_WD_30,demo,demo:NL07,NL07,5,7,city:2756071,city:2759794,120.0
demo:NL07_1_WD_31,demo,demo:NL07,NL07,5,7,city:2756071,city:2759794,120.0
demo:NL07_1_WE_00,demo,demo:NL07,NL07,2,7,city:2756071,city:2759794,120.0
demo:NL07_1_WE_01,demo,demo:NL07,NL07,2,7,city:2756071,city:2759794,120.0
demo:NL07_1_WE_02,demo,demo:NL07,NL07,2,7,city:2756071,city:2759794,120.0
demo:NL07_1_WE_03,demo,demo:NL07,NL07,2,7,city:2756071,city:2759794,120.0
demo:NL07_1_WE_04,demo,demo:NL07,NL07,2,7,city:2756071,city:2759794,120.0
demo:NL07_1_WE_05,demo,demo:NL07,NL07,2,7,city:2756071,city:2759794,120.0
demo:NL07_1_WE_06,demo,demo:NL07,NL07,2,7,city:2756071,city:2759794,120.0
demo:NL07_1_WE_07,demo,demo:NL07,NL07,2,7,city:2756071,city:2759794,120.0
demo:NL07_1_WE_08,demo,demo:NL07,NL07,2,7,city:2756071,city:2759794,120.0
demo:NL07_1_WE_09,demo,demo:NL07,NL07,2,7,city:2756071,city:2759794,120.0
demo:NL07_1_WE_10,demo,demo:NL07,NL07,2,7,city:2756071,city:2759794,120.0
demo:NL07_1_WE_11,demo,demo:NL07,NL07,2,7,city:2756071,city:2759794,120.0
demo:NL07_1_WE_12,demo,demo:NL07,NL07,2,7,city:2756071,city:2759794,120.0
demo:NL07_1_WE_13,demo,demo:NL07,NL07,2,7,city:2756071,city:2759794,120.0
demo:NL07_1_WE_14,demo,demo:NL07,NL07,2,7,city:2756071,city:2759794,120.0
demo:NL07_1_WE_15,demo,demo:NL07,NL07,2,7,city:2756071,city:2759794,120.0
demo:NL07_1_WE_16,demo,demo:NL07,NL07,2,7,city:2756071,city:2759794,120.0
demo:NL07_1_WE_17,demo,demo:NL07,NL07,2,7,city:2756071,city:2759794,120.0
demo:NL07_1_WE_18,demo,demo:NL07,NL07,2,7,city:2756071,city:2759794,120.0
demo:NL07_1_WE_19,demo,demo:NL07,NL07,2,7,city:2756071,city:2759794,120.0
demo:NL07_1_WE_20,demo,demo:NL07,NL07,2,7,city:2756071,city:2759794,120.0
demo:NL07_1_WE_21,demo,demo:NL07,NL07,2,7,city:2756071,city:2759794,120.0
demo:NL07_1_WE_22,demo,demo:NL07,NL07,2,7,city:2756071,city:2759794,120.0
demo:NL07_1_WE_23,demo,demo:NL07,NL07,2,7,city:2756071,city:2759794,120.0
demo:NL07_1_WE_24,demo,demo:NL07,NL07,2,7,city:2756071,city:2759794,120.0
demo:NL07_1_WE_25,demo,demo:NL07,NL07,2,7,city:2756071,city:2759794,120.0
demo:NL07_1_WE_26,demo,demo:NL07,NL07,2,7,city:2756071,city:2759794,120.0
demo:NL08_0_WD_00,demo,demo:NL08,NL08,5,6,city:2759794,city:2755251,118.0
demo:NL08_0_WD_01,demo,demo:NL08,NL08,5,6,city:2759794,city:2755251,118.0
demo:NL08_0_WD_02,demo,demo:NL08,NL08,5,6,city:2759794,city:2755251,118.0
demo:NL08_0_WD_03,demo,demo:NL08,NL08,5,6,city:2759794,city:2755251,118.0
demo:NL08_0_WD_04,demo,demo:NL08,NL08,5,6,city:2759794,city:2755251,118.0
demo:NL08_0_WD_05,demo,demo:NL08,NL08,5,6,city:2759794,city:2755251,118.0
demo:NL08_0_WD_06,demo,demo:NL08,NL08,5,6,city:2759794,city:2755251,118.0
demo:NL08_0_WD_07,demo,demo:NL08,NL08,5,6,city:2759794,city:2755251,118.0
demo:NL08_0_WD_08,demo,demo:NL08,NL08,5,6,city:2759794,city:2755251,118.0
demo:NL08_0_WD_09,demo,demo:NL08,NL08,5,6,city:2759794,city:2755251,118.0
demo:NL08_0_WD_10,demo,demo:NL08,NL08,5,6,city:2759794,city:2755251,118.0
demo:NL08_0_WD_11,demo,demo:NL08,NL08,5,6,city:2759794,city:2755251,118.0
demo:NL08_0_WD_12,demo,demo:NL08,NL08,5,6,city:2759794,city:2755251,118.0
demo:NL08_0_WD_13,demo,demo:NL08,NL08,5,6,city:2759794,city:2755251,118.0
demo:NL08_0_WD_14,demo,demo:NL08,NL08,5,6,city:2759794,city:2755251,118.0
demo:NL08_0_WD_15,demo,demo:NL08,NL08,5,6,city:2759794,city:2755251,118.0
demo:NL08_0_WE_00,demo,demo:NL08,NL08,2,6,city:2759794,city:2755251,118.0
demo:NL08_0_WE_01,demo,demo:NL08,NL08,2,6,city:2759794,city:2755251,118.0
demo:NL08_0_WE_02,demo,demo:NL08,NL08,2,6,city:2759794,city:2755251,118.0
demo:NL08_0_WE_03,demo,demo:NL08,NL08,2,6,city:2759794,city:2755251,118.0
demo:NL08_0_WE_04,demo,demo:NL08,NL08,2,6,city:2759794,city:2755251,118.0
demo:NL08_0_WE_05,demo,demo:NL08,NL08,2,6,city:2759794,city:2755251,118.0
demo:NL08_0_WE_06,demo,demo:NL08,NL08,2,6,city:2759794,city:2755251,118.0
demo:NL08_0_WE_07,demo,demo:NL08,NL08,2,6,city:2759794,city:2755251,118.0
demo:NL08_0_WE_08,demo,demo:NL08,NL08,2,6,city:2759794,city:2755251,118.0
demo:NL08_0_WE_09,demo,demo:NL08,NL08,2,6,city:2759794,city:2755251,118.0
demo:NL08_0_WE_10,demo,demo:NL08,NL08,2,6,city:2759794,city:2755251,118.0
demo:NL08_0_WE_11,demo,demo:NL08,NL08,2,6,city:2759794,city:2755251,118.0
demo:NL08_0_WE_12,demo,demo:NL08,NL08,2,6,city:2759794,city:2755251,118.0
demo:NL08_0_WE_13,demo,demo:NL08,NL08,2,6,city:2759794,city:2755251,118.0
demo:NL08_1_WD_00,demo,demo:NL08,NL08,5,6,city:2755251,city:2759794,118.0
demo:NL08_1_WD_01,demo,demo:NL08,NL08,5,6,city:2755251,city:2759794,118.0
demo:NL08_1_WD_02,demo,demo:NL08,NL08,5,6,city:2755251,city:2759794,118.0
demo:NL08_1_WD_03,demo,demo:NL08,NL08,5,6,city:2755251,city:2759794,118.0
demo:NL08_1_WD_04,demo,demo:NL08,NL08,5,6,city:2755251,city:2759794,118.0
demo:NL08_1_WD_05,demo,demo:NL08,NL08,5,6,city:2755251,city:2759794,118.0
demo:NL08_1_WD_06,demo,demo:NL08,NL08,5,6,city:2755251,city:2759794,118.0
demo:NL08_1_WD_07,demo,demo:NL08,NL08,5,6,city:2755251,city:2759794,118.0
demo:NL08_1_WD_08,demo,demo:NL08,NL08,5,6,city:2755251,city:2759794,118.0
demo:NL08_1_WD_09,demo,demo:NL08,NL08,5,6,city:2755251,city:2759794,118.0
demo:NL08_1_WD_10,demo,demo:NL08,NL08,5,6,city:2755251,city:2759794,118.0
demo:NL08_1_WD_11,demo,demo:NL08,NL08,5,6,city:2755251,city:2759794,118.0
demo:NL08_1_WD_12,demo,demo:NL08,NL08,5,6,city:2755251,city:2759794,118.0
demo:NL08_1_WD_13,demo,demo:NL08,NL08,5,6,city:2755251,city:2759794,118.0
demo:NL08_1_WD_14,demo,demo:NL08,NL08,5,6,city:2755251,city:2759794,118.0
demo:NL08_1_WD_15,demo,demo:NL08,NL08,5,6,city:2755251,city:2759794,118.0
demo:NL08_1_WE_00,demo,demo:NL08,NL08,2,6,city:2755251,city:2759794,118.0
demo:NL08_1_WE_01,demo,demo:NL08,NL08,2,6,city:2755251,city:2759794,118.0
demo:NL08_1_WE_02,demo,demo:NL08,NL08,2,6,city:2755251,city:2759794,118.0
demo:NL08_1_WE_03,demo,demo:NL08,NL08,2,6,city:2755251,city:2759794,118.0
demo:NL08_1_WE_04,demo,demo:NL08,NL08,2,6,city:2755251,city:2759794,118.0
demo:NL08_1_WE_05,demo,demo:NL08,NL08,2,6,city:2755251,city:2759794,118.0
demo:NL08_1_WE_06,demo,demo:NL08,NL08,2,6,city:2755251,city:2759794,118.0
demo:NL08_1_WE_07,demo,demo:NL08,NL08,2,6,city:2755251,city:2759794,118.0
demo:NL08_1_WE_08,demo,demo:NL08,NL08,2,6,city:2755251,city:2759794,118.0
demo:NL08_1_WE_09,demo,demo:NL08,NL08,2,6,city:2755251,city:2759794,118.0
demo:NL08_1_WE_10,demo,demo:NL08,NL08,2,6,city:2755251,city:2759794,118.0
demo:NL08_1_WE_11,demo,demo:NL08,NL08,2,6,city:2755251,city:2759794,118.0
demo:NL08_1_WE_12,demo,demo:NL08,NL08,2,6,city:2755251,city:2759794,118.0
demo:NL08_1_WE_13,demo,demo:NL08,NL08,2,6,city:2755251,city:2759794,118.0
demo:NL09_0_WD_00,demo,demo:NL09,NL09,5,4,city:2745912,city:2751792,110.0
demo:NL09_0_WD_01,demo,demo:NL09,NL09,5,4,city:2745912,city:2751792,110.0
demo:NL09_0_WD_02,demo,demo:NL09,NL09,5,4,city:2745912,city:2751792,110.0
demo:NL09_0_WD_03,demo,demo:NL09,NL09,5,4,city:2745912,city:2751792,110.0
demo:NL09_0_WD_04,demo,demo:NL09,NL09,5,4,city:2745912,city:2751792,110.0
demo:NL09_0_WD_05,demo,demo:NL09,NL09,5,4,city:2745912,city:2751792,110.0
demo:NL09_0_WD_06,demo,demo:NL09,NL09,5,4,city:2745912,city:2751792,110.0
demo:NL09_0_WD_07,demo,demo:NL09,NL09,5,4,city:2745912,city:2751792,110.0
demo:NL09_0_WD_08,demo,demo:NL09,NL09,5,4,city:2745912,city:2751792,110.0
demo:NL09_0_WD_09,demo,demo:NL09,NL09,5,4,city:2745912,city:2751792,110.0
demo:NL09_0_WD_10,demo,demo:NL09,NL09,5,4,city:2745912,city:2751792,110.0
demo:NL09_0_WD_11,demo,demo:NL09,NL09,5,4,city:2745912,city:2751792,110.0
demo:NL09_0_WD_12,demo,demo:NL09,NL09,5,4,city:2745912,city:2751792,110.0
demo:NL09_0_WD_13,demo,demo:NL09,NL09,5,4,city:2745912,city:2751792,110.0
demo:NL09_0_WD_14,demo,demo:NL09,NL09,5,4,city:2745912,city:2751792,110.0
demo:NL09_0_WD_15,demo,demo:NL09,NL09,5,4,city:2745912,city:2751792,110.0
demo:NL09_0_WE_00,demo,demo:NL09,NL09,2,4,city:2745912,city:2751792,110.0
demo:NL09_0_WE_01,demo,demo:NL09,NL09,2,4,city:2745912,city:2751792,110.0
demo:NL09_0_WE_02,demo,demo:NL09,NL09,2,4,city:2745912,city:2751792,110.0
demo:NL09_0_WE_03,demo,demo:NL09,NL09,2,4,city:2745912,city:2751792,110.0
demo:NL09_0_WE_04,demo,demo:NL09,NL09,2,4,city:2745912,city:2751792,110.0
demo:NL09_0_WE_05,demo,demo:NL09,NL09,2,4,city:2745912,city:2751792,110.0
demo:NL09_0_WE_06,demo,demo:NL09,NL09,2,4,city:2745912,city:2751792,110.0
demo:NL09_0_WE_07,demo,demo:NL09,NL09,2,4,city:2745912,city:2751792,110.0
demo:NL09_0_WE_08,demo,demo:NL09,NL09,2,4,city:2745912,city:2751792,110.0
demo:NL09_0_WE_09,demo,demo:NL09,NL09,2,4,city:2745912,city:2751792,110.0
demo:NL09_0_WE_10,demo,demo:NL09,NL09,2,4,city:2745912,city:2751792,110.0
demo:NL09_0_WE_11,demo,demo:NL09,NL09,2,4,city:2745912,city:2751792,110.0
demo:NL09_0_WE_12,demo,demo:NL09,NL09,2,4,city:2745912,city:2751792,110.0
demo:NL09_0_WE_13,demo,demo:NL09,NL09,2,4,city:2745912,city:2751792,110.0
demo:NL09_1_WD_00,demo,demo:NL09,NL09,5,4,city:2751792,city:2745912,110.0
demo:NL09_1_WD_01,demo,demo:NL09,NL09,5,4,city:2751792,city:2745912,110.0
demo:NL09_1_WD_02,demo,demo:NL09,NL09,5,4,city:2751792,city:2745912,110.0
demo:NL09_1_WD_03,demo,demo:NL09,NL09,5,4,city:2751792,city:2745912,110.0
demo:NL09_1_WD_04,demo,demo:NL09,NL09,5,4,city:2751792,city:2745912,110.0
demo:NL09_1_WD_05,demo,demo:NL09,NL09,5,4,city:2751792,city:2745912,110.0
demo:NL09_1_WD_06,demo,demo:NL09,NL09,5,4,city:2751792,city:2745912,110.0
demo:NL09_1_WD_07,demo,demo:NL09,NL09,5,4,city:2751792,city:2745912,110.0
demo:NL09_1_WD_08,demo,demo:NL09,NL09,5,4,city:2751792,city:2745912,110.0
demo:NL09_1_WD_09,demo,demo:NL09,NL09,5,4,city:2751792,city:2745912,110.0
demo:NL09_1_WD_10,demo,demo:NL09,NL09,5,4,city:2751792,city:2745912,110.0
demo:NL09_1_WD_11,demo,demo:NL09,NL09,5,4,city:2751792,city:2745912,110.0
demo:NL09_1_WD_12,demo,demo:NL09,NL09,5,4,city:2751792,city:2745912,110.0
demo:NL09_1_WD_13,demo,demo:NL09,NL09,5,4,city:2751792,city:2745912,110.0
demo:NL09_1_WD_14,demo,demo:NL09,NL09,5,4,city:2751792,city:2745912,110.0
demo:NL09_1_WD_15,demo,demo:NL09,NL09,5,4,city:2751792,city:2745912,110.0
demo:NL09_1_WE_00,demo,demo:NL09,NL09,2,4,city:2751792,city:2745912,110.0
demo:NL09_1_WE_01,demo,demo:NL09,NL09,2,4,city:2751792,city:2745912,110.0
demo:NL09_1_WE_02,demo,demo:NL09,NL09,2,4,city:2751792,city:2745912,110.0
demo:NL09_1_WE_03,demo,demo:NL09,NL09,2,4,city:2751792,city:2745912,110.0
demo:NL09_1_WE_04,demo,demo:NL09,NL09,2,4,city:2751792,city:2745912,110.0
demo:NL09_1_WE_05,demo,demo:NL09,NL09,2,4,city:2751792,city:2745912,110.0
demo:NL09_1_WE_06,demo,demo:NL09,NL09,2,4,city:2751792,city:2745912,110.0
demo:NL09_1_WE_07,demo,demo:NL09,NL09,2,4,city:2751792,city:2745912,110.0
demo:NL09_1_WE_08,demo,demo:NL09,NL09,2,4,city:2751792,city:2745912,110.0
demo:NL09_1_WE_09,demo,demo:NL09,NL09,2,4,city:2751792,city:2745912,110.0
demo:NL09_1_WE_10,demo,demo:NL09,NL09,2,4,city:2751792,city:2745912,110.0
demo:NL09_1_WE_11,demo,demo:NL09,NL09,2,4,city:2751792,city:2745912,110.0
demo:NL09_1_WE_12,demo,demo:NL09,NL09,2,4,city:2751792,city:2745912,110.0
demo:NL09_1_WE_13,demo,demo:NL09,NL09,2,4,city:2751792,city:2745912,110.0
demo:NL10_0_WD_00,demo,demo:NL10,NL10,5,5,city:2745912,city:2755251,110.0
demo:NL10_0_WD_01,demo,demo:NL10,NL10,5,5,city:2745912,city:2755251,110.0
demo:NL10_0_WD_02,demo,demo:NL10,NL10,5,5,city:2745912,city:2755251,110.0
demo:NL10_0_WD_03,demo,demo:NL10,NL10,5,5,city:2745912,city:2755251,110.0
demo:NL10_0_WD_04,demo,demo:NL10,NL10,5,5,city:2745912,city:2755251,110.0
demo:NL10_0_WD_05,demo,demo:NL10,NL10,5,5,city:2745912,city:2755251,110.0
demo:NL10_0_WD_06,demo,demo:NL10,NL10,5,5,city:2745912,city:2755251,110.0
demo:NL10_0_WD_07,demo,demo:NL10,NL10,5,5,city:2745912,city:2755251,110.0
demo:NL10_0_WD_08,demo,demo:NL10,NL10,5,5,city:2745912,city:2755251,110.0
demo:NL10_0_WD_09,demo,demo:NL10,NL10,5,5,city:2745912,city:2755251,110.0
demo:NL10_0_WD_10,demo,demo:NL10,NL10,5,5,city:2745912,city:2755251,110.0
demo:NL10_0_WD_11,demo,demo:NL10,NL10,5,5,city:2745912,city:2755251,110.0
demo:NL10_0_WD_12,demo,demo:NL10,NL10,5,5,city:2745912,city:2755251,110.0
demo:NL10_0_WD_13,demo,demo:NL10,NL10,5,5,city:2745912,city:2755251,110.0
demo:NL10_0_WD_14,demo,demo:NL10,NL10,5,5,city:2745912,city:2755251,110.0
demo:NL10_0_WD_15,demo,demo:NL10,NL10,5,5,city:2745912,city:2755251,110.0
demo:NL10_0_WE_00,demo,demo:NL10,NL10,2,5,city:2745912,city:2755251,110.0
demo:NL10_0_WE_01,demo,demo:NL10,NL10,2,5,city:2745912,city:2755251,110.0
demo:NL10_0_WE_02,demo,demo:NL10,NL10,2,5,city:2745912,city:2755251,110.0
demo:NL10_0_WE_03,demo,demo:NL10,NL10,2,5,city:2745912,city:2755251,110.0
demo:NL10_0_WE_04,demo,demo:NL10,NL10,2,5,city:2745912,city:2755251,110.0
demo:NL10_0_WE_05,demo,demo:NL10,NL10,2,5,city:2745912,city:2755251,110.0
demo:NL10_0_WE_06,demo,demo:NL10,NL10,2,5,city:2745912,city:2755251,110.0
demo:NL10_0_WE_07,demo,demo:NL10,NL10,2,5,city:2745912,city:2755251,110.0
demo:NL10_0_WE_08,demo,demo:NL10,NL10,2,5,city:2745912,city:2755251,110.0
demo:NL10_0_WE_09,demo,demo:NL10,NL10,2,5,city:2745912,city:2755251,110.0
demo:NL10_0_WE_10,demo,demo:NL10,NL10,2,5,city:2745912,city:2755251,110.0
demo:NL10_0_WE_11,demo,demo:NL10,NL10,2,5,city:2745912,city:2755251,110.0
demo:NL10_0_WE_12,demo,demo:NL10,NL10,2,5,city:2745912,city:2755251,110.0
demo:NL10_0_WE_13,demo,demo:NL10,NL10,2,5,city:2745912,city:2755251,110.0
demo:NL10_1_WD_00,demo,demo:NL10,NL10,5,5,city:2755251,city:2745912,110.0
demo:NL10_1_WD_01,demo,demo:NL10,NL10,5,5,city:2755251,city:2745912,110.0
demo:NL10_1_WD_02,demo,demo:NL10,NL10,5,5,city:2755251,city:2745912,110.0
demo:NL10_1_WD_03,demo,demo:NL10,NL10,5,5,city:2755251,city:2745912,110.0
demo:NL10_1_WD_04,demo,demo:NL10,NL10,5,5,city:2755251,city:2745912,110.0
demo:NL10_1_WD_05,demo,demo:NL10,NL10,5,5,city:2755251,city:2745912,110.0
demo:NL10_1_WD_06,demo,demo:NL10,NL10,5,5,city:2755251,city:2745912,110.0
demo:NL10_1_WD_07,demo,demo:NL10,NL10,5,5,city:2755251,city:2745912,110.0
demo:NL10_1_WD_08,demo,demo:NL10,NL10,5,5,city:2755251,city:2745912,110.0
demo:NL10_1_WD_09,demo,demo:NL10,NL10,5,5,city:2755251,city:2745912,110.0
demo:NL10_1_WD_10,demo,demo:NL10,NL10,5,5,city:2755251,city:2745912,110.0
demo:NL10_1_WD_11,demo,demo:NL10,NL10,5,5,city:2755251,city:2745912,110.0
demo:NL10_1_WD_12,demo,demo:NL10,NL10,5,5,city:2755251,city:2745912,110.0
demo:NL10_1_WD_13,demo,demo:NL10,NL10,5,5,city:2755251,city:2745912,110.0
demo:NL10_1_WD_14,demo,demo:NL10,NL10,5,5,city:2755251,city:2745912,110.0
demo:NL10_1_WD_15,demo,demo:NL10,NL10,5,5,city:2755251,city:2745912,110.0
demo:NL10_1_WE_00,demo,demo:NL10,NL10,2,5,city:2755251,city:2745912,110.0
demo:NL10_1_WE_01,demo,demo:NL10,NL10,2,5,city:2755251,city:2745912,110.0
demo:NL10_1_WE_02,demo,demo:NL10,NL10,2,5,city:2755251,city:2745912,110.0
demo:NL10_1_WE_03,demo,demo:NL10,NL10,2,5,city:2755251,city:2745912,110.0
demo:NL10_1_WE_04,demo,demo:NL10,NL10,2,5,city:2755251,city:2745912,110.0
demo:NL10_1_WE_05,demo,demo:NL10,NL10,2,5,city:2755251,city:2745912,110.0
demo:NL10_1_WE_06,demo,demo:NL10,NL10,2,5,city:2755251,city:2745912,110.0
demo:NL10_1_WE_07,demo,demo:NL10,NL10,2,5,city:2755251,city:2745912,110.0
demo:NL10_1_WE_08,demo,demo:NL10,NL10,2,5,city:2755251,city:2745912,110.0
demo:NL10_1_WE_09,demo,demo:NL10,NL10,2,5,city:2755251,city:2745912,110.0
demo:NL10_1_WE_10,demo,demo:NL10,NL10,2,5,city:2755251,city:2745912,110.0
demo:NL10_1_WE_11,demo,demo:NL10,NL10,2,5,city:2755251,city:2745912,110.0
demo:NL10_1_WE_12,demo,demo:NL10,NL10,2,5,city:2755251,city:2745912,110.0
demo:NL10_1_WE_13,demo,demo:NL10,NL10,2,5,city:2755251,city:2745912,110.0
demo:NL11_0_WD_00,demo,demo:NL11,NL11,5,3,city:2745912,city:2747891,38.0
demo:NL11_0_WD_01,demo,demo:NL11,NL11,5,3,city:2745912,city:2747891,38.0
demo:NL11_0_WD_02,demo,demo:NL11,NL11,5,3,city:2745912,city:2747891,38.0
demo:NL11_0_WD_03,demo,demo:NL11,NL11,5,3,city:2745912,city:2747891,38.0
demo:NL11_0_WD_04,demo,demo:NL11,NL11,5,3,city:2745912,city:2747891,38.0
demo:NL11_0_WD_05,demo,demo:NL11,NL11,5,3,city:2745912,city:2747891,38.0
demo:NL11_0_WD_06,demo,demo:NL11,NL11,5,3,city:2745912,city:2747891,38.0
demo:NL11_0_WD_07,demo,demo:NL11,NL11,5,3,city:2745912,city:2747891,38.0
demo:NL11_0_WD_08,demo,demo:NL11,NL11,5,3,city:2745912,city:2747891,38.0
demo:NL11_0_WD_09,demo,demo:NL11,NL11,5,3,city:2745912,city:2747891,38.0
demo:NL11_0_WD_10,demo,demo:NL11,NL11,5,3,city:2745912,city:2747891,38.0
demo:NL11_0_WD_11,demo,demo:NL11,NL11,5,3,city:2745912,city:2747891,38.0
demo:NL11_0_WD_12,demo,demo:NL11,NL11,5,3,city:2745912,city:2747891,38.0
demo:NL11_0_WD_13,demo,demo:NL11,NL11,5,3,city:2745912,city:2747891,38.0
demo:NL11_0_WD_14,demo,demo:NL11,NL11,5,3,city:2745912,city:2747891,38.0
demo:NL11_0_WD_15,demo,demo:NL11,NL11,5,3,city:2745912,city:2747891,38.0
demo:NL11_0_WD_16,demo,demo:NL11,NL11,5,3,city:2745912,city:2747891,38.0
demo:NL11_0_WD_17,demo,demo:NL11,NL11,5,3,city:2745912,city:2747891,38.0
demo:NL11_0_WD_18,demo,demo:NL11,NL11,5,3,city:2745912,city:2747891,38.0
demo:NL11_0_WD_19,demo,demo:NL11,NL11,5,3,city:2745912,city:2747891,38.0
demo:NL11_0_WD_20,demo,demo:NL11,NL11,5,3,city:2745912,city:2747891,38.0
demo:NL11_0_WD_21,demo,demo:NL11,NL11,5,3,city:2745912,city:2747891,38.0
demo:NL11_0_WD_22,demo,demo:NL11,NL11,5,3,city:2745912,city:2747891,38.0
demo:NL11_0_WD_23,demo,demo:NL11,NL11,5,3,city:2745912,city:2747891,38.0
demo:NL11_0_WD_24,demo,demo:NL11,NL11,5,3,city:2745912,city:2747891,38.0
demo:NL11_0_WD_25,demo,demo:NL11,NL11,5,3,city:2745912,city:2747891,38.0
demo:NL11_0_WD_26,demo,demo:NL11,NL11,5,3,city:2745912,city:2747891,38.0
demo:NL11_0_WD_27,demo,demo:NL11,NL11,5,3,city:2745912,city:2747891,38.0
demo:NL11_0_WD_28,demo,demo:NL11,NL11,5,3,city:2745912,city:2747891,38.0
demo:NL11_0_WD_29,demo,demo:NL11,NL11,5,3,city:2745912,city:2747891,38.0
demo:NL11_0_WD_30,demo,demo:NL11,NL11,5,3,city:2745912,city:2747891,38.0
demo:NL11_0_WD_31,demo,demo:NL11,NL11,5,3,city:2745912,city:2747891,38.0
demo:NL11_0_WE_00,demo,demo:NL11,NL11,2,3,city:2745912,city:2747891,38.0
demo:NL11_0_WE_01,demo,demo:NL11,NL11,2,3,city:2745912,city:2747891,38.0
demo:NL11_0_WE_02,demo,demo:NL11,NL11,2,3,city:2745912,city:2747891,38.0
demo:NL11_0_WE_03,demo,demo:NL11,NL11,2,3,city:2745912,city:2747891,38.0
demo:NL11_0_WE_04,demo,demo:NL11,NL11,2,3,city:2745912,city:2747891,38.0
demo:NL11_0_WE_05,demo,demo:NL11,NL11,2,3,city:2745912,city:2747891,38.0
demo:NL11_0_WE_06,demo,demo:NL11,NL11,2,3,city:2745912,city:2747891,38.0
demo:NL11_0_WE_07,demo,demo:NL11,NL11,2,3,city:2745912,city:2747891,38.0
demo:NL11_0_WE_08,demo,demo:NL11,NL11,2,3,city:2745912,city:2747891,38.0
demo:NL11_0_WE_09,demo,demo:NL11,NL11,2,3,city:2745912,city:2747891,38.0
demo:NL11_0_WE_10,demo,demo:NL11,NL11,2,3,city:2745912,city:2747891,38.0
demo:NL11_0_WE_11,demo,demo:NL11,NL11,2,3,city:2745912,city:2747891,38.0
demo:NL11_0_WE_12,demo,demo:NL11,NL11,2,3,city:2745912,city:2747891,38.0
demo:NL11_0_WE_13,demo,demo:NL11,NL11,2,3,city:2745912,city:2747891,38.0
demo:NL11_0_WE_14,demo,demo:NL11,NL11,2,3,city:2745912,city:2747891,38.0
demo:NL11_0_WE_15,demo,demo:NL11,NL11,2,3,city:2745912,city:2747891,38.0
demo:NL11_0_WE_16,demo,demo:NL11,NL11,2,3,city:2745912,city:2747891,38.0
demo:NL11_0_WE_17,demo,demo:NL11,NL11,2,3,city:2745912,city:2747891,38.0
demo:NL11_0_WE_18,demo,demo:NL11,NL11,2,3,city:2745912,city:2747891,38.0
demo:NL11_0_WE_19,demo,demo:NL11,NL11,2,3,city:2745912,city:2747891,38.0
demo:NL11_0_WE_20,demo,demo:NL11,NL11,2,3,city:2745912,city:2747891,38.0
demo:NL11_0_WE_21,demo,demo:NL11,NL11,2,3,city:2745912,city:2747891,38.0
demo:NL11_0_WE_22,demo,demo:NL11,NL11,2,3,city:2745912,city:2747891,38.0
demo:NL11_0_WE_23,demo,demo:NL11,NL11,2,3,city:2745912,city:2747891,38.0
demo:NL11_0_WE_24,demo,demo:NL11,NL11,2,3,city:2745912,city:2747891,38.0
demo:NL11_0_WE_25,demo,demo:NL11,NL11,2,3,city:2745912,city:2747891,38.0
demo:NL11_0_WE_26,demo,demo:NL11,NL11,2,3,city:2745912,city:2747891,38.0
demo:NL11_1_WD_00,demo,demo:NL11,NL11,5,3,city:2747891,city:2745912,38.0
demo:NL11_1_WD_01,demo,demo:NL11,NL11,5,3,city:2747891,city:2745912,38.0
demo:NL11_1_WD_02,demo,demo:NL11,NL11,5,3,city:2747891,city:2745912,38.0
demo:NL11_1_WD_03,demo,demo:NL11,NL11,5,3,city:2747891,city:2745912,38.0
demo:NL11_1_WD_04,demo,demo:NL11,NL11,5,3,city:2747891,city:2745912,38.0
demo:NL11_1_WD_05,demo,demo:NL11,NL11,5,3,city:2747891,city:2745912,38.0
demo:NL11_1_WD_06,demo,demo:NL11,NL11,5,3,city:2747891,city:2745912,38.0
demo:NL11_1_WD_07,demo,demo:NL11,NL11,5,3,city:2747891,city:2745912,38.0
demo:NL11_1_WD_08,demo,demo:NL11,NL11,5,3,city:2747891,city:2745912,38.0
demo:NL11_1_WD_09,demo,demo:NL11,NL11,5,3,city:2747891,city:2745912,38.0
demo:NL11_1_WD_10,demo,demo:NL11,NL11,5,3,city:2747891,city:2745912,38.0
demo:NL11_1_WD_11,demo,demo:NL11,NL11,5,3,city:2747891,city:2745912,38.0
demo:NL11_1_WD_12,demo,demo:NL11,NL11,5,3,city:2747891,city:2745912,38.0
demo:NL11_1_WD_13,demo,demo:NL11,NL11,5,3,city:2747891,city:2745912,38.0
demo:NL11_1_WD_14,demo,demo:NL11,NL11,5,3,city:2747891,city:2745912,38.0
demo:NL11_1_WD_15,demo,demo:NL11,NL11,5,3,city:2747891,city:2745912,38.0
demo:NL11_1_WD_16,demo,demo:NL11,NL11,5,3,city:2747891,city:2745912,38.0
demo:NL11_1_WD_17,demo,demo:NL11,NL11,5,3,city:2747891,city:2745912,38.0
demo:NL11_1_WD_18,demo,demo:NL11,NL11,5,3,city:2747891,city:2745912,38.0
demo:NL11_1_WD_19,demo,demo:NL11,NL11,5,3,city:2747891,city:2745912,38.0
demo:NL11_1_WD_20,demo,demo:NL11,NL11,5,3,city:2747891,city:2745912,38.0
demo:NL11_1_WD_21,demo,demo:NL11,NL11,5,3,city:2747891,city:2745912,38.0
demo:NL11_1_WD_22,demo,demo:NL11,NL11,5,3,city:2747891,city:2745912,38.0
demo:NL11_1_WD_23,demo,demo:NL11,NL11,5,3,city:2747891,city:2745912,38.0
demo:NL11_1_WD_24,demo,demo:NL11,NL11,5,3,city:2747891,city:2745912,38.0
demo:NL11_1_WD_25,demo,demo:NL11,NL11,5,3,city:2747891,city:2745912,38.0
demo:NL11_1_WD_26,demo,demo:NL11,NL11,5,3,city:2747891,city:2745912,38.0
demo:NL11_1_WD_27,demo,demo:NL11,NL11,5,3,city:2747891,city:2745912,38.0
demo:NL11_1_WD_28,demo,demo:NL11,NL11,5,3,city:2747891,city:2745912,38.0
demo:NL11_1_WD_29,demo,demo:NL11,NL11,5,3,city:2747891,city:2745912,38.0
demo:NL11_1_WD_30,demo,demo:NL11,NL11,5,3,city:2747891,city:2745912,38.0
demo:NL11_1_WD_31,demo,demo:NL11,NL11,5,3,city:2747891,city:2745912,38.0
demo:NL11_1_WE_00,demo,demo:NL11,NL11,2,3,city:2747891,city:2745912,38.0
demo:NL11_1_WE_01,demo,demo:NL11,NL11,2,3,city:2747891,city:2745912,38.0
demo:NL11_1_WE_02,demo,demo:NL11,NL11,2,3,city:2747891,city:2745912,38.0
demo:NL11_1_WE_03,demo,demo:NL11,NL11,2,3,city:2747891,city:2745912,38.0
demo:NL11_1_WE_04,demo,demo:NL11,NL11,2,3,city:2747891,city:2745912,38.0
demo:NL11_1_WE_05,demo,demo:NL11,NL11,2,3,city:2747891,city:2745912,38.0
demo:NL11_1_WE_06,demo,demo:NL11,NL11,2,3,city:2747891,city:2745912,38.0
demo:NL11_1_WE_07,demo,demo:NL11,NL11,2,3,city:2747891,city:2745912,38.0
demo:NL11_1_WE_08,demo,demo:NL11,NL11,2,3,city:2747891,city:2745912,38.0
demo:NL11_1_WE_09,demo,demo:NL11,NL11,2,3,city:2747891,city:2745912,38.0
demo:NL11_1_WE_10,demo,demo:NL11,NL11,2,3,city:2747891,city:2745912,38.0
demo:NL11_1_WE_11,demo,demo:NL11,NL11,2,3,city:2747891,city:2745912,38.0
demo:NL11_1_WE_12,demo,demo:NL11,NL11,2,3,city:2747891,city:2745912,38.0
demo:NL11_1_WE_13,demo,demo:NL11,NL11,2,3,city:2747891,city:2745912,38.0
demo:NL11_1_WE_14,demo,demo:NL11,NL11,2,3,city:2747891,city:2745912,38.0
demo:NL11_1_WE_15,demo,demo:NL11,NL11,2,3,city:2747891,city:2745912,38.0
demo:NL11_1_WE_16,demo,demo:NL11,NL11,2,3,city:2747891,city:2745912,38.0
demo:NL11_1_WE_17,demo,demo:NL11,NL11,2,3,city:2747891,city:2745912,38.0
demo:NL11_1_WE_18,demo,demo:NL11,NL11,2,3,city:2747891,city:2745912,38.0
demo:NL11_1_WE_19,demo,demo:NL11,NL11,2,3,city:2747891,city:2745912,38.0
demo:NL11_1_WE_20,demo,demo:NL11,NL11,2,3,city:2747891,city:2745912,38.0
demo:NL11_1_WE_21,demo,demo:NL11,NL11,2,3,city:2747891,city:2745912,38.0
demo:NL11_1_WE_22,demo,demo:NL11,NL11,2,3,city:2747891,city:2745912,38.0
demo:NL11_1_WE_23,demo,demo:NL11,NL11,2,3,city:2747891,city:2745912,38.0
demo:NL11_1_WE_24,demo,demo:NL11,NL11,2,3,city:2747891,city:2745912,38.0
demo:NL11_1_WE_25,demo,demo:NL11,NL11,2,3,city:2747891,city:2745912,38.0
demo:NL11_1_WE_26,demo,demo:NL11,NL11,2,3,city:2747891,city:2745912,38.0
demo:NL12_0_WD_00,demo,demo:NL12,NL12,5,5,city:2747373,city:2756253,85.0
demo:NL12_0_WD_01,demo,demo:NL12,NL12,5,5,city:2747373,city:2756253,85.0
demo:NL12_0_WD_02,demo,demo:NL12,NL12,5,5,city:2747373,city:2756253,85.0
demo:NL12_0_WD_03,demo,demo:NL12,NL12,5,5,city:2747373,city:2756253,85.0
demo:NL12_0_WD_04,demo,demo:NL12,NL12,5,5,city:2747373,city:2756253,85.0
demo:NL12_0_WD_05,demo,demo:NL12,NL12,5,5,city:2747373,city:2756253,85.0
demo:NL12_0_WD_06,demo,demo:NL12,NL12,5,5,city:2747373,city:2756253,85.0
demo:NL12_0_WD_07,demo,demo:NL12,NL12,5,5,city:2747373,city:2756253,85.0
demo:NL12_0_WD_08,demo,demo:NL12,NL12,5,5,city:2747373,city:2756253,85.0
demo:NL12_0_WD_09,demo,demo:NL12,NL12,5,5,city:2747373,city:2756253,85.0
demo:NL12_0_WD_10,demo,demo:NL12,NL12,5,5,city:2747373,city:2756253,85.0
demo:NL12_0_WD_11,demo,demo:NL12,NL12,5,5,city:2747373,city:2756253,85.0
demo:NL12_0_WD_12,demo,demo:NL12,NL12,5,5,city:2747373,city:2756253,85.0
demo:NL12_0_WD_13,demo,demo:NL12,NL12,5,5,city:2747373,city:2756253,85.0
demo:NL12_0_WD_14,demo,demo:NL12,NL12,5,5,city:2747373,city:2756253,85.0
demo:NL12_0_WD_15,demo,demo:NL12,NL12,5,5,city:2747373,city:2756253,85.0
demo:NL12_0_WE_00,demo,demo:NL12,NL12,2,5,city:2747373,city:2756253,85.0
demo:NL12_0_WE_01,demo,demo:NL12,NL12,2,5,city:2747373,city:2756253,85.0
demo:NL12_0_WE_02,demo,demo:NL12,NL12,2,5,city:2747373,city:2756253,85.0
demo:NL12_0_WE_03,demo,demo:NL12,NL12,2,5,city:2747373,city:2756253,84.0
demo:NL12_0_WE_04,demo,demo:NL12,NL12,2,5,city:2747373,city:2756253,85.0
demo:NL12_0_WE_05,demo,demo:NL12,NL12,2,5,city:2747373,city:2756253,85.0
demo:NL12_0_WE_06,demo,demo:NL12,NL12,2,5,city:2747373,city:2756253,85.0
demo:NL12_0_WE_07,demo,demo:NL12,NL12,2,5,city:2747373,city:2756253,85.0
demo:NL12_0_WE_08,demo,demo:NL12,NL12,2,5,city:2747373,city:2756253,85.0
demo:NL12_0_WE_09,demo,demo:NL12,NL12,2,5,city:2747373,city:2756253,85.0
demo:NL12_0_WE_10,demo,demo:NL12,NL12,2,5,city:2747373,city:2756253,86.0
demo:NL12_0_WE_11,demo,demo:NL12,NL12,2,5,city:2747373,city:2756253,85.0
demo:NL12_0_WE_12,demo,demo:NL12,NL12,2,5,city:2747373,city:2756253,85.0
demo:NL12_0_WE_13,demo,demo:NL12,NL12,2,5,city:2747373,city:2756253,85.0
demo:NL12_1_WD_00,demo,demo:NL12,NL12,5,5,city:2756253,city:2747373,85.0
demo:NL12_1_WD_01,demo,demo:NL12,NL12,5,5,city:2756253,city:2747373,85.0
demo:NL12_1_WD_02,demo,demo:NL12,NL12,5,5,city:2756253,city:2747373,85.0
demo:NL12_1_WD_03,demo,demo:NL12,NL12,5,5,city:2756253,city:2747373,85.0
demo:NL12_1_WD_04,demo,demo:NL12,NL12,5,5,city:2756253,city:2747373,85.0
demo:NL12_1_WD_05,demo,demo:NL12,NL12,5,5,city:2756253,city:2747373,85.0
demo:NL12_1_WD_06,demo,demo:NL12,NL12,5,5,city:2756253,city:2747373,85.0
demo:NL12_1_WD_07,demo,demo:NL12,NL12,5,5,city:2756253,city:2747373,85.0
demo:NL12_1_WD_08,demo,demo:NL12,NL12,5,5,city:2756253,city:2747373,85.0
demo:NL12_1_WD_09,demo,demo:NL12,NL12,5,5,city:2756253,city:2747373,85.0
demo:NL12_1_WD_10,demo,demo:NL12,NL12,5,5,city:2756253,city:2747373,85.0
demo:NL12_1_WD_11,demo,demo:NL12,NL12,5,5,city:2756253,city:2747373,85.0
demo:NL12_1_WD_12,demo,demo:NL12,NL12,5,5,city:2756253,city:2747373,85.0
demo:NL12_1_WD_13,demo,demo:NL12,NL12,5,5,city:2756253,city:2747373,85.0
demo:NL12_1_WD_14,demo,demo:NL12,NL12,5,5,city:2756253,city:2747373,85.0
demo:NL12_1_WD_15,demo,demo:NL12,NL12,5,5,city:2756253,city:2747373,85.0
demo:NL12_1_WE_00,demo,demo:NL12,NL12,2,5,city:2756253,city:2747373,85.0
demo:NL12_1_WE_01,demo,demo:NL12,NL12,2,5,city:2756253,city:2747373,85.0
demo:NL12_1_WE_02,demo,demo:NL12,NL12,2,5,city:2756253,city:2747373,85.0
demo:NL12_1_WE_03,demo,demo:NL12,NL12,2,5,city:2756253,city:2747373,84.0
demo:NL12_1_WE_04,demo,demo:NL12,NL12,2,5,city:2756253,city:2747373,85.0
demo:NL12_1_WE_05,demo,demo:NL12,NL12,2,5,city:2756253,city:2747373,85.0
demo:NL12_1_WE_06,demo,demo:NL12,NL12,2,5,city:2756253,city:2747373,85.0
demo:NL12_1_WE_07,demo,demo:NL12,NL12,2,5,city:2756253,city:2747373,85.0
demo:NL12_1_WE_08,demo,demo:NL12,NL12,2,5,city:2756253,city:2747373,85.0
demo:NL12_1_WE_09,demo,demo:NL12,NL12,2,5,city:2756253,city:2747373,85.0
demo:NL12_1_WE_10,demo,demo:NL12,NL12,2,5,city:2756253,city:2747373,86.0
demo:NL12_1_WE_11,demo,demo:NL12,NL12,2,5,city:2756253,city:2747373,85.0
demo:NL12_1_WE_12,demo,demo:NL12,NL12,2,5,city:2756253,city:2747373,85.0
demo:NL12_1_WE_13,demo,demo:NL12,NL12,2,5,city:2756253,city:2747373,85.0
demo:NL13_0_WD_00,demo,demo:NL13,NL13,5,3,city:2747373,city:2745912,38.0
demo:NL13_0_WD_01,demo,demo:NL13,NL13,5,3,city:2747373,city:2745912,38.0
demo:NL13_0_WD_02,demo,demo:NL13,NL13,5,3,city:2747373,city:2745912,38.0
demo:NL13_0_WD_03,demo,demo:NL13,NL13,5,3,city:2747373,city:2745912,38.0
demo:NL13_0_WD_04,demo,demo:NL13,NL13,5,3,city:2747373,city:2745912,38.0
demo:NL13_0_WD_05,demo,demo:NL13,NL13,5,3,city:2747373,city:2745912,38.0
demo:NL13_0_WD_06,demo,demo:NL13,NL13,5,3,city:2747373,city:2745912,38.0
demo:NL13_0_WD_07,demo,demo:NL13,NL13,5,3,city:2747373,city:2745912,38.0
demo:NL13_0_WD_08,demo,demo:NL13,NL13,5,3,city:2747373,city:2745912,38.0
demo:NL13_0_WD_09,demo,demo:NL13,NL13,5,3,city:2747373,city:2745912,38.0
demo:NL13_0_WD_10,demo,demo:NL13,NL13,5,3,city:2747373,city:2745912,38.0
demo:NL13_0_WD_11,demo,demo:NL13,NL13,5,3,city:2747373,city:2745912,38.0
demo:NL13_0_WD_12,demo,demo:NL13,NL13,5,3,city:2747373,city:2745912,38.0
demo:NL13_0_WD_13,demo,demo:NL13,NL13,5,3,city:2747373,city:2745912,38.0
demo:NL13_0_WD_14,demo,demo:NL13,NL13,5,3,city:2747373,city:2745912,38.0
demo:NL13_0_WD_15,demo,demo:NL13,NL13,5,3,city:2747373,city:2745912,38.0
demo:NL13_0_WE_00,demo,demo:NL13,NL13,2,3,city:2747373,city:2745912,38.0
demo:NL13_0_WE_01,demo,demo:NL13,NL13,2,3,city:2747373,city:2745912,38.0
demo:NL13_0_WE_02,demo,demo:NL13,NL13,2,3,city:2747373,city:2745912,38.0
demo:NL13_0_WE_03,demo,demo:NL13,NL13,2,3,city:2747373,city:2745912,38.0
demo:NL13_0_WE_04,demo,demo:NL13,NL13,2,3,city:2747373,city:2745912,38.0
demo:NL13_0_WE_05,demo,demo:NL13,NL13,2,3,city:2747373,city:2745912,38.0
demo:NL13_0_WE_06,demo,demo:NL13,NL13,2,3,city:2747373,city:2745912,38.0
demo:NL13_0_WE_07,demo,demo:NL13,NL13,2,3,city:2747373,city:2745912,38.0
demo:NL13_0_WE_08,demo,demo:NL13,NL13,2,3,city:2747373,city:2745912,38.0
demo:NL13_0_WE_09,demo,demo:NL13,NL13,2,3,city:2747373,city:2745912,38.0
demo:NL13_0_WE_10,demo,demo:NL13,NL13,2,3,city:2747373,city:2745912,38.0
demo:NL13_0_WE_11,demo,demo:NL13,NL13,2,3,city:2747373,city:2745912,38.0
demo:NL13_0_WE_12,demo,demo:NL13,NL13,2,3,city:2747373,city:2745912,38.0
demo:NL13_0_WE_13,demo,demo:NL13,NL13,2,3,city:2747373,city:2745912,38.0
demo:NL13_1_WD_00,demo,demo:NL13,NL13,5,3,city:2745912,city:2747373,38.0
demo:NL13_1_WD_01,demo,demo:NL13,NL13,5,3,city:2745912,city:2747373,38.0
demo:NL13_1_WD_02,demo,demo:NL13,NL13,5,3,city:2745912,city:2747373,38.0
demo:NL13_1_WD_03,demo,demo:NL13,NL13,5,3,city:2745912,city:2747373,38.0
demo:NL13_1_WD_04,demo,demo:NL13,NL13,5,3,city:2745912,city:2747373,38.0
demo:NL13_1_WD_05,demo,demo:NL13,NL13,5,3,city:2745912,city:2747373,38.0
demo:NL13_1_WD_06,demo,demo:NL13,NL13,5,3,city:2745912,city:2747373,38.0
demo:NL13_1_WD_07,demo,demo:NL13,NL13,5,3,city:2745912,city:2747373,38.0
demo:NL13_1_WD_08,demo,demo:NL13,NL13,5,3,city:2745912,city:2747373,38.0
demo:NL13_1_WD_09,demo,demo:NL13,NL13,5,3,city:2745912,city:2747373,38.0
demo:NL13_1_WD_10,demo,demo:NL13,NL13,5,3,city:2745912,city:2747373,38.0
demo:NL13_1_WD_11,demo,demo:NL13,NL13,5,3,city:2745912,city:2747373,38.0
demo:NL13_1_WD_12,demo,demo:NL13,NL13,5,3,city:2745912,city:2747373,38.0
demo:NL13_1_WD_13,demo,demo:NL13,NL13,5,3,city:2745912,city:2747373,38.0
demo:NL13_1_WD_14,demo,demo:NL13,NL13,5,3,city:2745912,city:2747373,38.0
demo:NL13_1_WD_15,demo,demo:NL13,NL13,5,3,city:2745912,city:2747373,38.0
demo:NL13_1_WE_00,demo,demo:NL13,NL13,2,3,city:2745912,city:2747373,38.0
demo:NL13_1_WE_01,demo,demo:NL13,NL13,2,3,city:2745912,city:2747373,38.0
demo:NL13_1_WE_02,demo,demo:NL13,NL13,2,3,city:2745912,city:2747373,38.0
demo:NL13_1_WE_03,demo,demo:NL13,NL13,2,3,city:2745912,city:2747373,38.0
demo:NL13_1_WE_04,demo,demo:NL13,NL13,2,3,city:2745912,city:2747373,38.0
demo:NL13_1_WE_05,demo,demo:NL13,NL13,2,3,city:2745912,city:2747373,38.0
demo:NL13_1_WE_06,demo,demo:NL13,NL13,2,3,city:2745912,city:2747373,38.0
demo:NL13_1_WE_07,demo,demo:NL13,NL13,2,3,city:2745912,city:2747373,38.0
demo:NL13_1_WE_08,demo,demo:NL13,NL13,2,3,city:2745912,city:2747373,38.0
demo:NL13_1_WE_09,demo,demo:NL13,NL13,2,3,city:2745912,city:2747373,38.0
demo:NL13_1_WE_10,demo,demo:NL13,NL13,2,3,city:2745912,city:2747373,38.0
demo:NL13_1_WE_11,demo,demo:NL13,NL13,2,3,city:2745912,city:2747373,38.0
demo:NL13_1_WE_12,demo,demo:NL13,NL13,2,3,city:2745912,city:2747373,38.0
demo:NL13_1_WE_13,demo,demo:NL13,NL13,2,3,city:2745912,city:2747373,38.0
demo:NO01_0_WD_00,demo,demo:NO01,NO01,5,9,city:3143244,city:3161732,420.0
demo:NO01_0_WD_01,demo,demo:NO01,NO01,5,9,city:3143244,city:3161732,420.0
demo:NO01_0_WD_02,demo,demo:NO01,NO01,5,9,city:3143244,city:3161732,420.0
demo:NO01_0_WD_03,demo,demo:NO01,NO01,5,9,city:3143244,city:3161732,420.0
demo:NO01_0_WD_04,demo,demo:NO01,NO01,5,9,city:3143244,city:3161732,420.0
demo:NO01_0_WE_00,demo,demo:NO01,NO01,2,9,city:3143244,city:3161732,420.0
demo:NO01_0_WE_01,demo,demo:NO01,NO01,2,9,city:3143244,city:3161732,420.0
demo:NO01_0_WE_02,demo,demo:NO01,NO01,2,9,city:3143244,city:3161732,420.0
demo:NO01_0_WE_03,demo,demo:NO01,NO01,2,9,city:3143244,city:3161732,420.0
demo:NO01_1_WD_00,demo,demo:NO01,NO01,5,9,city:3161732,city:3143244,420.0
demo:NO01_1_WD_01,demo,demo:NO01,NO01,5,9,city:3161732,city:3143244,420.0
demo:NO01_1_WD_02,demo,demo:NO01,NO01,5,9,city:3161732,city:3143244,420.0
demo:NO01_1_WD_03,demo,demo:NO01,NO01,5,9,city:3161732,city:3143244,420.0
demo:NO01_1_WD_04,demo,demo:NO01,NO01,5,9,city:3161732,city:3143244,420.0
demo:NO01_1_WE_00,demo,demo:NO01,NO01,2,9,city:3161732,city:3143244,420.0
demo:NO01_1_WE_01,demo,demo:NO01,NO01,2,9,city:3161732,city:3143244,420.0
demo:NO01_1_WE_02,demo,demo:NO01,NO01,2,9,city:3161732,city:3143244,420.0
demo:NO01_1_WE_03,demo,demo:NO01,NO01,2,9,city:3161732,city:3143244,420.0
demo:NO02_0_WD_00,demo,demo:NO02,NO02,5,9,city:3143244,city:3133880,400.0
demo:NO02_0_WD_01,demo,demo:NO02,NO02,5,9,city:3143244,city:3133880,400.0
demo:NO02_0_WD_02,demo,demo:NO02,NO02,5,9,city:3143244,city:3133880,400.0
demo:NO02_0_WD_03,demo,demo:NO02,NO02,5,9,city:3143244,city:3133880,400.0
demo:NO02_0_WD_04,demo,demo:NO02,NO02,5,9,city:3143244,city:3133880,400.0
demo:NO02_0_WE_00,demo,demo:NO02,NO02,2,9,city:3143244,city:3133880,400.0
demo:NO02_0_WE_01,demo,demo:NO02,NO02,2,9,city:3143244,city:3133880,400.0
demo:NO02_0_WE_02,demo,demo:NO02,NO02,2,9,city:3143244,city:3133880,400.0
demo:NO02_0_WE_03,demo,demo:NO02,NO02,2,9,city:3143244,city:3133880,400.0
demo:NO02_1_WD_00,demo,demo:NO02,NO02,5,9,city:3133880,city:3143244,400.0
demo:NO02_1_WD_01,demo,demo:NO02,NO02,5,9,city:3133880,city:3143244,400.0
demo:NO02_1_WD_02,demo,demo:NO02,NO02,5,9,city:3133880,city:3143244,400.0
demo:NO02_1_WD_03,demo,demo:NO02,NO02,5,9,city:3133880,city:3143244,400.0
demo:NO02_1_WD_04,demo,demo:NO02,NO02,5,9,city:3133880,city:3143244,400.0
demo:NO02_1_WE_00,demo,demo:NO02,NO02,2,9,city:3133880,city:3143244,400.0
demo:NO02_1_WE_01,demo,demo:NO02,NO02,2,9,city:3133880,city:3143244,400.0
demo:NO02_1_WE_02,demo,demo:NO02,NO02,2,9,city:3133880,city:3143244,400.0
demo:NO02_1_WE_03,demo,demo:NO02,NO02,2,9,city:3133880,city:3143244,400.0
demo:NO03_0_WD_00,demo,demo:NO03,NO03,5,6,city:3143244,city:3137115,470.0
demo:NO03_0_WD_01,demo,demo:NO03,NO03,5,6,city:3143244,city:3137115,470.0
demo:NO03_0_WD_02,demo,demo:NO03,NO03,5,6,city:3143244,city:3137115,470.0
demo:NO03_0_WD_03,demo,demo:NO03,NO03,5,6,city:3143244,city:3137115,470.0
demo:NO03_0_WE_00,demo,demo:NO03,NO03,2,6,city:3143244,city:3137115,470.0
demo:NO03_0_WE_01,demo,demo:NO03,NO03,2,6,city:3143244,city:3137115,470.0
demo:NO03_0_WE_02,demo,demo:NO03,NO03,2,6,city:3143244,city:3137115,470.0
demo:NO03_1_WD_00,demo,demo:NO03,NO03,5,6,city:3137115,city:3143244,470.0
demo:NO03_1_WD_01,demo,demo:NO03,NO03,5,6,city:3137115,city:3143244,470.0
demo:NO03_1_WD_02,demo,demo:NO03,NO03,5,6,city:3137115,city:3143244,470.0
demo:NO03_1_WD_03,demo,demo:NO03,NO03,5,6,city:3137115,city:3143244,470.0
demo:NO03_1_WE_00,demo,demo:NO03,NO03,2,6,city:3137115,city:3143244,470.0
demo:NO03_1_WE_01,demo,demo:NO03,NO03,2,6,city:3137115,city:3143244,470.0
demo:NO03_1_WE_02,demo,demo:NO03,NO03,2,6,city:3137115,city:3143244,470.0
demo:NO04_0_WD_00,demo,demo:NO04,NO04,5,5,city:3133880,city:3160881,600.0
demo:NO04_0_WD_01,demo,demo:NO04,NO04,5,5,city:3133880,city:3160881,600.0
demo:NO04_0_WE_00,demo,demo:NO04,NO04,2,5,city:3133880,city:3160881,600.0
demo:NO04_0_WE_01,demo,demo:NO04,NO04,2,5,city:3133880,city:3160881,600.0
demo:NO04_1_WD_00,demo,demo:NO04,NO04,5,5,city:3160881,city:3133880,600.0
demo:NO04_1_WD_01,demo,demo:NO04,NO04,5,5,city:3160881,city:3133880,600.0
demo:NO04_1_WE_00,demo,demo:NO04,NO04,2,5,city:3160881,city:3133880,600.0
demo:NO04_1_WE_01,demo,demo:NO04,NO04,2,5,city:3160881,city:3133880,600.0
demo:PL01_0_WD_00,demo,demo:PL01,PL01,5,7,city:3099424,city:3094802,330.0
demo:PL01_0_WD_01,demo,demo:PL01,PL01,5,7,city:3099424,city:3094802,330.0
demo:PL01_0_WD_02,demo,demo:PL01,PL01,5,7,city:3099424,city:3094802,330.0
demo:PL01_0_WD_03,demo,demo:PL01,PL01,5,7,city:3099424,city:3094802,330.0
demo:PL01_0_WD_04,demo,demo:PL01,PL01,5,7,city:3099424,city:3094802,330.0
demo:PL01_0_WD_05,demo,demo:PL01,PL01,5,7,city:3099424,city:3094802,330.0
demo:PL01_0_WD_06,demo,demo:PL01,PL01,5,7,city:3099424,city:3094802,330.0
demo:PL01_0_WD_07,demo,demo:PL01,PL01,5,7,city:3099424,city:3094802,330.0
demo:PL01_0_WE_00,demo,demo:PL01,PL01,2,7,city:3099424,city:3094802,330.0
demo:PL01_0_WE_01,demo,demo:PL01,PL01,2,7,city:3099424,city:3094802,330.0
demo:PL01_0_WE_02,demo,demo:PL01,PL01,2,7,city:3099424,city:3094802,330.0
demo:PL01_0_WE_03,demo,demo:PL01,PL01,2,7,city:3099424,city:3094802,330.0
demo:PL01_0_WE_04,demo,demo:PL01,PL01,2,7,city:3099424,city:3094802,330.0
demo:PL01_0_WE_05,demo,demo:PL01,PL01,2,7,city:3099424,city:3094802,330.0
demo:PL01_0_WE_06,demo,demo:PL01,PL01,2,7,city:3099424,city:3094802,330.0
demo:PL01_1_WD_00,demo,demo:PL01,PL01,5,7,city:3094802,city:3099424,330.0
demo:PL01_1_WD_01,demo,demo:PL01,PL01,5,7,city:3094802,city:3099424,330.0
demo:PL01_1_WD_02,demo,demo:PL01,PL01,5,7,city:3094802,city:3099424,330.0
demo:PL01_1_WD_03,demo,demo:PL01,PL01,5,7,city:3094802,city:3099424,330.0
demo:PL01_1_WD_04,demo,demo:PL01,PL01,5,7,city:3094802,city:3099424,330.0
demo:PL01_1_WD_05,demo,demo:PL01,PL01,5,7,city:3094802,city:3099424,330.0
demo:PL01_1_WD_06,demo,demo:PL01,PL01,5,7,city:3094802,city:3099424,330.0
demo:PL01_1_WD_07,demo,demo:PL01,PL01,5,7,city:3094802,city:3099424,330.0
demo:PL01_1_WE_00,demo,demo:PL01,PL01,2,7,city:3094802,city:3099424,330.0
demo:PL01_1_WE_01,demo,demo:PL01,PL01,2,7,city:3094802,city:3099424,330.0
demo:PL01_1_WE_02,demo,demo:PL01,PL01,2,7,city:3094802,city:3099424,330.0
demo:PL01_1_WE_03,demo,demo:PL01,PL01,2,7,city:3094802,city:3099424,330.0
demo:PL01_1_WE_04,demo,demo:PL01,PL01,2,7,city:3094802,city:3099424,330.0
demo:PL01_1_WE_05,demo,demo:PL01,PL01,2,7,city:3094802,city:3099424,330.0
demo:PL01_1_WE_06,demo,demo:PL01,PL01,2,7,city:3094802,city:3099424,330.0
demo:PL02_0_WD_00,demo,demo:PL02,PL02,5,2,city:756135,city:3094802,140.0
demo:PL02_0_WD_01,demo,demo:PL02,PL02,5,2,city:756135,city:3094802,140.0
demo:PL02_0_WD_02,demo,demo:PL02,PL02,5,2,city:756135,city:3094802,140.0
demo:PL02_0_WD_03,demo,demo:PL02,PL02,5,2,city:756135,city:3094802,140.0
demo:PL02_0_WD_04,demo,demo:PL02,PL02,5,2,city:756135,city:3094802,140.0
demo:PL02_0_WD_05,demo,demo:PL02,PL02,5,2,city:756135,city:3094802,140.0
demo:PL02_0_WD_06,demo,demo:PL02,PL02,5,2,city:756135,city:3094802,140.0
demo:PL02_0_WD_07,demo,demo:PL02,PL02,5,2,city:756135,city:3094802,140.0
demo:PL02_0_WD_08,demo,demo:PL02,PL02,5,2,city:756135,city:3094802,140.0
demo:PL02_0_WD_09,demo,demo:PL02,PL02,5,2,city:756135,city:3094802,140.0
demo:PL02_0_WE_00,demo,demo:PL02,PL02,2,2,city:756135,city:3094802,140.0
demo:PL02_0_WE_01,demo,demo:PL02,PL02,2,2,city:756135,city:3094802,140.0
demo:PL02_0_WE_02,demo,demo:PL02,PL02,2,2,city:756135,city:3094802,140.0
demo:PL02_0_WE_03,demo,demo:PL02,PL02,2,2,city:756135,city:3094802,140.0
demo:PL02_0_WE_04,demo,demo:PL02,PL02,2,2,city:756135,city:3094802,140.0
demo:PL02_0_WE_05,demo,demo:PL02,PL02,2,2,city:756135,city:3094802,140.0
demo:PL02_0_WE_06,demo,demo:PL02,PL02,2,2,city:756135,city:3094802,140.0
demo:PL02_0_WE_07,demo,demo:PL02,PL02,2,2,city:756135,city:3094802,140.0
demo:PL02_1_WD_00,demo,demo:PL02,PL02,5,2,city:3094802,city:756135,140.0
demo:PL02_1_WD_01,demo,demo:PL02,PL02,5,2,city:3094802,city:756135,140.0
demo:PL02_1_WD_02,demo,demo:PL02,PL02,5,2,city:3094802,city:756135,140.0
demo:PL02_1_WD_03,demo,demo:PL02,PL02,5,2,city:3094802,city:756135,140.0
demo:PL02_1_WD_04,demo,demo:PL02,PL02,5,2,city:3094802,city:756135,140.0
demo:PL02_1_WD_05,demo,demo:PL02,PL02,5,2,city:3094802,city:756135,140.0
demo:PL02_1_WD_06,demo,demo:PL02,PL02,5,2,city:3094802,city:756135,140.0
demo:PL02_1_WD_07,demo,demo:PL02,PL02,5,2,city:3094802,city:756135,140.0
demo:PL02_1_WD_08,demo,demo:PL02,PL02,5,2,city:3094802,city:756135,140.0
demo:PL02_1_WD_09,demo,demo:PL02,PL02,5,2,city:3094802,city:756135,140.0
demo:PL02_1_WE_00,demo,demo:PL02,PL02,2,2,city:3094802,city:756135,140.0
demo:PL02_1_WE_01,demo,demo:PL02,PL02,2,2,city:3094802,city:756135,140.0
demo:PL02_1_WE_02,demo,demo:PL02,PL02,2,2,city:3094802,city:756135,140.0
demo:PL02_1_WE_03,demo,demo:PL02,PL02,2,2,city:3094802,city:756135,140.0
demo:PL02_1_WE_04,demo,demo:PL02,PL02,2,2,city:3094802,city:756135,140.0
demo:PL02_1_WE_05,demo,demo:PL02,PL02,2,2,city:3094802,city:756135,140.0
demo:PL02_1_WE_06,demo,demo:PL02,PL02,2,2,city:3094802,city:756135,140.0
demo:PL02_1_WE_07,demo,demo:PL02,PL02,2,2,city:3094802,city:756135,140.0
demo:PL03_0_WD_00,demo,demo:PL03,PL03,5,4,city:3099424,city:3096472,350.0
demo:PL03_0_WD_01,demo,demo:PL03,PL03,5,4,city:3099424,city:3096472,350.0
demo:PL03_0_WD_02,demo,demo:PL03,PL03,5,4,city:3099424,city:3096472,350.0
demo:PL03_0_WD_03,demo,demo:PL03,PL03,5,4,city:3099424,city:3096472,350.0
demo:PL03_0_WD_04,demo,demo:PL03,PL03,5,4,city:3099424,city:3096472,350.0
demo:PL03_0_WD_05,demo,demo:PL03,PL03,5,4,city:3099424,city:3096472,350.0
demo:PL03_0_WE_00,demo,demo:PL03,PL03,2,4,city:3099424,city:3096472,350.0
demo:PL03_0_WE_01,demo,demo:PL03,PL03,2,4,city:3099424,city:3096472,350.0
demo:PL03_0_WE_02,demo,demo:PL03,PL03,2,4,city:3099424,city:3096472,350.0
demo:PL03_0_WE_03,demo,demo:PL03,PL03,2,4,city:3099424,city:3096472,350.0
demo:PL03_0_WE_04,demo,demo:PL03,PL03,2,4,city:3099424,city:3096472,350.0
demo:PL03_1_WD_00,demo,demo:PL03,PL03,5,4,city:3096472,city:3099424,350.0
demo:PL03_1_WD_01,demo,demo:PL03,PL03,5,4,city:3096472,city:3099424,350.0
demo:PL03_1_WD_02,demo,demo:PL03,PL03,5,4,city:3096472,city:3099424,350.0
demo:PL03_1_WD_03,demo,demo:PL03,PL03,5,4,city:3096472,city:3099424,350.0
demo:PL03_1_WD_04,demo,demo:PL03,PL03,5,4,city:3096472,city:3099424,350.0
demo:PL03_1_WD_05,demo,demo:PL03,PL03,5,4,city:3096472,city:3099424,350.0
demo:PL03_1_WE_00,demo,demo:PL03,PL03,2,4,city:3096472,city:3099424,350.0
demo:PL03_1_WE_01,demo,demo:PL03,PL03,2,4,city:3096472,city:3099424,350.0
demo:PL03_1_WE_02,demo,demo:PL03,PL03,2,4,city:3096472,city:3099424,350.0
demo:PL03_1_WE_03,demo,demo:PL03,PL03,2,4,city:3096472,city:3099424,350.0
demo:PL03_1_WE_04,demo,demo:PL03,PL03,2,4,city:3096472,city:3099424,350.0
demo:PL04_0_WD_00,demo,demo:PL04,PL04,5,3,city:756135,city:3103402,220.0
demo:PL04_0_WD_01,demo,demo:PL04,PL04,5,3,city:756135,city:3103402,220.0
demo:PL04_0_WD_02,demo,demo:PL04,PL04,5,3,city:756135,city:3103402,220.0
demo:PL04_0_WD_03,demo,demo:PL04,PL04,5,3,city:756135,city:3103402,220.0
demo:PL04_0_WD_04,demo,demo:PL04,PL04,5,3,city:756135,city:3103402,220.0
demo:PL04_0_WD_05,demo,demo:PL04,PL04,5,3,city:756135,city:3103402,220.0
demo:PL04_0_WE_00,demo,demo:PL04,PL04,2,3,city:756135,city:3103402,220.0
demo:PL04_0_WE_01,demo,demo:PL04,PL04,2,3,city:756135,city:3103402,220.0
demo:PL04_0_WE_02,demo,demo:PL04,PL04,2,3,city:756135,city:3103402,220.0
demo:PL04_0_WE_03,demo,demo:PL04,PL04,2,3,city:756135,city:3103402,220.0
demo:PL04_0_WE_04,demo,demo:PL04,PL04,2,3,city:756135,city:3103402,220.0
demo:PL04_1_WD_00,demo,demo:PL04,PL04,5,3,city:3103402,city:756135,220.0
demo:PL04_1_WD_01,demo,demo:PL04,PL04,5,3,city:3103402,city:756135,220.0
demo:PL04_1_WD_02,demo,demo:PL04,PL04,5,3,city:3103402,city:756135,220.0
demo:PL04_1_WD_03,demo,demo:PL04,PL04,5,3,city:3103402,city:756135,220.0
demo:PL04_1_WD_04,demo,demo:PL04,PL04,5,3,city:3103402,city:756135,220.0
demo:PL04_1_WD_05,demo,demo:PL04,PL04,5,3,city:3103402,city:756135,220.0
demo:PL04_1_WE_00,demo,demo:PL04,PL04,2,3,city:3103402,city:756135,220.0
demo:PL04_1_WE_01,demo,demo:PL04,PL04,2,3,city:3103402,city:756135,220.0
demo:PL04_1_WE_02,demo,demo:PL04,PL04,2,3,city:3103402,city:756135,220.0
demo:PL04_1_WE_03,demo,demo:PL04,PL04,2,3,city:3103402,city:756135,220.0
demo:PL04_1_WE_04,demo,demo:PL04,PL04,2,3,city:3103402,city:756135,220.0
demo:PL05_0_WD_00,demo,demo:PL05,PL05,5,2,city:756135,city:3093133,75.0
demo:PL05_0_WD_01,demo,demo:PL05,PL05,5,2,city:756135,city:3093133,75.0
demo:PL05_0_WD_02,demo,demo:PL05,PL05,5,2,city:756135,city:3093133,75.0
demo:PL05_0_WD_03,demo,demo:PL05,PL05,5,2,city:756135,city:3093133,75.0
demo:PL05_0_WD_04,demo,demo:PL05,PL05,5,2,city:756135,city:3093133,75.0
demo:PL05_0_WD_05,demo,demo:PL05,PL05,5,2,city:756135,city:3093133,75.0
demo:PL05_0_WD_06,demo,demo:PL05,PL05,5,2,city:756135,city:3093133,75.0
demo:PL05_0_WD_07,demo,demo:PL05,PL05,5,2,city:756135,city:3093133,75.0
demo:PL05_0_WD_08,demo,demo:PL05,PL05,5,2,city:756135,city:3093133,75.0
demo:PL05_0_WD_09,demo,demo:PL05,PL05,5,2,city:756135,city:3093133,75.0
demo:PL05_0_WD_10,demo,demo:PL05,PL05,5,2,city:756135,city:3093133,75.0
demo:PL05_0_WD_11,demo,demo:PL05,PL05,5,2,city:756135,city:3093133,75.0
demo:PL05_0_WD_12,demo,demo:PL05,PL05,5,2,city:756135,city:3093133,75.0
demo:PL05_0_WD_13,demo,demo:PL05,PL05,5,2,city:756135,city:3093133,75.0
demo:PL05_0_WD_14,demo,demo:PL05,PL05,5,2,city:756135,city:3093133,75.0
demo:PL05_0_WD_15,demo,demo:PL05,PL05,5,2,city:756135,city:3093133,75.0
demo:PL05_0_WE_00,demo,demo:PL05,PL05,2,2,city:756135,city:3093133,75.0
demo:PL05_0_WE_01,demo,demo:PL05,PL05,2,2,city:756135,city:3093133,75.0
demo:PL05_0_WE_02,demo,demo:PL05,PL05,2,2,city:756135,city:3093133,75.0
demo:PL05_0_WE_03,demo,demo:PL05,PL05,2,2,city:756135,city:3093133,74.0
demo:PL05_0_WE_04,demo,demo:PL05,PL05,2,2,city:756135,city:3093133,75.0
demo:PL05_0_WE_05,demo,demo:PL05,PL05,2,2,city:756135,city:3093133,75.0
demo:PL05_0_WE_06,demo,demo:PL05,PL05,2,2,city:756135,city:3093133,75.0
demo:PL05_0_WE_07,demo,demo:PL05,PL05,2,2,city:756135,city:3093133,75.0
demo:PL05_0_WE_08,demo,demo:PL05,PL05,2,2,city:756135,city:3093133,75.0
demo:PL05_0_WE_09,demo,demo:PL05,PL05,2,2,city:756135,city:3093133,75.0
demo:PL05_0_WE_10,demo,demo:PL05,PL05,2,2,city:756135,city:3093133,76.0
demo:PL05_0_WE_11,demo,demo:PL05,PL05,2,2,city:756135,city:3093133,75.0
demo:PL05_0_WE_12,demo,demo:PL05,PL05,2,2,city:756135,city:3093133,75.0
demo:PL05_0_WE_13,demo,demo:PL05,PL05,2,2,city:756135,city:3093133,75.0
demo:PL05_1_WD_00,demo,demo:PL05,PL05,5,2,city:3093133,city:756135,75.0
demo:PL05_1_WD_01,demo,demo:PL05,PL05,5,2,city:3093133,city:756135,75.0
demo:PL05_1_WD_02,demo,demo:PL05,PL05,5,2,city:3093133,city:756135,75.0
demo:PL05_1_WD_03,demo,demo:PL05,PL05,5,2,city:3093133,city:756135,75.0
demo:PL05_1_WD_04,demo,demo:PL05,PL05,5,2,city:3093133,city:756135,75.0
demo:PL05_1_WD_05,demo,demo:PL05,PL05,5,2,city:3093133,city:756135,75.0
demo:PL05_1_WD_06,demo,demo:PL05,PL05,5,2,city:3093133,city:756135,75.0
demo:PL05_1_WD_07,demo,demo:PL05,PL05,5,2,city:3093133,city:756135,75.0
demo:PL05_1_WD_08,demo,demo:PL05,PL05,5,2,city:3093133,city:756135,75.0
demo:PL05_1_WD_09,demo,demo:PL05,PL05,5,2,city:3093133,city:756135,75.0
demo:PL05_1_WD_10,demo,demo:PL05,PL05,5,2,city:3093133,city:756135,75.0
demo:PL05_1_WD_11,demo,demo:PL05,PL05,5,2,city:3093133,city:756135,75.0
demo:PL05_1_WD_12,demo,demo:PL05,PL05,5,2,city:3093133,city:756135,75.0
demo:PL05_1_WD_13,demo,demo:PL05,PL05,5,2,city:3093133,city:756135,75.0
demo:PL05_1_WD_14,demo,demo:PL05,PL05,5,2,city:3093133,city:756135,75.0
demo:PL05_1_WD_15,demo,demo:PL05,PL05,5,2,city:3093133,city:756135,75.0
demo:PL05_1_WE_00,demo,demo:PL05,PL05,2,2,city:3093133,city:756135,75.0
demo:PL05_1_WE_01,demo,demo:PL05,PL05,2,2,city:3093133,city:756135,75.0
demo:PL05_1_WE_02,demo,demo:PL05,PL05,2,2,city:3093133,city:756135,75.0
demo:PL05_1_WE_03,demo,demo:PL05,PL05,2,2,city:3093133,city:756135,74.0
demo:PL05_1_WE_04,demo,demo:PL05,PL05,2,2,city:3093133,city:756135,75.0
demo:PL05_1_WE_05,demo,demo:PL05,PL05,2,2,city:3093133,city:756135,75.0
demo:PL05_1_WE_06,demo,demo:PL05,PL05,2,2,city:3093133,city:756135,75.0
demo:PL05_1_WE_07,demo,demo:PL05,PL05,2,2,city:3093133,city:756135,75.0
demo:PL05_1_WE_08,demo,demo:PL05,PL05,2,2,city:3093133,city:756135,75.0
demo:PL05_1_WE_09,demo,demo:PL05,PL05,2,2,city:3093133,city:756135,75.0
demo:PL05_1_WE_10,demo,demo:PL05,PL05,2,2,city:3093133,city:756135,76.0
demo:PL05_1_WE_11,demo,demo:PL05,PL05,2,2,city:3093133,city:756135,75.0
demo:PL05_1_WE_12,demo,demo:PL05,PL05,2,2,city:3093133,city:756135,75.0
demo:PL05_1_WE_13,demo,demo:PL05,PL05,2,2,city:3093133,city:756135,75.0
demo:PL06_0_WD_00,demo,demo:PL06,PL06,5,4,city:756135,city:3088171,160.0
demo:PL06_0_WD_01,demo,demo:PL06,PL06,5,4,city:756135,city:3088171,160.0
demo:PL06_0_WD_02,demo,demo:PL06,PL06,5,4,city:756135,city:3088171,160.0
demo:PL06_0_WD_03,demo,demo:PL06,PL06,5,4,city:756135,city:3088171,160.0
demo:PL06_0_WD_04,demo,demo:PL06,PL06,5,4,city:756135,city:3088171,160.0
demo:PL06_0_WD_05,demo,demo:PL06,PL06,5,4,city:756135,city:3088171,160.0
demo:PL06_0_WD_06,demo,demo:PL06,PL06,5,4,city:756135,city:3088171,160.0
demo:PL06_0_WD_07,demo,demo:PL06,PL06,5,4,city:756135,city:3088171,160.0
demo:PL06_0_WD_08,demo,demo:PL06,PL06,5,4,city:756135,city:3088171,160.0
demo:PL06_0_WD_09,demo,demo:PL06,PL06,5,4,city:756135,city:3088171,160.0
demo:PL06_0_WD_10,demo,demo:PL06,PL06,5,4,city:756135,city:3088171,160.0
demo:PL06_0_WD_11,demo,demo:PL06,PL06,5,4,city:756135,city:3088171,160.0
demo:PL06_0_WE_00,demo,demo:PL06,PL06,2,4,city:756135,city:3088171,160.0
demo:PL06_0_WE_01,demo,demo:PL06,PL06,2,4,city:756135,city:3088171,160.0
demo:PL06_0_WE_02,demo,demo:PL06,PL06,2,4,city:756135,city:3088171,160.0
demo:PL06_0_WE_03,demo,demo:PL06,PL06,2,4,city:756135,city:3088171,160.0
demo:PL06_0_WE_04,demo,demo:PL06,PL06,2,4,city:756135,city:3088171,160.0
demo:PL06_0_WE_05,demo,demo:PL06,PL06,2,4,city:756135,city:3088171,160.0
demo:PL06_0_WE_06,demo,demo:PL06,PL06,2,4,city:756135,city:3088171,160.0
demo:PL06_0_WE_07,demo,demo:PL06,PL06,2,4,city:756135,city:3088171,160.0
demo:PL06_0_WE_08,demo,demo:PL06,PL06,2,4,city:756135,city:3088171,160.0
demo:PL06_0_WE_09,demo,demo:PL06,PL06,2,4,city:756135,city:3088171,160.0
demo:PL06_1_WD_00,demo,demo:PL06,PL06,5,4,city:3088171,city:756135,160.0
demo:PL06_1_WD_01,demo,demo:PL06,PL06,5,4,city:3088171,city:756135,160.0
demo:PL06_1_WD_02,demo,demo:PL06,PL06,5,4,city:3088171,city:756135,160.0
demo:PL06_1_WD_03,demo,demo:PL06,PL06,5,4,city:3088171,city:756135,160.0
demo:PL06_1_WD_04,demo,demo:PL06,PL06,5,4,city:3088171,city:756135,160.0
demo:PL06_1_WD_05,demo,demo:PL06,PL06,5,4,city:3088171,city:756135,160.0
demo:PL06_1_WD_06,demo,demo:PL06,PL06,5,4,city:3088171,city:756135,160.0
demo:PL06_1_WD_07,demo,demo:PL06,PL06,5,4,city:3088171,city:756135,160.0
demo:PL06_1_WD_08,demo,demo:PL06,PL06,5,4,city:3088171,city:756135,160.0
demo:PL06_1_WD_09,demo,demo:PL06,PL06,5,4,city:3088171,city:756135,160.0
demo:PL06_1_WD_10,demo,demo:PL06,PL06,5,4,city:3088171,city:756135,160.0
demo:PL06_1_WD_11,demo,demo:PL06,PL06,5,4,city:3088171,city:756135,160.0
demo:PL06_1_WE_00,demo,demo:PL06,PL06,2,4,city:3088171,city:756135,160.0
demo:PL06_1_WE_01,demo,demo:PL06,PL06,2,4,city:3088171,city:756135,160.0
demo:PL06_1_WE_02,demo,demo:PL06,PL06,2,4,city:3088171,city:756135,160.0
demo:PL06_1_WE_03,demo,demo:PL06,PL06,2,4,city:3088171,city:756135,160.0
demo:PL06_1_WE_04,demo,demo:PL06,PL06,2,4,city:3088171,city:756135,160.0
demo:PL06_1_WE_05,demo,demo:PL06,PL06,2,4,city:3088171,city:756135,160.0
demo:PL06_1_WE_06,demo,demo:PL06,PL06,2,4,city:3088171,city:756135,160.0
demo:PL06_1_WE_07,demo,demo:PL06,PL06,2,4,city:3088171,city:756135,160.0
demo:PL06_1_WE_08,demo,demo:PL06,PL06,2,4,city:3088171,city:756135,160.0
demo:PL06_1_WE_09,demo,demo:PL06,PL06,2,4,city:3088171,city:756135,160.0
demo:PL07_0_WD_00,demo,demo:PL07,PL07,5,3,city:3088171,city:3083829,140.0
demo:PL07_0_WD_01,demo,demo:PL07,PL07,5,3,city:3088171,city:3083829,140.0
demo:PL07_0_WD_02,demo,demo:PL07,PL07,5,3,city:3088171,city:3083829,140.0
demo:PL07_0_WD_03,demo,demo:PL07,PL07,5,3,city:3088171,city:3083829,140.0
demo:PL07_0_WD_04,demo,demo:PL07,PL07,5,3,city:3088171,city:3083829,140.0
demo:PL07_0_WD_05,demo,demo:PL07,PL07,5,3,city:3088171,city:3083829,140.0
demo:PL07_0_WD_06,demo,demo:PL07,PL07,5,3,city:3088171,city:3083829,140.0
demo:PL07_0_WD_07,demo,demo:PL07,PL07,5,3,city:3088171,city:3083829,140.0
demo:PL07_0_WE_00,demo,demo:PL07,PL07,2,3,city:3088171,city:3083829,140.0
demo:PL07_0_WE_01,demo,demo:PL07,PL07,2,3,city:3088171,city:3083829,140.0
demo:PL07_0_WE_02,demo,demo:PL07,PL07,2,3,city:3088171,city:3083829,140.0
demo:PL07_0_WE_03,demo,demo:PL07,PL07,2,3,city:3088171,city:3083829,140.0
demo:PL07_0_WE_04,demo,demo:PL07,PL07,2,3,city:3088171,city:3083829,140.0
demo:PL07_0_WE_05,demo,demo:PL07,PL07,2,3,city:3088171,city:3083829,140.0
demo:PL07_0_WE_06,demo,demo:PL07,PL07,2,3,city:3088171,city:3083829,140.0
demo:PL07_1_WD_00,demo,demo:PL07,PL07,5,3,city:3083829,city:3088171,140.0
demo:PL07_1_WD_01,demo,demo:PL07,PL07,5,3,city:3083829,city:3088171,140.0
demo:PL07_1_WD_02,demo,demo:PL07,PL07,5,3,city:3083829,city:3088171,140.0
demo:PL07_1_WD_03,demo,demo:PL07,PL07,5,3,city:3083829,city:3088171,140.0
demo:PL07_1_WD_04,demo,demo:PL07,PL07,5,3,city:3083829,city:3088171,140.0
demo:PL07_1_WD_05,demo,demo:PL07,PL07,5,3,city:3083829,city:3088171,140.0
demo:PL07_1_WD_06,demo,demo:PL07,PL07,5,3,city:3083829,city:3088171,140.0
demo:PL07_1_WD_07,demo,demo:PL07,PL07,5,3,city:3083829,city:3088171,140.0
demo:PL07_1_WE_00,demo,demo:PL07,PL07,2,3,city:3083829,city:3088171,140.0
demo:PL07_1_WE_01,demo,demo:PL07,PL07,2,3,city:3083829,city:3088171,140.0
demo:PL07_1_WE_02,demo,demo:PL07,PL07,2,3,city:3083829,city:3088171,140.0
demo:PL07_1_WE_03,demo,demo:PL07,PL07,2,3,city:3083829,city:3088171,140.0
demo:PL07_1_WE_04,demo,demo:PL07,PL07,2,3,city:3083829,city:3088171,140.0
demo:PL07_1_WE_05,demo,demo:PL07,PL07,2,3,city:3083829,city:3088171,140.0
demo:PL07_1_WE_06,demo,demo:PL07,PL07,2,3,city:3083829,city:3088171,140.0
demo:PL08_0_WD_00,demo,demo:PL08,PL08,5,3,city:756135,city:3081368,250.0
demo:PL08_0_WD_01,demo,demo:PL08,PL08,5,3,city:756135,city:3081368,250.0
demo:PL08_0_WD_02,demo,demo:PL08,PL08,5,3,city:756135,city:3081368,250.0
demo:PL08_0_WD_03,demo,demo:PL08,PL08,5,3,city:756135,city:3081368,250.0
demo:PL08_0_WD_04,demo,demo:PL08,PL08,5,3,city:756135,city:3081368,250.0
demo:PL08_0_WD_05,demo,demo:PL08,PL08,5,3,city:756135,city:3081368,250.0
demo:PL08_0_WE_00,demo,demo:PL08,PL08,2,3,city:756135,city:3081368,250.0
demo:PL08_0_WE_01,demo,demo:PL08,PL08,2,3,city:756135,city:3081368,250.0
demo:PL08_0_WE_02,demo,demo:PL08,PL08,2,3,city:756135,city:3081368,250.0
demo:PL08_0_WE_03,demo,demo:PL08,PL08,2,3,city:756135,city:3081368,250.0
demo:PL08_0_WE_04,demo,demo:PL08,PL08,2,3,city:756135,city:3081368,250.0
demo:PL08_1_WD_00,demo,demo:PL08,PL08,5,3,city:3081368,city:756135,250.0
demo:PL08_1_WD_01,demo,demo:PL08,PL08,5,3,city:3081368,city:756135,250.0
demo:PL08_1_WD_02,demo,demo:PL08,PL08,5,3,city:3081368,city:756135,250.0
demo:PL08_1_WD_03,demo,demo:PL08,PL08,5,3,city:3081368,city:756135,250.0
demo:PL08_1_WD_04,demo,demo:PL08,PL08,5,3,city:3081368,city:756135,250.0
demo:PL08_1_WD_05,demo,demo:PL08,PL08,5,3,city:3081368,city:756135,250.0
demo:PL08_1_WE_00,demo,demo:PL08,PL08,2,3,city:3081368,city:756135,250.0
demo:PL08_1_WE_01,demo,demo:PL08,PL08,2,3,city:3081368,city:756135,250.0
demo:PL08_1_WE_02,demo,demo:PL08,PL08,2,3,city:3081368,city:756135,250.0
demo:PL08_1_WE_03,demo,demo:PL08,PL08,2,3,city:3081368,city:756135,250.0
demo:PL08_1_WE_04,demo,demo:PL08,PL08,2,3,city:3081368,city:756135,250.0
demo:PL09_0_WD_00,demo,demo:PL09,PL09,5,5,city:3094802,city:3081368,205.0
demo:PL09_0_WD_01,demo,demo:PL09,PL09,5,5,city:3094802,city:3081368,205.0
demo:PL09_0_WD_02,demo,demo:PL09,PL09,5,5,city:3094802,city:3081368,205.0
demo:PL09_0_WD_03,demo,demo:PL09,PL09,5,5,city:3094802,city:3081368,205.0
demo:PL09_0_WD_04,demo,demo:PL09,PL09,5,5,city:3094802,city:3081368,205.0
demo:PL09_0_WD_05,demo,demo:PL09,PL09,5,5,city:3094802,city:3081368,205.0
demo:PL09_0_WD_06,demo,demo:PL09,PL09,5,5,city:3094802,city:3081368,205.0
demo:PL09_0_WD_07,demo,demo:PL09,PL09,5,5,city:3094802,city:3081368,205.0
demo:PL09_0_WD_08,demo,demo:PL09,PL09,5,5,city:3094802,city:3081368,205.0
demo:PL09_0_WD_09,demo,demo:PL09,PL09,5,5,city:3094802,city:3081368,205.0
demo:PL09_0_WD_10,demo,demo:PL09,PL09,5,5,city:3094802,city:3081368,205.0
demo:PL09_0_WD_11,demo,demo:PL09,PL09,5,5,city:3094802,city:3081368,205.0
demo:PL09_0_WE_00,demo,demo:PL09,PL09,2,5,city:3094802,city:3081368,204.0
demo:PL09_0_WE_01,demo,demo:PL09,PL09,2,5,city:3094802,city:3081368,206.0
demo:PL09_0_WE_02,demo,demo:PL09,PL09,2,5,city:3094802,city:3081368,204.0
demo:PL09_0_WE_03,demo,demo:PL09,PL09,2,5,city:3094802,city:3081368,206.0
demo:PL09_0_WE_04,demo,demo:PL09,PL09,2,5,city:3094802,city:3081368,204.0
demo:PL09_0_WE_05,demo,demo:PL09,PL09,2,5,city:3094802,city:3081368,206.0
demo:PL09_0_WE_06,demo,demo:PL09,PL09,2,5,city:3094802,city:3081368,204.0
demo:PL09_0_WE_07,demo,demo:PL09,PL09,2,5,city:3094802,city:3081368,206.0
demo:PL09_0_WE_08,demo,demo:PL09,PL09,2,5,city:3094802,city:3081368,204.0
demo:PL09_0_WE_09,demo,demo:PL09,PL09,2,5,city:3094802,city:3081368,206.0
demo:PL09_1_WD_00,demo,demo:PL09,PL09,5,5,city:3081368,city:3094802,205.0
demo:PL09_1_WD_01,demo,demo:PL09,PL09,5,5,city:3081368,city:3094802,205.0
demo:PL09_1_WD_02,demo,demo:PL09,PL09,5,5,city:3081368,city:3094802,205.0
demo:PL09_1_WD_03,demo,demo:PL09,PL09,5,5,city:3081368,city:3094802,205.0
demo:PL09_1_WD_04,demo,demo:PL09,PL09,5,5,city:3081368,city:3094802,205.0
demo:PL09_1_WD_05,demo,demo:PL09,PL09,5,5,city:3081368,city:3094802,205.0
demo:PL09_1_WD_06,demo,demo:PL09,PL09,5,5,city:3081368,city:3094802,205.0
demo:PL09_1_WD_07,demo,demo:PL09,PL09,5,5,city:3081368,city:3094802,205.0
demo:PL09_1_WD_08,demo,demo:PL09,PL09,5,5,city:3081368,city:3094802,205.0
demo:PL09_1_WD_09,demo,demo:PL09,PL09,5,5,city:3081368,city:3094802,205.0
demo:PL09_1_WD_10,demo,demo:PL09,PL09,5,5,city:3081368,city:3094802,205.0
demo:PL09_1_WD_11,demo,demo:PL09,PL09,5,5,city:3081368,city:3094802,205.0
demo:PL09_1_WE_00,demo,demo:PL09,PL09,2,5,city:3081368,city:3094802,204.0
demo:PL09_1_WE_01,demo,demo:PL09,PL09,2,5,city:3081368,city:3094802,206.0
demo:PL09_1_WE_02,demo,demo:PL09,PL09,2,5,city:3081368,city:3094802,204.0
demo:PL09_1_WE_03,demo,demo:PL09,PL09,2,5,city:3081368,city:3094802,206.0
demo:PL09_1_WE_04,demo,demo:PL09,PL09,2,5,city:3081368,city:3094802,204.0
demo:PL09_1_WE_05,demo,demo:PL09,PL09,2,5,city:3081368,city:3094802,206.0
demo:PL09_1_WE_06,demo,demo:PL09,PL09,2,5,city:3081368,city:3094802,204.0
demo:PL09_1_WE_07,demo,demo:PL09,PL09,2,5,city:3081368,city:3094802,206.0
demo:PL09_1_WE_08,demo,demo:PL09,PL09,2,5,city:3081368,city:3094802,204.0
demo:PL09_1_WE_09,demo,demo:PL09,PL09,2,5,city:3081368,city:3094802,206.0
demo:PL10_0_WD_00,demo,demo:PL10,PL10,5,5,city:3081368,city:3099434,300.0
demo:PL10_0_WD_01,demo,demo:PL10,PL10,5,5,city:3081368,city:3099434,300.0
demo:PL10_0_WD_02,demo,demo:PL10,PL10,5,5,city:3081368,city:3099434,300.0
demo:PL10_0_WD_03,demo,demo:PL10,PL10,5,5,city:3081368,city:3099434,300.0
demo:PL10_0_WD_04,demo,demo:PL10,PL10,5,5,city:3081368,city:3099434,300.0
demo:PL10_0_WD_05,demo,demo:PL10,PL10,5,5,city:3081368,city:3099434,300.0
demo:PL10_0_WE_00,demo,demo:PL10,PL10,2,5,city:3081368,city:3099434,300.0
demo:PL10_0_WE_01,demo,demo:PL10,PL10,2,5,city:3081368,city:3099434,300.0
demo:PL10_0_WE_02,demo,demo:PL10,PL10,2,5,city:3081368,city:3099434,300.0
demo:PL10_0_WE_03,demo,demo:PL10,PL10,2,5,city:3081368,city:3099434,300.0
demo:PL10_0_WE_04,demo,demo:PL10,PL10,2,5,city:3081368,city:3099434,300.0
demo:PL10_1_WD_00,demo,demo:PL10,PL10,5,5,city:3099434,city:3081368,300.0
demo:PL10_1_WD_01,demo,demo:PL10,PL10,5,5,city:3099434,city:3081368,300.0
demo:PL10_1_WD_02,demo,demo:PL10,PL10,5,5,city:3099434,city:3081368,300.0
demo:PL10_1_WD_03,demo,demo:PL10,PL10,5,5,city:3099434,city:3081368,300.0
demo:PL10_1_WD_04,demo,demo:PL10,PL10,5,5,city:3099434,city:3081368,300.0
demo:PL10_1_WD_05,demo,demo:PL10,PL10,5,5,city:3099434,city:3081368,300.0
demo:PL10_1_WE_00,demo,demo:PL10,PL10,2,5,city:3099434,city:3081368,300.0
demo:PL10_1_WE_01,demo,demo:PL10,PL10,2,5,city:3099434,city:3081368,300.0
demo:PL10_1_WE_02,demo,demo:PL10,PL10,2,5,city:3099434,city:3081368,300.0
demo:PL10_1_WE_03,demo,demo:PL10,PL10,2,5,city:3099434,city:3081368,300.0
demo:PL10_1_WE_04,demo,demo:PL10,PL10,2,5,city:3099434,city:3081368,300.0
demo:PL11_0_WD_00,demo,demo:PL11,PL11,5,5,city:3081368,city:3083829,250.0
demo:PL11_0_WD_01,demo,demo:PL11,PL11,5,5,city:3081368,city:3083829,250.0
demo:PL11_0_WD_02,demo,demo:PL11,PL11,5,5,city:3081368,city:3083829,250.0
demo:PL11_0_WD_03,demo,demo:PL11,PL11,5,5,city:3081368,city:3083829,250.0
demo:PL11_0_WE_00,demo,demo:PL11,PL11,2,5,city:3081368,city:3083829,250.0
demo:PL11_0_WE_01,demo,demo:PL11,PL11,2,5,city:3081368,city:3083829,250.0
demo:PL11_0_WE_02,demo,demo:PL11,PL11,2,5,city:3081368,city:3083829,250.0
demo:PL11_1_WD_00,demo,demo:PL11,PL11,5,5,city:3083829,city:3081368,250.0
demo:PL11_1_WD_01,demo,demo:PL11,PL11,5,5,city:3083829,city:3081368,250.0
demo:PL11_1_WD_02,demo,demo:PL11,PL11,5,5,city:3083829,city:3081368,250.0
demo:PL11_1_WD_03,demo,demo:PL11,PL11,5,5,city:3083829,city:3081368,250.0
demo:PL11_1_WE_00,demo,demo:PL11,PL11,2,5,city:3083829,city:3081368,250.0
demo:PL11_1_WE_01,demo,demo:PL11,PL11,2,5,city:3083829,city:3081368,250.0
demo:PL11_1_WE_02,demo,demo:PL11,PL11,2,5,city:3083829,city:3081368,250.0
demo:PL12_0_WD_00,demo,demo:PL12,PL12,5,3,city:756135,city:765876,124.0
demo:PL12_0_WD_01,demo,demo:PL12,PL12,5,3,city:756135,city:765876,126.0
demo:PL12_0_WD_02,demo,demo:PL12,PL12,5,3,city:756135,city:765876,124.0
demo:PL12_0_WD_03,demo,demo:PL12,PL12,5,3,city:756135,city:765876,126.0
demo:PL12_0_WD_04,demo,demo:PL12,PL12,5,3,city:756135,city:765876,124.0
demo:PL12_0_WD_05,demo,demo:PL12,PL12,5,3,city:756135,city:765876,126.0
demo:PL12_0_WD_06,demo,demo:PL12,PL12,5,3,city:756135,city:765876,124.0
demo:PL12_0_WD_07,demo,demo:PL12,PL12,5,3,city:756135,city:765876,126.0
demo:PL12_0_WD_08,demo,demo:PL12,PL12,5,3,city:756135,city:765876,124.0
demo:PL12_0_WD_09,demo,demo:PL12,PL12,5,3,city:756135,city:765876,126.0
demo:PL12_0_WE_00,demo,demo:PL12,PL12,2,3,city:756135,city:765876,125.0
demo:PL12_0_WE_01,demo,demo:PL12,PL12,2,3,city:756135,city:765876,125.0
demo:PL12_0_WE_02,demo,demo:PL12,PL12,2,3,city:756135,city:765876,125.0
demo:PL12_0_WE_03,demo,demo:PL12,PL12,2,3,city:756135,city:765876,125.0
demo:PL12_0_WE_04,demo,demo:PL12,PL12,2,3,city:756135,city:765876,125.0
demo:PL12_0_WE_05,demo,demo:PL12,PL12,2,3,city:756135,city:765876,125.0
demo:PL12_0_WE_06,demo,demo:PL12,PL12,2,3,city:756135,city:765876,125.0
demo:PL12_0_WE_07,demo,demo:PL12,PL12,2,3,city:756135,city:765876,125.0
demo:PL12_1_WD_00,demo,demo:PL12,PL12,5,3,city:765876,city:756135,124.0
demo:PL12_1_WD_01,demo,demo:PL12,PL12,5,3,city:765876,city:756135,126.0
demo:PL12_1_WD_02,demo,demo:PL12,PL12,5,3,city:765876,city:756135,124.0
demo:PL12_1_WD_03,demo,demo:PL12,PL12,5,3,city:765876,city:756135,126.0
demo:PL12_1_WD_04,demo,demo:PL12,PL12,5,3,city:765876,city:756135,124.0
demo:PL12_1_WD_05,demo,demo:PL12,PL12,5,3,city:765876,city:756135,126.0
demo:PL12_1_WD_06,demo,demo:PL12,PL12,5,3,city:765876,city:756135,124.0
demo:PL12_1_WD_07,demo,demo:PL12,PL12,5,3,city:765876,city:756135,126.0
demo:PL12_1_WD_08,demo,demo:PL12,PL12,5,3,city:765876,city:756135,124.0
demo:PL12_1_WD_09,demo,demo:PL12,PL12,5,3,city:765876,city:756135,126.0
demo:PL12_1_WE_00,demo,demo:PL12,PL12,2,3,city:765876,city:756135,125.0
demo:PL12_1_WE_01,demo,demo:PL12,PL12,2,3,city:765876,city:756135,125.0
demo:PL12_1_WE_02,demo,demo:PL12,PL12,2,3,city:765876,city:756135,125.0
demo:PL12_1_WE_03,demo,demo:PL12,PL12,2,3,city:765876,city:756135,125.0
demo:PL12_1_WE_04,demo,demo:PL12,PL12,2,3,city:765876,city:756135,125.0
demo:PL12_1_WE_05,demo,demo:PL12,PL12,2,3,city:765876,city:756135,125.0
demo:PL12_1_WE_06,demo,demo:PL12,PL12,2,3,city:765876,city:756135,125.0
demo:PL12_1_WE_07,demo,demo:PL12,PL12,2,3,city:765876,city:756135,125.0
demo:PL13_0_WD_00,demo,demo:PL13,PL13,5,2,city:756135,city:776069,130.0
demo:PL13_0_WD_01,demo,demo:PL13,PL13,5,2,city:756135,city:776069,130.0
demo:PL13_0_WD_02,demo,demo:PL13,PL13,5,2,city:756135,city:776069,130.0
demo:PL13_0_WD_03,demo,demo:PL13,PL13,5,2,city:756135,city:776069,130.0
demo:PL13_0_WD_04,demo,demo:PL13,PL13,5,2,city:756135,city:776069,130.0
demo:PL13_0_WD_05,demo,demo:PL13,PL13,5,2,city:756135,city:776069,130.0
demo:PL13_0_WD_06,demo,demo:PL13,PL13,5,2,city:756135,city:776069,130.0
demo:PL13_0_WD_07,demo,demo:PL13,PL13,5,2,city:756135,city:776069,130.0
demo:PL13_0_WE_00,demo,demo:PL13,PL13,2,2,city:756135,city:776069,130.0
demo:PL13_0_WE_01,demo,demo:PL13,PL13,2,2,city:756135,city:776069,130.0
demo:PL13_0_WE_02,demo,demo:PL13,PL13,2,2,city:756135,city:776069,130.0
demo:PL13_0_WE_03,demo,demo:PL13,PL13,2,2,city:756135,city:776069,130.0
demo:PL13_0_WE_04,demo,demo:PL13,PL13,2,2,city:756135,city:776069,130.0
demo:PL13_0_WE_05,demo,demo:PL13,PL13,2,2,city:756135,city:776069,130.0
demo:PL13_0_WE_06,demo,demo:PL13,PL13,2,2,city:756135,city:776069,130.0
demo:PL13_1_WD_00,demo,demo:PL13,PL13,5,2,city:776069,city:756135,130.0
demo:PL13_1_WD_01,demo,demo:PL13,PL13,5,2,city:776069,city:756135,130.0
demo:PL13_1_WD_02,demo,demo:PL13,PL13,5,2,city:776069,city:756135,130.0
demo:PL13_1_WD_03,demo,demo:PL13,PL13,5,2,city:776069,city:756135,130.0
demo:PL13_1_WD_04,demo,demo:PL13,PL13,5,2,city:776069,city:756135,130.0
demo:PL13_1_WD_05,demo,demo:PL13,PL13,5,2,city:776069,city:756135,130.0
demo:PL13_1_WD_06,demo,demo:PL13,PL13,5,2,city:776069,city:756135,130.0
demo:PL13_1_WD_07,demo,demo:PL13,PL13,5,2,city:776069,city:756135,130.0
demo:PL13_1_WE_00,demo,demo:PL13,PL13,2,2,city:776069,city:756135,130.0
demo:PL13_1_WE_01,demo,demo:PL13,PL13,2,2,city:776069,city:756135,130.0
demo:PL13_1_WE_02,demo,demo:PL13,PL13,2,2,city:776069,city:756135,130.0
demo:PL13_1_WE_03,demo,demo:PL13,PL13,2,2,city:776069,city:756135,130.0
demo:PL13_1_WE_04,demo,demo:PL13,PL13,2,2,city:776069,city:756135,130.0
demo:PL13_1_WE_05,demo,demo:PL13,PL13,2,2,city:776069,city:756135,130.0
demo:PL13_1_WE_06,demo,demo:PL13,PL13,2,2,city:776069,city:756135,130.0
demo:PL14_0_WD_00,demo,demo:PL14,PL14,5,4,city:3094802,city:761168,185.0
demo:PL14_0_WD_01,demo,demo:PL14,PL14,5,4,city:3094802,city:761168,185.0
demo:PL14_0_WD_02,demo,demo:PL14,PL14,5,4,city:3094802,city:761168,185.0
demo:PL14_0_WD_03,demo,demo:PL14,PL14,5,4,city:3094802,city:761168,185.0
demo:PL14_0_WD_04,demo,demo:PL14,PL14,5,4,city:3094802,city:761168,185.0
demo:PL14_0_WD_05,demo,demo:PL14,PL14,5,4,city:3094802,city:761168,185.0
demo:PL14_0_WD_06,demo,demo:PL14,PL14,5,4,city:3094802,city:761168,185.0
demo:PL14_0_WD_07,demo,demo:PL14,PL14,5,4,city:3094802,city:761168,185.0
demo:PL14_0_WE_00,demo,demo:PL14,PL14,2,4,city:3094802,city:761168,185.0
demo:PL14_0_WE_01,demo,demo:PL14,PL14,2,4,city:3094802,city:761168,185.0
demo:PL14_0_WE_02,demo,demo:PL14,PL14,2,4,city:3094802,city:761168,185.0
demo:PL14_0_WE_03,demo,demo:PL14,PL14,2,4,city:3094802,city:761168,185.0
demo:PL14_0_WE_04,demo,demo:PL14,PL14,2,4,city:3094802,city:761168,185.0
demo:PL14_0_WE_05,demo,demo:PL14,PL14,2,4,city:3094802,city:761168,185.0
demo:PL14_0_WE_06,demo,demo:PL14,PL14,2,4,city:3094802,city:761168,185.0
demo:PL14_1_WD_00,demo,demo:PL14,PL14,5,4,city:761168,city:3094802,185.0
demo:PL14_1_WD_01,demo,demo:PL14,PL14,5,4,city:761168,city:3094802,185.0
demo:PL14_1_WD_02,demo,demo:PL14,PL14,5,4,city:761168,city:3094802,185.0
demo:PL14_1_WD_03,demo,demo:PL14,PL14,5,4,city:761168,city:3094802,185.0
demo:PL14_1_WD_04,demo,demo:PL14,PL14,5,4,city:761168,city:3094802,185.0
demo:PL14_1_WD_05,demo,demo:PL14,PL14,5,4,city:761168,city:3094802,185.0
demo:PL14_1_WD_06,demo,demo:PL14,PL14,5,4,city:761168,city:3094802,185.0
demo:PL14_1_WD_07,demo,demo:PL14,PL14,5,4,city:761168,city:3094802,185.0
demo:PL14_1_WE_00,demo,demo:PL14,PL14,2,4,city:761168,city:3094802,185.0
demo:PL14_1_WE_01,demo,demo:PL14,PL14,2,4,city:761168,city:3094802,185.0
demo:PL14_1_WE_02,demo,demo:PL14,PL14,2,4,city:761168,city:3094802,185.0
demo:PL14_1_WE_03,demo,demo:PL14,PL14,2,4,city:761168,city:3094802,185.0
demo:PL14_1_WE_04,demo,demo:PL14,PL14,2,4,city:761168,city:3094802,185.0
demo:PL14_1_WE_05,demo,demo:PL14,PL14,2,4,city:761168,city:3094802,185.0
demo:PL14_1_WE_06,demo,demo:PL14,PL14,2,4,city:761168,city:3094802,185.0
demo:PL15_0_WD_00,demo,demo:PL15,PL15,5,6,city:756135,city:2761369,420.0
demo:PL15_0_WD_01,demo,demo:PL15,PL15,5,6,city:756135,city:2761369,420.0
demo:PL15_0_WE_00,demo,demo:PL15,PL15,2,6,city:756135,city:2761369,420.0
demo:PL15_0_WE_01,demo,demo:PL15,PL15,2,6,city:756135,city:2761369,420.0
demo:PL15_1_WD_00,demo,demo:PL15,PL15,5,6,city:2761369,city:756135,420.0
demo:PL15_1_WD_01,demo,demo:PL15,PL15,5,6,city:2761369,city:756135,420.0
demo:PL15_1_WE_00,demo,demo:PL15,PL15,2,6,city:2761369,city:756135,420.0
demo:PL15_1_WE_01,demo,demo:PL15,PL15,2,6,city:2761369,city:756135,420.0
demo:PL16_0_WD_00,demo,demo:PL16,PL16,5,6,city:3096472,city:3067696,265.0
demo:PL16_0_WD_01,demo,demo:PL16,PL16,5,6,city:3096472,city:3067696,265.0
demo:PL16_0_WD_02,demo,demo:PL16,PL16,5,6,city:3096472,city:3067696,265.0
demo:PL16_0_WE_00,demo,demo:PL16,PL16,2,6,city:3096472,city:3067696,265.0
demo:PL16_0_WE_01,demo,demo:PL16,PL16,2,6,city:3096472,city:3067696,265.0
demo:PL16_0_WE_02,demo,demo:PL16,PL16,2,6,city:3096472,city:3067696,265.0
demo:PL16_1_WD_00,demo,demo:PL16,PL16,5,6,city:3067696,city:3096472,265.0
demo:PL16_1_WD_01,demo,demo:PL16,PL16,5,6,city:3067696,city:3096472,265.0
demo:PL16_1_WD_02,demo,demo:PL16,PL16,5,6,city:3067696,city:3096472,265.0
demo:PL16_1_WE_00,demo,demo:PL16,PL16,2,6,city:3067696,city:3096472,265.0
demo:PL16_1_WE_01,demo,demo:PL16,PL16,2,6,city:3067696,city:3096472,265.0
demo:PL16_1_WE_02,demo,demo:PL16,PL16,2,6,city:3067696,city:3096472,265.0
demo:PT01_0_WD_00,demo,demo:PT01,PT01,5,6,city:2267057,city:2735943,165.0
demo:PT01_0_WD_01,demo,demo:PT01,PT01,5,6,city:2267057,city:2735943,165.0
demo:PT01_0_WD_02,demo,demo:PT01,PT01,5,6,city:2267057,city:2735943,165.0
demo:PT01_0_WD_03,demo,demo:PT01,PT01,5,6,city:2267057,city:2735943,165.0
demo:PT01_0_WD_04,demo,demo:PT01,PT01,5,6,city:2267057,city:2735943,165.0
demo:PT01_0_WD_05,demo,demo:PT01,PT01,5,6,city:2267057,city:2735943,165.0
demo:PT01_0_WD_06,demo,demo:PT01,PT01,5,6,city:2267057,city:2735943,165.0
demo:PT01_0_WD_07,demo,demo:PT01,PT01,5,6,city:2267057,city:2735943,165.0
demo:PT01_0_WD_08,demo,demo:PT01,PT01,5,6,city:2267057,city:2735943,165.0
demo:PT01_0_WD_09,demo,demo:PT01,PT01,5,6,city:2267057,city:2735943,165.0
demo:PT01_0_WD_10,demo,demo:PT01,PT01,5,6,city:2267057,city:2735943,165.0
demo:PT01_0_WD_11,demo,demo:PT01,PT01,5,6,city:2267057,city:2735943,165.0
demo:PT01_0_WD_12,demo,demo:PT01,PT01,5,6,city:2267057,city:2735943,165.0
demo:PT01_0_WD_13,demo,demo:PT01,PT01,5,6,city:2267057,city:2735943,165.0
demo:PT01_0_WD_14,demo,demo:PT01,PT01,5,6,city:2267057,city:2735943,165.0
demo:PT01_0_WD_15,demo,demo:PT01,PT01,5,6,city:2267057,city:2735943,165.0
demo:PT01_0_WE_00,demo,demo:PT01,PT01,2,6,city:2267057,city:2735943,165.0
demo:PT01_0_WE_01,demo,demo:PT01,PT01,2,6,city:2267057,city:2735943,165.0
demo:PT01_0_WE_02,demo,demo:PT01,PT01,2,6,city:2267057,city:2735943,165.0
demo:PT01_0_WE_03,demo,demo:PT01,PT01,2,6,city:2267057,city:2735943,164.0
demo:PT01_0_WE_04,demo,demo:PT01,PT01,2,6,city:2267057,city:2735943,165.0
demo:PT01_0_WE_05,demo,demo:PT01,PT01,2,6,city:2267057,city:2735943,165.0
demo:PT01_0_WE_06,demo,demo:PT01,PT01,2,6,city:2267057,city:2735943,165.0
demo:PT01_0_WE_07,demo,demo:PT01,PT01,2,6,city:2267057,city:2735943,165.0
demo:PT01_0_WE_08,demo,demo:PT01,PT01,2,6,city:2267057,city:2735943,165.0
demo:PT01_0_WE_09,demo,demo:PT01,PT01,2,6,city:2267057,city:2735943,165.0
demo:PT01_0_WE_10,demo,demo:PT01,PT01,2,6,city:2267057,city:2735943,166.0
demo:PT01_0_WE_11,demo,demo:PT01,PT01,2,6,city:2267057,city:2735943,165.0
demo:PT01_0_WE_12,demo,demo:PT01,PT01,2,6,city:2267057,city:2735943,165.0
demo:PT01_0_WE_13,demo,demo:PT01,PT01,2,6,city:2267057,city:2735943,165.0
demo:PT01_1_WD_00,demo,demo:PT01,PT01,5,6,city:2735943,city:2267057,165.0
demo:PT01_1_WD_01,demo,demo:PT01,PT01,5,6,city:2735943,city:2267057,165.0
demo:PT01_1_WD_02,demo,demo:PT01,PT01,5,6,city:2735943,city:2267057,165.0
demo:PT01_1_WD_03,demo,demo:PT01,PT01,5,6,city:2735943,city:2267057,165.0
demo:PT01_1_WD_04,demo,demo:PT01,PT01,5,6,city:2735943,city:2267057,165.0
demo:PT01_1_WD_05,demo,demo:PT01,PT01,5,6,city:2735943,city:2267057,165.0
demo:PT01_1_WD_06,demo,demo:PT01,PT01,5,6,city:2735943,city:2267057,165.0
demo:PT01_1_WD_07,demo,demo:PT01,PT01,5,6,city:2735943,city:2267057,165.0
demo:PT01_1_WD_08,demo,demo:PT01,PT01,5,6,city:2735943,city:2267057,165.0
demo:PT01_1_WD_09,demo,demo:PT01,PT01,5,6,city:2735943,city:2267057,165.0
demo:PT01_1_WD_10,demo,demo:PT01,PT01,5,6,city:2735943,city:2267057,165.0
demo:PT01_1_WD_11,demo,demo:PT01,PT01,5,6,city:2735943,city:2267057,165.0
demo:PT01_1_WD_12,demo,demo:PT01,PT01,5,6,city:2735943,city:2267057,165.0
demo:PT01_1_WD_13,demo,demo:PT01,PT01,5,6,city:2735943,city:2267057,165.0
demo:PT01_1_WD_14,demo,demo:PT01,PT01,5,6,city:2735943,city:2267057,165.0
demo:PT01_1_WD_15,demo,demo:PT01,PT01,5,6,city:2735943,city:2267057,165.0
demo:PT01_1_WE_00,demo,demo:PT01,PT01,2,6,city:2735943,city:2267057,165.0
demo:PT01_1_WE_01,demo,demo:PT01,PT01,2,6,city:2735943,city:2267057,165.0
demo:PT01_1_WE_02,demo,demo:PT01,PT01,2,6,city:2735943,city:2267057,165.0
demo:PT01_1_WE_03,demo,demo:PT01,PT01,2,6,city:2735943,city:2267057,164.0
demo:PT01_1_WE_04,demo,demo:PT01,PT01,2,6,city:2735943,city:2267057,165.0
demo:PT01_1_WE_05,demo,demo:PT01,PT01,2,6,city:2735943,city:2267057,165.0
demo:PT01_1_WE_06,demo,demo:PT01,PT01,2,6,city:2735943,city:2267057,165.0
demo:PT01_1_WE_07,demo,demo:PT01,PT01,2,6,city:2735943,city:2267057,165.0
demo:PT01_1_WE_08,demo,demo:PT01,PT01,2,6,city:2735943,city:2267057,165.0
demo:PT01_1_WE_09,demo,demo:PT01,PT01,2,6,city:2735943,city:2267057,165.0
demo:PT01_1_WE_10,demo,demo:PT01,PT01,2,6,city:2735943,city:2267057,166.0
demo:PT01_1_WE_11,demo,demo:PT01,PT01,2,6,city:2735943,city:2267057,165.0
demo:PT01_1_WE_12,demo,demo:PT01,PT01,2,6,city:2735943,city:2267057,165.0
demo:PT01_1_WE_13,demo,demo:PT01,PT01,2,6,city:2735943,city:2267057,165.0
demo:PT02_0_WD_00,demo,demo:PT02,PT02,5,2,city:2267057,city:2268339,190.0
demo:PT02_0_WD_01,demo,demo:PT02,PT02,5,2,city:2267057,city:2268339,190.0
demo:PT02_0_WD_02,demo,demo:PT02,PT02,5,2,city:2267057,city:2268339,190.0
demo:PT02_0_WD_03,demo,demo:PT02,PT02,5,2,city:2267057,city:2268339,190.0
demo:PT02_0_WD_04,demo,demo:PT02,PT02,5,2,city:2267057,city:2268339,190.0
demo:PT02_0_WE_00,demo,demo:PT02,PT02,2,2,city:2267057,city:2268339,190.0
demo:PT02_0_WE_01,demo,demo:PT02,PT02,2,2,city:2267057,city:2268339,190.0
demo:PT02_0_WE_02,demo,demo:PT02,PT02,2,2,city:2267057,city:2268339,190.0
demo:PT02_0_WE_03,demo,demo:PT02,PT02,2,2,city:2267057,city:2268339,190.0
demo:PT02_1_WD_00,demo,demo:PT02,PT02,5,2,city:2268339,city:2267057,190.0
demo:PT02_1_WD_01,demo,demo:PT02,PT02,5,2,city:2268339,city:2267057,190.0
demo:PT02_1_WD_02,demo,demo:PT02,PT02,5,2,city:2268339,city:2267057,190.0
demo:PT02_1_WD_03,demo,demo:PT02,PT02,5,2,city:2268339,city:2267057,190.0
demo:PT02_1_WD_04,demo,demo:PT02,PT02,5,2,city:2268339,city:2267057,190.0
demo:PT02_1_WE_00,demo,demo:PT02,PT02,2,2,city:2268339,city:2267057,190.0
demo:PT02_1_WE_01,demo,demo:PT02,PT02,2,2,city:2268339,city:2267057,190.0
demo:PT02_1_WE_02,demo,demo:PT02,PT02,2,2,city:2268339,city:2267057,190.0
demo:PT02_1_WE_03,demo,demo:PT02,PT02,2,2,city:2268339,city:2267057,190.0
demo:PT03_0_WD_00,demo,demo:PT03,PT03,5,2,city:2735943,city:2742032,55.0
demo:PT03_0_WD_01,demo,demo:PT03,PT03,5,2,city:2735943,city:2742032,55.0
demo:PT03_0_WD_02,demo,demo:PT03,PT03,5,2,city:2735943,city:2742032,55.0
demo:PT03_0_WD_03,demo,demo:PT03,PT03,5,2,city:2735943,city:2742032,55.0
demo:PT03_0_WD_04,demo,demo:PT03,PT03,5,2,city:2735943,city:2742032,55.0
demo:PT03_0_WD_05,demo,demo:PT03,PT03,5,2,city:2735943,city:2742032,55.0
demo:PT03_0_WD_06,demo,demo:PT03,PT03,5,2,city:2735943,city:2742032,55.0
demo:PT03_0_WD_07,demo,demo:PT03,PT03,5,2,city:2735943,city:2742032,55.0
demo:PT03_0_WE_00,demo,demo:PT03,PT03,2,2,city:2735943,city:2742032,55.0
demo:PT03_0_WE_01,demo,demo:PT03,PT03,2,2,city:2735943,city:2742032,55.0
demo:PT03_0_WE_02,demo,demo:PT03,PT03,2,2,city:2735943,city:2742032,55.0
demo:PT03_0_WE_03,demo,demo:PT03,PT03,2,2,city:2735943,city:2742032,55.0
demo:PT03_0_WE_04,demo,demo:PT03,PT03,2,2,city:2735943,city:2742032,55.0
demo:PT03_0_WE_05,demo,demo:PT03,PT03,2,2,city:2735943,city:2742032,55.0
demo:PT03_0_WE_06,demo,demo:PT03,PT03,2,2,city:2735943,city:2742032,55.0
demo:PT03_1_WD_00,demo,demo:PT03,PT03,5,2,city:2742032,city:2735943,55.0
demo:PT03_1_WD_01,demo,demo:PT03,PT03,5,2,city:2742032,city:2735943,55.0
demo:PT03_1_WD_02,demo,demo:PT03,PT03,5,2,city:2742032,city:2735943,55.0
demo:PT03_1_WD_03,demo,demo:PT03,PT03,5,2,city:2742032,city:2735943,55.0
demo:PT03_1_WD_04,demo,demo:PT03,PT03,5,2,city:2742032,city:2735943,55.0
demo:PT03_1_WD_05,demo,demo:PT03,PT03,5,2,city:2742032,city:2735943,55.0
demo:PT03_1_WD_06,demo,demo:PT03,PT03,5,2,city:2742032,city:2735943,55.0
demo:PT03_1_WD_07,demo,demo:PT03,PT03,5,2,city:2742032,city:2735943,55.0
demo:PT03_1_WE_00,demo,demo:PT03,PT03,2,2,city:2742032,city:2735943,55.0
demo:PT03_1_WE_01,demo,demo:PT03,PT03,2,2,city:2742032,city:2735943,55.0
demo:PT03_1_WE_02,demo,demo:PT03,PT03,2,2,city:2742032,city:2735943,55.0
demo:PT03_1_WE_03,demo,demo:PT03,PT03,2,2,city:2742032,city:2735943,55.0
demo:PT03_1_WE_04,demo,demo:PT03,PT03,2,2,city:2742032,city:2735943,55.0
demo:PT03_1_WE_05,demo,demo:PT03,PT03,2,2,city:2742032,city:2735943,55.0
demo:PT03_1_WE_06,demo,demo:PT03,PT03,2,2,city:2742032,city:2735943,55.0
demo:PT04_0_WD_00,demo,demo:PT04,PT04,5,3,city:2735943,city:3105976,140.0
demo:PT04_0_WD_01,demo,demo:PT04,PT04,5,3,city:2735943,city:3105976,140.0
demo:PT04_0_WE_00,demo,demo:PT04,PT04,2,3,city:2735943,city:3105976,140.0
demo:PT04_0_WE_01,demo,demo:PT04,PT04,2,3,city:2735943,city:3105976,140.0
demo:PT04_1_WD_00,demo,demo:PT04,PT04,5,3,city:3105976,city:2735943,140.0
demo:PT04_1_WD_01,demo,demo:PT04,PT04,5,3,city:3105976,city:2735943,140.0
demo:PT04_1_WE_00,demo,demo:PT04,PT04,2,3,city:3105976,city:2735943,140.0
demo:PT04_1_WE_01,demo,demo:PT04,PT04,2,3,city:3105976,city:2735943,140.0
demo:RO01_0_WD_00,demo,demo:RO01,RO01,5,3,city:683506,city:683844,160.0
demo:RO01_0_WD_01,demo,demo:RO01,RO01,5,3,city:683506,city:683844,160.0
demo:RO01_0_WD_02,demo,demo:RO01,RO01,5,3,city:683506,city:683844,160.0
demo:RO01_0_WD_03,demo,demo:RO01,RO01,5,3,city:683506,city:683844,160.0
demo:RO01_0_WD_04,demo,demo:RO01,RO01,5,3,city:683506,city:683844,160.0
demo:RO01_0_WD_05,demo,demo:RO01,RO01,5,3,city:683506,city:683844,160.0
demo:RO01_0_WD_06,demo,demo:RO01,RO01,5,3,city:683506,city:683844,160.0
demo:RO01_0_WD_07,demo,demo:RO01,RO01,5,3,city:683506,city:683844,160.0
demo:RO01_0_WD_08,demo,demo:RO01,RO01,5,3,city:683506,city:683844,160.0
demo:RO01_0_WD_09,demo,demo:RO01,RO01,5,3,city:683506,city:683844,160.0
demo:RO01_0_WE_00,demo,demo:RO01,RO01,2,3,city:683506,city:683844,160.0
demo:RO01_0_WE_01,demo,demo:RO01,RO01,2,3,city:683506,city:683844,160.0
demo:RO01_0_WE_02,demo,demo:RO01,RO01,2,3,city:683506,city:683844,160.0
demo:RO01_0_WE_03,demo,demo:RO01,RO01,2,3,city:683506,city:683844,160.0
demo:RO01_0_WE_04,demo,demo:RO01,RO01,2,3,city:683506,city:683844,160.0
demo:RO01_0_WE_05,demo,demo:RO01,RO01,2,3,city:683506,city:683844,160.0
demo:RO01_0_WE_06,demo,demo:RO01,RO01,2,3,city:683506,city:683844,160.0
demo:RO01_0_WE_07,demo,demo:RO01,RO01,2,3,city:683506,city:683844,160.0
demo:RO01_1_WD_00,demo,demo:RO01,RO01,5,3,city:683844,city:683506,160.0
demo:RO01_1_WD_01,demo,demo:RO01,RO01,5,3,city:683844,city:683506,160.0
demo:RO01_1_WD_02,demo,demo:RO01,RO01,5,3,city:683844,city:683506,160.0
demo:RO01_1_WD_03,demo,demo:RO01,RO01,5,3,city:683844,city:683506,160.0
demo:RO01_1_WD_04,demo,demo:RO01,RO01,5,3,city:683844,city:683506,160.0
demo:RO01_1_WD_05,demo,demo:RO01,RO01,5,3,city:683844,city:683506,160.0
demo:RO01_1_WD_06,demo,demo:RO01,RO01,5,3,city:683844,city:683506,160.0
demo:RO01_1_WD_07,demo,demo:RO01,RO01,5,3,city:683844,city:683506,160.0
demo:RO01_1_WD_08,demo,demo:RO01,RO01,5,3,city:683844,city:683506,160.0
demo:RO01_1_WD_09,demo,demo:RO01,RO01,5,3,city:683844,city:683506,160.0
demo:RO01_1_WE_00,demo,demo:RO01,RO01,2,3,city:683844,city:683506,160.0
demo:RO01_1_WE_01,demo,demo:RO01,RO01,2,3,city:683844,city:683506,160.0
demo:RO01_1_WE_02,demo,demo:RO01,RO01,2,3,city:683844,city:683506,160.0
demo:RO01_1_WE_03,demo,demo:RO01,RO01,2,3,city:683844,city:683506,160.0
demo:RO01_1_WE_04,demo,demo:RO01,RO01,2,3,city:683844,city:683506,160.0
demo:RO01_1_WE_05,demo,demo:RO01,RO01,2,3,city:683844,city:683506,160.0
demo:RO01_1_WE_06,demo,demo:RO01,RO01,2,3,city:683844,city:683506,160.0
demo:RO01_1_WE_07,demo,demo:RO01,RO01,2,3,city:683844,city:683506,160.0
demo:RO02_0_WD_00,demo,demo:RO02,RO02,5,2,city:683506,city:680963,140.0
demo:RO02_0_WD_01,demo,demo:RO02,RO02,5,2,city:683506,city:680963,140.0
demo:RO02_0_WD_02,demo,demo:RO02,RO02,5,2,city:683506,city:680963,140.0
demo:RO02_0_WD_03,demo,demo:RO02,RO02,5,2,city:683506,city:680963,140.0
demo:RO02_0_WD_04,demo,demo:RO02,RO02,5,2,city:683506,city:680963,140.0
demo:RO02_0_WD_05,demo,demo:RO02,RO02,5,2,city:683506,city:680963,140.0
demo:RO02_0_WD_06,demo,demo:RO02,RO02,5,2,city:683506,city:680963,140.0
demo:RO02_0_WD_07,demo,demo:RO02,RO02,5,2,city:683506,city:680963,140.0
demo:RO02_0_WD_08,demo,demo:RO02,RO02,5,2,city:683506,city:680963,140.0
demo:RO02_0_WD_09,demo,demo:RO02,RO02,5,2,city:683506,city:680963,140.0
demo:RO02_0_WE_00,demo,demo:RO02,RO02,2,2,city:683506,city:680963,140.0
demo:RO02_0_WE_01,demo,demo:RO02,RO02,2,2,city:683506,city:680963,140.0
demo:RO02_0_WE_02,demo,demo:RO02,RO02,2,2,city:683506,city:680963,140.0
demo:RO02_0_WE_03,demo,demo:RO02,RO02,2,2,city:683506,city:680963,140.0
demo:RO02_0_WE_04,demo,demo:RO02,RO02,2,2,city:683506,city:680963,140.0
demo:RO02_0_WE_05,demo,demo:RO02,RO02,2,2,city:683506,city:680963,140.0
demo:RO02_0_WE_06,demo,demo:RO02,RO02,2,2,city:683506,city:680963,140.0
demo:RO02_0_WE_07,demo,demo:RO02,RO02,2,2,city:683506,city:680963,140.0
demo:RO02_1_WD_00,demo,demo:RO02,RO02,5,2,city:680963,city:683506,140.0
demo:RO02_1_WD_01,demo,demo:RO02,RO02,5,2,city:680963,city:683506,140.0
demo:RO02_1_WD_02,demo,demo:RO02,RO02,5,2,city:680963,city:683506,140.0
demo:RO02_1_WD_03,demo,demo:RO02,RO02,5,2,city:680963,city:683506,140.0
demo:RO02_1_WD_04,demo,demo:RO02,RO02,5,2,city:680963,city:683506,140.0
demo:RO02_1_WD_05,demo,demo:RO02,RO02,5,2,city:680963,city:683506,140.0
demo:RO02_1_WD_06,demo,demo:RO02,RO02,5,2,city:680963,city:683506,140.0
demo:RO02_1_WD_07,demo,demo:RO02,RO02,5,2,city:680963,city:683506,140.0
demo:RO02_1_WD_08,demo,demo:RO02,RO02,5,2,city:680963,city:683506,140.0
demo:RO02_1_WD_09,demo,demo:RO02,RO02,5,2,city:680963,city:683506,140.0
demo:RO02_1_WE_00,demo,demo:RO02,RO02,2,2,city:680963,city:683506,140.0
demo:RO02_1_WE_01,demo,demo:RO02,RO02,2,2,city:680963,city:683506,140.0
demo:RO02_1_WE_02,demo,demo:RO02,RO02,2,2,city:680963,city:683506,140.0
demo:RO02_1_WE_03,demo,demo:RO02,RO02,2,2,city:680963,city:683506,140.0
demo:RO02_1_WE_04,demo,demo:RO02,RO02,2,2,city:680963,city:683506,140.0
demo:RO02_1_WE_05,demo,demo:RO02,RO02,2,2,city:680963,city:683506,140.0
demo:RO02_1_WE_06,demo,demo:RO02,RO02,2,2,city:680963,city:683506,140.0
demo:RO02_1_WE_07,demo,demo:RO02,RO02,2,2,city:680963,city:683506,140.0
demo:RO03_0_WD_00,demo,demo:RO03,RO03,5,2,city:683506,city:680332,170.0
demo:RO03_0_WD_01,demo,demo:RO03,RO03,5,2,city:683506,city:680332,170.0
demo:RO03_0_WD_02,demo,demo:RO03,RO03,5,2,city:683506,city:680332,170.0
demo:RO03_0_WD_03,demo,demo:RO03,RO03,5,2,city:683506,city:680332,170.0
demo:RO03_0_WD_04,demo,demo:RO03,RO03,5,2,city:683506,city:680332,170.0
demo:RO03_0_WD_05,demo,demo:RO03,RO03,5,2,city:683506,city:680332,170.0
demo:RO03_0_WE_00,demo,demo:RO03,RO03,2,2,city:683506,city:680332,170.0
demo:RO03_0_WE_01,demo,demo:RO03,RO03,2,2,city:683506,city:680332,170.0
demo:RO03_0_WE_02,demo,demo:RO03,RO03,2,2,city:683506,city:680332,170.0
demo:RO03_0_WE_03,demo,demo:RO03,RO03,2,2,city:683506,city:680332,170.0
demo:RO03_0_WE_04,demo,demo:RO03,RO03,2,2,city:683506,city:680332,170.0
demo:RO03_1_WD_00,demo,demo:RO03,RO03,5,2,city:680332,city:683506,170.0
demo:RO03_1_WD_01,demo,demo:RO03,RO03,5,2,city:680332,city:683506,170.0
demo:RO03_1_WD_02,demo,demo:RO03,RO03,5,2,city:680332,city:683506,170.0
demo:RO03_1_WD_03,demo,demo:RO03,RO03,5,2,city:680332,city:683506,170.0
demo:RO03_1_WD_04,demo,demo:RO03,RO03,5,2,city:680332,city:683506,170.0
demo:RO03_1_WD_05,demo,demo:RO03,RO03,5,2,city:680332,city:683506,170.0
demo:RO03_1_WE_00,demo,demo:RO03,RO03,2,2,city:680332,city:683506,170.0
demo:RO03_1_WE_01,demo,demo:RO03,RO03,2,2,city:680332,city:683506,170.0
demo:RO03_1_WE_02,demo,demo:RO03,RO03,2,2,city:680332,city:683506,170.0
demo:RO03_1_WE_03,demo,demo:RO03,RO03,2,2,city:680332,city:683506,170.0
demo:RO03_1_WE_04,demo,demo:RO03,RO03,2,2,city:680332,city:683506,170.0
demo:RS01_0_WD_00,demo,demo:RS01,RS01,5,2,city:792680,city:3194360,36.0
demo:RS01_0_WD_01,demo,demo:RS01,RS01,5,2,city:792680,city:3194360,36.0
demo:RS01_0_WD_02,demo,demo:RS01,RS01,5,2,city:792680,city:3194360,36.0
demo:RS01_0_WD_03,demo,demo:RS01,RS01,5,2,city:792680,city:3194360,36.0
demo:RS01_0_WD_04,demo,demo:RS01,RS01,5,2,city:792680,city:3194360,36.0
demo:RS01_0_WD_05,demo,demo:RS01,RS01,5,2,city:792680,city:3194360,36.0
demo:RS01_0_WD_06,demo,demo:RS01,RS01,5,2,city:792680,city:3194360,36.0
demo:RS01_0_WD_07,demo,demo:RS01,RS01,5,2,city:792680,city:3194360,36.0
demo:RS01_0_WD_08,demo,demo:RS01,RS01,5,2,city:792680,city:3194360,36.0
demo:RS01_0_WD_09,demo,demo:RS01,RS01,5,2,city:792680,city:3194360,36.0
demo:RS01_0_WD_10,demo,demo:RS01,RS01,5,2,city:792680,city:3194360,36.0
demo:RS01_0_WD_11,demo,demo:RS01,RS01,5,2,city:792680,city:3194360,36.0
demo:RS01_0_WD_12,demo,demo:RS01,RS01,5,2,city:792680,city:3194360,36.0
demo:RS01_0_WD_13,demo,demo:RS01,RS01,5,2,city:792680,city:3194360,36.0
demo:RS01_0_WD_14,demo,demo:RS01,RS01,5,2,city:792680,city:3194360,36.0
demo:RS01_0_WD_15,demo,demo:RS01,RS01,5,2,city:792680,city:3194360,36.0
demo:RS01_0_WD_16,demo,demo:RS01,RS01,5,2,city:792680,city:3194360,36.0
demo:RS01_0_WD_17,demo,demo:RS01,RS01,5,2,city:792680,city:3194360,36.0
demo:RS01_0_WD_18,demo,demo:RS01,RS01,5,2,city:792680,city:3194360,36.0
demo:RS01_0_WD_19,demo,demo:RS01,RS01,5,2,city:792680,city:3194360,36.0
demo:RS01_0_WD_20,demo,demo:RS01,RS01,5,2,city:792680,city:3194360,36.0
demo:RS01_0_WD_21,demo,demo:RS01,RS01,5,2,city:792680,city:3194360,36.0
demo:RS01_0_WD_22,demo,demo:RS01,RS01,5,2,city:792680,city:3194360,36.0
demo:RS01_0_WD_23,demo,demo:RS01,RS01,5,2,city:792680,city:3194360,36.0
demo:RS01_0_WD_24,demo,demo:RS01,RS01,5,2,city:792680,city:3194360,36.0
demo:RS01_0_WD_25,demo,demo:RS01,RS01,5,2,city:792680,city:3194360,36.0
demo:RS01_0_WD_26,demo,demo:RS01,RS01,5,2,city:792680,city:3194360,36.0
demo:RS01_0_WD_27,demo,demo:RS01,RS01,5,2,city:792680,city:3194360,36.0
demo:RS01_0_WD_28,demo,demo:RS01,RS01,5,2,city:792680,city:3194360,36.0
demo:RS01_0_WD_29,demo,demo:RS01,RS01,5,2,city:792680,city:3194360,36.0
demo:RS01_0_WD_30,demo,demo:RS01,RS01,5,2,city:792680,city:3194360,36.0
demo:RS01_0_WD_31,demo,demo:RS01,RS01,5,2,city:792680,city:3194360,36.0
demo:RS01_0_WE_00,demo,demo:RS01,RS01,2,2,city:792680,city:3194360,36.0
demo:RS01_0_WE_01,demo,demo:RS01,RS01,2,2,city:792680,city:3194360,36.0
demo:RS01_0_WE_02,demo,demo:RS01,RS01,2,2,city:792680,city:3194360,36.0
demo:RS01_0_WE_03,demo,demo:RS01,RS01,2,2,city:792680,city:3194360,36.0
demo:RS01_0_WE_04,demo,demo:RS01,RS01,2,2,city:792680,city:3194360,36.0
demo:RS01_0_WE_05,demo,demo:RS01,RS01,2,2,city:792680,city:3194360,36.0
demo:RS01_0_WE_06,demo,demo:RS01,RS01,2,2,city:792680,city:3194360,36.0
demo:RS01_0_WE_07,demo,demo:RS01,RS01,2,2,city:792680,city:3194360,36.0
demo:RS01_0_WE_08,demo,demo:RS01,RS01,2,2,city:792680,city:3194360,36.0
demo:RS01_0_WE_09,demo,demo:RS01,RS01,2,2,city:792680,city:3194360,36.0
demo:RS01_0_WE_10,demo,demo:RS01,RS01,2,2,city:792680,city:3194360,36.0
demo:RS01_0_WE_11,demo,demo:RS01,RS01,2,2,city:792680,city:3194360,36.0
demo:RS01_0_WE_12,demo,demo:RS01,RS01,2,2,city:792680,city:3194360,36.0
demo:RS01_0_WE_13,demo,demo:RS01,RS01,2,2,city:792680,city:3194360,36.0
demo:RS01_0_WE_14,demo,demo:RS01,RS01,2,2,city:792680,city:3194360,36.0
demo:RS01_0_WE_15,demo,demo:RS01,RS01,2,2,city:792680,city:3194360,36.0
demo:RS01_0_WE_16,demo,demo:RS01,RS01,2,2,city:792680,city:3194360,36.0
demo:RS01_0_WE_17,demo,demo:RS01,RS01,2,2,city:792680,city:3194360,36.0
demo:RS01_0_WE_18,demo,demo:RS01,RS01,2,2,city:792680,city:3194360,36.0
demo:RS01_0_WE_19,demo,demo:RS01,RS01,2,2,city:792680,city:3194360,36.0
demo:RS01_0_WE_20,demo,demo:RS01,RS01,2,2,city:792680,city:3194360,36.0
demo:RS01_0_WE_21,demo,demo:RS01,RS01,2,2,city:792680,city:3194360,36.0
demo:RS01_0_WE_22,demo,demo:RS01,RS01,2,2,city:792680,city:3194360,36.0
demo:RS01_0_WE_23,demo,demo:RS01,RS01,2,2,city:792680,city:3194360,36.0
demo:RS01_0_WE_24,demo,demo:RS01,RS01,2,2,city:792680,city:3194360,36.0
demo:RS01_0_WE_25,demo,demo:RS01,RS01,2,2,city:792680,city:3194360,36.0
demo:RS01_0_WE_26,demo,demo:RS01,RS01,2,2,city:792680,city:3194360,36.0
demo:RS01_1_WD_00,demo,demo:RS01,RS01,5,2,city:3194360,city:792680,36.0
demo:RS01_1_WD_01,demo,demo:RS01,RS01,5,2,city:3194360,city:792680,36.0
demo:RS01_1_WD_02,demo,demo:RS01,RS01,5,2,city:3194360,city:792680,36.0
demo:RS01_1_WD_03,demo,demo:RS01,RS01,5,2,city:3194360,city:792680,36.0
demo:RS01_1_WD_04,demo,demo:RS01,RS01,5,2,city:3194360,city:792680,36.0
demo:RS01_1_WD_05,demo,demo:RS01,RS01,5,2,city:3194360,city:792680,36.0
demo:RS01_1_WD_06,demo,demo:RS01,RS01,5,2,city:3194360,city:792680,36.0
demo:RS01_1_WD_07,demo,demo:RS01,RS01,5,2,city:3194360,city:792680,36.0
demo:RS01_1_WD_08,demo,demo:RS01,RS01,5,2,city:3194360,city:792680,36.0
demo:RS01_1_WD_09,demo,demo:RS01,RS01,5,2,city:3194360,city:792680,36.0
demo:RS01_1_WD_10,demo,demo:RS01,RS01,5,2,city:3194360,city:792680,36.0
demo:RS01_1_WD_11,demo,demo:RS01,RS01,5,2,city:3194360,city:792680,36.0
demo:RS01_1_WD_12,demo,demo:RS01,RS01,5,2,city:3194360,city:792680,36.0
demo:RS01_1_WD_13,demo,demo:RS01,RS01,5,2,city:3194360,city:792680,36.0
demo:RS01_1_WD_14,demo,demo:RS01,RS01,5,2,city:3194360,city:792680,36.0
demo:RS01_1_WD_15,demo,demo:RS01,RS01,5,2,city:3194360,city:792680,36.0
demo:RS01_1_WD_16,demo,demo:RS01,RS01,5,2,city:3194360,city:792680,36.0
demo:RS01_1_WD_17,demo,demo:RS01,RS01,5,2,city:3194360,city:792680,36.0
demo:RS01_1_WD_18,demo,demo:RS01,RS01,5,2,city:3194360,city:792680,36.0
demo:RS01_1_WD_19,demo,demo:RS01,RS01,5,2,city:3194360,city:792680,36.0
demo:RS01_1_WD_20,demo,demo:RS01,RS01,5,2,city:3194360,city:792680,36.0
demo:RS01_1_WD_21,demo,demo:RS01,RS01,5,2,city:3194360,city:792680,36.0
demo:RS01_1_WD_22,demo,demo:RS01,RS01,5,2,city:3194360,city:792680,36.0
demo:RS01_1_WD_23,demo,demo:RS01,RS01,5,2,city:3194360,city:792680,36.0
demo:RS01_1_WD_24,demo,demo:RS01,RS01,5,2,city:3194360,city:792680,36.0
demo:RS01_1_WD_25,demo,demo:RS01,RS01,5,2,city:3194360,city:792680,36.0
demo:RS01_1_WD_26,demo,demo:RS01,RS01,5,2,city:3194360,city:792680,36.0
demo:RS01_1_WD_27,demo,demo:RS01,RS01,5,2,city:3194360,city:792680,36.0
demo:RS01_1_WD_28,demo,demo:RS01,RS01,5,2,city:3194360,city:792680,36.0
demo:RS01_1_WD_29,demo,demo:RS01,RS01,5,2,city:3194360,city:792680,36.0
demo:RS01_1_WD_30,demo,demo:RS01,RS01,5,2,city:3194360,city:792680,36.0
demo:RS01_1_WD_31,demo,demo:RS01,RS01,5,2,city:3194360,city:792680,36.0
demo:RS01_1_WE_00,demo,demo:RS01,RS01,2,2,city:3194360,city:792680,36.0
demo:RS01_1_WE_01,demo,demo:RS01,RS01,2,2,city:3194360,city:792680,36.0
demo:RS01_1_WE_02,demo,demo:RS01,RS01,2,2,city:3194360,city:792680,36.0
demo:RS01_1_WE_03,demo,demo:RS01,RS01,2,2,city:3194360,city:792680,36.0
demo:RS01_1_WE_04,demo,demo:RS01,RS01,2,2,city:3194360,city:792680,36.0
demo:RS01_1_WE_05,demo,demo:RS01,RS01,2,2,city:3194360,city:792680,36.0
demo:RS01_1_WE_06,demo,demo:RS01,RS01,2,2,city:3194360,city:792680,36.0
demo:RS01_1_WE_07,demo,demo:RS01,RS01,2,2,city:3194360,city:792680,36.0
demo:RS01_1_WE_08,demo,demo:RS01,RS01,2,2,city:3194360,city:792680,36.0
demo:RS01_1_WE_09,demo,demo:RS01,RS01,2,2,city:3194360,city:792680,36.0
demo:RS01_1_WE_10,demo,demo:RS01,RS01,2,2,city:3194360,city:792680,36.0
demo:RS01_1_WE_11,demo,demo:RS01,RS01,2,2,city:3194360,city:792680,36.0
demo:RS01_1_WE_12,demo,demo:RS01,RS01,2,2,city:3194360,city:792680,36.0
demo:RS01_1_WE_13,demo,demo:RS01,RS01,2,2,city:3194360,city:792680,36.0
demo:RS01_1_WE_14,demo,demo:RS01,RS01,2,2,city:3194360,city:792680,36.0
demo:RS01_1_WE_15,demo,demo:RS01,RS01,2,2,city:3194360,city:792680,36.0
demo:RS01_1_WE_16,demo,demo:RS01,RS01,2,2,city:3194360,city:792680,36.0
demo:RS01_1_WE_17,demo,demo:RS01,RS01,2,2,city:3194360,city:792680,36.0
demo:RS01_1_WE_18,demo,demo:RS01,RS01,2,2,city:3194360,city:792680,36.0
demo:RS01_1_WE_19,demo,demo:RS01,RS01,2,2,city:3194360,city:792680,36.0
demo:RS01_1_WE_20,demo,demo:RS01,RS01,2,2,city:3194360,city:792680,36.0
demo:RS01_1_WE_21,demo,demo:RS01,RS01,2,2,city:3194360,city:792680,36.0
demo:RS01_1_WE_22,demo,demo:RS01,RS01,2,2,city:3194360,city:792680,36.0
demo:RS01_1_WE_23,demo,demo:RS01,RS01,2,2,city:3194360,city:792680,36.0
demo:RS01_1_WE_24,demo,demo:RS01,RS01,2,2,city:3194360,city:792680,36.0
demo:RS01_1_WE_25,demo,demo:RS01,RS01,2,2,city:3194360,city:792680,36.0
demo:RS01_1_WE_26,demo,demo:RS01,RS01,2,2,city:3194360,city:792680,36.0
demo:SE01_0_WD_00,demo,demo:SE01,SE01,5,11,city:2618425,city:2673730,316.0
demo:SE01_0_WD_01,demo,demo:SE01,SE01,5,11,city:2618425,city:2673730,314.0
demo:SE01_0_WD_02,demo,demo:SE01,SE01,5,11,city:2618425,city:2673730,316.0
demo:SE01_0_WD_03,demo,demo:SE01,SE01,5,11,city:2618425,city:2673730,314.0
demo:SE01_0_WD_04,demo,demo:SE01,SE01,5,11,city:2618425,city:2673730,316.0
demo:SE01_0_WD_05,demo,demo:SE01,SE01,5,11,city:2618425,city:2673730,314.0
demo:SE01_0_WE_00,demo,demo:SE01,SE01,2,11,city:2618425,city:2673730,315.0
demo:SE01_0_WE_01,demo,demo:SE01,SE01,2,11,city:2618425,city:2673730,315.0
demo:SE01_0_WE_02,demo,demo:SE01,SE01,2,11,city:2618425,city:2673730,315.0
demo:SE01_0_WE_03,demo,demo:SE01,SE01,2,11,city:2618425,city:2673730,315.0
demo:SE01_0_WE_04,demo,demo:SE01,SE01,2,11,city:2618425,city:2673730,315.0
demo:SE01_1_WD_00,demo,demo:SE01,SE01,5,11,city:2673730,city:2618425,316.0
demo:SE01_1_WD_01,demo,demo:SE01,SE01,5,11,city:2673730,city:2618425,314.0
demo:SE01_1_WD_02,demo,demo:SE01,SE01,5,11,city:2673730,city:2618425,316.0
demo:SE01_1_WD_03,demo,demo:SE01,SE01,5,11,city:2673730,city:2618425,314.0
demo:SE01_1_WD_04,demo,demo:SE01,SE01,5,11,city:2673730,city:2618425,316.0
demo:SE01_1_WD_05,demo,demo:SE01,SE01,5,11,city:2673730,city:2618425,314.0
demo:SE01_1_WE_00,demo,demo:SE01,SE01,2,11,city:2673730,city:2618425,315.0
demo:SE01_1_WE_01,demo,demo:SE01,SE01,2,11,city:2673730,city:2618425,315.0
demo:SE01_1_WE_02,demo,demo:SE01,SE01,2,11,city:2673730,city:2618425,315.0
demo:SE01_1_WE_03,demo,demo:SE01,SE01,2,11,city:2673730,city:2618425,315.0
demo:SE01_1_WE_04,demo,demo:SE01,SE01,2,11,city:2673730,city:2618425,315.0
demo:SE02_0_WD_00,demo,demo:SE02,SE02,5,9,city:2692969,city:2673730,270.0
demo:SE02_0_WD_01,demo,demo:SE02,SE02,5,9,city:2692969,city:2673730,270.0
demo:SE02_0_WD_02,demo,demo:SE02,SE02,5,9,city:2692969,city:2673730,270.0
demo:SE02_0_WD_03,demo,demo:SE02,SE02,5,9,city:2692969,city:2673730,270.0
demo:SE02_0_WD_04,demo,demo:SE02,SE02,5,9,city:2692969,city:2673730,270.0
demo:SE02_0_WD_05,demo,demo:SE02,SE02,5,9,city:2692969,city:2673730,270.0
demo:SE02_0_WD_06,demo,demo:SE02,SE02,5,9,city:2692969,city:2673730,270.0
demo:SE02_0_WD_07,demo,demo:SE02,SE02,5,9,city:2692969,city:2673730,270.0
demo:SE02_0_WD_08,demo,demo:SE02,SE02,5,9,city:2692969,city:2673730,270.0
demo:SE02_0_WD_09,demo,demo:SE02,SE02,5,9,city:2692969,city:2673730,270.0
demo:SE02_0_WD_10,demo,demo:SE02,SE02,5,9,city:2692969,city:2673730,270.0
demo:SE02_0_WD_11,demo,demo:SE02,SE02,5,9,city:2692969,city:2673730,270.0
demo:SE02_0_WE_00,demo,demo:SE02,SE02,2,9,city:2692969,city:2673730,270.0
demo:SE02_0_WE_01,demo,demo:SE02,SE02,2,9,city:2692969,city:2673730,270.0
demo:SE02_0_WE_02,demo,demo:SE02,SE02,2,9,city:2692969,city:2673730,270.0
demo:SE02_0_WE_03,demo,demo:SE02,SE02,2,9,city:2692969,city:2673730,270.0
demo:SE02_0_WE_04,demo,demo:SE02,SE02,2,9,city:2692969,city:2673730,270.0
demo:SE02_0_WE_05,demo,demo:SE02,SE02,2,9,city:2692969,city:2673730,270.0
demo:SE02_0_WE_06,demo,demo:SE02,SE02,2,9,city:2692969,city:2673730,270.0
demo:SE02_0_WE_07,demo,demo:SE02,SE02,2,9,city:2692969,city:2673730,270.0
demo:SE02_0_WE_08,demo,demo:SE02,SE02,2,9,city:2692969,city:2673730,270.0
demo:SE02_0_WE_09,demo,demo:SE02,SE02,2,9,city:2692969,city:2673730,270.0
demo:SE02_1_WD_00,demo,demo:SE02,SE02,5,9,city:2673730,city:2692969,270.0
demo:SE02_1_WD_01,demo,demo:SE02,SE02,5,9,city:2673730,city:2692969,270.0
demo:SE02_1_WD_02,demo,demo:SE02,SE02,5,9,city:2673730,city:2692969,270.0
demo:SE02_1_WD_03,demo,demo:SE02,SE02,5,9,city:2673730,city:2692969,270.0
demo:SE02_1_WD_04,demo,demo:SE02,SE02,5,9,city:2673730,city:2692969,270.0
demo:SE02_1_WD_05,demo,demo:SE02,SE02,5,9,city:2673730,city:2692969,270.0
demo:SE02_1_WD_06,demo,demo:SE02,SE02,5,9,city:2673730,city:2692969,270.0
demo:SE02_1_WD_07,demo,demo:SE02,SE02,5,9,city:2673730,city:2692969,270.0
demo:SE02_1_WD_08,demo,demo:SE02,SE02,5,9,city:2673730,city:2692969,270.0
demo:SE02_1_WD_09,demo,demo:SE02,SE02,5,9,city:2673730,city:2692969,270.0
demo:SE02_1_WD_10,demo,demo:SE02,SE02,5,9,city:2673730,city:2692969,270.0
demo:SE02_1_WD_11,demo,demo:SE02,SE02,5,9,city:2673730,city:2692969,270.0
demo:SE02_1_WE_00,demo,demo:SE02,SE02,2,9,city:2673730,city:2692969,270.0
demo:SE02_1_WE_01,demo,demo:SE02,SE02,2,9,city:2673730,city:2692969,270.0
demo:SE02_1_WE_02,demo,demo:SE02,SE02,2,9,city:2673730,city:2692969,270.0
demo:SE02_1_WE_03,demo,demo:SE02,SE02,2,9,city:2673730,city:2692969,270.0
demo:SE02_1_WE_04,demo,demo:SE02,SE02,2,9,city:2673730,city:2692969,270.0
demo:SE02_1_WE_05,demo,demo:SE02,SE02,2,9,city:2673730,city:2692969,270.0
demo:SE02_1_WE_06,demo,demo:SE02,SE02,2,9,city:2673730,city:2692969,270.0
demo:SE02_1_WE_07,demo,demo:SE02,SE02,2,9,city:2673730,city:2692969,270.0
demo:SE02_1_WE_08,demo,demo:SE02,SE02,2,9,city:2673730,city:2692969,270.0
demo:SE02_1_WE_09,demo,demo:SE02,SE02,2,9,city:2673730,city:2692969,270.0
demo:SE03_0_WD_00,demo,demo:SE03,SE03,5,8,city:2673730,city:2711537,185.0
demo:SE03_0_WD_01,demo,demo:SE03,SE03,5,8,city:2673730,city:2711537,185.0
demo:SE03_0_WD_02,demo,demo:SE03,SE03,5,8,city:2673730,city:2711537,185.0
demo:SE03_0_WD_03,demo,demo:SE03,SE03,5,8,city:2673730,city:2711537,185.0
demo:SE03_0_WD_04,demo,demo:SE03,SE03,5,8,city:2673730,city:2711537,185.0
demo:SE03_0_WD_05,demo,demo:SE03,SE03,5,8,city:2673730,city:2711537,185.0
demo:SE03_0_WD_06,demo,demo:SE03,SE03,5,8,city:2673730,city:2711537,185.0
demo:SE03_0_WD_07,demo,demo:SE03,SE03,5,8,city:2673730,city:2711537,185.0
demo:SE03_0_WD_08,demo,demo:SE03,SE03,5,8,city:2673730,city:2711537,185.0
demo:SE03_0_WD_09,demo,demo:SE03,SE03,5,8,city:2673730,city:2711537,185.0
demo:SE03_0_WD_10,demo,demo:SE03,SE03,5,8,city:2673730,city:2711537,185.0
demo:SE03_0_WD_11,demo,demo:SE03,SE03,5,8,city:2673730,city:2711537,185.0
demo:SE03_0_WD_12,demo,demo:SE03,SE03,5,8,city:2673730,city:2711537,185.0
demo:SE03_0_WD_13,demo,demo:SE03,SE03,5,8,city:2673730,city:2711537,185.0
demo:SE03_0_WD_14,demo,demo:SE03,SE03,5,8,city:2673730,city:2711537,185.0
demo:SE03_0_WD_15,demo,demo:SE03,SE03,5,8,city:2673730,city:2711537,185.0
demo:SE03_0_WE_00,demo,demo:SE03,SE03,2,8,city:2673730,city:2711537,185.0
demo:SE03_0_WE_01,demo,demo:SE03,SE03,2,8,city:2673730,city:2711537,185.0
demo:SE03_0_WE_02,demo,demo:SE03,SE03,2,8,city:2673730,city:2711537,185.0
demo:SE03_0_WE_03,demo,demo:SE03,SE03,2,8,city:2673730,city:2711537,184.0
demo:SE03_0_WE_04,demo,demo:SE03,SE03,2,8,city:2673730,city:2711537,185.0
demo:SE03_0_WE_05,demo,demo:SE03,SE03,2,8,city:2673730,city:2711537,185.0
demo:SE03_0_WE_06,demo,demo:SE03,SE03,2,8,city:2673730,city:2711537,185.0
demo:SE03_0_WE_07,demo,demo:SE03,SE03,2,8,city:2673730,city:2711537,185.0
demo:SE03_0_WE_08,demo,demo:SE03,SE03,2,8,city:2673730,city:2711537,185.0
demo:SE03_0_WE_09,demo,demo:SE03,SE03,2,8,city:2673730,city:2711537,185.0
demo:SE03_0_WE_10,demo,demo:SE03,SE03,2,8,city:2673730,city:2711537,186.0
demo:SE03_0_WE_11,demo,demo:SE03,SE03,2,8,city:2673730,city:2711537,185.0
demo:SE03_0_WE_12,demo,demo:SE03,SE03,2,8,city:2673730,city:2711537,185.0
demo:SE03_0_WE_13,demo,demo:SE03,SE03,2,8,city:2673730,city:2711537,185.0
demo:SE03_1_WD_00,demo,demo:SE03,SE03,5,8,city:2711537,city:2673730,185.0
demo:SE03_1_WD_01,demo,demo:SE03,SE03,5,8,city:2711537,city:2673730,185.0
demo:SE03_1_WD_02,demo,demo:SE03,SE03,5,8,city:2711537,city:2673730,185.0
demo:SE03_1_WD_03,demo,demo:SE03,SE03,5,8,city:2711537,city:2673730,185.0
demo:SE03_1_WD_04,demo,demo:SE03,SE03,5,8,city:2711537,city:2673730,185.0
demo:SE03_1_WD_05,demo,demo:SE03,SE03,5,8,city:2711537,city:2673730,185.0
demo:SE03_1_WD_06,demo,demo:SE03,SE03,5,8,city:2711537,city:2673730,185.0
demo:SE03_1_WD_07,demo,demo:SE03,SE03,5,8,city:2711537,city:2673730,185.0
demo:SE03_1_WD_08,demo,demo:SE03,SE03,5,8,city:2711537,city:2673730,185.0
demo:SE03_1_WD_09,demo,demo:SE03,SE03,5,8,city:2711537,city:2673730,185.0
demo:SE03_1_WD_10,demo,demo:SE03,SE03,5,8,city:2711537,city:2673730,185.0
demo:SE03_1_WD_11,demo,demo:SE03,SE03,5,8,city:2711537,city:2673730,185.0
demo:SE03_1_WD_12,demo,demo:SE03,SE03,5,8,city:2711537,city:2673730,185.0
demo:SE03_1_WD_13,demo,demo:SE03,SE03,5,8,city:2711537,city:2673730,185.0
demo:SE03_1_WD_14,demo,demo:SE03,SE03,5,8,city:2711537,city:2673730,185.0
demo:SE03_1_WD_15,demo,demo:SE03,SE03,5,8,city:2711537,city:2673730,185.0
demo:SE03_1_WE_00,demo,demo:SE03,SE03,2,8,city:2711537,city:2673730,185.0
demo:SE03_1_WE_01,demo,demo:SE03,SE03,2,8,city:2711537,city:2673730,185.0
demo:SE03_1_WE_02,demo,demo:SE03,SE03,2,8,city:2711537,city:2673730,185.0
demo:SE03_1_WE_03,demo,demo:SE03,SE03,2,8,city:2711537,city:2673730,184.0
demo:SE03_1_WE_04,demo,demo:SE03,SE03,2,8,city:2711537,city:2673730,185.0
demo:SE03_1_WE_05,demo,demo:SE03,SE03,2,8,city:2711537,city:2673730,185.0
demo:SE03_1_WE_06,demo,demo:SE03,SE03,2,8,city:2711537,city:2673730,185.0
demo:SE03_1_WE_07,demo,demo:SE03,SE03,2,8,city:2711537,city:2673730,185.0
demo:SE03_1_WE_08,demo,demo:SE03,SE03,2,8,city:2711537,city:2673730,185.0
demo:SE03_1_WE_09,demo,demo:SE03,SE03,2,8,city:2711537,city:2673730,185.0
demo:SE03_1_WE_10,demo,demo:SE03,SE03,2,8,city:2711537,city:2673730,186.0
demo:SE03_1_WE_11,demo,demo:SE03,SE03,2,8,city:2711537,city:2673730,185.0
demo:SE03_1_WE_12,demo,demo:SE03,SE03,2,8,city:2711537,city:2673730,185.0
demo:SE03_1_WE_13,demo,demo:SE03,SE03,2,8,city:2711537,city:2673730,185.0
demo:SE04_0_WD_00,demo,demo:SE04,SE04,5,8,city:2618425,city:2711537,210.0
demo:SE04_0_WD_01,demo,demo:SE04,SE04,5,8,city:2618425,city:2711537,210.0
demo:SE04_0_WD_02,demo,demo:SE04,SE04,5,8,city:2618425,city:2711537,210.0
demo:SE04_0_WD_03,demo,demo:SE04,SE04,5,8,city:2618425,city:2711537,210.0
demo:SE04_0_WD_04,demo,demo:SE04,SE04,5,8,city:2618425,city:2711537,210.0
demo:SE04_0_WD_05,demo,demo:SE04,SE04,5,8,city:2618425,city:2711537,210.0
demo:SE04_0_WD_06,demo,demo:SE04,SE04,5,8,city:2618425,city:2711537,210.0
demo:SE04_0_WD_07,demo,demo:SE04,SE04,5,8,city:2618425,city:2711537,210.0
demo:SE04_0_WD_08,demo,demo:SE04,SE04,5,8,city:2618425,city:2711537,210.0
demo:SE04_0_WD_09,demo,demo:SE04,SE04,5,8,city:2618425,city:2711537,210.0
demo:SE04_0_WD_10,demo,demo:SE04,SE04,5,8,city:2618425,city:2711537,210.0
demo:SE04_0_WD_11,demo,demo:SE04,SE04,5,8,city:2618425,city:2711537,210.0
demo:SE04_0_WD_12,demo,demo:SE04,SE04,5,8,city:2618425,city:2711537,210.0
demo:SE04_0_WD_13,demo,demo:SE04,SE04,5,8,city:2618425,city:2711537,210.0
demo:SE04_0_WD_14,demo,demo:SE04,SE04,5,8,city:2618425,city:2711537,210.0
demo:SE04_0_WD_15,demo,demo:SE04,SE04,5,8,city:2618425,city:2711537,210.0
demo:SE04_0_WE_00,demo,demo:SE04,SE04,2,8,city:2618425,city:2711537,210.0
demo:SE04_0_WE_01,demo,demo:SE04,SE04,2,8,city:2618425,city:2711537,210.0
demo:SE04_0_WE_02,demo,demo:SE04,SE04,2,8,city:2618425,city:2711537,210.0
demo:SE04_0_WE_03,demo,demo:SE04,SE04,2,8,city:2618425,city:2711537,210.0
demo:SE04_0_WE_04,demo,demo:SE04,SE04,2,8,city:2618425,city:2711537,210.0
demo:SE04_0_WE_05,demo,demo:SE04,SE04,2,8,city:2618425,city:2711537,210.0
demo:SE04_0_WE_06,demo,demo:SE04,SE04,2,8,city:2618425,city:2711537,210.0
demo:SE04_0_WE_07,demo,demo:SE04,SE04,2,8,city:2618425,city:2711537,210.0
demo:SE04_0_WE_08,demo,demo:SE04,SE04,2,8,city:2618425,city:2711537,210.0
demo:SE04_0_WE_09,demo,demo:SE04,SE04,2,8,city:2618425,city:2711537,210.0
demo:SE04_0_WE_10,demo,demo:SE04,SE04,2,8,city:2618425,city:2711537,210.0
demo:SE04_0_WE_11,demo,demo:SE04,SE04,2,8,city:2618425,city:2711537,210.0
demo:SE04_0_WE_12,demo,demo:SE04,SE04,2,8,city:2618425,city:2711537,210.0
demo:SE04_0_WE_13,demo,demo:SE04,SE04,2,8,city:2618425,city:2711537,210.0
demo:SE04_1_WD_00,demo,demo:SE04,SE04,5,8,city:2711537,city:2618425,210.0
demo:SE04_1_WD_01,demo,demo:SE04,SE04,5,8,city:2711537,city:2618425,210.0
demo:SE04_1_WD_02,demo,demo:SE04,SE04,5,8,city:2711537,city:2618425,210.0
demo:SE04_1_WD_03,demo,demo:SE04,SE04,5,8,city:2711537,city:2618425,210.0
demo:SE04_1_WD_04,demo,demo:SE04,SE04,5,8,city:2711537,city:2618425,210.0
demo:SE04_1_WD_05,demo,demo:SE04,SE04,5,8,city:2711537,city:2618425,210.0
demo:SE04_1_WD_06,demo,demo:SE04,SE04,5,8,city:2711537,city:2618425,210.0
demo:SE04_1_WD_07,demo,demo:SE04,SE04,5,8,city:2711537,city:2618425,210.0
demo:SE04_1_WD_08,demo,demo:SE04,SE04,5,8,city:2711537,city:2618425,210.0
demo:SE04_1_WD_09,demo,demo:SE04,SE04,5,8,city:2711537,city:2618425,210.0
demo:SE04_1_WD_10,demo,demo:SE04,SE04,5,8,city:2711537,city:2618425,210.0
demo:SE04_1_WD_11,demo,demo:SE04,SE04,5,8,city:2711537,city:2618425,210.0
demo:SE04_1_WD_12,demo,demo:SE04,SE04,5,8,city:2711537,city:2618425,210.0
demo:SE04_1_WD_13,demo,demo:SE04,SE04,5,8,city:2711537,city:2618425,210.0
demo:SE04_1_WD_14,demo,demo:SE04,SE04,5,8,city:2711537,city:2618425,210.0
demo:SE04_1_WD_15,demo,demo:SE04,SE04,5,8,city:2711537,city:2618425,210.0
demo:SE04_1_WE_00,demo,demo:SE04,SE04,2,8,city:2711537,city:2618425,210.0
demo:SE04_1_WE_01,demo,demo:SE04,SE04,2,8,city:2711537,city:2618425,210.0
demo:SE04_1_WE_02,demo,demo:SE04,SE04,2,8,city:2711537,city:2618425,210.0
demo:SE04_1_WE_03,demo,demo:SE04,SE04,2,8,city:2711537,city:2618425,210.0
demo:SE04_1_WE_04,demo,demo:SE04,SE04,2,8,city:2711537,city:2618425,210.0
demo:SE04_1_WE_05,demo,demo:SE04,SE04,2,8,city:2711537,city:2618425,210.0
demo:SE04_1_WE_06,demo,demo:SE04,SE04,2,8,city:2711537,city:2618425,210.0
demo:SE04_1_WE_07,demo,demo:SE04,SE04,2,8,city:2711537,city:2618425,210.0
demo:SE04_1_WE_08,demo,demo:SE04,SE04,2,8,city:2711537,city:2618425,210.0
demo:SE04_1_WE_09,demo,demo:SE04,SE04,2,8,city:2711537,city:2618425,210.0
demo:SE04_1_WE_10,demo,demo:SE04,SE04,2,8,city:2711537,city:2618425,210.0
demo:SE04_1_WE_11,demo,demo:SE04,SE04,2,8,city:2711537,city:2618425,210.0
demo:SE04_1_WE_12,demo,demo:SE04,SE04,2,8,city:2711537,city:2618425,210.0
demo:SE04_1_WE_13,demo,demo:SE04,SE04,2,8,city:2711537,city:2618425,210.0
demo:SE05_0_WD_00,demo,demo:SE05,SE05,5,4,city:2618425,city:2693678,47.0
demo:SE05_0_WD_01,demo,demo:SE05,SE05,5,4,city:2618425,city:2693678,47.0
demo:SE05_0_WD_02,demo,demo:SE05,SE05,5,4,city:2618425,city:2693678,47.0
demo:SE05_0_WD_03,demo,demo:SE05,SE05,5,4,city:2618425,city:2693678,47.0
demo:SE05_0_WD_04,demo,demo:SE05,SE05,5,4,city:2618425,city:2693678,47.0
demo:SE05_0_WD_05,demo,demo:SE05,SE05,5,4,city:2618425,city:2693678,47.0
demo:SE05_0_WD_06,demo,demo:SE05,SE05,5,4,city:2618425,city:2693678,47.0
demo:SE05_0_WD_07,demo,demo:SE05,SE05,5,4,city:2618425,city:2693678,47.0
demo:SE05_0_WD_08,demo,demo:SE05,SE05,5,4,city:2618425,city:2693678,47.0
demo:SE05_0_WD_09,demo,demo:SE05,SE05,5,4,city:2618425,city:2693678,47.0
demo:SE05_0_WD_10,demo,demo:SE05,SE05,5,4,city:2618425,city:2693678,47.0
demo:SE05_0_WD_11,demo,demo:SE05,SE05,5,4,city:2618425,city:2693678,47.0
demo:SE05_0_WD_12,demo,demo:SE05,SE05,5,4,city:2618425,city:2693678,47.0
demo:SE05_0_WD_13,demo,demo:SE05,SE05,5,4,city:2618425,city:2693678,47.0
demo:SE05_0_WD_14,demo,demo:SE05,SE05,5,4,city:2618425,city:2693678,47.0
demo:SE05_0_WD_15,demo,demo:SE05,SE05,5,4,city:2618425,city:2693678,47.0
demo:SE05_0_WD_16,demo,demo:SE05,SE05,5,4,city:2618425,city:2693678,47.0
demo:SE05_0_WD_17,demo,demo:SE05,SE05,5,4,city:2618425,city:2693678,47.0
demo:SE05_0_WD_18,demo,demo:SE05,SE05,5,4,city:2618425,city:2693678,47.0
demo:SE05_0_WD_19,demo,demo:SE05,SE05,5,4,city:2618425,city:2693678,47.0
demo:SE05_0_WD_20,demo,demo:SE05,SE05,5,4,city:2618425,city:2693678,47.0
demo:SE05_0_WD_21,demo,demo:SE05,SE05,5,4,city:2618425,city:2693678,47.0
demo:SE05_0_WD_22,demo,demo:SE05,SE05,5,4,city:2618425,city:2693678,47.0
demo:SE05_0_WD_23,demo,demo:SE05,SE05,5,4,city:2618425,city:2693678,47.0
demo:SE05_0_WD_24,demo,demo:SE05,SE05,5,4,city:2618425,city:2693678,47.0
demo:SE05_0_WD_25,demo,demo:SE05,SE05,5,4,city:2618425,city:2693678,47.0
demo:SE05_0_WD_26,demo,demo:SE05,SE05,5,4,city:2618425,city:2693678,47.0
demo:SE05_0_WD_27,demo,demo:SE05,SE05,5,4,city:2618425,city:2693678,47.0
demo:SE05_0_WD_28,demo,demo:SE05,SE05,5,4,city:2618425,city:2693678,47.0
demo:SE05_0_WD_29,demo,demo:SE05,SE05,5,4,city:2618425,city:2693678,47.0
demo:SE05_0_WD_30,demo,demo:SE05,SE05,5,4,city:2618425,city:2693678,47.0
demo:SE05_0_WD_31,demo,demo:SE05,SE05,5,4,city:2618425,city:2693678,47.0
demo:SE05_0_WD_32,demo,demo:SE05,SE05,5,4,city:2618425,city:2693678,47.0
demo:SE05_0_WD_33,demo,demo:SE05,SE05,5,4,city:2618425,city:2693678,47.0
demo:SE05_0_WD_34,demo,demo:SE05,SE05,5,4,city:2618425,city:2693678,47.0
demo:SE05_0_WD_35,demo,demo:SE05,SE05,5,4,city:2618425,city:2693678,47.0
demo:SE05_0_WD_36,demo,demo:SE05,SE05,5,4,city:2618425,city:2693678,47.0
demo:SE05_0_WD_37,demo,demo:SE05,SE05,5,4,city:2618425,city:2693678,47.0
demo:SE05_0_WD_38,demo,demo:SE05,SE05,5,4,city:2618425,city:2693678,47.0
demo:SE05_0_WD_39,demo,demo:SE05,SE05,5,4,city:2618425,city:2693678,47.0
demo:SE05_0_WD_40,demo,demo:SE05,SE05,5,4,city:2618425,city:2693678,47.0
demo:SE05_0_WD_41,demo,demo:SE05,SE05,5,4,city:2618425,city:2693678,47.0
demo:SE05_0_WD_42,demo,demo:SE05,SE05,5,4,city:2618425,city:2693678,47.0
demo:SE05_0_WD_43,demo,demo:SE05,SE05,5,4,city:2618425,city:2693678,47.0
demo:SE05_0_WD_44,demo,demo:SE05,SE05,5,4,city:2618425,city:2693678,47.0
demo:SE05_0_WD_45,demo,demo:SE05,SE05,5,4,city:2618425,city:2693678,47.0
demo:SE05_0_WD_46,demo,demo:SE05,SE05,5,4,city:2618425,city:2693678,47.0
demo:SE05_0_WD_47,demo,demo:SE05,SE05,5,4,city:2618425,city:2693678,47.0
demo:SE05_0_WE_00,demo,demo:SE05,SE05,2,4,city:2618425,city:2693678,47.0
demo:SE05_0_WE_01,demo,demo:SE05,SE05,2,4,city:2618425,city:2693678,47.0
demo:SE05_0_WE_02,demo,demo:SE05,SE05,2,4,city:2618425,city:2693678,47.0
demo:SE05_0_WE_03,demo,demo:SE05,SE05,2,4,city:2618425,city:2693678,47.0
demo:SE05_0_WE_04,demo,demo:SE05,SE05,2,4,city:2618425,city:2693678,47.0
demo:SE05_0_WE_05,demo,demo:SE05,SE05,2,4,city:2618425,city:2693678,47.0
demo:SE05_0_WE_06,demo,demo:SE05,SE05,2,4,city:2618425,city:2693678,47.0
demo:SE05_0_WE_07,demo,demo:SE05,SE05,2,4,city:2618425,city:2693678,47.0
demo:SE05_0_WE_08,demo,demo:SE05,SE05,2,4,city:2618425,city:2693678,47.0
demo:SE05_0_WE_09,demo,demo:SE05,SE05,2,4,city:2618425,city:2693678,47.0
demo:SE05_0_WE_10,demo,demo:SE05,SE05,2,4,city:2618425,city:2693678,47.0
demo:SE05_0_WE_11,demo,demo:SE05,SE05,2,4,city:2618425,city:2693678,47.0
demo:SE05_0_WE_12,demo,demo:SE05,SE05,2,4,city:2618425,city:2693678,47.0
demo:SE05_0_WE_13,demo,demo:SE05,SE05,2,4,city:2618425,city:2693678,47.0
demo:SE05_0_WE_14,demo,demo:SE05,SE05,2,4,city:2618425,city:2693678,47.0
demo:SE05_0_WE_15,demo,demo:SE05,SE05,2,4,city:2618425,city:2693678,47.0
demo:SE05_0_WE_16,demo,demo:SE05,SE05,2,4,city:2618425,city:2693678,47.0
demo:SE05_0_WE_17,demo,demo:SE05,SE05,2,4,city:2618425,city:2693678,47.0
demo:SE05_0_WE_18,demo,demo:SE05,SE05,2,4,city:2618425,city:2693678,47.0
demo:SE05_0_WE_19,demo,demo:SE05,SE05,2,4,city:2618425,city:2693678,47.0
demo:SE05_0_WE_20,demo,demo:SE05,SE05,2,4,city:2618425,city:2693678,47.0
demo:SE05_0_WE_21,demo,demo:SE05,SE05,2,4,city:2618425,city:2693678,47.0
demo:SE05_0_WE_22,demo,demo:SE05,SE05,2,4,city:2618425,city:2693678,47.0
demo:SE05_0_WE_23,demo,demo:SE05,SE05,2,4,city:2618425,city:2693678,47.0
demo:SE05_0_WE_24,demo,demo:SE05,SE05,2,4,city:2618425,city:2693678,47.0
demo:SE05_0_WE_25,demo,demo:SE05,SE05,2,4,city:2618425,city:2693678,47.0
demo:SE05_0_WE_26,demo,demo:SE05,SE05,2,4,city:2618425,city:2693678,47.0
demo:SE05_0_WE_27,demo,demo:SE05,SE05,2,4,city:2618425,city:2693678,47.0
demo:SE05_0_WE_28,demo,demo:SE05,SE05,2,4,city:2618425,city:2693678,47.0
demo:SE05_0_WE_29,demo,demo:SE05,SE05,2,4,city:2618425,city:2693678,47.0
demo:SE05_0_WE_30,demo,demo:SE05,SE05,2,4,city:2618425,city:2693678,47.0
demo:SE05_0_WE_31,demo,demo:SE05,SE05,2,4,city:2618425,city:2693678,47.0
demo:SE05_0_WE_32,demo,demo:SE05,SE05,2,4,city:2618425,city:2693678,47.0
demo:SE05_0_WE_33,demo,demo:SE05,SE05,2,4,city:2618425,city:2693678,47.0
demo:SE05_0_WE_34,demo,demo:SE05,SE05,2,4,city:2618425,city:2693678,47.0
demo:SE05_0_WE_35,demo,demo:SE05,SE05,2,4,city:2618425,city:2693678,47.0
demo:SE05_0_WE_36,demo,demo:SE05,SE05,2,4,city:2618425,city:2693678,47.0
demo:SE05_0_WE_37,demo,demo:SE05,SE05,2,4,city:2618425,city:2693678,47.0
demo:SE05_0_WE_38,demo,demo:SE05,SE05,2,4,city:2618425,city:2693678,47.0
demo:SE05_0_WE_39,demo,demo:SE05,SE05,2,4,city:2618425,city:2693678,47.0
demo:SE05_0_WE_40,demo,demo:SE05,SE05,2,4,city:2618425,city:2693678,47.0
demo:SE05_1_WD_00,demo,demo:SE05,SE05,5,4,city:2693678,city:2618425,47.0
demo:SE05_1_WD_01,demo,demo:SE05,SE05,5,4,city:2693678,city:2618425,47.0
demo:SE05_1_WD_02,demo,demo:SE05,SE05,5,4,city:2693678,city:2618425,47.0
demo:SE05_1_WD_03,demo,demo:SE05,SE05,5,4,city:2693678,city:2618425,47.0
demo:SE05_1_WD_04,demo,demo:SE05,SE05,5,4,city:2693678,city:2618425,47.0
demo:SE05_1_WD_05,demo,demo:SE05,SE05,5,4,city:2693678,city:2618425,47.0
demo:SE05_1_WD_06,demo,demo:SE05,SE05,5,4,city:2693678,city:2618425,47.0
demo:SE05_1_WD_07,demo,demo:SE05,SE05,5,4,city:2693678,city:2618425,47.0
demo:SE05_1_WD_08,demo,demo:SE05,SE05,5,4,city:2693678,city:2618425,47.0
demo:SE05_1_WD_09,demo,demo:SE05,SE05,5,4,city:2693678,city:2618425,47.0
demo:SE05_1_WD_10,demo,demo:SE05,SE05,5,4,city:2693678,city:2618425,47.0
demo:SE05_1_WD_11,demo,demo:SE05,SE05,5,4,city:2693678,city:2618425,47.0
demo:SE05_1_WD_12,demo,demo:SE05,SE05,5,4,city:2693678,city:2618425,47.0
demo:SE05_1_WD_13,demo,demo:SE05,SE05,5,4,city:2693678,city:2618425,47.0
demo:SE05_1_WD_14,demo,demo:SE05,SE05,5,4,city:2693678,city:2618425,47.0
demo:SE05_1_WD_15,demo,demo:SE05,SE05,5,4,city:2693678,city:2618425,47.0
demo:SE05_1_WD_16,demo,demo:SE05,SE05,5,4,city:2693678,city:2618425,47.0
demo:SE05_1_WD_17,demo,demo:SE05,SE05,5,4,city:2693678,city:2618425,47.0
demo:SE05_1_WD_18,demo,demo:SE05,SE05,5,4,city:2693678,city:2618425,47.0
demo:SE05_1_WD_19,demo,demo:SE05,SE05,5,4,city:2693678,city:2618425,47.0
demo:SE05_1_WD_20,demo,demo:SE05,SE05,5,4,city:2693678,city:2618425,47.0
demo:SE05_1_WD_21,demo,demo:SE05,SE05,5,4,city:2693678,city:2618425,47.0
demo:SE05_1_WD_22,demo,demo:SE05,SE05,5,4,city:2693678,city:2618425,47.0
demo:SE05_1_WD_23,demo,demo:SE05,SE05,5,4,city:2693678,city:2618425,47.0
demo:SE05_1_WD_24,demo,demo:SE05,SE05,5,4,city:2693678,city:2618425,47.0
demo:SE05_1_WD_25,demo,demo:SE05,SE05,5,4,city:2693678,city:2618425,47.0
demo:SE05_1_WD_26,demo,demo:SE05,SE05,5,4,city:2693678,city:2618425,47.0
demo:SE05_1_WD_27,demo,demo:SE05,SE05,5,4,city:2693678,city:2618425,47.0
demo:SE05_1_WD_28,demo,demo:SE05,SE05,5,4,city:2693678,city:2618425,47.0
demo:SE05_1_WD_29,demo,demo:SE05,SE05,5,4,city:2693678,city:2618425,47.0
demo:SE05_1_WD_30,demo,demo:SE05,SE05,5,4,city:2693678,city:2618425,47.0
demo:SE05_1_WD_31,demo,demo:SE05,SE05,5,4,city:2693678,city:2618425,47.0
demo:SE05_1_WD_32,demo,demo:SE05,SE05,5,4,city:2693678,city:2618425,47.0
demo:SE05_1_WD_33,demo,demo:SE05,SE05,5,4,city:2693678,city:2618425,47.0
demo:SE05_1_WD_34,demo,demo:SE05,SE05,5,4,city:2693678,city:2618425,47.0
demo:SE05_1_WD_35,demo,demo:SE05,SE05,5,4,city:2693678,city:2618425,47.0
demo:SE05_1_WD_36,demo,demo:SE05,SE05,5,4,city:2693678,city:2618425,47.0
demo:SE05_1_WD_37,demo,demo:SE05,SE05,5,4,city:2693678,city:2618425,47.0
demo:SE05_1_WD_38,demo,demo:SE05,SE05,5,4,city:2693678,city:2618425,47.0
demo:SE05_1_WD_39,demo,demo:SE05,SE05,5,4,city:2693678,city:2618425,47.0
demo:SE05_1_WD_40,demo,demo:SE05,SE05,5,4,city:2693678,city:2618425,47.0
demo:SE05_1_WD_41,demo,demo:SE05,SE05,5,4,city:2693678,city:2618425,47.0
demo:SE05_1_WD_42,demo,demo:SE05,SE05,5,4,city:2693678,city:2618425,47.0
demo:SE05_1_WD_43,demo,demo:SE05,SE05,5,4,city:2693678,city:2618425,47.0
demo:SE05_1_WD_44,demo,demo:SE05,SE05,5,4,city:2693678,city:2618425,47.0
demo:SE05_1_WD_45,demo,demo:SE05,SE05,5,4,city:2693678,city:2618425,47.0
demo:SE05_1_WD_46,demo,demo:SE05,SE05,5,4,city:2693678,city:2618425,47.0
demo:SE05_1_WD_47,demo,demo:SE05,SE05,5,4,city:2693678,city:2618425,47.0
demo:SE05_1_WE_00,demo,demo:SE05,SE05,2,4,city:2693678,city:2618425,47.0
demo:SE05_1_WE_01,demo,demo:SE05,SE05,2,4,city:2693678,city:2618425,47.0
demo:SE05_1_WE_02,demo,demo:SE05,SE05,2,4,city:2693678,city:2618425,47.0
demo:SE05_1_WE_03,demo,demo:SE05,SE05,2,4,city:2693678,city:2618425,47.0
demo:SE05_1_WE_04,demo,demo:SE05,SE05,2,4,city:2693678,city:2618425,47.0
demo:SE05_1_WE_05,demo,demo:SE05,SE05,2,4,city:2693678,city:2618425,47.0
demo:SE05_1_WE_06,demo,demo:SE05,SE05,2,4,city:2693678,city:2618425,47.0
demo:SE05_1_WE_07,demo,demo:SE05,SE05,2,4,city:2693678,city:2618425,47.0
demo:SE05_1_WE_08,demo,demo:SE05,SE05,2,4,city:2693678,city:2618425,47.0
demo:SE05_1_WE_09,demo,demo:SE05,SE05,2,4,city:2693678,city:2618425,47.0
demo:SE05_1_WE_10,demo,demo:SE05,SE05,2,4,city:2693678,city:2618425,47.0
demo:SE05_1_WE_11,demo,demo:SE05,SE05,2,4,city:2693678,city:2618425,47.0
demo:SE05_1_WE_12,demo,demo:SE05,SE05,2,4,city:2693678,city:2618425,47.0
demo:SE05_1_WE_13,demo,demo:SE05,SE05,2,4,city:2693678,city:2618425,47.0
demo:SE05_1_WE_14,demo,demo:SE05,SE05,2,4,city:2693678,city:2618425,47.0
demo:SE05_1_WE_15,demo,demo:SE05,SE05,2,4,city:2693678,city:2618425,47.0
demo:SE05_1_WE_16,demo,demo:SE05,SE05,2,4,city:2693678,city:2618425,47.0
demo:SE05_1_WE_17,demo,demo:SE05,SE05,2,4,city:2693678,city:2618425,47.0
demo:SE05_1_WE_18,demo,demo:SE05,SE05,2,4,city:2693678,city:2618425,47.0
demo:SE05_1_WE_19,demo,demo:SE05,SE05,2,4,city:2693678,city:2618425,47.0
demo:SE05_1_WE_20,demo,demo:SE05,SE05,2,4,city:2693678,city:2618425,47.0
demo:SE05_1_WE_21,demo,demo:SE05,SE05,2,4,city:2693678,city:2618425,47.0
demo:SE05_1_WE_22,demo,demo:SE05,SE05,2,4,city:2693678,city:2618425,47.0
demo:SE05_1_WE_23,demo,demo:SE05,SE05,2,4,city:2693678,city:2618425,47.0
demo:SE05_1_WE_24,demo,demo:SE05,SE05,2,4,city:2693678,city:2618425,47.0
demo:SE05_1_WE_25,demo,demo:SE05,SE05,2,4,city:2693678,city:2618425,47.0
demo:SE05_1_WE_26,demo,demo:SE05,SE05,2,4,city:2693678,city:2618425,47.0
demo:SE05_1_WE_27,demo,demo:SE05,SE05,2,4,city:2693678,city:2618425,47.0
demo:SE05_1_WE_28,demo,demo:SE05,SE05,2,4,city:2693678,city:2618425,47.0
demo:SE05_1_WE_29,demo,demo:SE05,SE05,2,4,city:2693678,city:2618425,47.0
demo:SE05_1_WE_30,demo,demo:SE05,SE05,2,4,city:2693678,city:2618425,47.0
demo:SE05_1_WE_31,demo,demo:SE05,SE05,2,4,city:2693678,city:2618425,47.0
demo:SE05_1_WE_32,demo,demo:SE05,SE05,2,4,city:2693678,city:2618425,47.0
demo:SE05_1_WE_33,demo,demo:SE05,SE05,2,4,city:2693678,city:2618425,47.0
demo:SE05_1_WE_34,demo,demo:SE05,SE05,2,4,city:2693678,city:2618425,47.0
demo:SE05_1_WE_35,demo,demo:SE05,SE05,2,4,city:2693678,city:2618425,47.0
demo:SE05_1_WE_36,demo,demo:SE05,SE05,2,4,city:2693678,city:2618425,47.0
demo:SE05_1_WE_37,demo,demo:SE05,SE05,2,4,city:2693678,city:2618425,47.0
demo:SE05_1_WE_38,demo,demo:SE05,SE05,2,4,city:2693678,city:2618425,47.0
demo:SE05_1_WE_39,demo,demo:SE05,SE05,2,4,city:2693678,city:2618425,47.0
demo:SE05_1_WE_40,demo,demo:SE05,SE05,2,4,city:2693678,city:2618425,47.0
demo:SE06_0_WD_00,demo,demo:SE06,SE06,5,7,city:2711537,city:3143244,235.0
demo:SE06_0_WD_01,demo,demo:SE06,SE06,5,7,city:2711537,city:3143244,235.0
demo:SE06_0_WD_02,demo,demo:SE06,SE06,5,7,city:2711537,city:3143244,235.0
demo:SE06_0_WD_03,demo,demo:SE06,SE06,5,7,city:2711537,city:3143244,235.0
demo:SE06_0_WE_00,demo,demo:SE06,SE06,2,7,city:2711537,city:3143244,235.0
demo:SE06_0_WE_01,demo,demo:SE06,SE06,2,7,city:2711537,city:3143244,235.0
demo:SE06_0_WE_02,demo,demo:SE06,SE06,2,7,city:2711537,city:3143244,235.0
demo:SE06_1_WD_00,demo,demo:SE06,SE06,5,7,city:3143244,city:2711537,235.0
demo:SE06_1_WD_01,demo,demo:SE06,SE06,5,7,city:3143244,city:2711537,235.0
demo:SE06_1_WD_02,demo,demo:SE06,SE06,5,7,city:3143244,city:2711537,235.0
demo:SE06_1_WD_03,demo,demo:SE06,SE06,5,7,city:3143244,city:2711537,235.0
demo:SE06_1_WE_00,demo,demo:SE06,SE06,2,7,city:3143244,city:2711537,235.0
demo:SE06_1_WE_01,demo,demo:SE06,SE06,2,7,city:3143244,city:2711537,235.0
demo:SE06_1_WE_02,demo,demo:SE06,SE06,2,7,city:3143244,city:2711537,235.0
demo:SE07_0_WD_00,demo,demo:SE07,SE07,5,8,city:2673730,city:3143244,325.0
demo:SE07_0_WD_01,demo,demo:SE07,SE07,5,8,city:2673730,city:3143244,325.0
demo:SE07_0_WD_02,demo,demo:SE07,SE07,5,8,city:2673730,city:3143244,325.0
demo:SE07_0_WE_00,demo,demo:SE07,SE07,2,8,city:2673730,city:3143244,325.0
demo:SE07_0_WE_01,demo,demo:SE07,SE07,2,8,city:2673730,city:3143244,325.0
demo:SE07_0_WE_02,demo,demo:SE07,SE07,2,8,city:2673730,city:3143244,325.0
demo:SE07_1_WD_00,demo,demo:SE07,SE07,5,8,city:3143244,city:2673730,325.0
demo:SE07_1_WD_01,demo,demo:SE07,SE07,5,8,city:3143244,city:2673730,325.0
demo:SE07_1_WD_02,demo,demo:SE07,SE07,5,8,city:3143244,city:2673730,325.0
demo:SE07_1_WE_00,demo,demo:SE07,SE07,2,8,city:3143244,city:2673730,325.0
demo:SE07_1_WE_01,demo,demo:SE07,SE07,2,8,city:3143244,city:2673730,325.0
demo:SE07_1_WE_02,demo,demo:SE07,SE07,2,8,city:3143244,city:2673730,325.0
demo:SE08_0_WD_00,demo,demo:SE08,SE08,5,3,city:2673730,city:2666199,38.0
demo:SE08_0_WD_01,demo,demo:SE08,SE08,5,3,city:2673730,city:2666199,38.0
demo:SE08_0_WD_02,demo,demo:SE08,SE08,5,3,city:2673730,city:2666199,38.0
demo:SE08_0_WD_03,demo,demo:SE08,SE08,5,3,city:2673730,city:2666199,38.0
demo:SE08_0_WD_04,demo,demo:SE08,SE08,5,3,city:2673730,city:2666199,38.0
demo:SE08_0_WD_05,demo,demo:SE08,SE08,5,3,city:2673730,city:2666199,38.0
demo:SE08_0_WD_06,demo,demo:SE08,SE08,5,3,city:2673730,city:2666199,38.0
demo:SE08_0_WD_07,demo,demo:SE08,SE08,5,3,city:2673730,city:2666199,38.0
demo:SE08_0_WD_08,demo,demo:SE08,SE08,5,3,city:2673730,city:2666199,38.0
demo:SE08_0_WD_09,demo,demo:SE08,SE08,5,3,city:2673730,city:2666199,38.0
demo:SE08_0_WD_10,demo,demo:SE08,SE08,5,3,city:2673730,city:2666199,38.0
demo:SE08_0_WD_11,demo,demo:SE08,SE08,5,3,city:2673730,city:2666199,38.0
demo:SE08_0_WD_12,demo,demo:SE08,SE08,5,3,city:2673730,city:2666199,38.0
demo:SE08_0_WD_13,demo,demo:SE08,SE08,5,3,city:2673730,city:2666199,38.0
demo:SE08_0_WD_14,demo,demo:SE08,SE08,5,3,city:2673730,city:2666199,38.0
demo:SE08_0_WD_15,demo,demo:SE08,SE08,5,3,city:2673730,city:2666199,38.0
demo:SE08_0_WD_16,demo,demo:SE08,SE08,5,3,city:2673730,city:2666199,38.0
demo:SE08_0_WD_17,demo,demo:SE08,SE08,5,3,city:2673730,city:2666199,38.0
demo:SE08_0_WD_18,demo,demo:SE08,SE08,5,3,city:2673730,city:2666199,38.0
demo:SE08_0_WD_19,demo,demo:SE08,SE08,5,3,city:2673730,city:2666199,38.0
demo:SE08_0_WD_20,demo,demo:SE08,SE08,5,3,city:2673730,city:2666199,38.0
demo:SE08_0_WD_21,demo,demo:SE08,SE08,5,3,city:2673730,city:2666199,38.0
demo:SE08_0_WD_22,demo,demo:SE08,SE08,5,3,city:2673730,city:2666199,38.0
demo:SE08_0_WD_23,demo,demo:SE08,SE08,5,3,city:2673730,city:2666199,38.0
demo:SE08_0_WD_24,demo,demo:SE08,SE08,5,3,city:2673730,city:2666199,38.0
demo:SE08_0_WD_25,demo,demo:SE08,SE08,5,3,city:2673730,city:2666199,38.0
demo:SE08_0_WD_26,demo,demo:SE08,SE08,5,3,city:2673730,city:2666199,38.0
demo:SE08_0_WD_27,demo,demo:SE08,SE08,5,3,city:2673730,city:2666199,38.0
demo:SE08_0_WD_28,demo,demo:SE08,SE08,5,3,city:2673730,city:2666199,38.0
demo:SE08_0_WD_29,demo,demo:SE08,SE08,5,3,city:2673730,city:2666199,38.0
demo:SE08_0_WD_30,demo,demo:SE08,SE08,5,3,city:2673730,city:2666199,38.0
demo:SE08_0_WD_31,demo,demo:SE08,SE08,5,3,city:2673730,city:2666199,38.0
demo:SE08_0_WE_00,demo,demo:SE08,SE08,2,3,city:2673730,city:2666199,38.0
demo:SE08_0_WE_01,demo,demo:SE08,SE08,2,3,city:2673730,city:2666199,38.0
demo:SE08_0_WE_02,demo,demo:SE08,SE08,2,3,city:2673730,city:2666199,38.0
demo:SE08_0_WE_03,demo,demo:SE08,SE08,2,3,city:2673730,city:2666199,38.0
demo:SE08_0_WE_04,demo,demo:SE08,SE08,2,3,city:2673730,city:2666199,38.0
demo:SE08_0_WE_05,demo,demo:SE08,SE08,2,3,city:2673730,city:2666199,38.0
demo:SE08_0_WE_06,demo,demo:SE08,SE08,2,3,city:2673730,city:2666199,38.0
demo:SE08_0_WE_07,demo,demo:SE08,SE08,2,3,city:2673730,city:2666199,38.0
demo:SE08_0_WE_08,demo,demo:SE08,SE08,2,3,city:2673730,city:2666199,38.0
demo:SE08_0_WE_09,demo,demo:SE08,SE08,2,3,city:2673730,city:2666199,38.0
demo:SE08_0_WE_10,demo,demo:SE08,SE08,2,3,city:2673730,city:2666199,38.0
demo:SE08_0_WE_11,demo,demo:SE08,SE08,2,3,city:2673730,city:2666199,38.0
demo:SE08_0_WE_12,demo,demo:SE08,SE08,2,3,city:2673730,city:2666199,38.0
demo:SE08_0_WE_13,demo,demo:SE08,SE08,2,3,city:2673730,city:2666199,38.0
demo:SE08_0_WE_14,demo,demo:SE08,SE08,2,3,city:2673730,city:2666199,38.0
demo:SE08_0_WE_15,demo,demo:SE08,SE08,2,3,city:2673730,city:2666199,38.0
demo:SE08_0_WE_16,demo,demo:SE08,SE08,2,3,city:2673730,city:2666199,38.0
demo:SE08_0_WE_17,demo,demo:SE08,SE08,2,3,city:2673730,city:2666199,38.0
demo:SE08_0_WE_18,demo,demo:SE08,SE08,2,3,city:2673730,city:2666199,38.0
demo:SE08_0_WE_19,demo,demo:SE08,SE08,2,3,city:2673730,city:2666199,38.0
demo:SE08_0_WE_20,demo,demo:SE08,SE08,2,3,city:2673730,city:2666199,38.0
demo:SE08_0_WE_21,demo,demo:SE08,SE08,2,3,city:2673730,city:2666199,38.0
demo:SE08_0_WE_22,demo,demo:SE08,SE08,2,3,city:2673730,city:2666199,38.0
demo:SE08_0_WE_23,demo,demo:SE08,SE08,2,3,city:2673730,city:2666199,38.0
demo:SE08_0_WE_24,demo,demo:SE08,SE08,2,3,city:2673730,city:2666199,38.0
demo:SE08_0_WE_25,demo,demo:SE08,SE08,2,3,city:2673730,city:2666199,38.0
demo:SE08_0_WE_26,demo,demo:SE08,SE08,2,3,city:2673730,city:2666199,38.0
demo:SE08_1_WD_00,demo,demo:SE08,SE08,5,3,city:2666199,city:2673730,38.0
demo:SE08_1_WD_01,demo,demo:SE08,SE08,5,3,city:2666199,city:2673730,38.0
demo:SE08_1_WD_02,demo,demo:SE08,SE08,5,3,city:2666199,city:2673730,38.0
demo:SE08_1_WD_03,demo,demo:SE08,SE08,5,3,city:2666199,city:2673730,38.0
demo:SE08_1_WD_04,demo,demo:SE08,SE08,5,3,city:2666199,city:2673730,38.0
demo:SE08_1_WD_05,demo,demo:SE08,SE08,5,3,city:2666199,city:2673730,38.0
demo:SE08_1_WD_06,demo,demo:SE08,SE08,5,3,city:2666199,city:2673730,38.0
demo:SE08_1_WD_07,demo,demo:SE08,SE08,5,3,city:2666199,city:2673730,38.0
demo:SE08_1_WD_08,demo,demo:SE08,SE08,5,3,city:2666199,city:2673730,38.0
demo:SE08_1_WD_09,demo,demo:SE08,SE08,5,3,city:2666199,city:2673730,38.0
demo:SE08_1_WD_10,demo,demo:SE08,SE08,5,3,city:2666199,city:2673730,38.0
demo:SE08_1_WD_11,demo,demo:SE08,SE08,5,3,city:2666199,city:2673730,38.0
demo:SE08_1_WD_12,demo,demo:SE08,SE08,5,3,city:2666199,city:2673730,38.0
demo:SE08_1_WD_13,demo,demo:SE08,SE08,5,3,city:2666199,city:2673730,38.0
demo:SE08_1_WD_14,demo,demo:SE08,SE08,5,3,city:2666199,city:2673730,38.0
demo:SE08_1_WD_15,demo,demo:SE08,SE08,5,3,city:2666199,city:2673730,38.0
demo:SE08_1_WD_16,demo,demo:SE08,SE08,5,3,city:2666199,city:2673730,38.0
demo:SE08_1_WD_17,demo,demo:SE08,SE08,5,3,city:2666199,city:2673730,38.0
demo:SE08_1_WD_18,demo,demo:SE08,SE08,5,3,city:2666199,city:2673730,38.0
demo:SE08_1_WD_19,demo,demo:SE08,SE08,5,3,city:2666199,city:2673730,38.0
demo:SE08_1_WD_20,demo,demo:SE08,SE08,5,3,city:2666199,city:2673730,38.0
demo:SE08_1_WD_21,demo,demo:SE08,SE08,5,3,city:2666199,city:2673730,38.0
demo:SE08_1_WD_22,demo,demo:SE08,SE08,5,3,city:2666199,city:2673730,38.0
demo:SE08_1_WD_23,demo,demo:SE08,SE08,5,3,city:2666199,city:2673730,38.0
demo:SE08_1_WD_24,demo,demo:SE08,SE08,5,3,city:2666199,city:2673730,38.0
demo:SE08_1_WD_25,demo,demo:SE08,SE08,5,3,city:2666199,city:2673730,38.0
demo:SE08_1_WD_26,demo,demo:SE08,SE08,5,3,city:2666199,city:2673730,38.0
demo:SE08_1_WD_27,demo,demo:SE08,SE08,5,3,city:2666199,city:2673730,38.0
demo:SE08_1_WD_28,demo,demo:SE08,SE08,5,3,city:2666199,city:2673730,38.0
demo:SE08_1_WD_29,demo,demo:SE08,SE08,5,3,city:2666199,city:2673730,38.0
demo:SE08_1_WD_30,demo,demo:SE08,SE08,5,3,city:2666199,city:2673730,38.0
demo:SE08_1_WD_31,demo,demo:SE08,SE08,5,3,city:2666199,city:2673730,38.0
demo:SE08_1_WE_00,demo,demo:SE08,SE08,2,3,city:2666199,city:2673730,38.0
demo:SE08_1_WE_01,demo,demo:SE08,SE08,2,3,city:2666199,city:2673730,38.0
demo:SE08_1_WE_02,demo,demo:SE08,SE08,2,3,city:2666199,city:2673730,38.0
demo:SE08_1_WE_03,demo,demo:SE08,SE08,2,3,city:2666199,city:2673730,38.0
demo:SE08_1_WE_04,demo,demo:SE08,SE08,2,3,city:2666199,city:2673730,38.0
demo:SE08_1_WE_05,demo,demo:SE08,SE08,2,3,city:2666199,city:2673730,38.0
demo:SE08_1_WE_06,demo,demo:SE08,SE08,2,3,city:2666199,city:2673730,38.0
demo:SE08_1_WE_07,demo,demo:SE08,SE08,2,3,city:2666199,city:2673730,38.0
demo:SE08_1_WE_08,demo,demo:SE08,SE08,2,3,city:2666199,city:2673730,38.0
demo:SE08_1_WE_09,demo,demo:SE08,SE08,2,3,city:2666199,city:2673730,38.0
demo:SE08_1_WE_10,demo,demo:SE08,SE08,2,3,city:2666199,city:2673730,38.0
demo:SE08_1_WE_11,demo,demo:SE08,SE08,2,3,city:2666199,city:2673730,38.0
demo:SE08_1_WE_12,demo,demo:SE08,SE08,2,3,city:2666199,city:2673730,38.0
demo:SE08_1_WE_13,demo,demo:SE08,SE08,2,3,city:2666199,city:2673730,38.0
demo:SE08_1_WE_14,demo,demo:SE08,SE08,2,3,city:2666199,city:2673730,38.0
demo:SE08_1_WE_15,demo,demo:SE08,SE08,2,3,city:2666199,city:2673730,38.0
demo:SE08_1_WE_16,demo,demo:SE08,SE08,2,3,city:2666199,city:2673730,38.0
demo:SE08_1_WE_17,demo,demo:SE08,SE08,2,3,city:2666199,city:2673730,38.0
demo:SE08_1_WE_18,demo,demo:SE08,SE08,2,3,city:2666199,city:2673730,38.0
demo:SE08_1_WE_19,demo,demo:SE08,SE08,2,3,city:2666199,city:2673730,38.0
demo:SE08_1_WE_20,demo,demo:SE08,SE08,2,3,city:2666199,city:2673730,38.0
demo:SE08_1_WE_21,demo,demo:SE08,SE08,2,3,city:2666199,city:2673730,38.0
demo:SE08_1_WE_22,demo,demo:SE08,SE08,2,3,city:2666199,city:2673730,38.0
demo:SE08_1_WE_23,demo,demo:SE08,SE08,2,3,city:2666199,city:2673730,38.0
demo:SE08_1_WE_24,demo,demo:SE08,SE08,2,3,city:2666199,city:2673730,38.0
demo:SE08_1_WE_25,demo,demo:SE08,SE08,2,3,city:2666199,city:2673730,38.0
demo:SE08_1_WE_26,demo,demo:SE08,SE08,2,3,city:2666199,city:2673730,38.0
demo:SE09_0_WD_00,demo,demo:SE09,SE09,5,5,city:2673730,city:2670781,205.0
demo:SE09_0_WD_01,demo,demo:SE09,SE09,5,5,city:2673730,city:2670781,205.0
demo:SE09_0_WD_02,demo,demo:SE09,SE09,5,5,city:2673730,city:2670781,205.0
demo:SE09_0_WD_03,demo,demo:SE09,SE09,5,5,city:2673730,city:2670781,205.0
demo:SE09_0_WD_04,demo,demo:SE09,SE09,5,5,city:2673730,city:2670781,205.0
demo:SE09_0_WD_05,demo,demo:SE09,SE09,5,5,city:2673730,city:2670781,205.0
demo:SE09_0_WD_06,demo,demo:SE09,SE09,5,5,city:2673730,city:2670781,205.0
demo:SE09_0_WD_07,demo,demo:SE09,SE09,5,5,city:2673730,city:2670781,205.0
demo:SE09_0_WE_00,demo,demo:SE09,SE09,2,5,city:2673730,city:2670781,205.0
demo:SE09_0_WE_01,demo,demo:SE09,SE09,2,5,city:2673730,city:2670781,205.0
demo:SE09_0_WE_02,demo,demo:SE09,SE09,2,5,city:2673730,city:2670781,205.0
demo:SE09_0_WE_03,demo,demo:SE09,SE09,2,5,city:2673730,city:2670781,205.0
demo:SE09_0_WE_04,demo,demo:SE09,SE09,2,5,city:2673730,city:2670781,205.0
demo:SE09_0_WE_05,demo,demo:SE09,SE09,2,5,city:2673730,city:2670781,205.0
demo:SE09_0_WE_06,demo,demo:SE09,SE09,2,5,city:2673730,city:2670781,205.0
demo:SE09_1_WD_00,demo,demo:SE09,SE09,5,5,city:2670781,city:2673730,205.0
demo:SE09_1_WD_01,demo,demo:SE09,SE09,5,5,city:2670781,city:2673730,205.0
demo:SE09_1_WD_02,demo,demo:SE09,SE09,5,5,city:2670781,city:2673730,205.0
demo:SE09_1_WD_03,demo,demo:SE09,SE09,5,5,city:2670781,city:2673730,205.0
demo:SE09_1_WD_04,demo,demo:SE09,SE09,5,5,city:2670781,city:2673730,205.0
demo:SE09_1_WD_05,demo,demo:SE09,SE09,5,5,city:2670781,city:2673730,205.0
demo:SE09_1_WD_06,demo,demo:SE09,SE09,5,5,city:2670781,city:2673730,205.0
demo:SE09_1_WD_07,demo,demo:SE09,SE09,5,5,city:2670781,city:2673730,205.0
demo:SE09_1_WE_00,demo,demo:SE09,SE09,2,5,city:2670781,city:2673730,205.0
demo:SE09_1_WE_01,demo,demo:SE09,SE09,2,5,city:2670781,city:2673730,205.0
demo:SE09_1_WE_02,demo,demo:SE09,SE09,2,5,city:2670781,city:2673730,205.0
demo:SE09_1_WE_03,demo,demo:SE09,SE09,2,5,city:2670781,city:2673730,205.0
demo:SE09_1_WE_04,demo,demo:SE09,SE09,2,5,city:2670781,city:2673730,205.0
demo:SE09_1_WE_05,demo,demo:SE09,SE09,2,5,city:2670781,city:2673730,205.0
demo:SE09_1_WE_06,demo,demo:SE09,SE09,2,5,city:2670781,city:2673730,205.0
demo:SE10_0_WD_00,demo,demo:SE10,SE10,5,3,city:2673730,city:2686657,110.0
demo:SE10_0_WD_01,demo,demo:SE10,SE10,5,3,city:2673730,city:2686657,110.0
demo:SE10_0_WD_02,demo,demo:SE10,SE10,5,3,city:2673730,city:2686657,110.0
demo:SE10_0_WD_03,demo,demo:SE10,SE10,5,3,city:2673730,city:2686657,110.0
demo:SE10_0_WD_04,demo,demo:SE10,SE10,5,3,city:2673730,city:2686657,110.0
demo:SE10_0_WD_05,demo,demo:SE10,SE10,5,3,city:2673730,city:2686657,110.0
demo:SE10_0_WD_06,demo,demo:SE10,SE10,5,3,city:2673730,city:2686657,110.0
demo:SE10_0_WD_07,demo,demo:SE10,SE10,5,3,city:2673730,city:2686657,110.0
demo:SE10_0_WD_08,demo,demo:SE10,SE10,5,3,city:2673730,city:2686657,110.0
demo:SE10_0_WD_09,demo,demo:SE10,SE10,5,3,city:2673730,city:2686657,110.0
demo:SE10_0_WD_10,demo,demo:SE10,SE10,5,3,city:2673730,city:2686657,110.0
demo:SE10_0_WD_11,demo,demo:SE10,SE10,5,3,city:2673730,city:2686657,110.0
demo:SE10_0_WE_00,demo,demo:SE10,SE10,2,3,city:2673730,city:2686657,110.0
demo:SE10_0_WE_01,demo,demo:SE10,SE10,2,3,city:2673730,city:2686657,110.0
demo:SE10_0_WE_02,demo,demo:SE10,SE10,2,3,city:2673730,city:2686657,110.0
demo:SE10_0_WE_03,demo,demo:SE10,SE10,2,3,city:2673730,city:2686657,110.0
demo:SE10_0_WE_04,demo,demo:SE10,SE10,2,3,city:2673730,city:2686657,110.0
demo:SE10_0_WE_05,demo,demo:SE10,SE10,2,3,city:2673730,city:2686657,110.0
demo:SE10_0_WE_06,demo,demo:SE10,SE10,2,3,city:2673730,city:2686657,110.0
demo:SE10_0_WE_07,demo,demo:SE10,SE10,2,3,city:2673730,city:2686657,110.0
demo:SE10_0_WE_08,demo,demo:SE10,SE10,2,3,city:2673730,city:2686657,110.0
demo:SE10_0_WE_09,demo,demo:SE10,SE10,2,3,city:2673730,city:2686657,110.0
demo:SE10_1_WD_00,demo,demo:SE10,SE10,5,3,city:2686657,city:2673730,110.0
demo:SE10_1_WD_01,demo,demo:SE10,SE10,5,3,city:2686657,city:2673730,110.0
demo:SE10_1_WD_02,demo,demo:SE10,SE10,5,3,city:2686657,city:2673730,110.0
demo:SE10_1_WD_03,demo,demo:SE10,SE10,5,3,city:2686657,city:2673730,110.0
demo:SE10_1_WD_04,demo,demo:SE10,SE10,5,3,city:2686657,city:2673730,110.0
demo:SE10_1_WD_05,demo,demo:SE10,SE10,5,3,city:2686657,city:2673730,110.0
demo:SE10_1_WD_06,demo,demo:SE10,SE10,5,3,city:2686657,city:2673730,110.0
demo:SE10_1_WD_07,demo,demo:SE10,SE10,5,3,city:2686657,city:2673730,110.0
demo:SE10_1_WD_08,demo,demo:SE10,SE10,5,3,city:2686657,city:2673730,110.0
demo:SE10_1_WD_09,demo,demo:SE10,SE10,5,3,city:2686657,city:2673730,110.0
demo:SE10_1_WD_10,demo,demo:SE10,SE10,5,3,city:2686657,city:2673730,110.0
demo:SE10_1_WD_11,demo,demo:SE10,SE10,5,3,city:2686657,city:2673730,110.0
demo:SE10_1_WE_00,demo,demo:SE10,SE10,2,3,city:2686657,city:2673730,110.0
demo:SE10_1_WE_01,demo,demo:SE10,SE10,2,3,city:2686657,city:2673730,110.0
demo:SE10_1_WE_02,demo,demo:SE10,SE10,2,3,city:2686657,city:2673730,110.0
demo:SE10_1_WE_03,demo,demo:SE10,SE10,2,3,city:2686657,city:2673730,110.0
demo:SE10_1_WE_04,demo,demo:SE10,SE10,2,3,city:2686657,city:2673730,110.0
demo:SE10_1_WE_05,demo,demo:SE10,SE10,2,3,city:2686657,city:2673730,110.0
demo:SE10_1_WE_06,demo,demo:SE10,SE10,2,3,city:2686657,city:2673730,110.0
demo:SE10_1_WE_07,demo,demo:SE10,SE10,2,3,city:2686657,city:2673730,110.0
demo:SE10_1_WE_08,demo,demo:SE10,SE10,2,3,city:2686657,city:2673730,110.0
demo:SE10_1_WE_09,demo,demo:SE10,SE10,2,3,city:2686657,city:2673730,110.0
demo:SE11_0_ALL_00,demo,demo:SE11,SE11,7,6,city:2673730,city:604490,840.0
demo:SE11_1_ALL_00,demo,demo:SE11,SE11,7,6,city:604490,city:2673730,840.0
demo:SE12_0_D_mon_wed_fri_sun_00,demo,demo:SE12,SE12,4,5,city:2673730,city:2911298,780.0
demo:SE12_1_D_mon_wed_fri_sun_00,demo,demo:SE12,SE12,4,5,city:2911298,city:2673730,780.0
demo:SI01_0_WD_00,demo,demo:SI01,SI01,5,3,city:3196359,city:3195506,115.0
demo:SI01_0_WD_01,demo,demo:SI01,SI01,5,3,city:3196359,city:3195506,115.0
demo:SI01_0_WD_02,demo,demo:SI01,SI01,5,3,city:3196359,city:3195506,115.0
demo:SI01_0_WD_03,demo,demo:SI01,SI01,5,3,city:3196359,city:3195506,115.0
demo:SI01_0_WD_04,demo,demo:SI01,SI01,5,3,city:3196359,city:3195506,115.0
demo:SI01_0_WD_05,demo,demo:SI01,SI01,5,3,city:3196359,city:3195506,115.0
demo:SI01_0_WD_06,demo,demo:SI01,SI01,5,3,city:3196359,city:3195506,115.0
demo:SI01_0_WD_07,demo,demo:SI01,SI01,5,3,city:3196359,city:3195506,115.0
demo:SI01_0_WD_08,demo,demo:SI01,SI01,5,3,city:3196359,city:3195506,115.0
demo:SI01_0_WD_09,demo,demo:SI01,SI01,5,3,city:3196359,city:3195506,115.0
demo:SI01_0_WD_10,demo,demo:SI01,SI01,5,3,city:3196359,city:3195506,115.0
demo:SI01_0_WD_11,demo,demo:SI01,SI01,5,3,city:3196359,city:3195506,115.0
demo:SI01_0_WE_00,demo,demo:SI01,SI01,2,3,city:3196359,city:3195506,114.0
demo:SI01_0_WE_01,demo,demo:SI01,SI01,2,3,city:3196359,city:3195506,116.0
demo:SI01_0_WE_02,demo,demo:SI01,SI01,2,3,city:3196359,city:3195506,114.0
demo:SI01_0_WE_03,demo,demo:SI01,SI01,2,3,city:3196359,city:3195506,116.0
demo:SI01_0_WE_04,demo,demo:SI01,SI01,2,3,city:3196359,city:3195506,114.0
demo:SI01_0_WE_05,demo,demo:SI01,SI01,2,3,city:3196359,city:3195506,116.0
demo:SI01_0_WE_06,demo,demo:SI01,SI01,2,3,city:3196359,city:3195506,114.0
demo:SI01_0_WE_07,demo,demo:SI01,SI01,2,3,city:3196359,city:3195506,116.0
demo:SI01_0_WE_08,demo,demo:SI01,SI01,2,3,city:3196359,city:3195506,114.0
demo:SI01_0_WE_09,demo,demo:SI01,SI01,2,3,city:3196359,city:3195506,116.0
demo:SI01_1_WD_00,demo,demo:SI01,SI01,5,3,city:3195506,city:3196359,115.0
demo:SI01_1_WD_01,demo,demo:SI01,SI01,5,3,city:3195506,city:3196359,115.0
demo:SI01_1_WD_02,demo,demo:SI01,SI01,5,3,city:3195506,city:3196359,115.0
demo:SI01_1_WD_03,demo,demo:SI01,SI01,5,3,city:3195506,city:3196359,115.0
demo:SI01_1_WD_04,demo,demo:SI01,SI01,5,3,city:3195506,city:3196359,115.0
demo:SI01_1_WD_05,demo,demo:SI01,SI01,5,3,city:3195506,city:3196359,115.0
demo:SI01_1_WD_06,demo,demo:SI01,SI01,5,3,city:3195506,city:3196359,115.0
demo:SI01_1_WD_07,demo,demo:SI01,SI01,5,3,city:3195506,city:3196359,115.0
demo:SI01_1_WD_08,demo,demo:SI01,SI01,5,3,city:3195506,city:3196359,115.0
demo:SI01_1_WD_09,demo,demo:SI01,SI01,5,3,city:3195506,city:3196359,115.0
demo:SI01_1_WD_10,demo,demo:SI01,SI01,5,3,city:3195506,city:3196359,115.0
demo:SI01_1_WD_11,demo,demo:SI01,SI01,5,3,city:3195506,city:3196359,115.0
demo:SI01_1_WE_00,demo,demo:SI01,SI01,2,3,city:3195506,city:3196359,114.0
demo:SI01_1_WE_01,demo,demo:SI01,SI01,2,3,city:3195506,city:3196359,116.0
demo:SI01_1_WE_02,demo,demo:SI01,SI01,2,3,city:3195506,city:3196359,114.0
demo:SI01_1_WE_03,demo,demo:SI01,SI01,2,3,city:3195506,city:3196359,116.0
demo:SI01_1_WE_04,demo,demo:SI01,SI01,2,3,city:3195506,city:3196359,114.0
demo:SI01_1_WE_05,demo,demo:SI01,SI01,2,3,city:3195506,city:3196359,116.0
demo:SI01_1_WE_06,demo,demo:SI01,SI01,2,3,city:3195506,city:3196359,114.0
demo:SI01_1_WE_07,demo,demo:SI01,SI01,2,3,city:3195506,city:3196359,116.0
demo:SI01_1_WE_08,demo,demo:SI01,SI01,2,3,city:3195506,city:3196359,114.0
demo:SI01_1_WE_09,demo,demo:SI01,SI01,2,3,city:3195506,city:3196359,116.0
demo:SK01_0_WD_00,demo,demo:SK01,SK01,5,7,city:3060972,city:724443,274.0
demo:SK01_0_WD_01,demo,demo:SK01,SK01,5,7,city:3060972,city:724443,276.0
demo:SK01_0_WD_02,demo,demo:SK01,SK01,5,7,city:3060972,city:724443,274.0
demo:SK01_0_WD_03,demo,demo:SK01,SK01,5,7,city:3060972,city:724443,276.0
demo:SK01_0_WD_04,demo,demo:SK01,SK01,5,7,city:3060972,city:724443,274.0
demo:SK01_0_WD_05,demo,demo:SK01,SK01,5,7,city:3060972,city:724443,276.0
demo:SK01_0_WD_06,demo,demo:SK01,SK01,5,7,city:3060972,city:724443,274.0
demo:SK01_0_WD_07,demo,demo:SK01,SK01,5,7,city:3060972,city:724443,276.0
demo:SK01_0_WD_08,demo,demo:SK01,SK01,5,7,city:3060972,city:724443,274.0
demo:SK01_0_WD_09,demo,demo:SK01,SK01,5,7,city:3060972,city:724443,276.0
demo:SK01_0_WE_00,demo,demo:SK01,SK01,2,7,city:3060972,city:724443,275.0
demo:SK01_0_WE_01,demo,demo:SK01,SK01,2,7,city:3060972,city:724443,275.0
demo:SK01_0_WE_02,demo,demo:SK01,SK01,2,7,city:3060972,city:724443,275.0
demo:SK01_0_WE_03,demo,demo:SK01,SK01,2,7,city:3060972,city:724443,275.0
demo:SK01_0_WE_04,demo,demo:SK01,SK01,2,7,city:3060972,city:724443,275.0
demo:SK01_0_WE_05,demo,demo:SK01,SK01,2,7,city:3060972,city:724443,275.0
demo:SK01_0_WE_06,demo,demo:SK01,SK01,2,7,city:3060972,city:724443,275.0
demo:SK01_0_WE_07,demo,demo:SK01,SK01,2,7,city:3060972,city:724443,275.0
demo:SK01_1_WD_00,demo,demo:SK01,SK01,5,7,city:724443,city:3060972,274.0
demo:SK01_1_WD_01,demo,demo:SK01,SK01,5,7,city:724443,city:3060972,276.0
demo:SK01_1_WD_02,demo,demo:SK01,SK01,5,7,city:724443,city:3060972,274.0
demo:SK01_1_WD_03,demo,demo:SK01,SK01,5,7,city:724443,city:3060972,276.0
demo:SK01_1_WD_04,demo,demo:SK01,SK01,5,7,city:724443,city:3060972,274.0
demo:SK01_1_WD_05,demo,demo:SK01,SK01,5,7,city:724443,city:3060972,276.0
demo:SK01_1_WD_06,demo,demo:SK01,SK01,5,7,city:724443,city:3060972,274.0
demo:SK01_1_WD_07,demo,demo:SK01,SK01,5,7,city:724443,city:3060972,276.0
demo:SK01_1_WD_08,demo,demo:SK01,SK01,5,7,city:724443,city:3060972,274.0
demo:SK01_1_WD_09,demo,demo:SK01,SK01,5,7,city:724443,city:3060972,276.0
demo:SK01_1_WE_00,demo,demo:SK01,SK01,2,7,city:724443,city:3060972,275.0
demo:SK01_1_WE_01,demo,demo:SK01,SK01,2,7,city:724443,city:3060972,275.0
demo:SK01_1_WE_02,demo,demo:SK01,SK01,2,7,city:724443,city:3060972,275.0
demo:SK01_1_WE_03,demo,demo:SK01,SK01,2,7,city:724443,city:3060972,275.0
demo:SK01_1_WE_04,demo,demo:SK01,SK01,2,7,city:724443,city:3060972,275.0
demo:SK01_1_WE_05,demo,demo:SK01,SK01,2,7,city:724443,city:3060972,275.0
demo:SK01_1_WE_06,demo,demo:SK01,SK01,2,7,city:724443,city:3060972,275.0
demo:SK01_1_WE_07,demo,demo:SK01,SK01,2,7,city:724443,city:3060972,275.0
demo:SK02_0_WD_00,demo,demo:SK02,SK02,5,3,city:724443,city:3054643,200.0
demo:SK02_0_WD_01,demo,demo:SK02,SK02,5,3,city:724443,city:3054643,200.0
demo:SK02_0_WD_02,demo,demo:SK02,SK02,5,3,city:724443,city:3054643,200.0
demo:SK02_0_WE_00,demo,demo:SK02,SK02,2,3,city:724443,city:3054643,200.0
demo:SK02_0_WE_01,demo,demo:SK02,SK02,2,3,city:724443,city:3054643,200.0
demo:SK02_0_WE_02,demo,demo:SK02,SK02,2,3,city:724443,city:3054643,200.0
demo:SK02_1_WD_00,demo,demo:SK02,SK02,5,3,city:3054643,city:724443,200.0
demo:SK02_1_WD_01,demo,demo:SK02,SK02,5,3,city:3054643,city:724443,200.0
demo:SK02_1_WD_02,demo,demo:SK02,SK02,5,3,city:3054643,city:724443,200.0
demo:SK02_1_WE_00,demo,demo:SK02,SK02,2,3,city:3054643,city:724443,200.0
demo:SK02_1_WE_01,demo,demo:SK02,SK02,2,3,city:3054643,city:724443,200.0
demo:SK02_1_WE_02,demo,demo:SK02,SK02,2,3,city:3054643,city:724443,200.0
